,contractID,symbol,expiration,strike,type,last,mark,bid,bid_size,ask,ask_size,volume,open_interest,date,implied_volatility,delta,gamma,theta,vega,rho
0,AAPL251128C00110000,AAPL,2025-11-28,110.00,call,166.22,166.10,164.85,20,167.35,33,6,8,2025-11-24,3.53187,0.99624,0.00011,-0.15433,0.00323,0.01192
1,AAPL251128P00110000,AAPL,2025-11-28,110.00,put,0.01,0.01,0.00,0,0.01,1000,1,0,2025-11-24,2.77091,-0.00046,0.00002,-0.01628,0.00047,-0.00001
2,AAPL251128C00120000,AAPL,2025-11-28,120.00,call,150.80,156.12,154.90,20,157.35,30,0,6,2025-11-24,3.25870,0.99551,0.00014,-0.16728,0.00380,0.01299
3,AAPL251128P00120000,AAPL,2025-11-28,120.00,put,0.00,0.01,0.00,0,0.01,1000,0,8,2025-11-24,2.51726,-0.0005,0.00002,-0.01601,0.00051,-0.00002
4,AAPL251128C00125000,AAPL,2025-11-28,125.00,call,145.77,151.12,149.90,20,152.35,30,0,2,2025-11-24,3.10261,0.99536,0.00015,-0.16468,0.00391,0.01354
5,AAPL251128P00125000,AAPL,2025-11-28,125.00,put,0.00,0.01,0.00,0,0.01,1000,0,0,2025-11-24,2.40019,-0.00052,0.00003,-0.01600,0.00053,-0.00002
6,AAPL251128C00130000,AAPL,2025-11-28,130.00,call,141.01,146.12,144.90,20,147.35,30,0,5,2025-11-24,2.96603,0.99507,0.00017,-0.16669,0.00413,0.01408
7,AAPL251128P00130000,AAPL,2025-11-28,130.00,put,0.00,0.01,0.00,0,0.01,1000,0,12,2025-11-24,2.28312,-0.00054,0.00003,-0.01565,0.00055,-0.00002
8,AAPL251128C00135000,AAPL,2025-11-28,135.00,call,140.97,141.12,139.90,20,142.35,30,1,2,2025-11-24,2.80993,0.99504,0.00018,-0.15983,0.00415,0.01462
9,AAPL251128P00135000,AAPL,2025-11-28,135.00,put,0.00,0.01,0.00,0,0.01,750,0,0,2025-11-24,2.16604,-0.00054,0.00003,-0.01496,0.00055,-0.00002
10,AAPL251128C00140000,AAPL,2025-11-28,140.00,call,130.70,136.12,134.90,20,137.35,30,0,8,2025-11-24,2.67335,0.99485,0.00019,-0.15794,0.00429,0.01517
11,AAPL251128P00140000,AAPL,2025-11-28,140.00,put,0.00,0.01,0.00,0,0.01,750,0,0,2025-11-24,2.06849,-0.00059,0.00003,-0.01546,0.00060,-0.00002
12,AAPL251128C00145000,AAPL,2025-11-28,145.00,call,131.03,131.12,129.90,20,132.35,30,1,2,2025-11-24,2.55628,0.99445,0.00021,-0.16164,0.00458,0.01570
13,AAPL251128P00145000,AAPL,2025-11-28,145.00,put,0.00,0.01,0.00,0,0.01,750,0,3,2025-11-24,1.97093,-0.00063,0.00004,-0.01571,0.00064,-0.00002
14,AAPL251128C00150000,AAPL,2025-11-28,150.00,call,126.10,126.12,124.90,20,127.35,30,2,1,2025-11-24,2.41970,0.99437,0.00023,-0.15619,0.00464,0.01625
15,AAPL251128P00150000,AAPL,2025-11-28,150.00,put,0.00,0.01,0.00,0,0.01,750,0,39,2025-11-24,1.87337,-0.00067,0.00004,-0.01570,0.00067,-0.00002
16,AAPL251128C00155000,AAPL,2025-11-28,155.00,call,121.16,121.15,119.90,20,122.40,30,2,3,2025-11-24,2.36116,0.99302,0.00028,-0.18192,0.00561,0.01675
17,AAPL251128P00155000,AAPL,2025-11-28,155.00,put,0.00,0.01,0.00,0,0.01,42,0,12,2025-11-24,1.77581,-0.00069,0.00005,-0.01539,0.00069,-0.00002
18,AAPL251128C00160000,AAPL,2025-11-28,160.00,call,109.91,116.15,114.90,20,117.40,30,0,10,2025-11-24,2.22458,0.99302,0.00030,-0.17292,0.00561,0.01730
19,AAPL251128P00160000,AAPL,2025-11-28,160.00,put,0.00,0.01,0.00,0,0.01,44,0,6,2025-11-24,1.67825,-0.00071,0.00005,-0.01480,0.00071,-0.00002
20,AAPL251128C00165000,AAPL,2025-11-28,165.00,call,0.00,111.15,109.90,20,112.40,30,0,0,2025-11-24,2.10751,0.99271,0.00033,-0.17095,0.00583,0.01784
21,AAPL251128P00165000,AAPL,2025-11-28,165.00,put,0.00,0.01,0.00,0,0.01,48,0,122,2025-11-24,1.60021,-0.0008,0.00006,-0.01584,0.00079,-0.00003
22,AAPL251128C00170000,AAPL,2025-11-28,170.00,call,102.86,106.15,104.90,20,107.40,30,0,3,2025-11-24,1.99044,0.99246,0.00036,-0.16733,0.00601,0.01838
23,AAPL251128P00170000,AAPL,2025-11-28,170.00,put,0.00,0.01,0.00,0,0.01,16,0,132,2025-11-24,1.50265,-0.00079,0.00006,-0.01466,0.00078,-0.00002
24,AAPL251128C00175000,AAPL,2025-11-28,175.00,call,96.85,101.15,99.90,20,102.40,30,0,1,2025-11-24,1.89288,0.99178,0.00041,-0.17174,0.00648,0.01890
25,AAPL251128P00175000,AAPL,2025-11-28,175.00,put,0.00,0.01,0.00,0,0.01,60,0,340,2025-11-24,1.42460,-0.00087,0.00007,-0.01525,0.00086,-0.00003
26,AAPL251128C00180000,AAPL,2025-11-28,180.00,call,87.46,96.18,94.95,20,97.40,30,0,2,2025-11-24,1.81483,0.9905,0.00049,-0.18580,0.00736,0.01941
27,AAPL251128P00180000,AAPL,2025-11-28,180.00,put,0.00,0.01,0.00,0,0.01,26,0,54,2025-11-24,1.34655,-0.00096,0.00008,-0.01567,0.00093,-0.00003
28,AAPL251128C00185000,AAPL,2025-11-28,185.00,call,85.67,91.22,90.10,9,92.35,31,0,5,2025-11-24,1.75630,0.98835,0.00060,-0.21232,0.00879,0.01989
29,AAPL251128P00185000,AAPL,2025-11-28,185.00,put,0.00,0.01,0.00,0,0.01,27,0,64,2025-11-24,1.26851,-0.00104,0.00009,-0.01589,0.00100,-0.00003
30,AAPL251128C00190000,AAPL,2025-11-28,190.00,call,80.15,86.18,84.95,20,87.40,30,0,8,2025-11-24,1.60021,0.98965,0.00059,-0.17853,0.00793,0.02048
31,AAPL251128P00190000,AAPL,2025-11-28,190.00,put,0.00,0.01,0.00,0,0.01,24,0,304,2025-11-24,1.19046,-0.00111,0.00011,-0.01588,0.00107,-0.00003
32,AAPL251128C00195000,AAPL,2025-11-28,195.00,call,75.43,81.18,79.95,20,82.40,30,0,5,2025-11-24,1.50265,0.98893,0.00067,-0.17836,0.00841,0.02101
33,AAPL251128P00195000,AAPL,2025-11-28,195.00,put,0.00,0.01,0.00,0,0.01,24,0,120,2025-11-24,1.11241,-0.00117,0.00012,-0.01562,0.00113,-0.00004
34,AAPL251128C00200000,AAPL,2025-11-28,200.00,call,68.77,76.18,74.95,22,77.40,30,0,101,2025-11-24,1.40509,0.98822,0.00076,-0.17685,0.00888,0.02153
35,AAPL251128P00200000,AAPL,2025-11-28,200.00,put,0.00,0.01,0.00,0,0.01,44,0,720,2025-11-24,1.03437,-0.00122,0.00014,-0.01509,0.00117,-0.00004
36,AAPL251128C00205000,AAPL,2025-11-28,205.00,call,69.20,71.18,69.95,20,72.40,30,1,13,2025-11-24,1.30753,0.98752,0.00086,-0.17392,0.00933,0.02206
37,AAPL251128P00205000,AAPL,2025-11-28,205.00,put,0.00,0.01,0.00,0,0.01,52,0,349,2025-11-24,0.95632,-0.00126,0.00015,-0.01428,0.00120,-0.00004
38,AAPL251128C00210000,AAPL,2025-11-28,210.00,call,65.41,66.15,65.35,11,66.95,11,3,105,2025-11-24,1.19046,0.98798,0.00091,-0.15643,0.00904,0.02262
39,AAPL251128P00210000,AAPL,2025-11-28,210.00,put,0.01,0.01,0.00,0,0.01,89,1,393,2025-11-24,0.87827,-0.00126,0.00016,-0.01320,0.00121,-0.00004
40,AAPL251128C00215000,AAPL,2025-11-28,215.00,call,61.07,61.17,59.95,20,62.40,30,4,64,2025-11-24,1.11241,0.98624,0.00109,-0.16361,0.01015,0.02312
41,AAPL251128P00215000,AAPL,2025-11-28,215.00,put,0.01,0.01,0.00,0,0.01,104,1,267,2025-11-24,0.81974,-0.00156,0.00021,-0.01495,0.00146,-0.00005
42,AAPL251128C00220000,AAPL,2025-11-28,220.00,call,56.45,56.17,54.95,20,57.40,61,12,187,2025-11-24,1.01485,0.9857,0.00124,-0.15612,0.01050,0.02365
43,AAPL251128P00220000,AAPL,2025-11-28,220.00,put,0.01,0.01,0.00,0,0.01,35,170,3750,2025-11-24,0.74169,-0.00153,0.00023,-0.01327,0.00144,-0.00005
44,AAPL251128C00222500,AAPL,2025-11-28,222.50,call,50.35,53.70,52.45,20,54.95,30,0,11,2025-11-24,0.99534,0.98305,0.00146,-0.17423,0.01214,0.02384
45,AAPL251128P00222500,AAPL,2025-11-28,222.50,put,0.01,0.01,0.00,0,0.02,111,37,125,2025-11-24,0.70267,-0.0015,0.00024,-0.01233,0.00141,-0.00005
46,AAPL251128C00225000,AAPL,2025-11-28,225.00,call,51.13,50.98,50.50,11,51.45,51,1,264,2025-11-24,0.01976,1.0,0.00000,-0.02391,0.00000,0.02465
47,AAPL251128P00225000,AAPL,2025-11-28,225.00,put,0.01,0.01,0.00,0,0.02,122,149,1700,2025-11-24,0.68315,-0.0019,0.00031,-0.01487,0.00175,-0.00006
48,AAPL251128C00227500,AAPL,2025-11-28,227.50,call,44.58,48.70,47.45,20,49.95,30,0,18,2025-11-24,0.89778,0.98234,0.00168,-0.16483,0.01258,0.02437
49,AAPL251128P00227500,AAPL,2025-11-28,227.50,put,0.01,0.01,0.00,0,0.01,1,150,154,2025-11-24,0.64413,-0.00186,0.00032,-0.01372,0.00171,-0.00006
50,AAPL251128C00230000,AAPL,2025-11-28,230.00,call,45.25,46.23,45.00,53,47.45,58,14,288,2025-11-24,0.87827,0.97884,0.00200,-0.18481,0.01467,0.02453
51,AAPL251128P00230000,AAPL,2025-11-28,230.00,put,0.01,0.01,0.00,0,0.01,2,133,723,2025-11-24,0.60511,-0.0018,0.00033,-0.01251,0.00166,-0.00006
52,AAPL251128C00232500,AAPL,2025-11-28,232.50,call,39.80,43.73,42.50,23,44.95,35,0,808,2025-11-24,0.83925,0.97712,0.00224,-0.18839,0.01567,0.02475
53,AAPL251128P00232500,AAPL,2025-11-28,232.50,put,0.02,0.01,0.00,0,0.02,1,35,175,2025-11-24,0.58560,-0.00232,0.00043,-0.01528,0.00210,-0.00007
54,AAPL251128C00235000,AAPL,2025-11-28,235.00,call,41.19,41.27,40.30,39,42.25,52,25,339,2025-11-24,0.81974,0.97248,0.00268,-0.21161,0.01830,0.02488
55,AAPL251128P00235000,AAPL,2025-11-28,235.00,put,0.02,0.02,0.01,20,0.03,124,159,1123,2025-11-24,0.58560,-0.00395,0.00069,-0.02466,0.00339,-0.00012
56,AAPL251128C00237500,AAPL,2025-11-28,237.50,call,37.47,38.78,37.60,20,39.95,134,2,225,2025-11-24,0.78071,0.96999,0.00302,-0.21615,0.01966,0.02508
57,AAPL251128P00237500,AAPL,2025-11-28,237.50,put,0.02,0.02,0.01,17,0.03,94,214,277,2025-11-24,0.54657,-0.00395,0.00074,-0.02298,0.00338,-0.00012
58,AAPL251128C00240000,AAPL,2025-11-28,240.00,call,36.40,36.05,35.75,26,36.35,132,145,1720,2025-11-24,0.52706,0.99481,0.00098,-0.05378,0.00432,0.02613
59,AAPL251128P00240000,AAPL,2025-11-28,240.00,put,0.03,0.02,0.01,46,0.03,23,321,1449,2025-11-24,0.50755,-0.00391,0.00079,-0.02117,0.00335,-0.00012
60,AAPL251128C00242500,AAPL,2025-11-28,242.50,call,34.06,33.73,32.50,20,34.95,30,15,66,2025-11-24,0.66364,0.97123,0.00343,-0.18235,0.01898,0.02567
61,AAPL251128P00242500,AAPL,2025-11-28,242.50,put,0.03,0.03,0.02,38,0.04,101,1485,1541,2025-11-24,0.50755,-0.00686,0.00131,-0.03487,0.00553,-0.00021
62,AAPL251128C00245000,AAPL,2025-11-28,245.00,call,31.65,30.92,30.65,30,31.20,140,159,628,2025-11-24,0.01976,1.0,0.00000,-0.02603,0.00000,0.02684
63,AAPL251128P00245000,AAPL,2025-11-28,245.00,put,0.03,0.04,0.03,1,0.04,52,1694,2229,2025-11-24,0.48804,-0.00913,0.00175,-0.04311,0.00711,-0.00028
64,AAPL251128C00247500,AAPL,2025-11-28,247.50,call,28.82,28.75,27.50,21,30.00,55,4,214,2025-11-24,0.58560,0.96491,0.00458,-0.18896,0.02237,0.02602
65,AAPL251128P00247500,AAPL,2025-11-28,247.50,put,0.03,0.04,0.03,45,0.05,82,303,1835,2025-11-24,0.44901,-0.00951,0.00197,-0.04108,0.00737,-0.00029
66,AAPL251128C00250000,AAPL,2025-11-28,250.00,call,27.07,26.00,25.30,36,26.70,55,79,2314,2025-11-24,0.01976,1.0,0.00000,-0.02656,0.00000,0.02739
67,AAPL251128P00250000,AAPL,2025-11-28,250.00,put,0.05,0.05,0.04,49,0.06,44,1172,5881,2025-11-24,0.42950,-0.01301,0.00270,-0.05155,0.00967,-0.00040
68,AAPL251128C00252500,AAPL,2025-11-28,252.50,call,23.80,23.77,22.55,25,25.00,55,11,128,2025-11-24,0.48804,0.96164,0.00591,-0.17245,0.02406,0.02648
69,AAPL251128P00252500,AAPL,2025-11-28,252.50,put,0.07,0.06,0.05,99,0.07,25,2451,2531,2025-11-24,0.39048,-0.01388,0.00314,-0.04952,0.01023,-0.00043
70,AAPL251128C00255000,AAPL,2025-11-28,255.00,call,21.02,20.95,20.75,55,21.15,52,125,4391,2025-11-24,0.01976,1.0,0.00000,-0.02710,0.00000,0.02793
71,AAPL251128P00255000,AAPL,2025-11-28,255.00,put,0.08,0.08,0.07,45,0.09,123,5769,11240,2025-11-24,0.37097,-0.01967,0.00445,-0.06334,0.01379,-0.00060
72,AAPL251128C00257500,AAPL,2025-11-28,257.50,call,18.85,18.80,18.10,15,19.50,11,40,359,2025-11-24,0.40999,0.94962,0.00876,-0.17946,0.02997,0.02666
73,AAPL251128P00257500,AAPL,2025-11-28,257.50,put,0.10,0.10,0.09,15,0.11,18,3242,4063,2025-11-24,0.35146,-0.02821,0.00637,-0.08119,0.01867,-0.00087
74,AAPL251128C00260000,AAPL,2025-11-28,260.00,call,16.15,15.97,15.75,18,16.20,82,132,2462,2025-11-24,0.01976,1.0,0.00000,-0.02763,0.00000,0.02848
75,AAPL251128P00260000,AAPL,2025-11-28,260.00,put,0.13,0.14,0.13,43,0.15,89,11364,12309,2025-11-24,0.33194,-0.04094,0.00916,-0.10404,0.02537,-0.00126
76,AAPL251128C00262500,AAPL,2025-11-28,262.50,call,13.77,13.52,13.35,19,13.70,56,131,630,2025-11-24,0.01976,1.0,0.00000,-0.02789,0.00000,0.02875
77,AAPL251128P00262500,AAPL,2025-11-28,262.50,put,0.19,0.20,0.19,49,0.21,59,4857,3500,2025-11-24,0.29292,-0.04894,0.01198,-0.10578,0.02929,-0.00150
78,AAPL251128C00265000,AAPL,2025-11-28,265.00,call,11.25,11.20,11.15,21,11.25,95,815,4722,2025-11-24,0.25390,0.93926,0.01640,-0.13661,0.03474,0.02717
79,AAPL251128P00265000,AAPL,2025-11-28,265.00,put,0.30,0.29,0.29,6,0.30,137,11720,9173,2025-11-24,0.27341,-0.07493,0.01791,-0.13741,0.04086,-0.00230
80,AAPL251128C00267500,AAPL,2025-11-28,267.50,call,8.70,8.78,8.75,44,8.80,54,1003,2311,2025-11-24,0.21487,0.92042,0.02386,-0.14094,0.04277,0.02687
81,AAPL251128P00267500,AAPL,2025-11-28,267.50,put,0.47,0.47,0.47,11,0.47,4,9699,6791,2025-11-24,0.25390,-0.11599,0.02663,-0.17557,0.05641,-0.00355
82,AAPL251128C00270000,AAPL,2025-11-28,270.00,call,6.52,6.55,6.50,28,6.60,46,4667,12543,2025-11-24,0.21487,0.83998,0.03921,-0.21272,0.07029,0.02468
83,AAPL251128P00270000,AAPL,2025-11-28,270.00,put,0.79,0.79,0.79,103,0.78,1,17899,6079,2025-11-24,0.25390,-0.19897,0.03806,-0.24993,0.08062,-0.00611
84,AAPL251128C00272500,AAPL,2025-11-28,272.50,call,4.70,4.53,4.50,29,4.55,76,11311,9192,2025-11-24,0.21487,0.7206,0.05418,-0.28153,0.09713,0.02128
85,AAPL251128P00272500,AAPL,2025-11-28,272.50,put,1.31,1.29,1.31,26,1.27,5,26264,2552,2025-11-24,0.23438,-0.29532,0.05099,-0.28334,0.09971,-0.00907
86,AAPL251128C00275000,AAPL,2025-11-28,275.00,call,2.92,2.87,2.91,1,2.83,26,49210,19067,2025-11-24,0.19536,0.57704,0.06938,-0.29276,0.11308,0.01714
87,AAPL251128P00275000,AAPL,2025-11-28,275.00,put,1.99,2.08,2.14,46,2.03,7,25249,4228,2025-11-24,0.21487,-0.42911,0.06326,-0.29181,0.11341,-0.01319
88,AAPL251128C00277500,AAPL,2025-11-28,277.50,call,1.79,1.58,1.60,1,1.56,6,57990,11328,2025-11-24,0.19536,0.402,0.06855,-0.28449,0.11174,0.01198
89,AAPL251128P00277500,AAPL,2025-11-28,277.50,put,3.35,3.33,3.35,34,3.30,1,8062,1962,2025-11-24,0.21487,-0.5885,0.06269,-0.28425,0.11239,-0.01815
90,AAPL251128C00280000,AAPL,2025-11-28,280.00,call,0.77,0.74,0.75,56,0.73,47,86659,27037,2025-11-24,0.19536,0.24613,0.05585,-0.22942,0.09103,0.00735
91,AAPL251128P00280000,AAPL,2025-11-28,280.00,put,4.60,5.03,5.00,46,5.05,23,2535,567,2025-11-24,0.21487,-0.73316,0.05296,-0.23297,0.09494,-0.02271
92,AAPL251128C00282500,AAPL,2025-11-28,282.50,call,0.33,0.30,0.31,2,0.29,44,25190,7688,2025-11-24,0.17585,0.10603,0.03605,-0.11935,0.05289,0.00318
93,AAPL251128P00282500,AAPL,2025-11-28,282.50,put,6.00,6.95,6.90,46,7.00,19,689,35,2025-11-24,0.21487,-0.84556,0.03830,-0.15888,0.06866,-0.02633
94,AAPL251128C00285000,AAPL,2025-11-28,285.00,call,0.12,0.11,0.11,577,0.11,59,17495,10130,2025-11-24,0.17585,0.04212,0.01769,-0.05829,0.02596,0.00126
95,AAPL251128P00285000,AAPL,2025-11-28,285.00,put,9.20,9.22,8.95,46,9.50,23,227,91,2025-11-24,0.21487,-0.92062,0.02381,-0.08668,0.04269,-0.02884
96,AAPL251128C00287500,AAPL,2025-11-28,287.50,call,0.04,0.04,0.04,100,0.05,78,8431,3295,2025-11-24,0.19536,0.0239,0.00997,-0.04039,0.01625,0.00072
97,AAPL251128P00287500,AAPL,2025-11-28,287.50,put,10.70,11.93,11.45,46,12.40,84,60,12,2025-11-24,0.31243,-0.89021,0.02081,-0.18445,0.05424,-0.02823
98,AAPL251128C00290000,AAPL,2025-11-28,290.00,call,0.02,0.02,0.01,545,0.03,248,6254,6998,2025-11-24,0.19536,0.00814,0.00394,-0.01594,0.00643,0.00024
99,AAPL251128P00290000,AAPL,2025-11-28,290.00,put,14.12,14.25,14.10,38,14.40,29,282,147,2025-11-24,0.31243,-0.9322,0.01452,-0.11893,0.03784,-0.02975
100,AAPL251128C00292500,AAPL,2025-11-28,292.50,call,0.01,0.01,0.01,100,0.02,9,1311,1298,2025-11-24,0.21487,0.00517,0.00240,-0.01171,0.00431,0.00016
101,AAPL251128P00292500,AAPL,2025-11-28,292.50,put,17.65,16.82,15.75,20,17.90,30,2,1,2025-11-24,0.37097,-0.92952,0.01260,-0.15173,0.03899,-0.02995
102,AAPL251128C00295000,AAPL,2025-11-28,295.00,call,0.02,0.01,0.01,19,0.02,80,1724,5135,2025-11-24,0.23438,0.00351,0.00156,-0.00903,0.00305,0.00011
103,AAPL251128P00295000,AAPL,2025-11-28,295.00,put,18.75,19.12,18.25,20,20.00,50,5,2,2025-11-24,0.35146,-0.96306,0.00795,-0.07219,0.02333,-0.03121
104,AAPL251128C00297500,AAPL,2025-11-28,297.50,call,0.01,0.01,0.00,0,0.01,1,233,300,2025-11-24,0.27341,0.00464,0.00171,-0.01348,0.00390,0.00014
105,AAPL251128P00297500,AAPL,2025-11-28,297.50,put,0.00,21.82,20.75,6,22.90,30,0,0,2025-11-24,0.46853,-0.93347,0.00954,-0.18870,0.03729,-0.03062
106,AAPL251128C00300000,AAPL,2025-11-28,300.00,call,0.01,0.01,0.00,0,0.01,154,1668,5017,2025-11-24,0.29292,0.00347,0.00123,-0.01114,0.00301,0.00010
107,AAPL251128P00300000,AAPL,2025-11-28,300.00,put,23.75,24.12,23.25,20,25.00,56,1,0,2025-11-24,0.42950,-0.9663,0.00604,-0.08525,0.02164,-0.03186
108,AAPL251128C00302500,AAPL,2025-11-28,302.50,call,0.01,0.01,0.00,0,0.01,40,42,389,2025-11-24,0.33194,0.00443,0.00135,-0.01570,0.00375,0.00013
109,AAPL251128P00302500,AAPL,2025-11-28,302.50,put,0.00,26.82,25.75,6,27.90,30,0,0,2025-11-24,0.54657,-0.94195,0.00735,-0.19860,0.03353,-0.03142
110,AAPL251128C00305000,AAPL,2025-11-28,305.00,call,0.01,0.01,0.00,0,0.01,3,116,1145,2025-11-24,0.35146,0.00354,0.00104,-0.01356,0.00306,0.00011
111,AAPL251128P00305000,AAPL,2025-11-28,305.00,put,28.54,29.27,29.15,10,29.40,23,230,1,2025-11-24,0.56608,-0.95094,0.00621,-0.17662,0.02934,-0.03196
112,AAPL251128C00307500,AAPL,2025-11-28,307.50,call,0.01,0.01,0.00,0,0.01,13,20,46,2025-11-24,0.37097,0.00289,0.00083,-0.01193,0.00256,0.00009
113,AAPL251128P00307500,AAPL,2025-11-28,307.50,put,32.57,31.82,30.75,20,32.90,30,2,0,2025-11-24,0.62462,-0.94717,0.00597,-0.21183,0.03112,-0.03213
114,AAPL251128C00310000,AAPL,2025-11-28,310.00,call,0.01,0.01,0.00,0,0.01,46,5,783,2025-11-24,0.39048,0.00241,0.00067,-0.01067,0.00217,0.00007
115,AAPL251128P00310000,AAPL,2025-11-28,310.00,put,36.62,34.35,33.25,20,35.45,13,5,6,2025-11-24,0.66364,-0.94903,0.00546,-0.21946,0.03025,-0.03246
116,AAPL251128C00312500,AAPL,2025-11-28,312.50,call,0.01,0.01,0.00,0,0.01,16,0,35,2025-11-24,0.42950,0.0031,0.00076,-0.01471,0.00272,0.00009
117,AAPL251128P00312500,AAPL,2025-11-28,312.50,put,0.00,36.85,35.80,17,37.90,30,0,0,2025-11-24,0.70267,-0.95052,0.00504,-0.22770,0.02954,-0.03278
118,AAPL251128C00315000,AAPL,2025-11-28,315.00,call,0.01,0.01,0.00,0,0.01,98,0,486,2025-11-24,0.44901,0.00267,0.00064,-0.01344,0.00238,0.00008
119,AAPL251128P00315000,AAPL,2025-11-28,315.00,put,0.00,39.33,38.25,5,40.40,30,0,0,2025-11-24,0.72218,-0.95625,0.00444,-0.20940,0.02677,-0.03322
120,AAPL251128C00317500,AAPL,2025-11-28,317.50,call,0.02,0.01,0.00,0,0.01,35,0,1,2025-11-24,0.46853,0.00234,0.00054,-0.01242,0.00211,0.00007
121,AAPL251128P00317500,AAPL,2025-11-28,317.50,put,0.00,41.67,40.75,4,42.60,30,0,1,2025-11-24,0.70267,-0.96896,0.00345,-0.14473,0.02022,-0.03387
122,AAPL251128C00320000,AAPL,2025-11-28,320.00,call,0.01,0.01,0.00,0,0.01,100,0,2770,2025-11-24,0.48804,0.00207,0.00046,-0.01159,0.00189,0.00006
123,AAPL251128P00320000,AAPL,2025-11-28,320.00,put,0.00,44.30,43.25,5,45.35,30,0,0,2025-11-24,0.78071,-0.96142,0.00371,-0.20298,0.02417,-0.03392
124,AAPL251128C00322500,AAPL,2025-11-28,322.50,call,0.03,0.01,0.00,0,0.01,29,0,10,2025-11-24,0.52706,0.00262,0.00053,-0.01548,0.00234,0.00008
125,AAPL251128P00322500,AAPL,2025-11-28,322.50,put,0.00,46.83,45.75,3,47.90,30,0,0,2025-11-24,0.83925,-0.9579,0.00371,-0.23914,0.02595,-0.03410
126,AAPL251128C00325000,AAPL,2025-11-28,325.00,call,0.01,0.01,0.00,0,0.01,41,0,343,2025-11-24,0.54657,0.00236,0.00047,-0.01462,0.00213,0.00007
127,AAPL251128P00325000,AAPL,2025-11-28,325.00,put,0.00,49.33,48.25,4,50.40,30,0,0,2025-11-24,0.85876,-0.96175,0.00335,-0.22417,0.02400,-0.03449
128,AAPL251128C00330000,AAPL,2025-11-28,330.00,call,0.01,0.01,0.00,0,0.01,59,6,721,2025-11-24,0.58560,0.00198,0.00037,-0.01331,0.00181,0.00006
129,AAPL251128P00330000,AAPL,2025-11-28,330.00,put,0.00,54.27,53.25,6,55.30,30,0,0,2025-11-24,0.89778,-0.96805,0.00276,-0.19820,0.02071,-0.03522
130,AAPL251128C00335000,AAPL,2025-11-28,335.00,call,0.01,0.01,0.00,0,0.01,24,0,80,2025-11-24,0.62462,0.00171,0.00030,-0.01242,0.00158,0.00005
131,AAPL251128P00335000,AAPL,2025-11-28,335.00,put,0.00,59.33,58.25,6,60.40,30,0,0,2025-11-24,0.99534,-0.96453,0.00272,-0.24615,0.02256,-0.03567
132,AAPL251128C00340000,AAPL,2025-11-28,340.00,call,0.01,0.01,0.00,0,0.01,62,14,416,2025-11-24,0.68315,0.002,0.00032,-0.01568,0.00183,0.00006
133,AAPL251128P00340000,AAPL,2025-11-28,340.00,put,0.00,64.28,63.25,6,65.30,30,0,0,2025-11-24,1.03437,-0.9693,0.00232,-0.22378,0.02004,-0.03635
134,AAPL251128C00345000,AAPL,2025-11-28,345.00,call,0.01,0.01,0.00,0,0.01,40,0,99,2025-11-24,0.72218,0.0018,0.00028,-0.01504,0.00166,0.00005
135,AAPL251128P00345000,AAPL,2025-11-28,345.00,put,0.00,69.33,68.25,7,70.40,30,0,0,2025-11-24,1.11241,-0.96833,0.00221,-0.25006,0.02056,-0.03688
136,AAPL251128C00350000,AAPL,2025-11-28,350.00,call,0.01,0.01,0.00,0,0.01,38,0,560,2025-11-24,0.76120,0.00164,0.00024,-0.01463,0.00153,0.00005
137,AAPL251128P00350000,AAPL,2025-11-28,350.00,put,0.00,74.28,73.25,4,75.30,30,0,0,2025-11-24,1.15144,-0.97188,0.00194,-0.23164,0.01862,-0.03753
138,AAPL251128C00355000,AAPL,2025-11-28,355.00,call,0.01,0.01,0.00,0,0.01,38,0,20,2025-11-24,0.80022,0.00153,0.00022,-0.01441,0.00144,0.00005
139,AAPL251128P00355000,AAPL,2025-11-28,355.00,put,0.00,79.33,78.25,3,80.40,30,0,0,2025-11-24,1.22948,-0.97064,0.00188,-0.25977,0.01930,-0.03804
140,AAPL251128C00360000,AAPL,2025-11-28,360.00,call,0.01,0.01,0.00,0,0.01,50,0,51,2025-11-24,0.83925,0.00145,0.00019,-0.01435,0.00136,0.00004
141,AAPL251128P00360000,AAPL,2025-11-28,360.00,put,0.00,84.28,83.25,3,85.30,50,0,0,2025-11-24,1.26851,-0.97341,0.00168,-0.24434,0.01778,-0.03867
142,AAPL251128C00365000,AAPL,2025-11-28,365.00,call,0.01,0.01,0.00,0,0.01,19,0,5,2025-11-24,0.87827,0.00138,0.00018,-0.01441,0.00131,0.00004
143,AAPL251128P00365000,AAPL,2025-11-28,365.00,put,0.00,89.33,88.25,3,90.40,50,0,0,2025-11-24,1.34655,-0.97202,0.00165,-0.27420,0.01855,-0.03918
144,AAPL251128C00370000,AAPL,2025-11-28,370.00,call,0.01,0.01,0.00,0,0.01,100,0,101,2025-11-24,0.91729,0.00134,0.00017,-0.01459,0.00127,0.00004
145,AAPL251128P00370000,AAPL,2025-11-28,370.00,put,0.00,94.28,93.25,5,95.30,30,0,0,2025-11-24,1.38558,-0.97425,0.00150,-0.26113,0.01731,-0.03979
146,AAPL251128C00375000,AAPL,2025-11-28,375.00,call,0.01,0.01,0.00,0,0.01,27,0,5,2025-11-24,0.95632,0.0013,0.00016,-0.01487,0.00124,0.00004
147,AAPL251128P00375000,AAPL,2025-11-28,375.00,put,0.00,99.33,98.25,3,100.40,50,0,0,2025-11-24,1.46362,-0.97276,0.00149,-0.29269,0.01814,-0.04030
148,AAPL251128C00380000,AAPL,2025-11-28,380.00,call,0.00,0.01,0.00,0,0.01,59,0,0,2025-11-24,0.99534,0.00128,0.00015,-0.01524,0.00122,0.00004
149,AAPL251128P00380000,AAPL,2025-11-28,380.00,put,0.00,104.28,103.25,3,105.30,30,0,0,2025-11-24,1.48313,-0.97621,0.00131,-0.26051,0.01619,-0.04095
150,AAPL251128C00385000,AAPL,2025-11-28,385.00,call,0.00,0.01,0.00,0,0.01,31,0,0,2025-11-24,1.03437,0.00127,0.00014,-0.01569,0.00121,0.00004
151,AAPL251128P00385000,AAPL,2025-11-28,385.00,put,0.00,109.33,108.25,3,110.40,50,0,0,2025-11-24,1.56118,-0.97465,0.00131,-0.29308,0.01708,-0.04145
152,AAPL251128C00390000,AAPL,2025-11-28,390.00,call,0.00,0.01,0.00,0,0.01,36,0,0,2025-11-24,1.07339,0.00127,0.00013,-0.01623,0.00121,0.00004
153,AAPL251128P00390000,AAPL,2025-11-28,390.00,put,0.00,114.28,113.25,5,115.30,50,0,0,2025-11-24,1.58069,-0.97756,0.00117,-0.26372,0.01541,-0.04208
154,AAPL251128C00395000,AAPL,2025-11-28,395.00,call,0.01,0.01,0.00,0,0.01,45,0,1,2025-11-24,1.09290,0.00105,0.00011,-0.01396,0.00102,0.00003
155,AAPL251128P00395000,AAPL,2025-11-28,395.00,put,0.00,119.33,118.25,6,120.40,30,0,0,2025-11-24,1.65874,-0.97597,0.00118,-0.29726,0.01633,-0.04259
156,AAPL251128C00400000,AAPL,2025-11-28,400.00,call,0.01,0.01,0.00,0,0.01,59,36,33,2025-11-24,1.13192,0.00107,0.00011,-0.01463,0.00103,0.00003
157,AAPL251128P00400000,AAPL,2025-11-28,400.00,put,0.00,124.28,123.25,6,125.30,30,0,0,2025-11-24,1.67825,-0.97849,0.00106,-0.27017,0.01488,-0.04321
158,AAPL251205C00110000,AAPL,2025-12-05,110.00,call,160.42,165.97,164.50,20,167.45,50,0,1,2025-11-24,0.01976,1.0,0.00000,-0.01168,0.00000,0.03311
159,AAPL251205P00110000,AAPL,2025-12-05,110.00,put,0.00,0.01,0.00,0,0.01,1000,0,26,2025-11-24,1.65874,-0.00042,0.00002,-0.00540,0.00072,-0.00004
160,AAPL251205C00120000,AAPL,2025-12-05,120.00,call,150.51,155.97,154.50,20,157.45,50,0,1,2025-11-24,0.01976,1.0,0.00000,-0.01274,0.00000,0.03612
161,AAPL251205P00120000,AAPL,2025-12-05,120.00,put,0.00,0.01,0.00,0,0.01,1000,0,0,2025-11-24,1.52216,-0.00051,0.00002,-0.00593,0.00086,-0.00005
162,AAPL251205C00125000,AAPL,2025-12-05,125.00,call,0.00,151.00,149.50,20,152.50,50,0,0,2025-11-24,0.01976,1.0,0.00000,-0.01327,0.00000,0.03763
163,AAPL251205P00125000,AAPL,2025-12-05,125.00,put,0.00,0.01,0.00,0,0.01,38,0,1,2025-11-24,1.44411,-0.0005,0.00003,-0.00561,0.00086,-0.00004
164,AAPL251205C00130000,AAPL,2025-12-05,130.00,call,140.54,146.00,144.50,20,147.50,50,0,0,2025-11-24,0.01976,1.0,0.00000,-0.01380,0.00000,0.03913
165,AAPL251205P00130000,AAPL,2025-12-05,130.00,put,0.00,0.01,0.00,0,0.01,25,0,0,2025-11-24,1.38558,-0.00057,0.00003,-0.00603,0.00096,-0.00005
166,AAPL251205C00135000,AAPL,2025-12-05,135.00,call,0.00,141.00,139.50,20,142.50,50,0,0,2025-11-24,0.01976,1.0,0.00000,-0.01433,0.00000,0.04064
167,AAPL251205P00135000,AAPL,2025-12-05,135.00,put,0.00,0.01,0.00,0,0.01,12,0,0,2025-11-24,1.30753,-0.00054,0.00003,-0.00543,0.00092,-0.00005
168,AAPL251205C00140000,AAPL,2025-12-05,140.00,call,130.59,136.00,134.50,20,137.50,50,0,1,2025-11-24,0.01976,1.0,0.00000,-0.01486,0.00000,0.04214
169,AAPL251205P00140000,AAPL,2025-12-05,140.00,put,0.00,0.01,0.00,0,0.01,11,0,14,2025-11-24,1.24899,-0.00059,0.00003,-0.00563,0.00099,-0.00005
170,AAPL251205C00145000,AAPL,2025-12-05,145.00,call,0.00,131.00,129.50,20,132.50,50,0,0,2025-11-24,0.01976,1.0,0.00000,-0.01540,0.00000,0.04365
171,AAPL251205P00145000,AAPL,2025-12-05,145.00,put,0.00,0.01,0.00,0,0.01,11,0,0,2025-11-24,1.19046,-0.00064,0.00004,-0.00574,0.00106,-0.00006
172,AAPL251205C00150000,AAPL,2025-12-05,150.00,call,119.14,125.42,124.50,20,126.35,50,0,3,2025-11-24,0.01976,1.0,0.00000,-0.01593,0.00000,0.04515
173,AAPL251205P00150000,AAPL,2025-12-05,150.00,put,0.00,0.01,0.00,0,0.01,12,0,0,2025-11-24,1.13192,-0.00067,0.00004,-0.00575,0.00112,-0.00006
174,AAPL251205C00155000,AAPL,2025-12-05,155.00,call,0.00,121.00,119.50,20,122.50,50,0,0,2025-11-24,0.01976,1.0,0.00000,-0.01646,0.00000,0.04666
175,AAPL251205P00155000,AAPL,2025-12-05,155.00,put,0.00,0.01,0.00,0,0.01,12,0,1375,2025-11-24,1.07339,-0.0007,0.00005,-0.00565,0.00116,-0.00006
176,AAPL251205C00160000,AAPL,2025-12-05,160.00,call,111.66,115.95,114.35,20,117.55,50,0,0,2025-11-24,0.01976,1.0,0.00000,-0.01699,0.00000,0.04816
177,AAPL251205P00160000,AAPL,2025-12-05,160.00,put,0.00,0.01,0.00,0,0.01,34,0,0,2025-11-24,1.01485,-0.00072,0.00005,-0.00545,0.00119,-0.00006
178,AAPL251205C00165000,AAPL,2025-12-05,165.00,call,101.75,111.03,109.50,20,112.55,50,0,2,2025-11-24,0.01976,1.0,0.00000,-0.01752,0.00000,0.04967
179,AAPL251205P00165000,AAPL,2025-12-05,165.00,put,0.00,0.01,0.00,0,0.01,51,0,6,2025-11-24,0.95632,-0.00072,0.00005,-0.00515,0.00119,-0.00006
180,AAPL251205C00170000,AAPL,2025-12-05,170.00,call,103.03,106.03,104.50,20,107.55,50,0,2,2025-11-24,0.01976,1.0,0.00000,-0.01805,0.00000,0.05117
181,AAPL251205P00170000,AAPL,2025-12-05,170.00,put,0.00,0.01,0.00,0,0.01,16,0,0,2025-11-24,0.91729,-0.00088,0.00007,-0.00595,0.00143,-0.00008
182,AAPL251205C00175000,AAPL,2025-12-05,175.00,call,93.39,101.03,99.50,20,102.55,50,0,1,2025-11-24,0.01976,1.0,0.00000,-0.01858,0.00000,0.05268
183,AAPL251205P00175000,AAPL,2025-12-05,175.00,put,0.01,0.01,0.00,0,0.01,103,3,3,2025-11-24,0.85876,-0.00085,0.00007,-0.00542,0.00140,-0.00007
184,AAPL251205C00180000,AAPL,2025-12-05,180.00,call,87.74,96.03,94.50,20,97.55,50,0,1,2025-11-24,0.01976,1.0,0.00000,-0.01911,0.00000,0.05418
185,AAPL251205P00180000,AAPL,2025-12-05,180.00,put,0.00,0.01,0.00,0,0.01,5,0,38,2025-11-24,0.80022,-0.00081,0.00007,-0.00480,0.00133,-0.00007
186,AAPL251205C00185000,AAPL,2025-12-05,185.00,call,85.83,90.42,89.50,20,91.35,50,0,11,2025-11-24,0.01976,1.0,0.00000,-0.01964,0.00000,0.05569
187,AAPL251205P00185000,AAPL,2025-12-05,185.00,put,0.00,0.01,0.00,0,0.02,83,0,7,2025-11-24,0.76120,-0.00097,0.00009,-0.00538,0.00156,-0.00008
188,AAPL251205C00190000,AAPL,2025-12-05,190.00,call,84.18,86.03,84.50,20,87.55,50,0,14,2025-11-24,0.01976,1.0,0.00000,-0.02017,0.00000,0.05719
189,AAPL251205P00190000,AAPL,2025-12-05,190.00,put,0.00,0.01,0.00,0,0.02,103,0,14,2025-11-24,0.72218,-0.00115,0.00011,-0.00599,0.00184,-0.00010
190,AAPL251205C00195000,AAPL,2025-12-05,195.00,call,80.39,81.08,80.20,22,81.95,50,6,8,2025-11-24,0.01976,1.0,0.00000,-0.02070,0.00000,0.05870
191,AAPL251205P00195000,AAPL,2025-12-05,195.00,put,0.00,0.01,0.00,0,0.02,121,0,61,2025-11-24,0.66364,-0.00103,0.00011,-0.00498,0.00166,-0.00009
192,AAPL251205C00200000,AAPL,2025-12-05,200.00,call,71.00,76.05,74.50,20,77.60,50,0,58,2025-11-24,0.01976,1.0,0.00000,-0.02124,0.00000,0.06020
193,AAPL251205P00200000,AAPL,2025-12-05,200.00,put,0.02,0.01,0.00,0,0.02,50,1,228,2025-11-24,0.62462,-0.00121,0.00013,-0.00543,0.00192,-0.00010
194,AAPL251205C00205000,AAPL,2025-12-05,205.00,call,66.17,71.03,69.45,20,72.60,50,0,5,2025-11-24,0.01976,1.0,0.00000,-0.02177,0.00000,0.06171
195,AAPL251205P00205000,AAPL,2025-12-05,205.00,put,0.02,0.01,0.00,0,0.03,18,11,1170,2025-11-24,0.58560,-0.00142,0.00017,-0.00587,0.00222,-0.00012
196,AAPL251205C00210000,AAPL,2025-12-05,210.00,call,66.41,66.42,65.55,10,67.30,10,6,53,2025-11-24,0.78071,0.98172,0.00120,-0.09797,0.02148,0.06162
197,AAPL251205P00210000,AAPL,2025-12-05,210.00,put,0.00,0.01,0.00,0,0.03,98,0,687,2025-11-24,0.52706,-0.00117,0.00015,-0.00444,0.00187,-0.00010
198,AAPL251205C00215000,AAPL,2025-12-05,215.00,call,57.97,61.08,59.50,25,62.65,55,0,184,2025-11-24,0.01976,1.0,0.00000,-0.02283,0.00000,0.06472
199,AAPL251205P00215000,AAPL,2025-12-05,215.00,put,0.03,0.03,0.01,129,0.04,110,260,1174,2025-11-24,0.54657,-0.00358,0.00041,-0.01267,0.00514,-0.00031
200,AAPL251205C00220000,AAPL,2025-12-05,220.00,call,56.75,56.15,54.65,29,57.65,77,2,317,2025-11-24,0.01976,1.0,0.00000,-0.02336,0.00000,0.06622
201,AAPL251205P00220000,AAPL,2025-12-05,220.00,put,0.03,0.04,0.03,2,0.05,132,495,463,2025-11-24,0.52706,-0.00564,0.00064,-0.01830,0.00771,-0.00048
202,AAPL251205C00225000,AAPL,2025-12-05,225.00,call,46.59,50.75,49.55,25,51.95,55,0,176,2025-11-24,0.01976,1.0,0.00000,-0.02389,0.00000,0.06773
203,AAPL251205P00225000,AAPL,2025-12-05,225.00,put,0.06,0.06,0.04,123,0.07,151,93,749,2025-11-24,0.48804,-0.00687,0.00082,-0.02015,0.00918,-0.00059
204,AAPL251205C00230000,AAPL,2025-12-05,230.00,call,46.48,46.42,45.15,25,47.70,51,5,167,2025-11-24,0.54657,0.97605,0.00215,-0.09079,0.02701,0.06717
205,AAPL251205P00230000,AAPL,2025-12-05,230.00,put,0.07,0.08,0.07,26,0.08,114,58,610,2025-11-24,0.46853,-0.01092,0.00128,-0.02903,0.01379,-0.00093
206,AAPL251205C00235000,AAPL,2025-12-05,235.00,call,42.09,41.50,40.90,18,42.10,77,16,313,2025-11-24,0.50755,0.96989,0.00281,-0.09946,0.03269,0.06815
207,AAPL251205P00235000,AAPL,2025-12-05,235.00,put,0.10,0.10,0.09,112,0.11,27,364,806,2025-11-24,0.42950,-0.0137,0.00170,-0.03233,0.01677,-0.00117
208,AAPL251205C00237500,AAPL,2025-12-05,237.50,call,37.79,38.70,37.10,20,40.30,30,2,0,2025-11-24,0.27341,0.99933,0.00018,-0.02658,0.00111,0.07144
209,AAPL251205P00237500,AAPL,2025-12-05,237.50,put,0.12,0.12,0.11,60,0.13,11,15,0,2025-11-24,0.40999,-0.01544,0.00198,-0.03418,0.01859,-0.00132
210,AAPL251205C00240000,AAPL,2025-12-05,240.00,call,37.04,36.33,35.85,18,36.80,13,10,540,2025-11-24,0.39048,0.98251,0.00231,-0.06168,0.02069,0.07075
211,AAPL251205P00240000,AAPL,2025-12-05,240.00,put,0.15,0.14,0.13,78,0.15,28,796,1607,2025-11-24,0.39048,-0.01749,0.00231,-0.03619,0.02069,-0.00149
212,AAPL251205C00242500,AAPL,2025-12-05,242.50,call,34.37,33.95,32.95,46,34.95,50,20,0,2025-11-24,0.40999,0.96898,0.00356,-0.08726,0.03351,0.07034
213,AAPL251205P00242500,AAPL,2025-12-05,242.50,put,0.17,0.17,0.16,29,0.19,61,25,0,2025-11-24,0.39048,-0.02525,0.00315,-0.04934,0.02823,-0.00215
214,AAPL251205C00245000,AAPL,2025-12-05,245.00,call,28.34,31.10,29.95,26,32.25,51,2,321,2025-11-24,0.01976,1.0,0.00000,-0.02601,0.00000,0.07375
215,AAPL251205P00245000,AAPL,2025-12-05,245.00,put,0.19,0.20,0.19,33,0.21,74,578,1177,2025-11-24,0.37097,-0.02899,0.00372,-0.05254,0.03168,-0.00247
216,AAPL251205C00247500,AAPL,2025-12-05,247.50,call,29.55,28.98,28.05,46,29.90,76,11,8,2025-11-24,0.37097,0.95892,0.00496,-0.09617,0.04218,0.07099
217,AAPL251205P00247500,AAPL,2025-12-05,247.50,put,0.23,0.24,0.23,49,0.25,1,39,206,2025-11-24,0.35146,-0.03353,0.00443,-0.05607,0.03573,-0.00286
218,AAPL251205C00250000,AAPL,2025-12-05,250.00,call,25.89,26.55,25.90,33,27.20,30,33,180,2025-11-24,0.35146,0.9522,0.00591,-0.10124,0.04766,0.07118
219,AAPL251205P00250000,AAPL,2025-12-05,250.00,put,0.28,0.29,0.28,40,0.30,67,928,2463,2025-11-24,0.33194,-0.03912,0.00532,-0.05999,0.04053,-0.00333
220,AAPL251205C00252500,AAPL,2025-12-05,252.50,call,23.45,23.82,22.75,46,24.90,56,19,55,2025-11-24,0.25390,0.98035,0.00392,-0.05259,0.02285,0.07435
221,AAPL251205P00252500,AAPL,2025-12-05,252.50,put,0.34,0.36,0.35,49,0.37,1,123,804,2025-11-24,0.33194,-0.0561,0.00711,-0.07998,0.05413,-0.00478
222,AAPL251205C00255000,AAPL,2025-12-05,255.00,call,22.10,21.65,20.90,72,22.40,51,42,276,2025-11-24,0.31243,0.9335,0.00862,-0.11286,0.06182,0.07110
223,AAPL251205P00255000,AAPL,2025-12-05,255.00,put,0.44,0.45,0.44,9,0.45,99,438,2529,2025-11-24,0.31243,-0.0665,0.00862,-0.08579,0.06182,-0.00566
224,AAPL251205C00257500,AAPL,2025-12-05,257.50,call,19.07,19.12,18.60,22,19.65,57,172,482,2025-11-24,0.27341,0.93371,0.00983,-0.10199,0.06166,0.07188
225,AAPL251205P00257500,AAPL,2025-12-05,257.50,put,0.56,0.56,0.55,74,0.57,19,534,796,2025-11-24,0.29292,-0.0797,0.01057,-0.09215,0.07101,-0.00678
226,AAPL251205C00260000,AAPL,2025-12-05,260.00,call,16.95,16.75,16.70,28,16.80,56,369,557,2025-11-24,0.25390,0.91878,0.01237,-0.10830,0.07203,0.07137
227,AAPL251205P00260000,AAPL,2025-12-05,260.00,put,0.71,0.71,0.71,48,0.72,15,2923,3312,2025-11-24,0.29292,-0.11178,0.01356,-0.11795,0.09111,-0.00953
228,AAPL251205C00262500,AAPL,2025-12-05,262.50,call,15.07,14.55,14.50,10,14.60,46,11,1661,2025-11-24,0.27341,0.86408,0.01666,-0.15363,0.10448,0.06744
229,AAPL251205P00262500,AAPL,2025-12-05,262.50,put,0.95,0.93,0.92,45,0.94,34,585,860,2025-11-24,0.27341,-0.13592,0.01666,-0.12576,0.10448,-0.01158
230,AAPL251205C00265000,AAPL,2025-12-05,265.00,call,12.88,12.32,12.20,15,12.45,56,211,996,2025-11-24,0.25390,0.83266,0.02060,-0.16159,0.11999,0.06552
231,AAPL251205P00265000,AAPL,2025-12-05,265.00,put,1.23,1.23,1.22,42,1.23,15,2345,2861,2025-11-24,0.27341,-0.18429,0.02033,-0.15297,0.12755,-0.01573
232,AAPL251205C00267500,AAPL,2025-12-05,267.50,call,10.40,10.07,10.05,27,10.10,26,218,779,2025-11-24,0.23438,0.79124,0.02558,-0.16870,0.13757,0.06276
233,AAPL251205P00267500,AAPL,2025-12-05,267.50,put,1.63,1.63,1.63,33,1.64,35,1538,1770,2025-11-24,0.25390,-0.22612,0.02473,-0.15945,0.14406,-0.01929
234,AAPL251205C00270000,AAPL,2025-12-05,270.00,call,8.15,8.12,8.10,57,8.15,45,1982,3099,2025-11-24,0.23438,0.71976,0.03000,-0.19209,0.16131,0.05737
235,AAPL251205P00270000,AAPL,2025-12-05,270.00,put,2.21,2.17,2.17,31,2.17,1,3904,2655,2025-11-24,0.25390,-0.29438,0.02834,-0.18167,0.16511,-0.02517
236,AAPL251205C00272500,AAPL,2025-12-05,272.50,call,6.32,6.32,6.30,41,6.35,42,2340,1735,2025-11-24,0.21487,0.64964,0.03600,-0.19174,0.17749,0.05215
237,AAPL251205P00272500,AAPL,2025-12-05,272.50,put,2.90,2.88,2.89,17,2.88,1,1662,357,2025-11-24,0.23438,-0.36107,0.03336,-0.18022,0.17938,-0.03088
238,AAPL251205C00275000,AAPL,2025-12-05,275.00,call,4.80,4.78,4.75,50,4.80,133,5759,4676,2025-11-24,0.21487,0.55549,0.03839,-0.20062,0.18924,0.04476
239,AAPL251205P00275000,AAPL,2025-12-05,275.00,put,3.80,3.80,3.80,50,3.80,50,3883,1514,2025-11-24,0.23438,-0.44782,0.03523,-0.18830,0.18946,-0.03841
240,AAPL251205C00277500,AAPL,2025-12-05,277.50,call,3.50,3.45,3.45,6,3.45,111,7243,784,2025-11-24,0.21487,0.45895,0.03856,-0.19874,0.19008,0.03710
241,AAPL251205P00277500,AAPL,2025-12-05,277.50,put,5.00,4.97,4.95,76,5.00,12,927,115,2025-11-24,0.23438,-0.53635,0.03539,-0.18646,0.19030,-0.04615
242,AAPL251205C00280000,AAPL,2025-12-05,280.00,call,2.34,2.34,2.35,2,2.33,137,7416,14160,2025-11-24,0.19536,0.35146,0.03964,-0.16787,0.17769,0.02857
243,AAPL251205P00280000,AAPL,2025-12-05,280.00,put,6.55,6.43,6.40,92,6.45,50,2842,732,2025-11-24,0.21487,-0.63439,0.03654,-0.15667,0.18014,-0.05464
244,AAPL251205C00282500,AAPL,2025-12-05,282.50,call,1.49,1.49,1.49,2,1.49,37,3803,2028,2025-11-24,0.19536,0.25996,0.03466,-0.14543,0.15536,0.02118
245,AAPL251205P00282500,AAPL,2025-12-05,282.50,put,7.15,8.07,8.05,13,8.10,16,204,63,2025-11-24,0.21487,-0.71965,0.03273,-0.13562,0.16134,-0.06225
246,AAPL251205C00285000,AAPL,2025-12-05,285.00,call,0.91,0.90,0.90,5,0.90,59,7820,8274,2025-11-24,0.19536,0.18319,0.02835,-0.11812,0.12708,0.01496
247,AAPL251205P00285000,AAPL,2025-12-05,285.00,put,10.05,9.95,9.70,46,10.20,30,111,185,2025-11-24,0.21487,-0.79332,0.02774,-0.10924,0.13675,-0.06896
248,AAPL251205C00287500,AAPL,2025-12-05,287.50,call,0.57,0.52,0.52,2,0.52,53,1730,1157,2025-11-24,0.19536,0.12287,0.02173,-0.09006,0.09742,0.01005
249,AAPL251205P00287500,AAPL,2025-12-05,287.50,put,11.00,11.98,11.80,46,12.15,28,83,21,2025-11-24,0.21487,-0.85363,0.02229,-0.08099,0.10987,-0.07460
250,AAPL251205C00290000,AAPL,2025-12-05,290.00,call,0.30,0.29,0.28,59,0.30,74,2305,4580,2025-11-24,0.19536,0.07838,0.01564,-0.06453,0.07011,0.00642
251,AAPL251205P00290000,AAPL,2025-12-05,290.00,put,14.13,14.65,14.05,100,15.25,12,251,166,2025-11-24,0.25390,-0.86006,0.01830,-0.09622,0.10658,-0.07592
252,AAPL251205C00292500,AAPL,2025-12-05,292.50,call,0.16,0.17,0.17,3,0.17,10,821,2519,2025-11-24,0.19536,0.04754,0.01059,-0.04351,0.04745,0.00390
253,AAPL251205P00292500,AAPL,2025-12-05,292.50,put,16.00,16.43,15.25,20,17.60,50,2,1,2025-11-24,0.19536,-0.95246,0.01059,-0.01246,0.04745,-0.08415
254,AAPL251205C00295000,AAPL,2025-12-05,295.00,call,0.10,0.10,0.09,35,0.11,146,718,2782,2025-11-24,0.19536,0.02742,0.00675,-0.02765,0.03025,0.00225
255,AAPL251205P00295000,AAPL,2025-12-05,295.00,put,0.00,19.25,17.85,20,20.65,50,0,6,2025-11-24,0.27341,-0.91315,0.01208,-0.06531,0.07575,-0.08173
256,AAPL251205C00297500,AAPL,2025-12-05,297.50,call,0.06,0.06,0.05,104,0.07,63,128,191,2025-11-24,0.19536,0.01504,0.00406,-0.01658,0.01819,0.00124
257,AAPL251205P00297500,AAPL,2025-12-05,297.50,put,0.00,21.70,20.25,20,23.15,50,0,0,2025-11-24,0.29292,-0.92399,0.01019,-0.06179,0.06850,-0.08337
258,AAPL251205C00300000,AAPL,2025-12-05,300.00,call,0.05,0.04,0.04,20,0.05,1412,5240,3164,2025-11-24,0.21487,0.01415,0.00350,-0.01726,0.01725,0.00116
259,AAPL251205P00300000,AAPL,2025-12-05,300.00,put,25.12,24.27,23.00,46,25.55,76,3,3,2025-11-24,0.33194,-0.91967,0.00938,-0.07822,0.07143,-0.08380
260,AAPL251205C00305000,AAPL,2025-12-05,305.00,call,0.03,0.03,0.02,11,0.03,1,129,1445,2025-11-24,0.23438,0.0079,0.00193,-0.01129,0.01038,0.00065
261,AAPL251205P00305000,AAPL,2025-12-05,305.00,put,0.00,29.23,27.80,20,30.65,50,0,0,2025-11-24,0.37097,-0.93391,0.00723,-0.07324,0.06152,-0.08647
262,AAPL251205C00310000,AAPL,2025-12-05,310.00,call,0.02,0.01,0.01,30,0.02,1,181,1439,2025-11-24,0.23438,0.00245,0.00068,-0.00396,0.00365,0.00020
263,AAPL251205P00310000,AAPL,2025-12-05,310.00,put,0.00,34.25,32.95,20,35.55,50,0,0,2025-11-24,0.42950,-0.93435,0.00621,-0.08844,0.06121,-0.08803
264,AAPL251205C00315000,AAPL,2025-12-05,315.00,call,0.01,0.01,0.00,0,0.02,33,52,1715,2025-11-24,0.27341,0.00305,0.00071,-0.00562,0.00445,0.00025
265,AAPL251205P00315000,AAPL,2025-12-05,315.00,put,0.00,39.23,37.75,20,40.70,50,0,0,2025-11-24,0.46853,-0.9422,0.00515,-0.08620,0.05541,-0.09018
266,AAPL251205C00320000,AAPL,2025-12-05,320.00,call,0.02,0.01,0.00,0,0.01,9,1,2458,2025-11-24,0.29292,0.00208,0.00047,-0.00425,0.00314,0.00017
267,AAPL251205P00320000,AAPL,2025-12-05,320.00,put,0.00,44.25,42.95,20,45.55,50,0,0,2025-11-24,0.50755,-0.94789,0.00438,-0.08527,0.05105,-0.09215
268,AAPL251205C00325000,AAPL,2025-12-05,325.00,call,0.01,0.01,0.00,0,0.02,141,5,210,2025-11-24,0.33194,0.00262,0.00051,-0.00593,0.00388,0.00021
269,AAPL251205P00325000,AAPL,2025-12-05,325.00,put,0.00,49.23,47.75,20,50.70,50,0,0,2025-11-24,0.54657,-0.95211,0.00381,-0.08543,0.04773,-0.09400
270,AAPL251205C00330000,AAPL,2025-12-05,330.00,call,0.01,0.01,0.00,0,0.02,123,5,184,2025-11-24,0.35146,0.00196,0.00037,-0.00483,0.00299,0.00016
271,AAPL251205P00330000,AAPL,2025-12-05,330.00,put,53.82,54.25,52.95,46,55.55,56,1,0,2025-11-24,0.60511,-0.94952,0.00359,-0.10331,0.04978,-0.09532
272,AAPL251205C00335000,AAPL,2025-12-05,335.00,call,0.01,0.01,0.00,0,0.02,56,0,21,2025-11-24,0.37097,0.00153,0.00028,-0.00405,0.00237,0.00012
273,AAPL251205P00335000,AAPL,2025-12-05,335.00,put,0.00,59.23,57.75,20,60.70,50,0,0,2025-11-24,0.64413,-0.95241,0.00321,-0.10480,0.04749,-0.09706
274,AAPL251205C00340000,AAPL,2025-12-05,340.00,call,0.03,0.01,0.00,0,0.02,56,0,45,2025-11-24,0.40999,0.00198,0.00032,-0.00565,0.00300,0.00016
275,AAPL251205P00340000,AAPL,2025-12-05,340.00,put,0.00,64.25,62.95,20,65.55,50,0,0,2025-11-24,0.68315,-0.95465,0.00291,-0.10703,0.04568,-0.09875
276,AAPL251205C00345000,AAPL,2025-12-05,345.00,call,0.02,0.01,0.00,0,0.01,3,0,106,2025-11-24,0.42950,0.00162,0.00025,-0.00495,0.00251,0.00013
277,AAPL251205P00345000,AAPL,2025-12-05,345.00,put,0.00,69.22,67.75,20,70.70,50,0,0,2025-11-24,0.70267,-0.96089,0.00251,-0.09391,0.04053,-0.10075
278,AAPL251205C00350000,AAPL,2025-12-05,350.00,call,0.02,0.01,0.00,0,0.02,56,0,24,2025-11-24,0.44901,0.00136,0.00021,-0.00441,0.00214,0.00011
279,AAPL251205P00350000,AAPL,2025-12-05,350.00,put,0.00,74.25,72.95,20,75.55,50,0,0,2025-11-24,0.76120,-0.95772,0.00247,-0.11341,0.04318,-0.10202
280,AAPL251205C00355000,AAPL,2025-12-05,355.00,call,0.01,0.01,0.00,0,0.02,56,0,4,2025-11-24,0.48804,0.00176,0.00024,-0.00605,0.00270,0.00014
281,AAPL251205P00355000,AAPL,2025-12-05,355.00,put,0.00,79.25,77.85,20,80.65,50,0,0,2025-11-24,0.80022,-0.95873,0.00231,-0.11744,0.04233,-0.10361
282,AAPL251205C00360000,AAPL,2025-12-05,360.00,call,0.04,0.01,0.00,0,0.01,25,0,1,2025-11-24,0.50755,0.00153,0.00020,-0.00554,0.00238,0.00012
283,AAPL251205P00360000,AAPL,2025-12-05,360.00,put,0.00,84.00,82.95,20,85.05,50,0,0,2025-11-24,0.76120,-0.97369,0.00167,-0.06362,0.02922,-0.10628
284,AAPL251205C00365000,AAPL,2025-12-05,365.00,call,0.00,0.01,0.00,0,0.01,12,0,0,2025-11-24,0.52706,0.00135,0.00018,-0.00513,0.00213,0.00011
285,AAPL251205P00365000,AAPL,2025-12-05,365.00,put,0.00,89.25,87.85,20,90.65,50,0,0,2025-11-24,0.85876,-0.96362,0.00194,-0.11137,0.03820,-0.10702
286,AAPL251205C00370000,AAPL,2025-12-05,370.00,call,0.01,0.01,0.00,0,0.01,14,0,2,2025-11-24,0.54657,0.00121,0.00015,-0.00482,0.00193,0.00010
287,AAPL251205P00370000,AAPL,2025-12-05,370.00,put,0.00,94.25,92.95,20,95.55,50,0,0,2025-11-24,0.89778,-0.96383,0.00185,-0.11686,0.03802,-0.10855
288,AAPL251205C00375000,AAPL,2025-12-05,375.00,call,0.01,0.01,0.00,0,0.01,10,0,2,2025-11-24,0.58560,0.00156,0.00018,-0.00649,0.00242,0.00013
289,AAPL251205P00375000,AAPL,2025-12-05,375.00,put,0.00,99.25,97.85,20,100.65,50,0,0,2025-11-24,0.93681,-0.96392,0.00177,-0.12277,0.03795,-0.11006
290,AAPL251205C00380000,AAPL,2025-12-05,380.00,call,0.04,0.01,0.00,0,0.01,12,0,3,2025-11-24,0.60511,0.00143,0.00016,-0.00618,0.00223,0.00012
291,AAPL251205P00380000,AAPL,2025-12-05,380.00,put,0.00,104.25,102.95,20,105.55,50,0,0,2025-11-24,0.97583,-0.96389,0.00170,-0.12907,0.03797,-0.11157
292,AAPL251205C00385000,AAPL,2025-12-05,385.00,call,0.01,0.01,0.00,0,0.01,12,0,1,2025-11-24,0.62462,0.00132,0.00014,-0.00594,0.00208,0.00011
293,AAPL251205P00385000,AAPL,2025-12-05,385.00,put,0.00,109.25,107.85,20,110.65,50,0,0,2025-11-24,0.99534,-0.96673,0.00155,-0.12065,0.03550,-0.11330
294,AAPL251205C00390000,AAPL,2025-12-05,390.00,call,0.01,0.01,0.00,0,0.01,41,4,0,2025-11-24,0.64413,0.00123,0.00013,-0.00574,0.00195,0.00010
295,AAPL251205P00390000,AAPL,2025-12-05,390.00,put,0.00,114.25,112.95,20,115.55,50,0,0,2025-11-24,1.03437,-0.96643,0.00151,-0.12765,0.03576,-0.11479
296,AAPL251205C00395000,AAPL,2025-12-05,395.00,call,0.00,0.01,0.00,0,0.01,14,0,0,2025-11-24,0.66364,0.00116,0.00012,-0.00560,0.00185,0.00009
297,AAPL251205P00395000,AAPL,2025-12-05,395.00,put,0.00,119.25,117.85,20,120.65,50,0,0,2025-11-24,1.07339,-0.96607,0.00147,-0.13502,0.03608,-0.11627
298,AAPL251205C00400000,AAPL,2025-12-05,400.00,call,0.01,0.01,0.00,0,0.01,13,0,1,2025-11-24,0.68315,0.0011,0.00011,-0.00549,0.00176,0.00009
299,AAPL251205P00400000,AAPL,2025-12-05,400.00,put,0.00,124.25,122.95,20,125.55,50,0,0,2025-11-24,1.09290,-0.96829,0.00136,-0.12789,0.03412,-0.11795
300,AAPL251212C00110000,AAPL,2025-12-12,110.00,call,0.00,165.98,164.40,15,167.55,45,0,0,2025-11-24,0.01976,1.0,0.00000,-0.01167,0.00000,0.05414
301,AAPL251212P00110000,AAPL,2025-12-12,110.00,put,0.00,0.01,0.00,0,0.01,2,0,1,2025-11-24,1.30753,-0.00045,0.00002,-0.00359,0.00099,-0.00007
302,AAPL251212C00120000,AAPL,2025-12-12,120.00,call,154.48,156.05,154.50,15,157.60,45,0,1,2025-11-24,0.01976,1.0,0.00000,-0.01273,0.00000,0.05906
303,AAPL251212P00120000,AAPL,2025-12-12,120.00,put,0.00,0.01,0.00,0,0.01,2,0,1,2025-11-24,1.19046,-0.0005,0.00002,-0.00360,0.00109,-0.00007
304,AAPL251212C00125000,AAPL,2025-12-12,125.00,call,0.00,151.12,149.65,15,152.60,45,0,0,2025-11-24,0.01976,1.0,0.00000,-0.01326,0.00000,0.06153
305,AAPL251212P00125000,AAPL,2025-12-12,125.00,put,0.00,0.01,0.00,0,0.01,2,0,1,2025-11-24,1.13192,-0.00051,0.00003,-0.00349,0.00112,-0.00007
306,AAPL251212C00130000,AAPL,2025-12-12,130.00,call,0.00,146.05,144.50,15,147.60,45,0,0,2025-11-24,0.01976,1.0,0.00000,-0.01379,0.00000,0.06399
307,AAPL251212P00130000,AAPL,2025-12-12,130.00,put,0.00,0.01,0.00,0,0.02,6,0,0,2025-11-24,1.07339,-0.00051,0.00003,-0.00330,0.00111,-0.00007
308,AAPL251212C00135000,AAPL,2025-12-12,135.00,call,0.00,141.05,139.50,15,142.60,45,0,0,2025-11-24,0.01976,1.0,0.00000,-0.01432,0.00000,0.06645
309,AAPL251212P00135000,AAPL,2025-12-12,135.00,put,0.00,0.01,0.00,0,0.02,6,0,1,2025-11-24,1.03437,-0.00061,0.00003,-0.00373,0.00130,-0.00009
310,AAPL251212C00140000,AAPL,2025-12-12,140.00,call,0.00,136.05,134.50,15,137.60,45,0,0,2025-11-24,0.01976,1.0,0.00000,-0.01485,0.00000,0.06891
311,AAPL251212P00140000,AAPL,2025-12-12,140.00,put,0.00,0.01,0.00,0,0.02,6,0,0,2025-11-24,0.97583,-0.00058,0.00003,-0.00337,0.00125,-0.00008
312,AAPL251212C00145000,AAPL,2025-12-12,145.00,call,0.00,131.07,129.50,15,132.65,25,0,0,2025-11-24,0.01976,1.0,0.00000,-0.01538,0.00000,0.07137
313,AAPL251212P00145000,AAPL,2025-12-12,145.00,put,0.00,0.01,0.00,0,0.02,51,0,10,2025-11-24,0.93681,-0.00067,0.00004,-0.00371,0.00143,-0.00010
314,AAPL251212C00150000,AAPL,2025-12-12,150.00,call,123.47,126.08,124.50,15,127.65,25,0,1,2025-11-24,0.01976,1.0,0.00000,-0.01591,0.00000,0.07383
315,AAPL251212P00150000,AAPL,2025-12-12,150.00,put,0.00,0.01,0.00,0,0.02,48,0,0,2025-11-24,0.87827,-0.00061,0.00004,-0.00319,0.00132,-0.00009
316,AAPL251212C00155000,AAPL,2025-12-12,155.00,call,0.00,121.08,119.50,15,122.65,25,0,0,2025-11-24,0.01976,1.0,0.00000,-0.01645,0.00000,0.07629
317,AAPL251212P00155000,AAPL,2025-12-12,155.00,put,0.00,0.01,0.00,0,0.02,5,0,6,2025-11-24,0.83925,-0.00069,0.00005,-0.00341,0.00147,-0.00010
318,AAPL251212C00160000,AAPL,2025-12-12,160.00,call,112.00,116.20,114.75,15,117.65,25,0,2,2025-11-24,0.01976,1.0,0.00000,-0.01698,0.00000,0.07875
319,AAPL251212P00160000,AAPL,2025-12-12,160.00,put,0.00,0.01,0.00,0,0.02,65,0,0,2025-11-24,0.80022,-0.00077,0.00005,-0.00359,0.00163,-0.00011
320,AAPL251212C00165000,AAPL,2025-12-12,165.00,call,0.00,111.10,109.50,15,112.70,45,0,0,2025-11-24,0.01976,1.0,0.00000,-0.01751,0.00000,0.08121
321,AAPL251212P00165000,AAPL,2025-12-12,165.00,put,0.00,0.01,0.00,0,0.02,86,0,0,2025-11-24,0.76120,-0.00085,0.00006,-0.00374,0.00178,-0.00012
322,AAPL251212C00170000,AAPL,2025-12-12,170.00,call,105.25,106.12,104.55,15,107.70,45,0,1,2025-11-24,0.01976,1.0,0.00000,-0.01804,0.00000,0.08368
323,AAPL251212P00170000,AAPL,2025-12-12,170.00,put,0.00,0.01,0.00,0,0.02,44,0,69,2025-11-24,0.70267,-0.0007,0.00006,-0.00288,0.00149,-0.00010
324,AAPL251212C00175000,AAPL,2025-12-12,175.00,call,0.00,101.12,99.55,15,102.70,45,0,0,2025-11-24,0.01976,1.0,0.00000,-0.01857,0.00000,0.08614
325,AAPL251212P00175000,AAPL,2025-12-12,175.00,put,0.00,0.01,0.00,0,0.02,9,0,10,2025-11-24,0.66364,-0.00075,0.00006,-0.00288,0.00158,-0.00011
326,AAPL251212C00180000,AAPL,2025-12-12,180.00,call,0.00,96.12,94.55,15,97.70,45,0,0,2025-11-24,0.01976,1.0,0.00000,-0.01910,0.00000,0.08860
327,AAPL251212P00180000,AAPL,2025-12-12,180.00,put,0.00,0.01,0.00,0,0.03,48,0,25,2025-11-24,0.62462,-0.00078,0.00007,-0.00283,0.00165,-0.00011
328,AAPL251212C00185000,AAPL,2025-12-12,185.00,call,0.00,91.15,89.55,15,92.75,45,0,0,2025-11-24,0.01976,1.0,0.00000,-0.01963,0.00000,0.09106
329,AAPL251212P00185000,AAPL,2025-12-12,185.00,put,0.00,0.01,0.00,0,0.03,64,0,28,2025-11-24,0.60511,-0.00112,0.00010,-0.00381,0.00229,-0.00016
330,AAPL251212C00190000,AAPL,2025-12-12,190.00,call,85.00,86.17,84.60,15,87.75,45,0,1,2025-11-24,0.01976,1.0,0.00000,-0.02016,0.00000,0.09352
331,AAPL251212P00190000,AAPL,2025-12-12,190.00,put,0.02,0.01,0.00,0,0.04,51,25,86,2025-11-24,0.56608,-0.00116,0.00011,-0.00368,0.00236,-0.00016
332,AAPL251212C00195000,AAPL,2025-12-12,195.00,call,80.68,81.20,79.60,15,82.80,45,2,3,2025-11-24,0.01976,1.0,0.00000,-0.02069,0.00000,0.09598
333,AAPL251212P00195000,AAPL,2025-12-12,195.00,put,0.00,0.03,0.01,129,0.04,55,0,39,2025-11-24,0.58560,-0.00299,0.00025,-0.00900,0.00559,-0.00042
334,AAPL251212C00200000,AAPL,2025-12-12,200.00,call,73.95,76.22,74.65,15,77.80,45,0,7,2025-11-24,0.01976,1.0,0.00000,-0.02122,0.00000,0.09844
335,AAPL251212P00200000,AAPL,2025-12-12,200.00,put,0.03,0.03,0.02,7,0.04,74,200,1157,2025-11-24,0.54657,-0.00319,0.00029,-0.00890,0.00592,-0.00045
336,AAPL251212C00205000,AAPL,2025-12-12,205.00,call,65.67,71.25,69.65,15,72.85,25,0,2,2025-11-24,0.01976,1.0,0.00000,-0.02175,0.00000,0.10090
337,AAPL251212P00205000,AAPL,2025-12-12,205.00,put,0.00,0.04,0.03,15,0.05,50,0,151,2025-11-24,0.52706,-0.00448,0.00041,-0.01164,0.00804,-0.00063
338,AAPL251212C00210000,AAPL,2025-12-12,210.00,call,66.60,66.15,64.75,22,67.55,10,6,127,2025-11-24,0.01976,1.0,0.00000,-0.02228,0.00000,0.10336
339,AAPL251212P00210000,AAPL,2025-12-12,210.00,put,0.05,0.06,0.04,40,0.07,5,3,117,2025-11-24,0.50755,-0.00629,0.00057,-0.01512,0.01086,-0.00089
340,AAPL251212C00215000,AAPL,2025-12-12,215.00,call,60.37,61.67,60.45,15,62.90,45,1,4,2025-11-24,0.58560,0.97715,0.00151,-0.07612,0.03321,0.10256
341,AAPL251212P00215000,AAPL,2025-12-12,215.00,put,0.08,0.08,0.07,5,0.09,14,22,121,2025-11-24,0.48804,-0.00881,0.00080,-0.01954,0.01461,-0.00124
342,AAPL251212C00220000,AAPL,2025-12-12,220.00,call,53.00,56.73,55.50,11,57.95,45,0,99,2025-11-24,0.56608,0.96993,0.00197,-0.08811,0.04178,0.10399
343,AAPL251212P00220000,AAPL,2025-12-12,220.00,put,0.11,0.10,0.09,5,0.10,2,18,222,2025-11-24,0.44901,-0.00963,0.00094,-0.01942,0.01580,-0.00136
344,AAPL251212C00225000,AAPL,2025-12-12,225.00,call,50.00,51.38,49.80,21,52.95,45,1,13,2025-11-24,0.35146,0.99629,0.00051,-0.03038,0.00678,0.11023
345,AAPL251212P00225000,AAPL,2025-12-12,225.00,put,0.15,0.14,0.12,7,0.15,50,93,124,2025-11-24,0.42950,-0.01367,0.00133,-0.02514,0.02142,-0.00192
346,AAPL251212C00230000,AAPL,2025-12-12,230.00,call,46.62,46.48,45.00,20,47.95,10,8,23,2025-11-24,0.39048,0.98479,0.00160,-0.04941,0.02348,0.11107
347,AAPL251212P00230000,AAPL,2025-12-12,230.00,put,0.16,0.17,0.16,69,0.19,25,170,367,2025-11-24,0.40999,-0.01942,0.00188,-0.03237,0.02894,-0.00273
348,AAPL251212C00235000,AAPL,2025-12-12,235.00,call,40.28,41.40,40.05,15,42.75,45,1,84,2025-11-24,0.29292,0.99429,0.00091,-0.03287,0.00997,0.11488
349,AAPL251212P00235000,AAPL,2025-12-12,235.00,put,0.22,0.23,0.22,4,0.25,11,112,377,2025-11-24,0.39048,-0.02764,0.00266,-0.04141,0.03895,-0.00389
350,AAPL251212C00240000,AAPL,2025-12-12,240.00,call,33.70,36.55,35.70,19,37.40,30,0,180,2025-11-24,0.33194,0.9747,0.00290,-0.05805,0.03617,0.11459
351,AAPL251212P00240000,AAPL,2025-12-12,240.00,put,0.30,0.31,0.30,12,0.32,20,448,1260,2025-11-24,0.35146,-0.03212,0.00334,-0.04209,0.04411,-0.00451
352,AAPL251212C00245000,AAPL,2025-12-12,245.00,call,29.25,31.88,30.80,15,32.95,25,2,77,2025-11-24,0.35146,0.94367,0.00526,-0.09209,0.06946,0.11266
353,AAPL251212P00245000,AAPL,2025-12-12,245.00,put,0.42,0.43,0.41,21,0.45,23,391,1083,2025-11-24,0.33194,-0.04695,0.00482,-0.05399,0.06010,-0.00659
354,AAPL251212C00247500,AAPL,2025-12-12,247.50,call,28.37,29.40,28.35,15,30.45,25,1,0,2025-11-24,0.33194,0.93791,0.00602,-0.09351,0.07498,0.11309
355,AAPL251212P00247500,AAPL,2025-12-12,247.50,put,0.49,0.51,0.50,7,0.52,35,18,0,2025-11-24,0.33194,-0.06209,0.00602,-0.06725,0.07498,-0.00873
356,AAPL251212C00250000,AAPL,2025-12-12,250.00,call,25.10,26.88,26.50,16,27.25,59,35,909,2025-11-24,0.29292,0.94277,0.00639,-0.08202,0.07033,0.11504
357,AAPL251212P00250000,AAPL,2025-12-12,250.00,put,0.62,0.60,0.60,18,0.61,5,361,3240,2025-11-24,0.31243,-0.06889,0.00693,-0.06844,0.08126,-0.00967
358,AAPL251212C00252500,AAPL,2025-12-12,252.50,call,23.91,24.40,23.85,15,24.95,45,1,0,2025-11-24,0.27341,0.93609,0.00747,-0.08310,0.07667,0.11535
359,AAPL251212P00252500,AAPL,2025-12-12,252.50,put,0.71,0.72,0.71,61,0.74,17,80,0,2025-11-24,0.29292,-0.077,0.00805,-0.06968,0.08849,-0.01079
360,AAPL251212C00255000,AAPL,2025-12-12,255.00,call,22.70,22.10,21.85,17,22.35,64,21,1884,2025-11-24,0.27341,0.91316,0.00944,-0.09801,0.09688,0.11336
361,AAPL251212P00255000,AAPL,2025-12-12,255.00,put,0.87,0.88,0.87,39,0.88,11,655,2069,2025-11-24,0.29292,-0.10132,0.00987,-0.08527,0.10857,-0.01422
362,AAPL251212C00257500,AAPL,2025-12-12,257.50,call,19.50,19.90,19.55,21,20.25,39,10,0,2025-11-24,0.27341,0.8849,0.01159,-0.11423,0.11901,0.11061
363,AAPL251212P00257500,AAPL,2025-12-12,257.50,put,1.04,1.08,1.06,50,1.10,34,71,0,2025-11-24,0.27341,-0.1151,0.01159,-0.08691,0.11901,-0.01614
364,AAPL251212C00260000,AAPL,2025-12-12,260.00,call,18.35,17.55,17.40,16,17.70,25,12,379,2025-11-24,0.25390,0.86782,0.01375,-0.11607,0.13112,0.10947
365,AAPL251212P00260000,AAPL,2025-12-12,260.00,put,1.34,1.33,1.32,27,1.33,7,813,1627,2025-11-24,0.27341,-0.14901,0.01386,-0.10351,0.14224,-0.02093
366,AAPL251212C00262500,AAPL,2025-12-12,262.50,call,15.65,15.50,15.25,13,15.75,45,17,0,2025-11-24,0.25390,0.82804,0.01639,-0.13281,0.15620,0.10508
367,AAPL251212P00262500,AAPL,2025-12-12,262.50,put,1.60,1.65,1.64,14,1.67,28,128,0,2025-11-24,0.27341,-0.1886,0.01612,-0.11998,0.16552,-0.02654
368,AAPL251212C00265000,AAPL,2025-12-12,265.00,call,13.15,13.22,13.20,14,13.25,35,58,1072,2025-11-24,0.23438,0.79915,0.01954,-0.13402,0.17198,0.10229
369,AAPL251212P00265000,AAPL,2025-12-12,265.00,put,2.05,2.05,2.05,24,2.05,1,657,1202,2025-11-24,0.25390,-0.21819,0.01894,-0.12074,0.18057,-0.03067
370,AAPL251212C00267500,AAPL,2025-12-12,267.50,call,11.27,11.30,11.30,1,11.30,52,44,0,2025-11-24,0.23438,0.7448,0.02237,-0.14881,0.19684,0.09583
371,AAPL251212P00267500,AAPL,2025-12-12,267.50,put,2.57,2.58,2.57,25,2.58,10,240,0,2025-11-24,0.25390,-0.27034,0.02127,-0.13476,0.20273,-0.03809
372,AAPL251212C00270000,AAPL,2025-12-12,270.00,call,9.42,9.43,9.40,48,9.45,129,332,2355,2025-11-24,0.23438,0.6842,0.02476,-0.16093,0.21790,0.08844
373,AAPL251212P00270000,AAPL,2025-12-12,270.00,put,3.30,3.20,3.20,73,3.20,1,645,1542,2025-11-24,0.23438,-0.3158,0.02476,-0.13229,0.21790,-0.04446
374,AAPL251212C00272500,AAPL,2025-12-12,272.50,call,8.36,7.68,7.65,29,7.70,26,589,0,2025-11-24,0.23438,0.61883,0.02654,-0.16935,0.23352,0.08032
375,AAPL251212P00272500,AAPL,2025-12-12,272.50,put,4.00,4.03,4.00,77,4.05,45,297,0,2025-11-24,0.23438,-0.38117,0.02654,-0.14044,0.23352,-0.05381
376,AAPL251212C00275000,AAPL,2025-12-12,275.00,call,6.20,6.18,6.15,39,6.20,79,1700,2899,2025-11-24,0.21487,0.55328,0.03003,-0.16019,0.24226,0.07233
377,AAPL251212P00275000,AAPL,2025-12-12,275.00,put,4.98,4.97,4.95,69,5.00,31,736,773,2025-11-24,0.23438,-0.44949,0.02756,-0.14416,0.24248,-0.06364
378,AAPL251212C00277500,AAPL,2025-12-12,277.50,call,4.80,4.78,4.75,17,4.80,11,2221,0,2025-11-24,0.21487,0.47779,0.03025,-0.15918,0.24407,0.06267
379,AAPL251212P00277500,AAPL,2025-12-12,277.50,put,6.15,6.12,6.10,80,6.15,26,101,0,2025-11-24,0.23438,-0.51871,0.02775,-0.14309,0.24418,-0.07368
380,AAPL251212C00280000,AAPL,2025-12-12,280.00,call,3.65,3.62,3.60,12,3.65,132,3754,1916,2025-11-24,0.21487,0.40375,0.02941,-0.15308,0.23730,0.05311
381,AAPL251212P00280000,AAPL,2025-12-12,280.00,put,7.50,7.53,7.50,77,7.55,22,173,602,2025-11-24,0.23438,-0.58676,0.02712,-0.13734,0.23864,-0.08364
382,AAPL251212C00282500,AAPL,2025-12-12,282.50,call,2.62,2.67,2.66,7,2.68,20,467,0,2025-11-24,0.21487,0.33362,0.02763,-0.14251,0.22287,0.04400
383,AAPL251212P00282500,AAPL,2025-12-12,282.50,put,0.00,9.03,9.00,19,9.05,11,0,0,2025-11-24,0.21487,-0.66638,0.02763,-0.11253,0.22287,-0.09505
384,AAPL251212C00285000,AAPL,2025-12-12,285.00,call,1.92,1.90,1.89,14,1.92,27,2063,11025,2025-11-24,0.19536,0.24809,0.02644,-0.11233,0.19392,0.03290
385,AAPL251212P00285000,AAPL,2025-12-12,285.00,put,10.75,10.78,10.75,19,10.80,62,1047,127,2025-11-24,0.21487,-0.73059,0.02509,-0.09823,0.20238,-0.10466
386,AAPL251212C00287500,AAPL,2025-12-12,287.50,call,1.32,1.31,1.28,7,1.33,8,895,0,2025-11-24,0.19536,0.18893,0.02259,-0.09533,0.16570,0.02511
387,AAPL251212P00287500,AAPL,2025-12-12,287.50,put,12.45,12.82,12.70,31,12.95,13,22,0,2025-11-24,0.23438,-0.76641,0.02133,-0.09833,0.18767,-0.11067
388,AAPL251212C00290000,AAPL,2025-12-12,290.00,call,0.88,0.88,0.87,12,0.89,42,649,2244,2025-11-24,0.19536,0.13976,0.01857,-0.07793,0.13622,0.01860
389,AAPL251212P00290000,AAPL,2025-12-12,290.00,put,14.35,14.75,14.30,93,15.20,17,5,31,2025-11-24,0.21487,-0.83623,0.01876,-0.06426,0.15137,-0.12101
390,AAPL251212C00292500,AAPL,2025-12-12,292.50,call,0.58,0.57,0.56,12,0.59,31,372,0,2025-11-24,0.19536,0.1004,0.01470,-0.06141,0.10785,0.01339
391,AAPL251212P00292500,AAPL,2025-12-12,292.50,put,19.15,17.02,16.45,15,17.60,45,3,0,2025-11-24,0.23438,-0.85505,0.01587,-0.06401,0.13963,-0.12476
392,AAPL251212C00295000,AAPL,2025-12-12,295.00,call,0.37,0.39,0.38,10,0.40,85,738,2498,2025-11-24,0.19536,0.07005,0.01122,-0.04669,0.08231,0.00935
393,AAPL251212P00295000,AAPL,2025-12-12,295.00,put,0.00,19.12,18.05,15,20.20,45,0,2,2025-11-24,0.21487,-0.90944,0.01239,-0.03096,0.09996,-0.13315
394,AAPL251212C00300000,AAPL,2025-12-12,300.00,call,0.19,0.16,0.15,91,0.18,70,840,3548,2025-11-24,0.19536,0.03124,0.00588,-0.02430,0.04312,0.00418
395,AAPL251212P00300000,AAPL,2025-12-12,300.00,put,24.99,24.08,23.05,15,25.10,45,4,7,2025-11-24,0.25390,-0.92247,0.00933,-0.03313,0.08896,-0.13737
396,AAPL251212C00305000,AAPL,2025-12-12,305.00,call,0.09,0.09,0.07,157,0.10,186,262,620,2025-11-24,0.21487,0.02088,0.00381,-0.01897,0.03077,0.00279
397,AAPL251212P00305000,AAPL,2025-12-12,305.00,put,0.00,29.27,28.10,15,30.45,25,0,0,2025-11-24,0.31243,-0.9165,0.00802,-0.05166,0.09408,-0.13911
398,AAPL251212C00310000,AAPL,2025-12-12,310.00,call,0.05,0.04,0.04,1,0.05,1,73,144,2025-11-24,0.21487,0.00873,0.00180,-0.00891,0.01451,0.00117
399,AAPL251212P00310000,AAPL,2025-12-12,310.00,put,0.00,34.27,33.15,15,35.40,45,0,0,2025-11-24,0.35146,-0.92345,0.00668,-0.05529,0.08810,-0.14252
400,AAPL251212C00315000,AAPL,2025-12-12,315.00,call,0.04,0.03,0.01,184,0.05,60,2,45,2025-11-24,0.23438,0.00653,0.00128,-0.00750,0.01123,0.00087
401,AAPL251212P00315000,AAPL,2025-12-12,315.00,put,0.00,39.28,38.10,15,40.45,45,0,0,2025-11-24,0.39048,-0.92815,0.00573,-0.05965,0.08394,-0.14563
402,AAPL251212C00320000,AAPL,2025-12-12,320.00,call,0.01,0.03,0.01,31,0.04,41,0,85,2025-11-24,0.25390,0.00514,0.00095,-0.00655,0.00907,0.00069
403,AAPL251212P00320000,AAPL,2025-12-12,320.00,put,0.00,44.27,43.15,15,45.40,45,0,0,2025-11-24,0.42950,-0.93138,0.00502,-0.06464,0.08102,-0.14855
404,AAPL251212C00325000,AAPL,2025-12-12,325.00,call,0.03,0.01,0.00,0,0.03,54,2,202,2025-11-24,0.25390,0.00225,0.00045,-0.00311,0.00431,0.00030
405,AAPL251212P00325000,AAPL,2025-12-12,325.00,put,0.00,49.28,48.10,15,50.45,45,0,0,2025-11-24,0.46853,-0.93359,0.00449,-0.07019,0.07899,-0.15133
406,AAPL251212C00330000,AAPL,2025-12-12,330.00,call,0.01,0.02,0.01,3,0.03,168,2,30,2025-11-24,0.29292,0.00358,0.00060,-0.00545,0.00657,0.00048
407,AAPL251212P00330000,AAPL,2025-12-12,330.00,put,0.00,54.27,53.15,15,55.40,45,0,0,2025-11-24,0.50755,-0.93507,0.00407,-0.07625,0.07763,-0.15401
408,AAPL251212C00335000,AAPL,2025-12-12,335.00,call,0.01,0.01,0.00,0,0.03,159,0,33,2025-11-24,0.29292,0.00175,0.00031,-0.00284,0.00343,0.00023
409,AAPL251212P00335000,AAPL,2025-12-12,335.00,put,0.00,59.28,58.10,15,60.45,45,0,0,2025-11-24,0.54657,-0.936,0.00374,-0.08278,0.07676,-0.15662
410,AAPL251212C00340000,AAPL,2025-12-12,340.00,call,0.01,0.01,0.00,0,0.02,47,0,160,2025-11-24,0.31243,0.0016,0.00027,-0.00280,0.00317,0.00021
411,AAPL251212P00340000,AAPL,2025-12-12,340.00,put,0.00,64.28,63.15,15,65.40,25,0,0,2025-11-24,0.56608,-0.94331,0.00328,-0.07528,0.06981,-0.16003
412,AAPL251212C00345000,AAPL,2025-12-12,345.00,call,0.01,0.01,0.00,0,0.02,64,0,3,2025-11-24,0.33194,0.0015,0.00024,-0.00280,0.00299,0.00020
413,AAPL251212P00345000,AAPL,2025-12-12,345.00,put,0.00,69.28,68.10,15,70.45,25,0,0,2025-11-24,0.60511,-0.9431,0.00308,-0.08266,0.07002,-0.16249
414,AAPL251212C00350000,AAPL,2025-12-12,350.00,call,0.01,0.01,0.00,0,0.02,66,0,23,2025-11-24,0.35146,0.00142,0.00022,-0.00283,0.00285,0.00019
415,AAPL251212P00350000,AAPL,2025-12-12,350.00,put,0.00,74.28,73.15,15,75.40,25,0,0,2025-11-24,0.64413,-0.94268,0.00291,-0.09044,0.07042,-0.16493
416,AAPL251212C00355000,AAPL,2025-12-12,355.00,call,0.00,0.01,0.00,0,0.02,70,0,0,2025-11-24,0.37097,0.00137,0.00020,-0.00288,0.00276,0.00018
417,AAPL251212P00355000,AAPL,2025-12-12,355.00,put,0.00,79.28,78.10,15,80.45,45,0,0,2025-11-24,0.66364,-0.94774,0.00263,-0.08445,0.06546,-0.16804
418,AAPL251212C00360000,AAPL,2025-12-12,360.00,call,0.00,0.01,0.00,0,0.02,45,0,0,2025-11-24,0.39048,0.00134,0.00018,-0.00297,0.00270,0.00018
419,AAPL251212P00360000,AAPL,2025-12-12,360.00,put,0.00,84.28,83.15,15,85.40,25,0,0,2025-11-24,0.70267,-0.94677,0.00252,-0.09290,0.06642,-0.17040
420,AAPL251212C00365000,AAPL,2025-12-12,365.00,call,0.00,0.01,0.00,0,0.02,66,0,0,2025-11-24,0.40999,0.00132,0.00017,-0.00307,0.00266,0.00018
421,AAPL251212P00365000,AAPL,2025-12-12,365.00,put,0.00,89.28,88.10,15,90.45,25,0,0,2025-11-24,0.72218,-0.95078,0.00230,-0.08782,0.06241,-0.17338
422,AAPL251212C00370000,AAPL,2025-12-12,370.00,call,0.00,0.01,0.00,0,0.02,63,0,0,2025-11-24,0.42950,0.00131,0.00016,-0.00320,0.00265,0.00017
423,AAPL251212P00370000,AAPL,2025-12-12,370.00,put,0.00,94.28,93.15,15,95.40,45,0,0,2025-11-24,0.76120,-0.94948,0.00223,-0.09686,0.06372,-0.17570
424,AAPL251212C00375000,AAPL,2025-12-12,375.00,call,0.00,0.01,0.00,0,0.01,15,0,0,2025-11-24,0.44901,0.00132,0.00016,-0.00334,0.00265,0.00017
425,AAPL251212P00375000,AAPL,2025-12-12,375.00,put,0.00,99.28,98.10,15,100.45,25,0,0,2025-11-24,0.78071,-0.95273,0.00206,-0.09253,0.06042,-0.17858
426,AAPL251212C00380000,AAPL,2025-12-12,380.00,call,0.01,0.01,0.00,0,0.01,15,0,2,2025-11-24,0.46853,0.00132,0.00015,-0.00351,0.00267,0.00018
427,AAPL251212P00380000,AAPL,2025-12-12,380.00,put,0.00,104.28,103.15,15,105.40,25,0,0,2025-11-24,0.81974,-0.95121,0.00201,-0.10213,0.06197,-0.18087
428,AAPL251212C00385000,AAPL,2025-12-12,385.00,call,0.00,0.01,0.00,0,0.02,65,0,0,2025-11-24,0.48804,0.00134,0.00015,-0.00370,0.00270,0.00018
429,AAPL251212P00385000,AAPL,2025-12-12,385.00,put,0.00,109.28,108.10,15,110.45,25,0,0,2025-11-24,0.83925,-0.95391,0.00188,-0.09843,0.05921,-0.18368
430,AAPL251212C00390000,AAPL,2025-12-12,390.00,call,0.01,0.01,0.00,0,0.02,44,0,1,2025-11-24,0.50755,0.00136,0.00014,-0.00390,0.00274,0.00018
431,AAPL251212P00390000,AAPL,2025-12-12,390.00,put,0.00,114.22,113.05,12,115.40,25,0,0,2025-11-24,0.85876,-0.95629,0.00176,-0.09516,0.05674,-0.18645
432,AAPL251212C00395000,AAPL,2025-12-12,395.00,call,0.00,0.01,0.00,0,0.02,44,0,0,2025-11-24,0.52706,0.00139,0.00014,-0.00413,0.00279,0.00018
433,AAPL251212P00395000,AAPL,2025-12-12,395.00,put,0.00,119.28,118.10,15,120.45,45,0,0,2025-11-24,0.89778,-0.95451,0.00174,-0.10543,0.05859,-0.18871
434,AAPL251212C00400000,AAPL,2025-12-12,400.00,call,0.01,0.01,0.00,0,0.02,54,0,1,2025-11-24,0.52706,0.00097,0.00010,-0.00298,0.00201,0.00013
435,AAPL251212P00400000,AAPL,2025-12-12,400.00,put,0.00,124.28,123.15,15,125.40,25,0,0,2025-11-24,0.91729,-0.95653,0.00164,-0.10266,0.05648,-0.19143
436,AAPL251219C00005000,AAPL,2025-12-19,5.00,call,270.20,270.98,269.65,120,272.30,155,2,62,2025-11-24,5.67815,0.99971,0.00000,-0.00922,0.00077,0.00333
437,AAPL251219P00005000,AAPL,2025-12-19,5.00,put,0.01,0.01,0.00,0,0.01,8,1,4887,2025-11-24,4.91720,-8e-05,0.00000,-0.00239,0.00024,-0.00002
438,AAPL251219C00010000,AAPL,2025-12-19,10.00,call,261.50,265.75,264.15,20,267.35,50,0,11,2025-11-24,0.01976,1.0,0.00000,-0.00106,0.00000,0.00683
439,AAPL251219P00010000,AAPL,2025-12-19,10.00,put,0.00,0.01,0.00,0,0.01,500,0,89,2025-11-24,4.00015,-0.00011,0.00000,-0.00250,0.00031,-0.00003
440,AAPL251219C00015000,AAPL,2025-12-19,15.00,call,253.50,260.77,259.20,20,262.35,50,0,0,2025-11-24,0.01976,1.0,0.00000,-0.00159,0.00000,0.01025
441,AAPL251219P00015000,AAPL,2025-12-19,15.00,put,0.00,0.01,0.00,0,0.01,500,0,3,2025-11-24,3.49284,-0.00013,0.00000,-0.00261,0.00037,-0.00003
442,AAPL251219C00020000,AAPL,2025-12-19,20.00,call,247.25,256.12,255.00,20,257.25,50,0,10,2025-11-24,4.03917,0.99871,0.00001,-0.02688,0.00307,0.01332
443,AAPL251219P00020000,AAPL,2025-12-19,20.00,put,0.00,0.01,0.00,0,0.01,500,0,53,2025-11-24,3.12212,-0.00015,0.00000,-0.00253,0.00041,-0.00003
444,AAPL251219C00025000,AAPL,2025-12-19,25.00,call,245.70,250.80,249.20,20,252.40,50,0,3,2025-11-24,0.01976,1.0,0.00000,-0.00265,0.00000,0.01708
445,AAPL251219P00025000,AAPL,2025-12-19,25.00,put,0.00,0.01,0.00,0,0.01,500,0,6,2025-11-24,2.84896,-0.00016,0.00000,-0.00254,0.00045,-0.00004
446,AAPL251219C00030000,AAPL,2025-12-19,30.00,call,241.24,245.82,244.25,20,247.40,50,0,0,2025-11-24,0.01976,1.0,0.00000,-0.00318,0.00000,0.02049
447,AAPL251219P00030000,AAPL,2025-12-19,30.00,put,0.00,0.01,0.00,0,0.01,500,0,153,2025-11-24,2.63433,-0.00018,0.00000,-0.00261,0.00050,-0.00004
448,AAPL251219C00035000,AAPL,2025-12-19,35.00,call,236.07,240.82,239.25,20,242.40,50,0,0,2025-11-24,0.01976,1.0,0.00000,-0.00371,0.00000,0.02391
449,AAPL251219P00035000,AAPL,2025-12-19,35.00,put,0.00,0.01,0.00,0,0.01,2,0,10,2025-11-24,2.43921,-0.00019,0.00000,-0.00250,0.00051,-0.00004
450,AAPL251219C00040000,AAPL,2025-12-19,40.00,call,230.91,235.85,234.25,20,237.45,50,0,4,2025-11-24,0.01976,1.0,0.00000,-0.00424,0.00000,0.02732
451,AAPL251219P00040000,AAPL,2025-12-19,40.00,put,0.00,0.01,0.00,0,0.01,2,0,3050,2025-11-24,2.28312,-0.0002,0.00000,-0.00253,0.00056,-0.00005
452,AAPL251219C00045000,AAPL,2025-12-19,45.00,call,223.70,230.88,229.30,20,232.45,50,0,1,2025-11-24,0.01976,1.0,0.00000,-0.00477,0.00000,0.03074
453,AAPL251219P00045000,AAPL,2025-12-19,45.00,put,0.00,0.01,0.00,0,0.01,2,0,308,2025-11-24,2.14653,-0.00022,0.00001,-0.00257,0.00060,-0.00005
454,AAPL251219C00050000,AAPL,2025-12-19,50.00,call,220.14,225.97,224.50,20,227.45,50,0,161,2025-11-24,0.01976,1.0,0.00000,-0.00530,0.00000,0.03416
455,AAPL251219P00050000,AAPL,2025-12-19,50.00,put,0.00,0.01,0.00,0,0.01,2,0,6843,2025-11-24,2.02946,-0.00024,0.00001,-0.00267,0.00066,-0.00005
456,AAPL251219C00055000,AAPL,2025-12-19,55.00,call,214.22,221.00,219.50,20,222.50,50,0,80,2025-11-24,0.01976,1.0,0.00000,-0.00583,0.00000,0.03757
457,AAPL251219P00055000,AAPL,2025-12-19,55.00,put,0.00,0.01,0.00,0,0.01,2,0,627,2025-11-24,1.91239,-0.00025,0.00001,-0.00259,0.00068,-0.00005
458,AAPL251219C00060000,AAPL,2025-12-19,60.00,call,212.15,216.00,214.50,20,217.50,50,0,196,2025-11-24,0.01976,1.0,0.00000,-0.00636,0.00000,0.04099
459,AAPL251219P00060000,AAPL,2025-12-19,60.00,put,0.00,0.01,0.00,0,0.01,2,0,733,2025-11-24,1.81483,-0.00027,0.00001,-0.00266,0.00074,-0.00006
460,AAPL251219C00065000,AAPL,2025-12-19,65.00,call,206.50,211.00,209.50,20,212.50,50,0,224,2025-11-24,0.01976,1.0,0.00000,-0.00689,0.00000,0.04440
461,AAPL251219P00065000,AAPL,2025-12-19,65.00,put,0.00,0.01,0.00,0,0.01,10,0,2196,2025-11-24,1.71728,-0.00028,0.00001,-0.00259,0.00076,-0.00006
462,AAPL251219C00070000,AAPL,2025-12-19,70.00,call,197.95,206.05,204.60,133,207.50,40,0,824,2025-11-24,0.01976,1.0,0.00000,-0.00742,0.00000,0.04782
463,AAPL251219P00070000,AAPL,2025-12-19,70.00,put,0.00,0.01,0.00,0,0.01,2,0,1275,2025-11-24,1.63923,-0.00032,0.00001,-0.00273,0.00084,-0.00007
464,AAPL251219C00075000,AAPL,2025-12-19,75.00,call,197.59,201.03,199.50,32,202.55,58,0,192,2025-11-24,0.01976,1.0,0.00000,-0.00795,0.00000,0.05123
465,AAPL251219P00075000,AAPL,2025-12-19,75.00,put,0.00,0.01,0.00,0,0.01,2,0,3653,2025-11-24,1.54167,-0.00029,0.00001,-0.00241,0.00078,-0.00006
466,AAPL251219C00080000,AAPL,2025-12-19,80.00,call,190.10,196.03,194.50,24,197.55,55,0,201,2025-11-24,0.01976,1.0,0.00000,-0.00848,0.00000,0.05465
467,AAPL251219P00080000,AAPL,2025-12-19,80.00,put,0.00,0.01,0.00,0,0.01,2,0,2420,2025-11-24,1.48313,-0.00035,0.00001,-0.00271,0.00092,-0.00007
468,AAPL251219C00085000,AAPL,2025-12-19,85.00,call,186.42,191.03,189.50,20,192.55,50,0,382,2025-11-24,0.01976,1.0,0.00000,-0.00901,0.00000,0.05806
469,AAPL251219P00085000,AAPL,2025-12-19,85.00,put,0.00,0.01,0.00,0,0.01,2,0,1879,2025-11-24,1.40509,-0.00035,0.00001,-0.00255,0.00091,-0.00007
470,AAPL251219C00090000,AAPL,2025-12-19,90.00,call,178.29,186.00,184.40,20,187.60,50,0,282,2025-11-24,0.01976,1.0,0.00000,-0.00954,0.00000,0.06148
471,AAPL251219P00090000,AAPL,2025-12-19,90.00,put,0.00,0.01,0.00,0,0.01,3,0,1885,2025-11-24,1.34655,-0.00039,0.00001,-0.00271,0.00101,-0.00008
472,AAPL251219C00095000,AAPL,2025-12-19,95.00,call,173.20,181.05,179.50,24,182.60,55,0,186,2025-11-24,0.01976,1.0,0.00000,-0.01007,0.00000,0.06490
473,AAPL251219P00095000,AAPL,2025-12-19,95.00,put,0.00,0.01,0.00,0,0.01,2,0,1688,2025-11-24,1.26851,-0.00035,0.00001,-0.00236,0.00093,-0.00007
474,AAPL251219C00100000,AAPL,2025-12-19,100.00,call,175.70,176.05,175.65,42,176.45,50,11,2505,2025-11-24,0.01976,1.0,0.00000,-0.01060,0.00000,0.06831
475,AAPL251219P00100000,AAPL,2025-12-19,100.00,put,0.01,0.01,0.00,0,0.02,16,10,3581,2025-11-24,1.20997,-0.00037,0.00002,-0.00236,0.00098,-0.00008
476,AAPL251219C00105000,AAPL,2025-12-19,105.00,call,164.24,171.07,169.50,30,172.65,58,0,139,2025-11-24,0.01976,1.0,0.00000,-0.01113,0.00000,0.07173
477,AAPL251219P00105000,AAPL,2025-12-19,105.00,put,0.00,0.01,0.00,0,0.02,16,0,944,2025-11-24,1.17095,-0.00046,0.00002,-0.00276,0.00119,-0.00009
478,AAPL251219C00110000,AAPL,2025-12-19,110.00,call,159.59,165.65,165.05,5,166.25,50,0,977,2025-11-24,0.01976,1.0,0.00000,-0.01166,0.00000,0.07514
479,AAPL251219P00110000,AAPL,2025-12-19,110.00,put,0.00,0.01,0.00,0,0.02,16,0,2178,2025-11-24,1.11241,-0.00046,0.00002,-0.00263,0.00119,-0.00009
480,AAPL251219C00115000,AAPL,2025-12-19,115.00,call,154.75,160.47,159.50,25,161.45,50,0,217,2025-11-24,0.01976,1.0,0.00000,-0.01219,0.00000,0.07856
481,AAPL251219P00115000,AAPL,2025-12-19,115.00,put,0.00,0.01,0.00,0,0.02,73,0,2402,2025-11-24,1.05388,-0.00045,0.00002,-0.00243,0.00116,-0.00009
482,AAPL251219C00120000,AAPL,2025-12-19,120.00,call,149.34,156.32,155.00,96,157.65,31,0,1003,2025-11-24,1.22948,0.99708,0.00010,-0.02848,0.00645,0.08136
483,AAPL251219P00120000,AAPL,2025-12-19,120.00,put,0.00,0.01,0.00,0,0.02,52,0,4666,2025-11-24,1.01485,-0.00052,0.00003,-0.00270,0.00134,-0.00011
484,AAPL251219C00125000,AAPL,2025-12-19,125.00,call,147.58,150.85,149.55,25,152.15,35,0,543,2025-11-24,0.01976,1.0,0.00000,-0.01325,0.00000,0.08539
485,AAPL251219P00125000,AAPL,2025-12-19,125.00,put,0.00,0.01,0.00,0,0.02,54,0,2340,2025-11-24,0.95632,-0.00048,0.00002,-0.00237,0.00125,-0.00010
486,AAPL251219C00130000,AAPL,2025-12-19,130.00,call,146.50,145.85,145.25,48,146.45,30,1,2313,2025-11-24,0.01976,1.0,0.00000,-0.01378,0.00000,0.08880
487,AAPL251219P00130000,AAPL,2025-12-19,130.00,put,0.00,0.01,0.00,0,0.02,91,0,3393,2025-11-24,0.91729,-0.00055,0.00003,-0.00253,0.00139,-0.00011
488,AAPL251219C00135000,AAPL,2025-12-19,135.00,call,137.97,140.60,139.55,31,141.65,34,4,768,2025-11-24,0.01976,1.0,0.00000,-0.01431,0.00000,0.09222
489,AAPL251219P00135000,AAPL,2025-12-19,135.00,put,0.00,0.01,0.00,0,0.02,58,0,737,2025-11-24,0.87827,-0.00061,0.00003,-0.00267,0.00153,-0.00012
490,AAPL251219C00140000,AAPL,2025-12-19,140.00,call,135.00,135.90,134.60,31,137.20,15,5,1448,2025-11-24,0.01976,1.0,0.00000,-0.01484,0.00000,0.09564
491,AAPL251219P00140000,AAPL,2025-12-19,140.00,put,0.00,0.01,0.00,0,0.02,94,0,2950,2025-11-24,0.83925,-0.00066,0.00004,-0.00277,0.00166,-0.00013
492,AAPL251219C00145000,AAPL,2025-12-19,145.00,call,131.08,131.18,130.80,32,131.55,59,8,926,2025-11-24,0.01976,1.0,0.00000,-0.01537,0.00000,0.09905
493,AAPL251219P00145000,AAPL,2025-12-19,145.00,put,0.00,0.01,0.00,0,0.02,64,0,3305,2025-11-24,0.78071,-0.00055,0.00003,-0.00217,0.00140,-0.00011
494,AAPL251219C00150000,AAPL,2025-12-19,150.00,call,126.40,126.30,125.90,52,126.70,36,307,1683,2025-11-24,0.01976,1.0,0.00000,-0.01590,0.00000,0.10247
495,AAPL251219P00150000,AAPL,2025-12-19,150.00,put,0.00,0.01,0.00,0,0.02,34,0,4139,2025-11-24,0.74169,-0.00058,0.00004,-0.00215,0.00146,-0.00011
496,AAPL251219C00155000,AAPL,2025-12-19,155.00,call,121.13,121.62,120.65,10,122.60,35,10,863,2025-11-24,1.01485,0.98967,0.00037,-0.05629,0.01980,0.10374
497,AAPL251219P00155000,AAPL,2025-12-19,155.00,put,0.03,0.02,0.01,10,0.03,134,11,3666,2025-11-24,0.76120,-0.00132,0.00008,-0.00472,0.00313,-0.00026
498,AAPL251219C00160000,AAPL,2025-12-19,160.00,call,117.00,116.90,116.00,14,117.80,52,1,1264,2025-11-24,1.07339,0.98168,0.00058,-0.08603,0.03245,0.10545
499,AAPL251219P00160000,AAPL,2025-12-19,160.00,put,0.02,0.01,0.00,0,0.03,228,6,6108,2025-11-24,0.68315,-0.00081,0.00006,-0.00271,0.00200,-0.00016
500,AAPL251219C00165000,AAPL,2025-12-19,165.00,call,108.27,111.05,110.45,49,111.65,50,0,2454,2025-11-24,0.01976,1.0,0.00000,-0.01749,0.00000,0.11271
501,AAPL251219P00165000,AAPL,2025-12-19,165.00,put,0.02,0.02,0.01,5,0.03,93,2,11591,2025-11-24,0.68315,-0.00144,0.00010,-0.00460,0.00340,-0.00029
502,AAPL251219C00170000,AAPL,2025-12-19,170.00,call,103.75,106.33,106.00,44,106.65,34,1,3993,2025-11-24,0.01976,1.0,0.00000,-0.01802,0.00000,0.11613
503,AAPL251219P00170000,AAPL,2025-12-19,170.00,put,0.02,0.03,0.01,81,0.04,154,21,14889,2025-11-24,0.66364,-0.00192,0.00013,-0.00580,0.00442,-0.00038
504,AAPL251219C00175000,AAPL,2025-12-19,175.00,call,101.65,101.03,100.40,48,101.65,51,2,1733,2025-11-24,0.01976,1.0,0.00000,-0.01855,0.00000,0.11954
505,AAPL251219P00175000,AAPL,2025-12-19,175.00,put,0.03,0.03,0.02,19,0.03,1,8,10852,2025-11-24,0.62462,-0.00197,0.00014,-0.00557,0.00451,-0.00039
506,AAPL251219C00180000,AAPL,2025-12-19,180.00,call,97.05,96.30,95.95,40,96.65,76,8,16119,2025-11-24,0.01976,1.0,0.00000,-0.01908,0.00000,0.12296
507,AAPL251219P00180000,AAPL,2025-12-19,180.00,put,0.04,0.04,0.02,75,0.05,143,32,12841,2025-11-24,0.60511,-0.00261,0.00018,-0.00697,0.00582,-0.00052
508,AAPL251219C00185000,AAPL,2025-12-19,185.00,call,91.40,91.40,90.90,43,91.90,55,185,2510,2025-11-24,0.01976,1.0,0.00000,-0.01961,0.00000,0.12638
509,AAPL251219P00185000,AAPL,2025-12-19,185.00,put,0.04,0.04,0.03,54,0.06,99,102,6938,2025-11-24,0.58560,-0.00344,0.00024,-0.00865,0.00748,-0.00068
510,AAPL251219C00190000,AAPL,2025-12-19,190.00,call,85.54,86.38,86.00,45,86.75,58,4,2927,2025-11-24,0.01976,1.0,0.00000,-0.02014,0.00000,0.12979
511,AAPL251219P00190000,AAPL,2025-12-19,190.00,put,0.05,0.06,0.05,6,0.07,38,117,13177,2025-11-24,0.56608,-0.00452,0.00032,-0.01067,0.00955,-0.00090
512,AAPL251219C00195000,AAPL,2025-12-19,195.00,call,81.83,81.70,81.00,56,82.40,55,11,2656,2025-11-24,0.64413,0.98458,0.00083,-0.05627,0.02800,0.13011
513,AAPL251219P00195000,AAPL,2025-12-19,195.00,put,0.07,0.07,0.05,19,0.08,130,22,16954,2025-11-24,0.54657,-0.00592,0.00043,-0.01309,0.01214,-0.00117
514,AAPL251219C00200000,AAPL,2025-12-19,200.00,call,77.45,76.47,76.15,42,76.80,72,187,7880,2025-11-24,0.44901,0.9976,0.00023,-0.02599,0.00541,0.13615
515,AAPL251219P00200000,AAPL,2025-12-19,200.00,put,0.06,0.07,0.06,31,0.07,19,255,21721,2025-11-24,0.50755,-0.00605,0.00047,-0.01238,0.01238,-0.00120
516,AAPL251219C00205000,AAPL,2025-12-19,205.00,call,71.85,71.50,71.15,45,71.85,55,12,4095,2025-11-24,0.42950,0.99676,0.00032,-0.02771,0.00707,0.13941
517,AAPL251219P00205000,AAPL,2025-12-19,205.00,put,0.09,0.09,0.08,53,0.10,70,45,8339,2025-11-24,0.48804,-0.00796,0.00062,-0.01514,0.01576,-0.00157
518,AAPL251219C00210000,AAPL,2025-12-19,210.00,call,67.15,66.47,66.15,41,66.80,175,28,9238,2025-11-24,0.01976,1.0,0.00000,-0.02226,0.00000,0.14345
519,AAPL251219P00210000,AAPL,2025-12-19,210.00,put,0.12,0.11,0.10,109,0.12,38,28,8129,2025-11-24,0.46853,-0.01046,0.00082,-0.01844,0.02002,-0.00206
520,AAPL251219C00215000,AAPL,2025-12-19,215.00,call,61.60,61.62,61.35,24,61.90,51,46,12170,2025-11-24,0.42950,0.98925,0.00091,-0.04007,0.02049,0.14476
521,AAPL251219P00215000,AAPL,2025-12-19,215.00,put,0.14,0.14,0.13,75,0.15,37,31,12030,2025-11-24,0.44901,-0.01375,0.00108,-0.02237,0.02537,-0.00271
522,AAPL251219C00220000,AAPL,2025-12-19,220.00,call,56.33,56.52,56.30,43,56.75,41,189,18231,2025-11-24,0.31243,0.99777,0.00031,-0.02642,0.00506,0.14985
523,AAPL251219P00220000,AAPL,2025-12-19,220.00,put,0.16,0.18,0.17,19,0.19,68,275,16252,2025-11-24,0.40999,-0.01429,0.00123,-0.02107,0.02623,-0.00281
524,AAPL251219C00225000,AAPL,2025-12-19,225.00,call,52.00,51.67,51.35,42,52.00,125,50,6828,2025-11-24,0.37097,0.98527,0.00139,-0.04338,0.02692,0.15082
525,AAPL251219P00225000,AAPL,2025-12-19,225.00,put,0.21,0.23,0.22,45,0.23,20,89,11161,2025-11-24,0.39048,-0.01907,0.00165,-0.02564,0.03357,-0.00374
526,AAPL251219C00230000,AAPL,2025-12-19,230.00,call,47.64,46.77,46.50,35,47.05,57,30,16139,2025-11-24,0.37097,0.97446,0.00222,-0.05548,0.04296,0.15211
527,AAPL251219P00230000,AAPL,2025-12-19,230.00,put,0.29,0.29,0.28,103,0.30,59,301,22866,2025-11-24,0.37097,-0.02554,0.00222,-0.03110,0.04296,-0.00501
528,AAPL251219C00235000,AAPL,2025-12-19,235.00,call,42.38,41.67,41.65,21,41.70,16,224,12692,2025-11-24,0.29292,0.98488,0.00180,-0.04059,0.02753,0.15759
529,AAPL251219P00235000,AAPL,2025-12-19,235.00,put,0.37,0.38,0.37,80,0.39,5,2388,10666,2025-11-24,0.35146,-0.03437,0.00300,-0.03760,0.05497,-0.00674
530,AAPL251219C00240000,AAPL,2025-12-19,240.00,call,37.76,36.83,36.80,24,36.85,25,65,19878,2025-11-24,0.29292,0.97078,0.00315,-0.05273,0.04808,0.15826
531,AAPL251219P00240000,AAPL,2025-12-19,240.00,put,0.53,0.52,0.51,13,0.52,24,648,10702,2025-11-24,0.33194,-0.04653,0.00406,-0.04526,0.07031,-0.00912
532,AAPL251219C00245000,AAPL,2025-12-19,245.00,call,32.23,32.05,32.00,42,32.10,11,296,8469,2025-11-24,0.29292,0.94775,0.00505,-0.06958,0.07714,0.15716
533,AAPL251219P00245000,AAPL,2025-12-19,245.00,put,0.70,0.70,0.69,86,0.71,43,3106,9684,2025-11-24,0.31243,-0.06339,0.00551,-0.05418,0.08979,-0.01242
534,AAPL251219C00247500,AAPL,2025-12-19,247.50,call,29.00,29.60,29.50,10,29.70,8,5,0,2025-11-24,0.27341,0.94431,0.00569,-0.06891,0.08112,0.15822
535,AAPL251219P00247500,AAPL,2025-12-19,247.50,put,0.78,0.82,0.81,78,0.83,10,83,0,2025-11-24,0.31243,-0.08034,0.00661,-0.06485,0.10770,-0.01577
536,AAPL251219C00250000,AAPL,2025-12-19,250.00,call,27.30,27.35,27.35,9,27.35,33,453,31053,2025-11-24,0.29292,0.91306,0.00748,-0.09081,0.11428,0.15375
537,AAPL251219P00250000,AAPL,2025-12-19,250.00,put,0.97,0.96,0.96,114,0.97,5,4856,14638,2025-11-24,0.29292,-0.08694,0.00748,-0.06431,0.11428,-0.01703
538,AAPL251219C00252500,AAPL,2025-12-19,252.50,call,25.05,25.02,25.00,10,25.05,57,23,0,2025-11-24,0.27341,0.90533,0.00854,-0.09047,0.12174,0.15398
539,AAPL251219P00252500,AAPL,2025-12-19,252.50,put,1.05,1.15,1.14,56,1.17,34,140,0,2025-11-24,0.29292,-0.10934,0.00885,-0.07588,0.13520,-0.02145
540,AAPL251219C00255000,AAPL,2025-12-19,255.00,call,22.35,22.73,22.70,20,22.75,25,510,16590,2025-11-24,0.27341,0.87997,0.01013,-0.10239,0.14448,0.15069
541,AAPL251219P00255000,AAPL,2025-12-19,255.00,put,1.38,1.37,1.36,66,1.37,17,1196,12098,2025-11-24,0.29292,-0.13533,0.01028,-0.08788,0.15705,-0.02660
542,AAPL251219C00257500,AAPL,2025-12-19,257.50,call,20.20,20.52,20.50,4,20.55,8,23,0,2025-11-24,0.25390,0.86715,0.01171,-0.10201,0.15507,0.14993
543,AAPL251219P00257500,AAPL,2025-12-19,257.50,put,1.51,1.64,1.63,58,1.65,25,209,0,2025-11-24,0.27341,-0.14952,0.01178,-0.08732,0.16801,-0.02934
544,AAPL251219C00260000,AAPL,2025-12-19,260.00,call,18.70,18.35,18.30,19,18.40,54,646,22891,2025-11-24,0.25390,0.83338,0.01363,-0.11410,0.18039,0.14497
545,AAPL251219P00260000,AAPL,2025-12-19,260.00,put,1.87,1.96,1.96,59,1.97,16,2385,10451,2025-11-24,0.27341,-0.18314,0.01344,-0.09915,0.19154,-0.03601
546,AAPL251219C00262500,AAPL,2025-12-19,262.50,call,16.13,16.27,16.25,9,16.30,44,136,0,2025-11-24,0.25390,0.79491,0.01550,-0.12579,0.20522,0.13906
547,AAPL251219P00262500,AAPL,2025-12-19,262.50,put,2.29,2.38,2.36,63,2.39,33,167,0,2025-11-24,0.25390,-0.20509,0.01550,-0.09796,0.20522,-0.04025
548,AAPL251219C00265000,AAPL,2025-12-19,265.00,call,14.20,14.25,14.20,10,14.30,60,1470,18760,2025-11-24,0.25390,0.75204,0.01726,-0.13654,0.22847,0.13225
549,AAPL251219P00265000,AAPL,2025-12-19,265.00,put,2.85,2.85,2.85,14,2.86,32,4591,14267,2025-11-24,0.25390,-0.24796,0.01726,-0.10845,0.22847,-0.04878
550,AAPL251219C00267500,AAPL,2025-12-19,267.50,call,13.16,12.35,12.35,10,12.35,3,16,0,2025-11-24,0.23438,0.71878,0.01993,-0.13398,0.24359,0.12750
551,AAPL251219P00267500,AAPL,2025-12-19,267.50,put,3.13,3.45,3.40,70,3.50,29,186,0,2025-11-24,0.25390,-0.29473,0.01881,-0.11745,0.24905,-0.05812
552,AAPL251219C00270000,AAPL,2025-12-19,270.00,call,10.53,10.57,10.60,8,10.55,46,4480,30641,2025-11-24,0.23438,0.66552,0.02151,-0.14165,0.26292,0.11858
553,AAPL251219P00270000,AAPL,2025-12-19,270.00,put,4.12,4.12,4.10,137,4.15,20,3740,7959,2025-11-24,0.23438,-0.33448,0.02151,-0.11303,0.26292,-0.06586
554,AAPL251219C00272500,AAPL,2025-12-19,272.50,call,9.70,8.88,8.85,22,8.90,71,321,0,2025-11-24,0.23438,0.60923,0.02268,-0.14687,0.27721,0.10899
555,AAPL251219P00272500,AAPL,2025-12-19,272.50,put,4.95,4.97,4.95,86,5.00,28,627,0,2025-11-24,0.23438,-0.39077,0.02268,-0.11797,0.27721,-0.07716
556,AAPL251219C00275000,AAPL,2025-12-19,275.00,call,7.50,7.32,7.30,34,7.35,7,4279,22584,2025-11-24,0.23438,0.5511,0.02338,-0.14929,0.28572,0.09895
557,AAPL251219P00275000,AAPL,2025-12-19,275.00,put,5.84,5.95,5.95,65,5.95,15,2429,4075,2025-11-24,0.23438,-0.4489,0.02338,-0.12014,0.28572,-0.08890
558,AAPL251219C00277500,AAPL,2025-12-19,277.50,call,5.90,6.00,6.00,1,6.00,69,1727,0,2025-11-24,0.21487,0.48956,0.02570,-0.13750,0.28798,0.08856
559,AAPL251219P00277500,AAPL,2025-12-19,277.50,put,6.95,7.07,7.05,72,7.10,5,261,0,2025-11-24,0.23438,-0.50762,0.02357,-0.11937,0.28803,-0.10086
560,AAPL251219C00280000,AAPL,2025-12-19,280.00,call,4.80,4.80,4.80,8,4.80,76,11853,28060,2025-11-24,0.21487,0.42636,0.02527,-0.13369,0.28316,0.07736
561,AAPL251219P00280000,AAPL,2025-12-19,280.00,put,8.30,8.40,8.35,75,8.45,31,1565,909,2025-11-24,0.23438,-0.56565,0.02325,-0.11571,0.28417,-0.11278
562,AAPL251219C00282500,AAPL,2025-12-19,282.50,call,3.90,3.75,3.70,3,3.80,115,342,0,2025-11-24,0.21487,0.36553,0.02424,-0.12702,0.27156,0.06650
563,AAPL251219P00282500,AAPL,2025-12-19,282.50,put,9.14,9.88,9.85,57,9.90,5,46,0,2025-11-24,0.23438,-0.6218,0.02246,-0.10939,0.27455,-0.12445
564,AAPL251219C00285000,AAPL,2025-12-19,285.00,call,2.88,2.89,2.90,21,2.88,58,10230,18218,2025-11-24,0.21487,0.3084,0.02269,-0.11796,0.25418,0.05624
565,AAPL251219P00285000,AAPL,2025-12-19,285.00,put,11.20,11.53,11.50,42,11.55,24,2252,2157,2025-11-24,0.21487,-0.6916,0.02269,-0.08775,0.25418,-0.13844
566,AAPL251219C00287500,AAPL,2025-12-19,287.50,call,2.19,2.17,2.16,8,2.17,29,716,0,2025-11-24,0.21487,0.25601,0.02074,-0.10712,0.23236,0.04679
567,AAPL251219P00287500,AAPL,2025-12-19,287.50,put,12.40,13.35,13.30,21,13.40,10,16,0,2025-11-24,0.21487,-0.74399,0.02074,-0.07664,0.23236,-0.14960
568,AAPL251219C00290000,AAPL,2025-12-19,290.00,call,1.59,1.60,1.59,24,1.61,43,7660,16821,2025-11-24,0.21487,0.20907,0.01853,-0.09514,0.20757,0.03829
569,AAPL251219P00290000,AAPL,2025-12-19,290.00,put,14.66,15.32,15.30,12,15.35,24,125,708,2025-11-24,0.23438,-0.76955,0.01796,-0.07868,0.21951,-0.15606
570,AAPL251219C00292500,AAPL,2025-12-19,292.50,call,1.16,1.16,1.15,21,1.17,23,2215,0,2025-11-24,0.19536,0.14372,0.01606,-0.06803,0.16360,0.02646
571,AAPL251219P00292500,AAPL,2025-12-19,292.50,put,16.60,17.42,17.40,14,17.45,5,4,0,2025-11-24,0.23438,-0.80984,0.01604,-0.06629,0.19606,-0.16505
572,AAPL251219C00295000,AAPL,2025-12-19,295.00,call,0.85,0.83,0.82,21,0.84,32,2970,13614,2025-11-24,0.19536,0.10931,0.01327,-0.05594,0.13517,0.02016
573,AAPL251219P00295000,AAPL,2025-12-19,295.00,put,19.35,19.67,19.65,31,19.70,29,284,498,2025-11-24,0.23438,-0.8452,0.01407,-0.05372,0.17193,-0.17317
574,AAPL251219C00300000,AAPL,2025-12-19,300.00,call,0.45,0.43,0.43,2,0.43,86,8642,45128,2025-11-24,0.19536,0.0595,0.00839,-0.03510,0.08546,0.01100
575,AAPL251219P00300000,AAPL,2025-12-19,300.00,put,25.80,24.48,24.45,8,24.50,10,5,17,2025-11-24,0.27341,-0.86355,0.01108,-0.05842,0.15793,-0.18005
576,AAPL251219C00305000,AAPL,2025-12-19,305.00,call,0.21,0.22,0.21,12,0.23,89,5202,33230,2025-11-24,0.21487,0.04396,0.00600,-0.03013,0.06717,0.00812
577,AAPL251219P00305000,AAPL,2025-12-19,305.00,put,0.00,29.20,27.90,20,30.50,50,0,0,2025-11-24,0.27341,-0.90782,0.00837,-0.03555,0.11937,-0.19149
578,AAPL251219C00310000,AAPL,2025-12-19,310.00,call,0.14,0.12,0.11,66,0.13,135,1742,10459,2025-11-24,0.21487,0.02299,0.00351,-0.01756,0.03933,0.00425
579,AAPL251219P00310000,AAPL,2025-12-19,310.00,put,0.00,34.20,33.00,20,35.40,30,0,0,2025-11-24,0.31243,-0.91164,0.00710,-0.04191,0.11567,-0.19568
580,AAPL251219C00315000,AAPL,2025-12-19,315.00,call,0.08,0.07,0.06,98,0.09,106,1191,3399,2025-11-24,0.21487,0.0113,0.00191,-0.00952,0.02141,0.00210
581,AAPL251219P00315000,AAPL,2025-12-19,315.00,put,0.00,39.27,38.05,20,40.50,30,0,0,2025-11-24,0.35146,-0.91391,0.00619,-0.04877,0.11345,-0.19957
582,AAPL251219C00320000,AAPL,2025-12-19,320.00,call,0.06,0.05,0.04,206,0.06,21,558,10448,2025-11-24,0.23438,0.00959,0.00152,-0.00897,0.01855,0.00177
583,AAPL251219P00320000,AAPL,2025-12-19,320.00,put,0.00,44.22,43.05,20,45.40,30,0,1,2025-11-24,0.39048,-0.91515,0.00551,-0.05609,0.11221,-0.20328
584,AAPL251219C00325000,AAPL,2025-12-19,325.00,call,0.05,0.04,0.03,25,0.05,127,1305,3015,2025-11-24,0.25390,0.00841,0.00125,-0.00864,0.01654,0.00156
585,AAPL251219P00325000,AAPL,2025-12-19,325.00,put,0.00,49.27,48.05,20,50.50,30,0,0,2025-11-24,0.42950,-0.91568,0.00499,-0.06384,0.11169,-0.20686
586,AAPL251219C00330000,AAPL,2025-12-19,330.00,call,0.02,0.04,0.02,8,0.05,116,0,8739,2025-11-24,0.27341,0.00758,0.00106,-0.00847,0.01510,0.00140
587,AAPL251219P00330000,AAPL,2025-12-19,330.00,put,0.00,54.25,53.10,20,55.40,30,0,0,2025-11-24,0.44901,-0.92531,0.00435,-0.05860,0.10190,-0.21202
588,AAPL251219C00335000,AAPL,2025-12-19,335.00,call,0.02,0.03,0.01,6,0.04,90,0,346,2025-11-24,0.27341,0.00416,0.00062,-0.00497,0.00887,0.00077
589,AAPL251219P00335000,AAPL,2025-12-19,335.00,put,0.00,59.27,58.05,20,60.50,30,0,0,2025-11-24,0.48804,-0.92427,0.00405,-0.06710,0.10298,-0.21531
590,AAPL251219C00340000,AAPL,2025-12-19,340.00,call,0.01,0.02,0.01,19,0.03,1,490,3190,2025-11-24,0.29292,0.00401,0.00056,-0.00514,0.00858,0.00074
591,AAPL251219P00340000,AAPL,2025-12-19,340.00,put,0.00,64.28,63.10,20,65.45,30,0,0,2025-11-24,0.50755,-0.93133,0.00361,-0.06284,0.09554,-0.22000
592,AAPL251219C00345000,AAPL,2025-12-19,345.00,call,0.01,0.03,0.01,8,0.04,143,200,597,2025-11-24,0.31243,0.00392,0.00052,-0.00536,0.00840,0.00072
593,AAPL251219P00345000,AAPL,2025-12-19,345.00,put,0.00,69.28,68.05,20,70.50,30,0,0,2025-11-24,0.54657,-0.92947,0.00342,-0.07197,0.09752,-0.22315
594,AAPL251219C00350000,AAPL,2025-12-19,350.00,call,0.02,0.02,0.01,19,0.03,164,100,5093,2025-11-24,0.31243,0.00229,0.00032,-0.00330,0.00518,0.00042
595,AAPL251219P00350000,AAPL,2025-12-19,350.00,put,0.00,74.28,73.10,20,75.45,50,0,0,2025-11-24,0.56608,-0.93489,0.00311,-0.06848,0.09168,-0.22754
596,AAPL251219C00360000,AAPL,2025-12-19,360.00,call,0.01,0.01,0.00,0,0.03,222,3,2851,2025-11-24,0.33194,0.0014,0.00019,-0.00224,0.00332,0.00026
597,AAPL251219P00360000,AAPL,2025-12-19,360.00,put,0.00,84.25,83.10,20,85.40,50,0,0,2025-11-24,0.62462,-0.93689,0.00275,-0.07535,0.08948,-0.23479
598,AAPL251219C00370000,AAPL,2025-12-19,370.00,call,0.01,0.01,0.00,0,0.02,19,0,5781,2025-11-24,0.37097,0.00161,0.00019,-0.00283,0.00376,0.00030
599,AAPL251219P00370000,AAPL,2025-12-19,370.00,put,97.00,94.22,93.10,20,95.35,50,1,1,2025-11-24,0.66364,-0.94375,0.00236,-0.07083,0.08176,-0.24286
600,AAPL251219C00380000,AAPL,2025-12-19,380.00,call,0.01,0.01,0.00,0,0.02,97,0,2209,2025-11-24,0.39048,0.00113,0.00013,-0.00215,0.00271,0.00021
601,AAPL251219P00380000,AAPL,2025-12-19,380.00,put,0.00,104.25,103.10,20,105.40,50,0,0,2025-11-24,0.72218,-0.9435,0.00218,-0.07976,0.08205,-0.24971
602,AAPL251219C00390000,AAPL,2025-12-19,390.00,call,0.01,0.01,0.00,0,0.02,104,0,1760,2025-11-24,0.42950,0.00136,0.00014,-0.00280,0.00321,0.00025
603,AAPL251219P00390000,AAPL,2025-12-19,390.00,put,0.00,114.25,113.10,20,115.40,50,0,0,2025-11-24,0.78071,-0.94276,0.00204,-0.08963,0.08289,-0.25647
604,AAPL251219C00400000,AAPL,2025-12-19,400.00,call,0.01,0.01,0.00,0,0.01,100,0,12647,2025-11-24,0.44901,0.00104,0.00011,-0.00229,0.00252,0.00019
605,AAPL251219P00400000,AAPL,2025-12-19,400.00,put,0.00,124.25,123.10,20,125.40,50,0,0,2025-11-24,0.81974,-0.94644,0.00184,-0.08798,0.07866,-0.26397
606,AAPL251219C00410000,AAPL,2025-12-19,410.00,call,0.01,0.01,0.00,0,0.02,25,0,4,2025-11-24,0.48804,0.00128,0.00012,-0.00301,0.00305,0.00023
607,AAPL251219P00410000,AAPL,2025-12-19,410.00,put,0.00,134.25,133.10,20,135.40,50,0,0,2025-11-24,0.85876,-0.94929,0.00168,-0.08725,0.07532,-0.27132
608,AAPL251219C00420000,AAPL,2025-12-19,420.00,call,0.01,0.01,0.00,0,0.02,84,0,1,2025-11-24,0.50755,0.00105,0.00010,-0.00260,0.00254,0.00019
609,AAPL251219P00420000,AAPL,2025-12-19,420.00,put,0.00,144.25,143.10,20,145.40,50,0,0,2025-11-24,0.91729,-0.94728,0.00162,-0.09939,0.07768,-0.27787
610,AAPL251219C00430000,AAPL,2025-12-19,430.00,call,0.01,0.01,0.00,0,0.02,90,0,1,2025-11-24,0.52706,0.00088,0.00008,-0.00230,0.00216,0.00016
611,AAPL251219P00430000,AAPL,2025-12-19,430.00,put,0.00,154.25,153.10,20,155.40,50,0,0,2025-11-24,0.95632,-0.94918,0.00151,-0.10006,0.07545,-0.28505
612,AAPL251219C00440000,AAPL,2025-12-19,440.00,call,0.01,0.01,0.00,0,0.02,70,0,3,2025-11-24,0.56608,0.00111,0.00009,-0.00307,0.00269,0.00020
613,AAPL251219P00440000,AAPL,2025-12-19,440.00,put,0.00,164.25,163.10,20,165.40,50,0,0,2025-11-24,0.99534,-0.95063,0.00142,-0.10142,0.07372,-0.29216
614,AAPL251219C00450000,AAPL,2025-12-19,450.00,call,0.01,0.01,0.00,0,0.02,56,0,127,2025-11-24,0.58560,0.00098,0.00008,-0.00281,0.00238,0.00018
615,AAPL251219P00450000,AAPL,2025-12-19,450.00,put,0.00,174.25,173.10,20,175.40,50,0,0,2025-11-24,1.03437,-0.95172,0.00134,-0.10340,0.07243,-0.29921
616,AAPL251226C00110000,AAPL,2025-12-26,110.00,call,0.00,166.40,164.45,9,168.35,9,0,0,2025-11-24,1.22948,0.99671,0.00010,-0.02714,0.00812,0.09522
617,AAPL251226P00110000,AAPL,2025-12-26,110.00,put,0.00,0.01,0.00,0,0.04,2,0,0,2025-11-24,0.97583,-0.00042,0.00002,-0.00187,0.00124,-0.00011
618,AAPL251226C00120000,AAPL,2025-12-26,120.00,call,0.00,156.45,154.50,9,158.40,9,0,0,2025-11-24,1.13192,0.99612,0.00012,-0.02926,0.00943,0.10380
619,AAPL251226P00120000,AAPL,2025-12-26,120.00,put,0.00,0.01,0.00,0,0.04,2,0,1,2025-11-24,0.89778,-0.00052,0.00003,-0.00211,0.00151,-0.00014
620,AAPL251226C00125000,AAPL,2025-12-26,125.00,call,0.00,151.47,149.50,10,153.45,10,0,0,2025-11-24,1.07339,0.9961,0.00013,-0.02897,0.00945,0.10817
621,AAPL251226P00125000,AAPL,2025-12-26,125.00,put,0.00,0.01,0.00,0,0.04,2,0,0,2025-11-24,0.85876,-0.00057,0.00003,-0.00217,0.00163,-0.00015
622,AAPL251226C00130000,AAPL,2025-12-26,130.00,call,0.00,146.50,144.55,9,148.45,9,0,0,2025-11-24,1.05388,0.99504,0.00017,-0.03292,0.01173,0.11226
623,AAPL251226P00130000,AAPL,2025-12-26,130.00,put,0.00,0.01,0.00,0,0.04,8,0,44,2025-11-24,0.81974,-0.00061,0.00003,-0.00220,0.00173,-0.00016
624,AAPL251226C00135000,AAPL,2025-12-26,135.00,call,0.00,141.50,139.55,10,143.45,10,0,0,2025-11-24,0.97583,0.99573,0.00016,-0.02980,0.01025,0.11682
625,AAPL251226P00135000,AAPL,2025-12-26,135.00,put,0.00,0.01,0.00,0,0.05,11,0,0,2025-11-24,0.78071,-0.00064,0.00003,-0.00219,0.00181,-0.00016
626,AAPL251226C00140000,AAPL,2025-12-26,140.00,call,0.00,136.53,134.55,19,138.50,9,0,0,2025-11-24,0.95632,0.99461,0.00020,-0.03353,0.01263,0.12089
627,AAPL251226P00140000,AAPL,2025-12-26,140.00,put,0.00,0.01,0.00,0,0.05,1,0,0,2025-11-24,0.74169,-0.00065,0.00004,-0.00213,0.00186,-0.00017
628,AAPL251226C00145000,AAPL,2025-12-26,145.00,call,0.00,131.55,129.60,10,133.50,10,0,0,2025-11-24,0.89778,0.99486,0.00020,-0.03219,0.01212,0.12533
629,AAPL251226P00145000,AAPL,2025-12-26,145.00,put,0.00,0.01,0.00,0,0.05,5,0,202,2025-11-24,0.70267,-0.00066,0.00004,-0.00203,0.00187,-0.00017
630,AAPL251226C00150000,AAPL,2025-12-26,150.00,call,0.00,126.52,124.60,9,128.45,1,0,0,2025-11-24,0.81974,0.99593,0.00018,-0.02835,0.00982,0.13000
631,AAPL251226P00150000,AAPL,2025-12-26,150.00,put,0.00,0.01,0.00,0,0.05,2,0,10,2025-11-24,0.66364,-0.00065,0.00004,-0.00189,0.00184,-0.00017
632,AAPL251226C00155000,AAPL,2025-12-26,155.00,call,0.00,121.58,119.65,10,123.50,2,0,0,2025-11-24,0.81974,0.99399,0.00025,-0.03406,0.01392,0.13385
633,AAPL251226P00155000,AAPL,2025-12-26,155.00,put,0.00,0.01,0.00,0,0.06,3,0,101,2025-11-24,0.62462,-0.00062,0.00004,-0.00171,0.00177,-0.00016
634,AAPL251226C00160000,AAPL,2025-12-26,160.00,call,0.00,116.58,114.65,9,118.50,2,0,0,2025-11-24,0.76120,0.99455,0.00025,-0.03196,0.01276,0.13838
635,AAPL251226P00160000,AAPL,2025-12-26,160.00,put,0.00,0.01,0.00,0,0.06,2,0,0,2025-11-24,0.60511,-0.00082,0.00006,-0.00213,0.00228,-0.00021
636,AAPL251226C00165000,AAPL,2025-12-26,165.00,call,0.00,111.60,109.70,10,113.50,2,0,0,2025-11-24,0.72218,0.99425,0.00028,-0.03238,0.01337,0.14267
637,AAPL251226P00165000,AAPL,2025-12-26,165.00,put,0.00,0.01,0.00,0,0.07,9,0,0,2025-11-24,0.56608,-0.00076,0.00006,-0.00186,0.00213,-0.00019
638,AAPL251226C00170000,AAPL,2025-12-26,170.00,call,102.53,106.60,104.70,9,108.50,2,0,1,2025-11-24,0.68315,0.994,0.00030,-0.03265,0.01389,0.14698
639,AAPL251226P00170000,AAPL,2025-12-26,170.00,put,0.00,0.01,0.00,0,0.07,2,0,13,2025-11-24,0.52706,-0.00068,0.00005,-0.00157,0.00193,-0.00017
640,AAPL251226C00175000,AAPL,2025-12-26,175.00,call,0.00,101.62,99.75,10,103.50,2,0,0,2025-11-24,0.64413,0.9938,0.00033,-0.03274,0.01430,0.15131
641,AAPL251226P00175000,AAPL,2025-12-26,175.00,put,0.03,0.01,0.00,0,0.08,10,4,0,2025-11-24,0.50755,-0.00088,0.00007,-0.00192,0.00245,-0.00022
642,AAPL251226C00180000,AAPL,2025-12-26,180.00,call,0.00,96.62,94.75,19,98.50,2,0,0,2025-11-24,0.58560,0.99491,0.00031,-0.02989,0.01200,0.15597
643,AAPL251226P00180000,AAPL,2025-12-26,180.00,put,0.00,0.05,0.01,4,0.09,9,0,1,2025-11-24,0.54657,-0.00306,0.00021,-0.00640,0.00761,-0.00078
644,AAPL251226C00185000,AAPL,2025-12-26,185.00,call,85.28,91.65,89.80,10,93.50,2,0,2,2025-11-24,0.56608,0.9936,0.00039,-0.03242,0.01472,0.16000
645,AAPL251226P00185000,AAPL,2025-12-26,185.00,put,0.00,0.06,0.02,27,0.10,47,0,2,2025-11-24,0.52706,-0.00389,0.00027,-0.00766,0.00944,-0.00099
646,AAPL251226C00190000,AAPL,2025-12-26,190.00,call,81.70,86.50,84.85,14,88.15,10,0,22,2025-11-24,0.01976,1.0,0.00000,-0.02013,0.00000,0.16601
647,AAPL251226P00190000,AAPL,2025-12-26,190.00,put,0.06,0.07,0.03,75,0.11,88,1,60,2025-11-24,0.50755,-0.00493,0.00034,-0.00911,0.01168,-0.00125
648,AAPL251226C00195000,AAPL,2025-12-26,195.00,call,74.52,81.53,79.85,15,83.20,10,0,17,2025-11-24,0.01976,1.0,0.00000,-0.02066,0.00000,0.17038
649,AAPL251226P00195000,AAPL,2025-12-26,195.00,put,0.00,0.08,0.04,33,0.12,47,0,19,2025-11-24,0.48804,-0.00625,0.00044,-0.01079,0.01440,-0.00158
650,AAPL251226C00200000,AAPL,2025-12-26,200.00,call,70.52,76.22,75.05,3,77.40,10,0,2,2025-11-24,0.01976,1.0,0.00000,-0.02119,0.00000,0.17475
651,AAPL251226P00200000,AAPL,2025-12-26,200.00,put,0.09,0.10,0.06,82,0.13,8,2,108,2025-11-24,0.46853,-0.0079,0.00057,-0.01272,0.01771,-0.00200
652,AAPL251226C00205000,AAPL,2025-12-26,205.00,call,67.10,71.60,69.95,16,73.25,10,0,3,2025-11-24,0.01976,1.0,0.00000,-0.02172,0.00000,0.17912
653,AAPL251226P00205000,AAPL,2025-12-26,205.00,put,0.12,0.12,0.09,29,0.16,68,21,71,2025-11-24,0.44901,-0.00999,0.00073,-0.01496,0.02175,-0.00253
654,AAPL251226C00210000,AAPL,2025-12-26,210.00,call,57.52,66.10,65.00,14,67.20,10,0,5,2025-11-24,0.01976,1.0,0.00000,-0.02225,0.00000,0.18348
655,AAPL251226P00210000,AAPL,2025-12-26,210.00,put,0.17,0.14,0.12,5,0.16,1,14,150,2025-11-24,0.42950,-0.01264,0.00093,-0.01753,0.02670,-0.00320
656,AAPL251226C00215000,AAPL,2025-12-26,215.00,call,58.60,61.72,60.05,16,63.40,10,0,10,2025-11-24,0.35146,0.99347,0.00064,-0.03080,0.01498,0.18622
657,AAPL251226P00215000,AAPL,2025-12-26,215.00,put,0.20,0.18,0.15,74,0.22,62,16,105,2025-11-24,0.40999,-0.01603,0.00120,-0.02049,0.03275,-0.00405
658,AAPL251226C00220000,AAPL,2025-12-26,220.00,call,57.00,56.70,55.70,1114,57.70,36,1,39,2025-11-24,0.29292,0.99647,0.00044,-0.02716,0.00865,0.19134
659,AAPL251226P00220000,AAPL,2025-12-26,220.00,put,0.23,0.23,0.20,33,0.25,9,458,194,2025-11-24,0.39048,-0.02037,0.00154,-0.02389,0.04018,-0.00515
660,AAPL251226C00225000,AAPL,2025-12-26,225.00,call,47.57,51.50,50.50,9,52.50,19,0,34,2025-11-24,0.01976,1.0,0.00000,-0.02384,0.00000,0.19659
661,AAPL251226P00225000,AAPL,2025-12-26,225.00,put,0.28,0.30,0.27,57,0.32,8,23,154,2025-11-24,0.37097,-0.02599,0.00199,-0.02780,0.04933,-0.00656
662,AAPL251226C00230000,AAPL,2025-12-26,230.00,call,47.42,47.42,46.25,9,48.60,19,23,32,2025-11-24,0.39048,0.95171,0.00314,-0.07288,0.08195,0.18869
663,AAPL251226P00230000,AAPL,2025-12-26,230.00,put,0.38,0.39,0.35,106,0.42,14,166,306,2025-11-24,0.35146,-0.03333,0.00259,-0.03228,0.06064,-0.00841
664,AAPL251226C00235000,AAPL,2025-12-26,235.00,call,43.05,42.17,41.65,34,42.70,50,26,121,2025-11-24,0.33194,0.95701,0.00337,-0.06229,0.07464,0.19450
665,AAPL251226P00235000,AAPL,2025-12-26,235.00,put,0.50,0.51,0.46,45,0.55,105,54,657,2025-11-24,0.33194,-0.04299,0.00337,-0.03740,0.07464,-0.01083
666,AAPL251226C00240000,AAPL,2025-12-26,240.00,call,38.42,37.85,36.75,7,38.95,23,86,119,2025-11-24,0.35146,0.92292,0.00503,-0.08790,0.11808,0.19014
667,AAPL251226P00240000,AAPL,2025-12-26,240.00,put,0.64,0.67,0.64,43,0.70,36,36,292,2025-11-24,0.31243,-0.05584,0.00441,-0.04320,0.09198,-0.01406
668,AAPL251226C00245000,AAPL,2025-12-26,245.00,call,33.28,32.20,31.85,9,32.55,19,6,79,2025-11-24,0.25390,0.95192,0.00482,-0.05690,0.08166,0.20206
669,AAPL251226P00245000,AAPL,2025-12-26,245.00,put,0.85,0.90,0.85,54,0.94,27,351,670,2025-11-24,0.29292,-0.07312,0.00580,-0.04968,0.11343,-0.01840
670,AAPL251226C00250000,AAPL,2025-12-26,250.00,call,28.95,27.88,27.35,23,28.40,43,15,196,2025-11-24,0.27341,0.90339,0.00766,-0.08327,0.13981,0.19414
671,AAPL251226P00250000,AAPL,2025-12-26,250.00,put,1.17,1.19,1.17,54,1.22,15,466,906,2025-11-24,0.29292,-0.11123,0.00792,-0.06747,0.15485,-0.02808
672,AAPL251226C00255000,AAPL,2025-12-26,255.00,call,23.50,23.32,23.25,3,23.40,25,67,69,2025-11-24,0.25390,0.87111,0.01014,-0.09124,0.17180,0.19041
673,AAPL251226P00255000,AAPL,2025-12-26,255.00,put,1.64,1.67,1.64,32,1.71,14,223,266,2025-11-24,0.27341,-0.14538,0.01022,-0.07524,0.18653,-0.03668
674,AAPL251226C00260000,AAPL,2025-12-26,260.00,call,19.95,19.10,18.70,7,19.50,25,30,168,2025-11-24,0.25390,0.80877,0.01313,-0.11000,0.22258,0.17892
675,AAPL251226P00260000,AAPL,2025-12-26,260.00,put,2.19,2.35,2.31,51,2.39,9,464,1272,2025-11-24,0.25390,-0.19123,0.01313,-0.08245,0.22258,-0.04825
676,AAPL251226C00265000,AAPL,2025-12-26,265.00,call,15.50,15.05,14.85,21,15.25,34,190,1589,2025-11-24,0.23438,0.74716,0.01669,-0.11599,0.26117,0.16774
677,AAPL251226P00265000,AAPL,2025-12-26,265.00,put,3.25,3.30,3.25,48,3.35,12,381,515,2025-11-24,0.25390,-0.26763,0.01587,-0.09847,0.26894,-0.06783
678,AAPL251226C00270000,AAPL,2025-12-26,270.00,call,11.35,11.32,11.30,9,11.35,59,328,899,2025-11-24,0.23438,0.65404,0.01926,-0.12832,0.30132,0.14818
679,AAPL251226P00270000,AAPL,2025-12-26,270.00,put,4.65,4.65,4.60,25,4.70,12,263,965,2025-11-24,0.23438,-0.34596,0.01926,-0.09971,0.30132,-0.08773
680,AAPL251226C00275000,AAPL,2025-12-26,275.00,call,8.18,8.15,8.10,8,8.20,84,926,1367,2025-11-24,0.21487,0.55479,0.02251,-0.12382,0.32285,0.12724
681,AAPL251226P00275000,AAPL,2025-12-26,275.00,put,6.60,6.45,6.45,85,6.45,1,409,419,2025-11-24,0.23438,-0.44756,0.02065,-0.10449,0.32311,-0.11416
682,AAPL251226C00280000,AAPL,2025-12-26,280.00,call,5.65,5.57,5.55,1,5.60,112,537,715,2025-11-24,0.21487,0.44218,0.02249,-0.12065,0.32250,0.10207
683,AAPL251226P00280000,AAPL,2025-12-26,280.00,put,8.40,8.88,8.85,51,8.90,9,75,54,2025-11-24,0.21487,-0.55782,0.02249,-0.09099,0.32250,-0.14258
684,AAPL251226C00285000,AAPL,2025-12-26,285.00,call,3.55,3.53,3.45,26,3.60,95,476,1150,2025-11-24,0.21487,0.33592,0.02078,-0.10949,0.29796,0.07795
685,AAPL251226P00285000,AAPL,2025-12-26,285.00,put,11.35,11.93,11.90,59,11.95,2,40,110,2025-11-24,0.21487,-0.66408,0.02078,-0.07929,0.29796,-0.17106
686,AAPL251226C00290000,AAPL,2025-12-26,290.00,call,2.12,2.10,2.05,20,2.15,115,498,1741,2025-11-24,0.19536,0.21986,0.01854,-0.08005,0.24181,0.05147
687,AAPL251226P00290000,AAPL,2025-12-26,290.00,put,15.18,15.72,15.25,35,16.20,10,4,184,2025-11-24,0.21487,-0.7571,0.01782,-0.06197,0.25564,-0.19677
688,AAPL251226C00295000,AAPL,2025-12-26,295.00,call,1.24,1.19,1.14,23,1.23,32,492,652,2025-11-24,0.19536,0.14272,0.01413,-0.06030,0.18423,0.03353
689,AAPL251226P00295000,AAPL,2025-12-26,295.00,put,20.35,20.00,19.40,36,20.60,22,3,30,2025-11-24,0.23438,-0.8105,0.01415,-0.05516,0.22134,-0.21361
690,AAPL251226C00300000,AAPL,2025-12-26,300.00,call,0.65,0.66,0.63,8,0.69,98,510,519,2025-11-24,0.19536,0.08711,0.00993,-0.04201,0.12949,0.02052
691,AAPL251226P00300000,AAPL,2025-12-26,300.00,put,23.40,24.98,24.00,35,25.95,7,3,0,2025-11-24,0.27341,-0.82922,0.01136,-0.06160,0.20735,-0.22253
692,AAPL251226C00305000,AAPL,2025-12-26,305.00,call,0.32,0.35,0.32,20,0.38,115,793,446,2025-11-24,0.19536,0.05004,0.00647,-0.02717,0.08431,0.01182
693,AAPL251226P00305000,AAPL,2025-12-26,305.00,put,0.00,29.10,27.15,15,31.05,15,0,0,2025-11-24,0.25390,-0.89436,0.00881,-0.02987,0.14922,-0.24183
694,AAPL251226C00310000,AAPL,2025-12-26,310.00,call,0.21,0.20,0.16,9,0.23,98,70,204,2025-11-24,0.19536,0.02708,0.00391,-0.01636,0.05105,0.00641
695,AAPL251226P00310000,AAPL,2025-12-26,310.00,put,0.00,33.95,32.15,19,35.75,10,0,0,2025-11-24,0.27341,-0.91247,0.00712,-0.02515,0.12995,-0.25045
696,AAPL251226C00315000,AAPL,2025-12-26,315.00,call,0.14,0.11,0.08,1,0.14,111,60,1116,2025-11-24,0.21487,0.02293,0.00310,-0.01556,0.04440,0.00542
697,AAPL251226P00315000,AAPL,2025-12-26,315.00,put,0.00,39.10,37.15,15,41.05,15,0,0,2025-11-24,0.31243,-0.91131,0.00629,-0.03319,0.13123,-0.25466
698,AAPL251226C00320000,AAPL,2025-12-26,320.00,call,0.07,0.07,0.03,113,0.11,140,7,29,2025-11-24,0.21487,0.01241,0.00183,-0.00918,0.02627,0.00294
699,AAPL251226P00320000,AAPL,2025-12-26,320.00,put,0.00,44.10,42.15,14,46.05,14,0,0,2025-11-24,0.35146,-0.9098,0.00567,-0.04160,0.13289,-0.25878
700,AAPL251226C00325000,AAPL,2025-12-26,325.00,call,0.03,0.04,0.01,32,0.07,1,3,220,2025-11-24,0.21487,0.00642,0.00103,-0.00514,0.01476,0.00152
701,AAPL251226P00325000,AAPL,2025-12-26,325.00,put,0.00,49.02,47.15,15,50.90,10,0,0,2025-11-24,0.37097,-0.91993,0.00491,-0.03826,0.12154,-0.26552
702,AAPL251226C00330000,AAPL,2025-12-26,330.00,call,0.02,0.04,0.02,1,0.05,1,156,127,2025-11-24,0.23438,0.00629,0.00093,-0.00549,0.01449,0.00149
703,AAPL251226P00330000,AAPL,2025-12-26,330.00,put,0.00,53.95,52.15,14,55.75,10,0,0,2025-11-24,0.39048,-0.92797,0.00430,-0.03546,0.11213,-0.27176
704,AAPL251226C00335000,AAPL,2025-12-26,335.00,call,0.03,0.01,0.00,0,0.07,92,0,30,2025-11-24,0.21487,0.00152,0.00028,-0.00140,0.00403,0.00036
705,AAPL251226P00335000,AAPL,2025-12-26,335.00,put,0.00,59.02,57.15,15,60.90,10,0,0,2025-11-24,0.42950,-0.9244,0.00406,-0.04469,0.11635,-0.27541
706,AAPL251226C00340000,AAPL,2025-12-26,340.00,call,0.11,0.01,0.00,0,0.06,36,0,22,2025-11-24,0.23438,0.00172,0.00029,-0.00170,0.00452,0.00041
707,AAPL251226P00340000,AAPL,2025-12-26,340.00,put,0.00,64.10,62.15,9,66.05,9,0,0,2025-11-24,0.44901,-0.93039,0.00364,-0.04254,0.10922,-0.28117
708,AAPL251226C00345000,AAPL,2025-12-26,345.00,call,0.04,0.01,0.00,0,0.06,38,0,1,2025-11-24,0.25390,0.00193,0.00030,-0.00205,0.00502,0.00046
709,AAPL251226P00345000,AAPL,2025-12-26,345.00,put,0.00,69.10,67.15,10,71.05,10,0,0,2025-11-24,0.48804,-0.92653,0.00349,-0.05229,0.11384,-0.28475
710,AAPL251226C00350000,AAPL,2025-12-26,350.00,call,0.02,0.01,0.00,0,0.06,42,0,1,2025-11-24,0.27341,0.00215,0.00030,-0.00242,0.00553,0.00051
711,AAPL251226P00350000,AAPL,2025-12-26,350.00,put,0.00,74.10,72.15,9,76.05,9,0,0,2025-11-24,0.50755,-0.93119,0.00320,-0.05066,0.10825,-0.29020
712,AAPL251226C00355000,AAPL,2025-12-26,355.00,call,0.04,0.01,0.00,0,0.05,14,0,11,2025-11-24,0.27341,0.00122,0.00018,-0.00145,0.00330,0.00029
713,AAPL251226P00355000,AAPL,2025-12-26,355.00,put,0.00,79.10,77.15,10,81.05,10,0,0,2025-11-24,0.52706,-0.93511,0.00294,-0.04937,0.10345,-0.29549
714,AAPL251226C00360000,AAPL,2025-12-26,360.00,call,0.01,0.01,0.00,0,0.05,12,0,1,2025-11-24,0.29292,0.00142,0.00019,-0.00178,0.00380,0.00034
715,AAPL251226P00360000,AAPL,2025-12-26,360.00,put,0.00,84.10,82.15,9,86.05,9,0,0,2025-11-24,0.56608,-0.93094,0.00287,-0.05977,0.10856,-0.29900
716,AAPL251226C00365000,AAPL,2025-12-26,365.00,call,0.02,0.01,0.00,0,0.05,3,0,1,2025-11-24,0.31243,0.00163,0.00021,-0.00215,0.00431,0.00038
717,AAPL251226P00365000,AAPL,2025-12-26,365.00,put,0.00,89.10,87.15,10,91.05,10,0,0,2025-11-24,0.58560,-0.93413,0.00268,-0.05889,0.10466,-0.30411
718,AAPL251226C00370000,AAPL,2025-12-26,370.00,call,0.00,0.01,0.00,0,0.05,2,0,0,2025-11-24,0.31243,0.00101,0.00013,-0.00138,0.00277,0.00024
719,AAPL251226P00370000,AAPL,2025-12-26,370.00,put,0.00,94.10,92.15,9,96.05,9,0,0,2025-11-24,0.60511,-0.93686,0.00251,-0.05827,0.10127,-0.30912
720,AAPL251226C00375000,AAPL,2025-12-26,375.00,call,0.00,0.01,0.00,0,0.05,6,0,0,2025-11-24,0.33194,0.00119,0.00015,-0.00171,0.00323,0.00028
721,AAPL251226P00375000,AAPL,2025-12-26,375.00,put,0.00,99.10,97.15,10,101.05,10,0,0,2025-11-24,0.62462,-0.9392,0.00236,-0.05790,0.09834,-0.31404
722,AAPL251226C00380000,AAPL,2025-12-26,380.00,call,0.02,0.01,0.00,0,0.05,6,0,8,2025-11-24,0.35146,0.00139,0.00016,-0.00208,0.00372,0.00033
723,AAPL251226P00380000,AAPL,2025-12-26,380.00,put,0.00,104.10,102.15,9,106.05,9,0,0,2025-11-24,0.64413,-0.9412,0.00223,-0.05774,0.09579,-0.31888
724,AAPL251226C00385000,AAPL,2025-12-26,385.00,call,0.00,0.01,0.00,0,0.04,1,0,0,2025-11-24,0.37097,0.0016,0.00017,-0.00250,0.00424,0.00038
725,AAPL251226P00385000,AAPL,2025-12-26,385.00,put,0.00,109.10,107.15,10,111.05,10,0,0,2025-11-24,0.68315,-0.93686,0.00222,-0.06902,0.10127,-0.32236
726,AAPL251226C00390000,AAPL,2025-12-26,390.00,call,0.00,0.01,0.00,0,0.04,1,0,0,2025-11-24,0.37097,0.00109,0.00012,-0.00176,0.00298,0.00026
727,AAPL251226P00390000,AAPL,2025-12-26,390.00,put,0.00,114.10,112.15,9,116.05,9,0,0,2025-11-24,0.70267,-0.93856,0.00211,-0.06918,0.09914,-0.32713
728,AAPL251226C00395000,AAPL,2025-12-26,395.00,call,0.00,0.01,0.00,0,0.04,2,0,0,2025-11-24,0.39048,0.00128,0.00013,-0.00214,0.00345,0.00030
729,AAPL251226P00395000,AAPL,2025-12-26,395.00,put,0.00,119.10,117.15,10,121.05,10,0,0,2025-11-24,0.72218,-0.94003,0.00202,-0.06954,0.09729,-0.33185
730,AAPL251226C00400000,AAPL,2025-12-26,400.00,call,0.03,0.01,0.00,0,0.04,2,0,1,2025-11-24,0.39048,0.00089,0.00009,-0.00153,0.00247,0.00021
731,AAPL251226P00400000,AAPL,2025-12-26,400.00,put,0.00,124.10,122.15,9,126.05,9,0,0,2025-11-24,0.74169,-0.94129,0.00193,-0.07008,0.09568,-0.33653
732,AAPL260102C00110000,AAPL,2026-01-02,110.00,call,0.00,166.53,164.55,1,168.50,2,0,0,2025-11-24,1.15144,0.99589,0.00012,-0.02768,0.01096,0.11568
733,AAPL260102P00110000,AAPL,2026-01-02,110.00,put,0.00,0.01,0.00,0,0.11,10,0,0,2025-11-24,0.89778,-0.00049,0.00002,-0.00180,0.00158,-0.00016
734,AAPL260102C00120000,AAPL,2026-01-02,120.00,call,0.00,156.55,154.60,1,158.50,2,0,0,2025-11-24,1.03437,0.9959,0.00013,-0.02705,0.01092,0.12634
735,AAPL260102P00120000,AAPL,2026-01-02,120.00,put,0.00,0.01,0.00,0,0.10,10,0,0,2025-11-24,0.80022,-0.00043,0.00002,-0.00143,0.00141,-0.00014
736,AAPL260102C00125000,AAPL,2026-01-02,125.00,call,0.00,151.53,149.55,1,153.50,2,0,0,2025-11-24,0.95632,0.99656,0.00012,-0.02457,0.00934,0.13189
737,AAPL260102P00125000,AAPL,2026-01-02,125.00,put,0.00,0.01,0.00,0,0.11,10,0,0,2025-11-24,0.76120,-0.00044,0.00002,-0.00139,0.00144,-0.00014
738,AAPL260102C00130000,AAPL,2026-01-02,130.00,call,0.00,146.57,144.65,1,148.50,2,0,0,2025-11-24,0.91729,0.99625,0.00014,-0.02551,0.01009,0.13711
739,AAPL260102P00130000,AAPL,2026-01-02,130.00,put,0.00,0.01,0.00,0,0.11,10,0,0,2025-11-24,0.74169,-0.00059,0.00003,-0.00176,0.00188,-0.00019
740,AAPL260102C00135000,AAPL,2026-01-02,135.00,call,0.00,141.57,139.65,1,143.50,2,0,0,2025-11-24,0.85876,0.99655,0.00013,-0.02448,0.00936,0.14254
741,AAPL260102P00135000,AAPL,2026-01-02,135.00,put,0.00,0.01,0.00,0,0.12,10,0,0,2025-11-24,0.70267,-0.00059,0.00003,-0.00166,0.00186,-0.00018
742,AAPL260102C00140000,AAPL,2026-01-02,140.00,call,0.00,136.55,134.60,1,138.50,2,0,0,2025-11-24,0.78071,0.99746,0.00011,-0.02184,0.00709,0.14816
743,AAPL260102P00140000,AAPL,2026-01-02,140.00,put,0.00,0.01,0.00,0,0.13,1,0,1,2025-11-24,0.66364,-0.00057,0.00003,-0.00151,0.00180,-0.00018
744,AAPL260102C00145000,AAPL,2026-01-02,145.00,call,126.05,131.60,129.70,1,133.50,2,0,6,2025-11-24,0.76120,0.9968,0.00014,-0.02378,0.00874,0.15327
745,AAPL260102P00145000,AAPL,2026-01-02,145.00,put,0.00,0.01,0.00,0,0.11,10,0,0,2025-11-24,0.62462,-0.00053,0.00003,-0.00134,0.00169,-0.00017
746,AAPL260102C00150000,AAPL,2026-01-02,150.00,call,122.36,126.60,124.70,1,128.50,2,0,5,2025-11-24,0.70267,0.99734,0.00013,-0.02248,0.00742,0.15877
747,AAPL260102P00150000,AAPL,2026-01-02,150.00,put,0.00,0.01,0.00,0,0.14,1,0,2,2025-11-24,0.60511,-0.00068,0.00004,-0.00164,0.00214,-0.00021
748,AAPL260102C00155000,AAPL,2026-01-02,155.00,call,0.00,121.65,119.80,1,123.50,2,0,0,2025-11-24,0.70267,0.9959,0.00019,-0.02612,0.01093,0.16363
749,AAPL260102P00155000,AAPL,2026-01-02,155.00,put,0.00,0.01,0.00,0,0.12,10,0,0,2025-11-24,0.56608,-0.00062,0.00004,-0.00139,0.00194,-0.00019
750,AAPL260102C00160000,AAPL,2026-01-02,160.00,call,0.00,116.58,114.65,1,118.50,2,0,0,2025-11-24,0.01976,1.0,0.00000,-0.01694,0.00000,0.17025
751,AAPL260102P00160000,AAPL,2026-01-02,160.00,put,0.00,0.01,0.00,0,0.13,10,0,0,2025-11-24,0.54657,-0.00078,0.00005,-0.00167,0.00242,-0.00024
752,AAPL260102C00165000,AAPL,2026-01-02,165.00,call,0.00,111.80,109.80,1,113.80,1,0,0,2025-11-24,0.70267,0.99114,0.00038,-0.03666,0.02162,0.17274
753,AAPL260102P00165000,AAPL,2026-01-02,165.00,put,0.00,0.01,0.00,0,0.15,11,0,0,2025-11-24,0.50755,-0.00067,0.00005,-0.00135,0.00210,-0.00021
754,AAPL260102C00170000,AAPL,2026-01-02,170.00,call,101.27,106.88,104.85,1,108.90,1,0,6,2025-11-24,0.68315,0.98925,0.00046,-0.04008,0.02561,0.17746
755,AAPL260102P00170000,AAPL,2026-01-02,170.00,put,0.00,0.01,0.00,0,0.15,4,0,0,2025-11-24,0.48804,-0.00084,0.00007,-0.00159,0.00259,-0.00026
756,AAPL260102C00175000,AAPL,2026-01-02,175.00,call,0.00,101.85,99.80,1,103.90,1,0,0,2025-11-24,0.62462,0.99068,0.00045,-0.03634,0.02261,0.18326
757,AAPL260102P00175000,AAPL,2026-01-02,175.00,put,0.00,0.01,0.00,0,0.15,1,0,1,2025-11-24,0.46853,-0.00105,0.00008,-0.00187,0.00317,-0.00032
758,AAPL260102C00180000,AAPL,2026-01-02,180.00,call,0.00,96.95,94.90,1,99.00,3,0,0,2025-11-24,0.62462,0.9866,0.00061,-0.04345,0.03099,0.18728
759,AAPL260102P00180000,AAPL,2026-01-02,180.00,put,0.00,0.01,0.00,0,0.16,8,0,5,2025-11-24,0.42950,-0.00084,0.00007,-0.00140,0.00258,-0.00026
760,AAPL260102C00185000,AAPL,2026-01-02,185.00,call,0.00,91.90,89.80,1,94.00,2,0,0,2025-11-24,0.56608,0.98856,0.00059,-0.03885,0.02703,0.19325
761,AAPL260102P00185000,AAPL,2026-01-02,185.00,put,0.00,0.01,0.00,0,0.17,62,0,0,2025-11-24,0.40999,-0.00103,0.00009,-0.00161,0.00313,-0.00032
762,AAPL260102C00190000,AAPL,2026-01-02,190.00,call,78.43,86.72,84.95,1,88.50,10,0,1,2025-11-24,0.39048,0.99873,0.00012,-0.02196,0.00377,0.20179
763,AAPL260102P00190000,AAPL,2026-01-02,190.00,put,0.08,0.01,0.00,0,0.18,49,1,0,2025-11-24,0.39048,-0.00127,0.00012,-0.00185,0.00377,-0.00039
764,AAPL260102C00195000,AAPL,2026-01-02,195.00,call,72.49,81.78,79.95,5,83.60,10,0,4,2025-11-24,0.42950,0.99495,0.00038,-0.02774,0.01317,0.20594
765,AAPL260102P00195000,AAPL,2026-01-02,195.00,put,0.00,0.01,0.00,0,0.21,64,0,204,2025-11-24,0.35146,-0.00092,0.00010,-0.00124,0.00281,-0.00028
766,AAPL260102C00200000,AAPL,2026-01-02,200.00,call,0.00,76.85,75.05,5,78.65,10,0,0,2025-11-24,0.42950,0.99162,0.00059,-0.03226,0.02060,0.21022
767,AAPL260102P00200000,AAPL,2026-01-02,200.00,put,0.10,0.12,0.04,9,0.21,13,11,35,2025-11-24,0.42950,-0.00838,0.00059,-0.01109,0.02060,-0.00259
768,AAPL260102C00205000,AAPL,2026-01-02,205.00,call,70.33,71.88,70.05,5,73.70,10,1,1,2025-11-24,0.39048,0.99232,0.00060,-0.03101,0.01906,0.21577
769,AAPL260102P00205000,AAPL,2026-01-02,205.00,put,0.00,0.15,0.05,46,0.26,46,0,13,2025-11-24,0.40999,-0.01031,0.00074,-0.01266,0.02469,-0.00318
770,AAPL260102C00210000,AAPL,2026-01-02,210.00,call,64.44,66.95,65.15,5,68.75,10,19,2,2025-11-24,0.39048,0.9873,0.00093,-0.03666,0.02959,0.21954
771,AAPL260102P00210000,AAPL,2026-01-02,210.00,put,0.00,0.18,0.08,25,0.29,45,0,58,2025-11-24,0.39048,-0.0127,0.00093,-0.01443,0.02959,-0.00392
772,AAPL260102C00215000,AAPL,2026-01-02,215.00,call,59.56,62.03,60.20,5,63.85,8,2,1,2025-11-24,0.37097,0.98431,0.00118,-0.03917,0.03551,0.22394
773,AAPL260102P00215000,AAPL,2026-01-02,215.00,put,0.00,0.24,0.13,28,0.34,75,0,54,2025-11-24,0.39048,-0.02014,0.00138,-0.02137,0.04393,-0.00623
774,AAPL260102C00220000,AAPL,2026-01-02,220.00,call,52.74,57.35,55.75,9,58.95,19,0,4,2025-11-24,0.40999,0.9631,0.00218,-0.06040,0.07277,0.22261
775,AAPL260102P00220000,AAPL,2026-01-02,220.00,put,0.31,0.30,0.20,37,0.40,78,462,20,2025-11-24,0.37097,-0.02485,0.00174,-0.02418,0.05245,-0.00768
776,AAPL260102C00225000,AAPL,2026-01-02,225.00,call,45.70,52.52,51.00,9,54.05,19,0,4,2025-11-24,0.39048,0.95493,0.00269,-0.06528,0.08560,0.22540
777,AAPL260102P00225000,AAPL,2026-01-02,225.00,put,0.38,0.39,0.28,43,0.49,108,7,217,2025-11-24,0.35146,-0.03079,0.00219,-0.02731,0.06270,-0.00950
778,AAPL260102C00230000,AAPL,2026-01-02,230.00,call,42.65,47.60,46.00,14,49.20,19,0,150,2025-11-24,0.37097,0.94475,0.00334,-0.07053,0.10069,0.22757
779,AAPL260102P00230000,AAPL,2026-01-02,230.00,put,0.45,0.52,0.42,1,0.61,162,7,173,2025-11-24,0.33194,-0.03836,0.00278,-0.03079,0.07511,-0.01182
780,AAPL260102C00235000,AAPL,2026-01-02,235.00,call,41.40,42.80,41.20,26,44.40,36,12,29,2025-11-24,0.35146,0.932,0.00414,-0.07614,0.11843,0.22895
781,AAPL260102P00235000,AAPL,2026-01-02,235.00,put,0.53,0.66,0.54,8,0.77,131,22,32,2025-11-24,0.31243,-0.04811,0.00355,-0.03466,0.09020,-0.01481
782,AAPL260102C00240000,AAPL,2026-01-02,240.00,call,37.09,38.08,36.50,26,39.65,36,21,21,2025-11-24,0.33194,0.91588,0.00516,-0.08208,0.13926,0.22929
783,AAPL260102P00240000,AAPL,2026-01-02,240.00,put,0.81,0.85,0.72,95,0.98,86,153,45,2025-11-24,0.31243,-0.07251,0.00490,-0.04761,0.12442,-0.02239
784,AAPL260102C00245000,AAPL,2026-01-02,245.00,call,32.50,33.65,32.35,9,34.95,19,1,105,2025-11-24,0.33194,0.88255,0.00658,-0.09792,0.17770,0.22414
785,AAPL260102P00245000,AAPL,2026-01-02,245.00,put,1.10,1.14,0.99,64,1.29,103,24,65,2025-11-24,0.29292,-0.09135,0.00622,-0.05281,0.14810,-0.02818
786,AAPL260102C00250000,AAPL,2026-01-02,250.00,call,28.75,28.55,27.95,9,29.15,19,220,50,2025-11-24,0.27341,0.88394,0.00792,-0.08467,0.17621,0.23025
787,AAPL260102P00250000,AAPL,2026-01-02,250.00,put,1.42,1.55,1.41,30,1.69,40,54,540,2025-11-24,0.27341,-0.11606,0.00792,-0.05821,0.17621,-0.03577
788,AAPL260102C00255000,AAPL,2026-01-02,255.00,call,24.35,23.98,23.50,28,24.45,19,2,43,2025-11-24,0.25390,0.85118,0.01013,-0.09053,0.20919,0.22551
789,AAPL260102P00255000,AAPL,2026-01-02,255.00,put,2.03,2.08,1.95,50,2.21,17,452,1573,2025-11-24,0.27341,-0.1652,0.01007,-0.07345,0.22406,-0.05111
790,AAPL260102C00260000,AAPL,2026-01-02,260.00,call,19.80,20.10,19.75,7,20.45,45,224,173,2025-11-24,0.27341,0.77519,0.01216,-0.11535,0.27037,0.20681
791,AAPL260102P00260000,AAPL,2026-01-02,260.00,put,2.69,2.82,2.68,82,2.95,20,213,152,2025-11-24,0.25390,-0.20968,0.01257,-0.07808,0.25970,-0.06484
792,AAPL260102C00265000,AAPL,2026-01-02,265.00,call,15.40,15.88,15.35,14,16.40,16,25,175,2025-11-24,0.23438,0.7322,0.01558,-0.10906,0.29699,0.19919
793,AAPL260102P00265000,AAPL,2026-01-02,265.00,put,3.67,3.80,3.70,30,3.90,10,86,209,2025-11-24,0.23438,-0.2678,0.01558,-0.08101,0.29699,-0.08279
794,AAPL260102C00270000,AAPL,2026-01-02,270.00,call,12.52,12.27,12.10,8,12.45,54,105,405,2025-11-24,0.23438,0.64636,0.01759,-0.11841,0.33532,0.17740
795,AAPL260102P00270000,AAPL,2026-01-02,270.00,put,5.00,5.25,5.05,101,5.45,13,125,281,2025-11-24,0.23438,-0.35364,0.01759,-0.08983,0.33532,-0.10990
796,AAPL260102C00275000,AAPL,2026-01-02,275.00,call,9.14,9.10,8.90,12,9.30,56,289,334,2025-11-24,0.21487,0.55634,0.02038,-0.11352,0.35622,0.15464
797,AAPL260102P00275000,AAPL,2026-01-02,275.00,put,6.95,7.03,6.90,47,7.15,12,52,89,2025-11-24,0.21487,-0.44366,0.02038,-0.08440,0.35622,-0.13798
798,AAPL260102C00280000,AAPL,2026-01-02,280.00,call,6.80,6.43,6.20,21,6.65,35,240,462,2025-11-24,0.21487,0.45428,0.02045,-0.11111,0.35745,0.12710
799,AAPL260102P00280000,AAPL,2026-01-02,280.00,put,9.40,9.53,9.30,27,9.75,29,12,33,2025-11-24,0.21487,-0.54572,0.02045,-0.08147,0.35745,-0.17084
800,AAPL260102C00285000,AAPL,2026-01-02,285.00,call,4.37,4.35,4.15,46,4.55,122,217,261,2025-11-24,0.21487,0.35687,0.01925,-0.10266,0.33640,0.10039
801,AAPL260102P00285000,AAPL,2026-01-02,285.00,put,11.90,12.48,12.30,85,12.65,9,7,19,2025-11-24,0.21487,-0.64313,0.01925,-0.07249,0.33640,-0.20287
802,AAPL260102C00290000,AAPL,2026-01-02,290.00,call,2.94,2.81,2.66,8,2.96,112,203,1246,2025-11-24,0.21487,0.26946,0.01704,-0.08965,0.29792,0.07615
803,AAPL260102P00290000,AAPL,2026-01-02,290.00,put,0.00,16.08,15.55,10,16.60,22,0,209,2025-11-24,0.21487,-0.73054,0.01704,-0.05895,0.29792,-0.23243
804,AAPL260102C00295000,AAPL,2026-01-02,295.00,call,1.60,1.69,1.52,80,1.86,61,152,171,2025-11-24,0.19536,0.171,0.01442,-0.06223,0.22910,0.04874
805,AAPL260102P00295000,AAPL,2026-01-02,295.00,put,0.00,20.20,19.60,10,20.80,21,0,0,2025-11-24,0.23438,-0.7824,0.01392,-0.05463,0.26538,-0.25246
806,AAPL260102C00300000,AAPL,2026-01-02,300.00,call,1.08,1.02,0.91,11,1.12,17,634,498,2025-11-24,0.19536,0.11249,0.01084,-0.04636,0.17233,0.03216
807,AAPL260102P00300000,AAPL,2026-01-02,300.00,put,0.00,24.68,24.05,9,25.30,19,0,0,2025-11-24,0.23438,-0.84127,0.01145,-0.03832,0.21831,-0.27424
808,AAPL260102C00305000,AAPL,2026-01-02,305.00,call,0.65,0.58,0.46,64,0.71,72,116,111,2025-11-24,0.19536,0.07048,0.00766,-0.03250,0.12174,0.02021
809,AAPL260102P00305000,AAPL,2026-01-02,305.00,put,0.00,29.10,27.10,5,31.10,5,0,0,2025-11-24,0.23438,-0.8879,0.00902,-0.02254,0.17191,-0.29268
810,AAPL260102C00310000,AAPL,2026-01-02,310.00,call,0.37,0.36,0.28,1,0.45,104,20,51,2025-11-24,0.19536,0.0421,0.00510,-0.02149,0.08101,0.01210
811,AAPL260102P00310000,AAPL,2026-01-02,310.00,put,0.00,33.85,32.05,1,35.65,10,0,0,2025-11-24,0.25390,-0.90521,0.00737,-0.01940,0.15219,-0.30297
812,AAPL260102C00315000,AAPL,2026-01-02,315.00,call,0.20,0.19,0.16,10,0.22,11,13,21,2025-11-24,0.19536,0.024,0.00320,-0.01344,0.05093,0.00691
813,AAPL260102P00315000,AAPL,2026-01-02,315.00,put,0.00,38.85,37.05,1,40.65,10,0,0,2025-11-24,0.29292,-0.90187,0.00655,-0.02804,0.15612,-0.30751
814,AAPL260102C00320000,AAPL,2026-01-02,320.00,call,0.11,0.11,0.01,42,0.21,41,21,23,2025-11-24,0.19536,0.01307,0.00191,-0.00797,0.03034,0.00377
815,AAPL260102P00320000,AAPL,2026-01-02,320.00,put,0.00,43.85,42.05,1,45.65,10,0,0,2025-11-24,0.31243,-0.91302,0.00562,-0.02576,0.14279,-0.31602
816,AAPL260102C00325000,AAPL,2026-01-02,325.00,call,0.05,0.10,0.01,10,0.18,65,11,204,2025-11-24,0.21487,0.01265,0.00169,-0.00849,0.02949,0.00364
817,AAPL260102P00325000,AAPL,2026-01-02,325.00,put,0.00,48.85,47.05,1,50.65,10,0,0,2025-11-24,0.33194,-0.92166,0.00489,-0.02395,0.13197,-0.32381
818,AAPL260102C00330000,AAPL,2026-01-02,330.00,call,0.07,0.05,0.03,1,0.07,1,8,0,2025-11-24,0.21487,0.00706,0.00101,-0.00508,0.01771,0.00204
819,AAPL260102P00330000,AAPL,2026-01-02,330.00,put,0.00,53.85,52.05,1,55.65,10,0,0,2025-11-24,0.37097,-0.91639,0.00459,-0.03332,0.13862,-0.32780
820,AAPL260102C00335000,AAPL,2026-01-02,335.00,call,0.00,0.01,0.00,0,0.14,44,0,0,2025-11-24,0.19536,0.00163,0.00030,-0.00124,0.00476,0.00047
821,AAPL260102P00335000,AAPL,2026-01-02,335.00,put,0.00,59.00,57.05,1,60.95,10,0,0,2025-11-24,0.40999,-0.91146,0.00434,-0.04304,0.14470,-0.33189
822,AAPL260102C00340000,AAPL,2026-01-02,340.00,call,0.00,0.01,0.00,0,0.13,38,0,0,2025-11-24,0.21487,0.00199,0.00033,-0.00163,0.00570,0.00058
823,AAPL260102P00340000,AAPL,2026-01-02,340.00,put,0.00,64.07,62.05,1,66.10,1,0,0,2025-11-24,0.42950,-0.91739,0.00393,-0.04192,0.13737,-0.33891
824,AAPL260102C00345000,AAPL,2026-01-02,345.00,call,0.11,0.01,0.00,0,0.13,40,0,46,2025-11-24,0.23438,0.00237,0.00035,-0.00207,0.00668,0.00068
825,AAPL260102P00345000,AAPL,2026-01-02,345.00,put,0.00,69.07,67.05,1,71.10,1,0,0,2025-11-24,0.44901,-0.92229,0.00359,-0.04112,0.13116,-0.34563
826,AAPL260102C00350000,AAPL,2026-01-02,350.00,call,0.06,0.01,0.00,0,0.12,39,0,17,2025-11-24,0.23438,0.0013,0.00020,-0.00120,0.00386,0.00037
827,AAPL260102P00350000,AAPL,2026-01-02,350.00,put,0.00,74.07,72.05,1,76.10,1,0,0,2025-11-24,0.48804,-0.91698,0.00347,-0.05149,0.13789,-0.34962
828,AAPL260102C00355000,AAPL,2026-01-02,355.00,call,0.00,0.01,0.00,0,0.12,10,0,0,2025-11-24,0.25390,0.00161,0.00023,-0.00158,0.00471,0.00046
829,AAPL260102P00355000,AAPL,2026-01-02,355.00,put,0.00,79.07,77.05,1,81.10,1,0,0,2025-11-24,0.50755,-0.92088,0.00322,-0.05110,0.13297,-0.35606
830,AAPL260102C00360000,AAPL,2026-01-02,360.00,call,0.00,0.01,0.00,0,0.12,7,0,0,2025-11-24,0.27341,0.00196,0.00025,-0.00202,0.00560,0.00056
831,AAPL260102P00360000,AAPL,2026-01-02,360.00,put,0.00,84.07,82.05,1,86.10,1,0,0,2025-11-24,0.52706,-0.92417,0.00300,-0.05095,0.12874,-0.36233
832,AAPL260102C00365000,AAPL,2026-01-02,365.00,call,0.00,0.01,0.00,0,0.12,1,0,0,2025-11-24,0.27341,0.00118,0.00016,-0.00128,0.00355,0.00034
833,AAPL260102P00365000,AAPL,2026-01-02,365.00,put,0.00,89.07,87.05,1,91.10,1,0,0,2025-11-24,0.54657,-0.92695,0.00281,-0.05102,0.12512,-0.36845
834,AAPL260102C00370000,AAPL,2026-01-02,370.00,call,0.00,0.01,0.00,0,0.11,6,0,0,2025-11-24,0.29292,0.00147,0.00018,-0.00167,0.00433,0.00042
835,AAPL260102P00370000,AAPL,2026-01-02,370.00,put,0.00,94.07,92.05,1,96.10,1,0,0,2025-11-24,0.56608,-0.9293,0.00265,-0.05130,0.12202,-0.37446
836,AAPL260102C00375000,AAPL,2026-01-02,375.00,call,0.00,0.01,0.00,0,0.11,6,0,0,2025-11-24,0.31243,0.00179,0.00020,-0.00212,0.00518,0.00051
837,AAPL260102P00375000,AAPL,2026-01-02,375.00,put,0.00,99.07,97.05,1,101.10,1,0,0,2025-11-24,0.58560,-0.93129,0.00251,-0.05178,0.11937,-0.38036
838,AAPL260102C00380000,AAPL,2026-01-02,380.00,call,0.00,0.01,0.00,0,0.11,5,0,0,2025-11-24,0.31243,0.00117,0.00014,-0.00144,0.00352,0.00034
839,AAPL260102P00380000,AAPL,2026-01-02,380.00,put,0.00,104.07,102.05,1,106.10,1,0,0,2025-11-24,0.60511,-0.93297,0.00238,-0.05244,0.11712,-0.38618
840,AAPL260102C00385000,AAPL,2026-01-02,385.00,call,0.00,0.01,0.00,0,0.11,3,0,0,2025-11-24,0.33194,0.00145,0.00016,-0.00186,0.00427,0.00042
841,AAPL260102P00385000,AAPL,2026-01-02,385.00,put,0.00,109.07,107.05,1,111.10,1,0,0,2025-11-24,0.62462,-0.93438,0.00227,-0.05327,0.11521,-0.39192
842,AAPL260102C00390000,AAPL,2026-01-02,390.00,call,0.00,0.01,0.00,0,0.11,2,0,0,2025-11-24,0.33194,0.00098,0.00011,-0.00129,0.00298,0.00028
843,AAPL260102P00390000,AAPL,2026-01-02,390.00,put,0.00,114.07,112.05,1,116.10,1,0,0,2025-11-24,0.64413,-0.93556,0.00217,-0.05425,0.11360,-0.39760
844,AAPL260102C00395000,AAPL,2026-01-02,395.00,call,0.00,0.01,0.00,0,0.11,1,0,0,2025-11-24,0.35146,0.00123,0.00013,-0.00168,0.00366,0.00035
845,AAPL260102P00395000,AAPL,2026-01-02,395.00,put,0.00,119.07,117.05,1,121.10,1,0,0,2025-11-24,0.66364,-0.93653,0.00208,-0.05540,0.11226,-0.40322
846,AAPL260102C00400000,AAPL,2026-01-02,400.00,call,0.11,0.01,0.00,0,0.11,1,0,2,2025-11-24,0.35146,0.00085,0.00009,-0.00120,0.00261,0.00024
847,AAPL260102P00400000,AAPL,2026-01-02,400.00,put,0.00,124.07,122.05,1,126.10,1,0,0,2025-11-24,0.68315,-0.93733,0.00200,-0.05668,0.11116,-0.40880
848,AAPL260116C00005000,AAPL,2026-01-16,5.00,call,266.45,270.77,269.10,8,272.45,32,0,30,2025-11-24,0.01976,1.0,0.00000,-0.00053,0.00000,0.00722
849,AAPL260116P00005000,AAPL,2026-01-16,5.00,put,0.00,0.01,0.00,0,0.01,10,0,13664,2025-11-24,3.37577,-8e-05,0.00000,-0.00111,0.00035,-0.00005
850,AAPL260116C00010000,AAPL,2026-01-16,10.00,call,264.65,266.07,264.15,15,268.00,2,0,1,2025-11-24,3.39528,0.99935,0.00001,-0.00867,0.00239,0.01404
851,AAPL260116P00010000,AAPL,2026-01-16,10.00,put,0.00,0.01,0.00,0,0.01,50,0,2191,2025-11-24,2.75140,-0.00011,0.00000,-0.00118,0.00046,-0.00006
852,AAPL260116C00015000,AAPL,2026-01-16,15.00,call,252.05,261.10,259.20,15,263.00,2,0,0,2025-11-24,2.96603,0.99917,0.00001,-0.00986,0.00297,0.02118
853,AAPL260116P00015000,AAPL,2026-01-16,15.00,put,0.00,0.01,0.00,0,0.02,5,0,128,2025-11-24,2.40019,-0.00013,0.00000,-0.00122,0.00054,-0.00007
854,AAPL260116C00020000,AAPL,2026-01-16,20.00,call,247.35,256.10,254.20,6,258.00,2,0,26,2025-11-24,2.55628,0.99928,0.00001,-0.00839,0.00261,0.02849
855,AAPL260116P00020000,AAPL,2026-01-16,20.00,put,0.00,0.01,0.00,0,0.01,500,0,520,2025-11-24,2.14653,-0.00014,0.00000,-0.00119,0.00059,-0.00007
856,AAPL260116C00025000,AAPL,2026-01-16,25.00,call,250.05,251.12,249.25,15,253.00,2,0,13,2025-11-24,2.30263,0.99927,0.00001,-0.00839,0.00266,0.03571
857,AAPL260116P00025000,AAPL,2026-01-16,25.00,put,0.00,0.01,0.00,0,0.01,500,0,17,2025-11-24,1.97093,-0.00017,0.00000,-0.00128,0.00069,-0.00008
858,AAPL260116C00030000,AAPL,2026-01-16,30.00,call,239.99,246.15,244.30,15,248.00,2,0,133,2025-11-24,2.12702,0.99918,0.00001,-0.00904,0.00294,0.04290
859,AAPL260116P00030000,AAPL,2026-01-16,30.00,put,0.00,0.01,0.00,0,0.02,4,0,2367,2025-11-24,1.81483,-0.00018,0.00000,-0.00125,0.00074,-0.00009
860,AAPL260116C00035000,AAPL,2026-01-16,35.00,call,221.72,241.15,239.30,15,243.00,2,0,43,2025-11-24,1.85386,0.99949,0.00001,-0.00702,0.00191,0.05028
861,AAPL260116P00035000,AAPL,2026-01-16,35.00,put,0.00,0.01,0.00,0,0.02,5,0,152,2025-11-24,1.67825,-0.00019,0.00000,-0.00118,0.00075,-0.00009
862,AAPL260116C00040000,AAPL,2026-01-16,40.00,call,223.28,236.18,234.35,15,238.00,2,0,27,2025-11-24,1.75630,0.99938,0.00001,-0.00799,0.00229,0.05745
863,AAPL260116P00040000,AAPL,2026-01-16,40.00,put,0.00,0.01,0.00,0,0.01,39,0,1016,2025-11-24,1.58069,-0.00022,0.00000,-0.00128,0.00087,-0.00010
864,AAPL260116C00045000,AAPL,2026-01-16,45.00,call,197.13,231.20,229.40,15,233.00,2,0,90,2025-11-24,1.60021,0.9995,0.00001,-0.00758,0.00188,0.06473
865,AAPL260116P00045000,AAPL,2026-01-16,45.00,put,0.00,0.01,0.00,0,0.03,11,0,2381,2025-11-24,1.48313,-0.00023,0.00001,-0.00127,0.00091,-0.00011
866,AAPL260116C00050000,AAPL,2026-01-16,50.00,call,223.00,226.38,224.40,15,228.35,13,0,1340,2025-11-24,1.83435,0.99745,0.00004,-0.01955,0.00829,0.07091
867,AAPL260116P00050000,AAPL,2026-01-16,50.00,put,0.00,0.01,0.00,0,0.01,5,0,6165,2025-11-24,1.38558,-0.00022,0.00001,-0.00115,0.00089,-0.00010
868,AAPL260116C00055000,AAPL,2026-01-16,55.00,call,213.39,221.40,219.45,15,223.35,1,0,292,2025-11-24,1.71728,0.99745,0.00004,-0.01919,0.00831,0.07815
869,AAPL260116P00055000,AAPL,2026-01-16,55.00,put,0.00,0.01,0.00,0,0.03,9,0,866,2025-11-24,1.30753,-0.00023,0.00001,-0.00113,0.00093,-0.00011
870,AAPL260116C00060000,AAPL,2026-01-16,60.00,call,171.17,216.45,214.50,15,218.40,13,0,379,2025-11-24,1.65874,0.99692,0.00005,-0.02166,0.00986,0.08511
871,AAPL260116P00060000,AAPL,2026-01-16,60.00,put,0.00,0.01,0.00,0,0.03,11,0,1808,2025-11-24,1.24899,-0.00027,0.00001,-0.00125,0.00107,-0.00012
872,AAPL260116C00065000,AAPL,2026-01-16,65.00,call,196.60,211.47,209.50,15,213.45,15,0,82,2025-11-24,1.56118,0.9969,0.00006,-0.02135,0.00991,0.09234
873,AAPL260116P00065000,AAPL,2026-01-16,65.00,put,0.00,0.01,0.00,0,0.03,9,0,5734,2025-11-24,1.19046,-0.00031,0.00001,-0.00132,0.00118,-0.00014
874,AAPL260116C00070000,AAPL,2026-01-16,70.00,call,180.48,206.53,204.55,15,208.50,13,0,172,2025-11-24,1.52216,0.99614,0.00007,-0.02457,0.01205,0.09920
875,AAPL260116P00070000,AAPL,2026-01-16,70.00,put,0.00,0.01,0.00,0,0.03,11,0,2823,2025-11-24,1.13192,-0.00033,0.00001,-0.00133,0.00126,-0.00015
876,AAPL260116C00075000,AAPL,2026-01-16,75.00,call,182.23,201.55,199.60,15,203.50,15,0,268,2025-11-24,1.42460,0.99633,0.00007,-0.02328,0.01152,0.10653
877,AAPL260116P00075000,AAPL,2026-01-16,75.00,put,0.00,0.01,0.00,0,0.02,4,0,3767,2025-11-24,1.07339,-0.00033,0.00001,-0.00129,0.00128,-0.00015
878,AAPL260116C00080000,AAPL,2026-01-16,80.00,call,192.28,196.55,194.60,15,198.50,2,0,499,2025-11-24,1.34655,0.99632,0.00008,-0.02300,0.01155,0.11377
879,AAPL260116P00080000,AAPL,2026-01-16,80.00,put,0.00,0.01,0.00,0,0.02,1,0,2509,2025-11-24,1.01485,-0.00033,0.00001,-0.00119,0.00125,-0.00014
880,AAPL260116C00085000,AAPL,2026-01-16,85.00,call,184.00,191.57,189.65,15,193.50,2,0,230,2025-11-24,1.26851,0.99642,0.00008,-0.02236,0.01128,0.12105
881,AAPL260116P00085000,AAPL,2026-01-16,85.00,put,0.00,0.01,0.00,0,0.02,2,0,1799,2025-11-24,0.97583,-0.00038,0.00001,-0.00132,0.00145,-0.00017
882,AAPL260116C00090000,AAPL,2026-01-16,90.00,call,182.30,186.60,184.70,15,188.50,2,0,214,2025-11-24,1.20997,0.99624,0.00009,-0.02285,0.01180,0.12820
883,AAPL260116P00090000,AAPL,2026-01-16,90.00,put,0.00,0.01,0.00,0,0.02,1,0,1910,2025-11-24,0.91729,-0.00034,0.00001,-0.00113,0.00131,-0.00015
884,AAPL260116C00095000,AAPL,2026-01-16,95.00,call,181.50,181.60,179.70,16,183.50,2,0,105,2025-11-24,1.13192,0.99654,0.00009,-0.02160,0.01094,0.13558
885,AAPL260116P00095000,AAPL,2026-01-16,95.00,put,0.00,0.01,0.00,0,0.02,4,0,6035,2025-11-24,0.87827,-0.00038,0.00001,-0.00118,0.00143,-0.00016
886,AAPL260116C00100000,AAPL,2026-01-16,100.00,call,170.00,176.60,175.70,22,177.50,22,0,1950,2025-11-24,1.05388,0.99695,0.00008,-0.02018,0.00977,0.14300
887,AAPL260116P00100000,AAPL,2026-01-16,100.00,put,0.00,0.01,0.00,0,0.02,6,0,6959,2025-11-24,0.83925,-0.0004,0.00002,-0.00120,0.00153,-0.00018
888,AAPL260116C00105000,AAPL,2026-01-16,105.00,call,156.55,171.65,169.80,15,173.50,2,0,200,2025-11-24,1.03437,0.99612,0.00011,-0.02279,0.01211,0.14984
889,AAPL260116P00105000,AAPL,2026-01-16,105.00,put,0.00,0.01,0.00,0,0.03,8,0,5290,2025-11-24,0.80022,-0.00042,0.00002,-0.00119,0.00159,-0.00018
890,AAPL260116C00110000,AAPL,2026-01-16,110.00,call,164.00,166.68,164.85,15,168.50,2,0,353,2025-11-24,0.97583,0.99625,0.00011,-0.02231,0.01174,0.15714
891,AAPL260116P00110000,AAPL,2026-01-16,110.00,put,0.00,0.01,0.00,0,0.03,7,0,2935,2025-11-24,0.76120,-0.00043,0.00002,-0.00114,0.00161,-0.00018
892,AAPL260116C00115000,AAPL,2026-01-16,115.00,call,153.23,161.62,160.05,4,163.20,4,0,290,2025-11-24,0.83925,0.99822,0.00006,-0.01685,0.00601,0.16526
893,AAPL260116P00115000,AAPL,2026-01-16,115.00,put,0.00,0.01,0.00,0,0.03,4,0,1347,2025-11-24,0.72218,-0.00042,0.00002,-0.00107,0.00159,-0.00018
894,AAPL260116C00120000,AAPL,2026-01-16,120.00,call,155.00,156.68,155.10,5,158.25,3,0,798,2025-11-24,0.83925,0.99729,0.00009,-0.01954,0.00877,0.17207
895,AAPL260116P00120000,AAPL,2026-01-16,120.00,put,0.03,0.02,0.01,21,0.03,21,5,3766,2025-11-24,0.74169,-0.00094,0.00004,-0.00232,0.00336,-0.00041
896,AAPL260116C00125000,AAPL,2026-01-16,125.00,call,151.50,151.70,151.15,20,152.25,30,202,721,2025-11-24,0.80022,0.99718,0.00010,-0.02000,0.00911,0.17924
897,AAPL260116P00125000,AAPL,2026-01-16,125.00,put,0.02,0.03,0.02,19,0.04,44,10,3183,2025-11-24,0.72218,-0.0012,0.00005,-0.00282,0.00419,-0.00052
898,AAPL260116C00130000,AAPL,2026-01-16,130.00,call,138.79,147.18,145.45,1,148.90,20,0,616,2025-11-24,0.97583,0.98696,0.00033,-0.04580,0.03529,0.18171
899,AAPL260116P00130000,AAPL,2026-01-16,130.00,put,0.02,0.04,0.03,15,0.04,9,1,9395,2025-11-24,0.72218,-0.00191,0.00008,-0.00429,0.00639,-0.00083
900,AAPL260116C00135000,AAPL,2026-01-16,135.00,call,142.22,141.77,140.20,5,143.35,5,1,297,2025-11-24,0.74169,0.99643,0.00014,-0.02202,0.01124,0.19336
901,AAPL260116P00135000,AAPL,2026-01-16,135.00,put,0.00,0.03,0.01,15,0.05,10,0,4019,2025-11-24,0.66364,-0.00146,0.00007,-0.00309,0.00501,-0.00063
902,AAPL260116C00140000,AAPL,2026-01-16,140.00,call,130.50,136.68,135.10,20,138.25,1,0,955,2025-11-24,0.01976,1.0,0.00000,-0.01480,0.00000,0.20215
903,AAPL260116P00140000,AAPL,2026-01-16,140.00,put,0.04,0.04,0.04,15,0.05,54,154,3970,2025-11-24,0.64413,-0.00181,0.00009,-0.00364,0.00608,-0.00078
904,AAPL260116C00145000,AAPL,2026-01-16,145.00,call,124.64,131.45,130.55,5,132.35,1,0,362,2025-11-24,0.01976,1.0,0.00000,-0.01533,0.00000,0.20937
905,AAPL260116P00145000,AAPL,2026-01-16,145.00,put,0.05,0.05,0.04,17,0.06,37,3,5251,2025-11-24,0.62462,-0.00222,0.00011,-0.00424,0.00731,-0.00095
906,AAPL260116C00150000,AAPL,2026-01-16,150.00,call,126.75,126.97,126.60,20,127.35,11,93,57067,2025-11-24,0.70267,0.99247,0.00028,-0.03009,0.02184,0.21328
907,AAPL260116P00150000,AAPL,2026-01-16,150.00,put,0.05,0.06,0.05,15,0.07,27,12,63859,2025-11-24,0.60511,-0.00269,0.00013,-0.00490,0.00873,-0.00116
908,AAPL260116C00155000,AAPL,2026-01-16,155.00,call,122.22,122.25,121.45,21,123.05,92,7,2246,2025-11-24,0.76120,0.98432,0.00049,-0.04557,0.04135,0.21681
909,AAPL260116P00155000,AAPL,2026-01-16,155.00,put,0.07,0.07,0.05,16,0.08,90,125,6141,2025-11-24,0.58560,-0.00325,0.00016,-0.00561,0.01035,-0.00140
910,AAPL260116C00160000,AAPL,2026-01-16,160.00,call,116.90,117.03,116.60,20,117.45,4,79,10403,2025-11-24,0.64413,0.991,0.00036,-0.03215,0.02554,0.22710
911,AAPL260116P00160000,AAPL,2026-01-16,160.00,put,0.07,0.07,0.05,30,0.09,54,1,15866,2025-11-24,0.56608,-0.0039,0.00019,-0.00639,0.01219,-0.00168
912,AAPL260116C00165000,AAPL,2026-01-16,165.00,call,103.62,112.05,111.65,1,112.45,4,0,6196,2025-11-24,0.60511,0.9911,0.00038,-0.03161,0.02532,0.23438
913,AAPL260116P00165000,AAPL,2026-01-16,165.00,put,0.08,0.09,0.08,1,0.10,50,33,14886,2025-11-24,0.54657,-0.00466,0.00024,-0.00722,0.01429,-0.00200
914,AAPL260116C00170000,AAPL,2026-01-16,170.00,call,108.00,107.12,106.80,15,107.45,7,5,5116,2025-11-24,0.58560,0.98948,0.00045,-0.03382,0.02929,0.24090
915,AAPL260116P00170000,AAPL,2026-01-16,170.00,put,0.09,0.09,0.08,26,0.10,22,11,27622,2025-11-24,0.52706,-0.00554,0.00029,-0.00811,0.01667,-0.00237
916,AAPL260116C00175000,AAPL,2026-01-16,175.00,call,101.62,102.20,101.85,1,102.55,15,3,16742,2025-11-24,0.56608,0.98761,0.00054,-0.03614,0.03377,0.24732
917,AAPL260116P00175000,AAPL,2026-01-16,175.00,put,0.00,0.10,0.09,15,0.11,15,0,24735,2025-11-24,0.48804,-0.00506,0.00028,-0.00692,0.01537,-0.00215
918,AAPL260116C00180000,AAPL,2026-01-16,180.00,call,97.50,97.17,96.80,20,97.55,45,19,43967,2025-11-24,0.52706,0.98794,0.00057,-0.03504,0.03298,0.25471
919,AAPL260116P00180000,AAPL,2026-01-16,180.00,put,0.12,0.11,0.11,15,0.12,16,3,61443,2025-11-24,0.46853,-0.00598,0.00034,-0.00769,0.01782,-0.00254
920,AAPL260116C00185000,AAPL,2026-01-16,185.00,call,92.00,92.25,91.85,19,92.65,25,89,6777,2025-11-24,0.50755,0.98584,0.00068,-0.03726,0.03790,0.26103
921,AAPL260116P00185000,AAPL,2026-01-16,185.00,put,0.13,0.13,0.12,46,0.14,16,106,17234,2025-11-24,0.44901,-0.00705,0.00042,-0.00851,0.02061,-0.00299
922,AAPL260116C00190000,AAPL,2026-01-16,190.00,call,86.50,87.33,86.95,15,87.70,15,12,5464,2025-11-24,0.48804,0.98339,0.00081,-0.03957,0.04345,0.26721
923,AAPL260116P00190000,AAPL,2026-01-16,190.00,put,0.15,0.16,0.15,19,0.17,16,127,17152,2025-11-24,0.44901,-0.01075,0.00060,-0.01231,0.02985,-0.00457
924,AAPL260116C00195000,AAPL,2026-01-16,195.00,call,77.95,82.42,82.05,22,82.80,11,0,8024,2025-11-24,0.46853,0.98054,0.00096,-0.04199,0.04974,0.27322
925,AAPL260116P00195000,AAPL,2026-01-16,195.00,put,0.17,0.18,0.17,64,0.19,12,56,18356,2025-11-24,0.42950,-0.01264,0.00072,-0.01353,0.03435,-0.00537
926,AAPL260116C00200000,AAPL,2026-01-16,200.00,call,78.50,77.45,77.10,98,77.80,26,47,21828,2025-11-24,0.44901,0.97721,0.00115,-0.04451,0.05686,0.27903
927,AAPL260116P00200000,AAPL,2026-01-16,200.00,put,0.22,0.22,0.21,71,0.23,35,65,46423,2025-11-24,0.40999,-0.01486,0.00087,-0.01481,0.03949,-0.00630
928,AAPL260116C00205000,AAPL,2026-01-16,205.00,call,73.00,72.40,72.10,14,72.70,36,2,6516,2025-11-24,0.40999,0.97809,0.00121,-0.04226,0.05499,0.28668
929,AAPL260116P00205000,AAPL,2026-01-16,205.00,put,0.28,0.27,0.26,43,0.27,2,61,15295,2025-11-24,0.39048,-0.01747,0.00105,-0.01618,0.04538,-0.00740
930,AAPL260116C00210000,AAPL,2026-01-16,210.00,call,68.34,67.55,67.35,17,67.75,35,20,14658,2025-11-24,0.39048,0.97423,0.00146,-0.04461,0.06302,0.29228
931,AAPL260116P00210000,AAPL,2026-01-16,210.00,put,0.30,0.32,0.31,79,0.33,18,425,36153,2025-11-24,0.37097,-0.02059,0.00127,-0.01762,0.05217,-0.00870
932,AAPL260116C00215000,AAPL,2026-01-16,215.00,call,63.30,62.73,62.45,17,63.00,65,12,12401,2025-11-24,0.39048,0.96318,0.00196,-0.05277,0.08468,0.29476
933,AAPL260116P00215000,AAPL,2026-01-16,215.00,put,0.39,0.41,0.40,5,0.41,6,67,18535,2025-11-24,0.35146,-0.02432,0.00155,-0.01915,0.06004,-0.01026
934,AAPL260116C00220000,AAPL,2026-01-16,220.00,call,58.50,57.67,57.65,22,57.70,18,226,13984,2025-11-24,0.35146,0.96408,0.00214,-0.04966,0.08299,0.30246
935,AAPL260116P00220000,AAPL,2026-01-16,220.00,put,0.52,0.51,0.50,46,0.52,15,143,19965,2025-11-24,0.35146,-0.03592,0.00214,-0.02640,0.08299,-0.01519
936,AAPL260116C00225000,AAPL,2026-01-16,225.00,call,54.05,52.83,52.80,30,52.85,53,57,25749,2025-11-24,0.33194,0.95734,0.00260,-0.05236,0.09545,0.30686
937,AAPL260116P00225000,AAPL,2026-01-16,225.00,put,0.62,0.64,0.63,37,0.65,15,317,15049,2025-11-24,0.33194,-0.04266,0.00260,-0.02857,0.09545,-0.01801
938,AAPL260116C00230000,AAPL,2026-01-16,230.00,call,49.22,48.05,48.00,8,48.10,53,133,21025,2025-11-24,0.31243,0.94906,0.00319,-0.05518,0.11006,0.31062
939,AAPL260116P00230000,AAPL,2026-01-16,230.00,put,0.81,0.82,0.81,17,0.83,30,597,25115,2025-11-24,0.31243,-0.05094,0.00319,-0.03087,0.11006,-0.02147
940,AAPL260116C00235000,AAPL,2026-01-16,235.00,call,44.54,43.33,43.30,25,43.35,26,62,25719,2025-11-24,0.31243,0.92719,0.00421,-0.06547,0.14550,0.30852
941,AAPL260116P00235000,AAPL,2026-01-16,235.00,put,1.04,1.05,1.04,51,1.06,30,762,15814,2025-11-24,0.31243,-0.07281,0.00421,-0.04063,0.14550,-0.03079
942,AAPL260116C00240000,AAPL,2026-01-16,240.00,call,38.85,38.65,38.60,25,38.70,50,255,28820,2025-11-24,0.29292,0.91242,0.00517,-0.06890,0.16731,0.30956
943,AAPL260116P00240000,AAPL,2026-01-16,240.00,put,1.33,1.35,1.35,34,1.36,21,2136,23093,2025-11-24,0.29292,-0.08758,0.00517,-0.04353,0.16731,-0.03698
944,AAPL260116C00245000,AAPL,2026-01-16,245.00,call,35.25,34.08,34.05,27,34.10,24,151,18158,2025-11-24,0.29292,0.87922,0.00653,-0.08054,0.21129,0.30257
945,AAPL260116P00245000,AAPL,2026-01-16,245.00,put,1.80,1.75,1.75,20,1.76,6,724,13104,2025-11-24,0.29292,-0.12078,0.00653,-0.05464,0.21129,-0.05119
946,AAPL260116C00250000,AAPL,2026-01-16,250.00,call,30.80,29.65,29.60,23,29.70,54,755,48710,2025-11-24,0.27341,0.85384,0.00797,-0.08404,0.24093,0.29912
947,AAPL260116P00250000,AAPL,2026-01-16,250.00,put,2.34,2.29,2.28,14,2.29,15,1661,27156,2025-11-24,0.27341,-0.14616,0.00797,-0.05762,0.24093,-0.06185
948,AAPL260116C00255000,AAPL,2026-01-16,255.00,call,26.39,25.38,25.35,25,25.40,40,161,33408,2025-11-24,0.27341,0.80592,0.00956,-0.09547,0.28905,0.28572
949,AAPL260116P00255000,AAPL,2026-01-16,255.00,put,3.00,3.00,2.99,23,3.00,18,890,11142,2025-11-24,0.27341,-0.19408,0.00956,-0.06852,0.28905,-0.08247
950,AAPL260116C00260000,AAPL,2026-01-16,260.00,call,21.35,21.33,21.30,21,21.35,46,662,61618,2025-11-24,0.25390,0.7645,0.01152,-0.09765,0.32348,0.27545
951,AAPL260116P00260000,AAPL,2026-01-16,260.00,put,3.95,3.92,3.90,98,3.95,55,1481,15468,2025-11-24,0.25390,-0.2355,0.01152,-0.07016,0.32348,-0.09996
952,AAPL260116C00265000,AAPL,2026-01-16,265.00,call,18.51,17.58,17.55,10,17.60,35,2042,33634,2025-11-24,0.25390,0.69986,0.01303,-0.10622,0.36565,0.25460
953,AAPL260116P00265000,AAPL,2026-01-16,265.00,put,5.11,5.12,5.10,75,5.15,6,684,8221,2025-11-24,0.25390,-0.30014,0.01303,-0.07821,0.36565,-0.12803
954,AAPL260116C00270000,AAPL,2026-01-16,270.00,call,14.10,14.10,14.10,3,14.10,97,1888,89202,2025-11-24,0.23438,0.63705,0.01522,-0.10443,0.39445,0.23510
955,AAPL260116P00270000,AAPL,2026-01-16,270.00,put,6.65,6.62,6.60,111,6.65,15,911,10360,2025-11-24,0.23438,-0.36295,0.01522,-0.07589,0.39445,-0.15475
956,AAPL260116C00275000,AAPL,2026-01-16,275.00,call,11.25,10.97,10.95,11,11.00,8,2340,20872,2025-11-24,0.23438,0.5577,0.01602,-0.10696,0.41506,0.20737
957,AAPL260116P00275000,AAPL,2026-01-16,275.00,put,8.53,8.57,8.55,84,8.60,17,1899,3440,2025-11-24,0.23438,-0.4423,0.01602,-0.07789,0.41506,-0.18970
958,AAPL260116C00280000,AAPL,2026-01-16,280.00,call,8.35,8.35,8.35,1,8.35,20,3797,43418,2025-11-24,0.23438,0.47743,0.01616,-0.10568,0.41878,0.17869
959,AAPL260116P00280000,AAPL,2026-01-16,280.00,put,11.05,10.98,10.90,75,11.05,15,273,1801,2025-11-24,0.23438,-0.52257,0.01616,-0.07608,0.41878,-0.22560
960,AAPL260116C00285000,AAPL,2026-01-16,285.00,call,6.15,6.12,6.10,10,6.15,16,5961,25863,2025-11-24,0.21487,0.38756,0.01695,-0.09237,0.40268,0.14674
961,AAPL260116P00285000,AAPL,2026-01-16,285.00,put,13.35,13.78,13.75,55,13.80,11,116,1031,2025-11-24,0.23438,-0.60055,0.01567,-0.07067,0.40606,-0.26115
962,AAPL260116C00290000,AAPL,2026-01-16,290.00,call,4.35,4.38,4.35,10,4.40,113,5954,68466,2025-11-24,0.21487,0.30921,0.01560,-0.08372,0.37052,0.11765
963,AAPL260116P00290000,AAPL,2026-01-16,290.00,put,16.25,17.08,17.05,19,17.10,9,37,855,2025-11-24,0.21487,-0.69079,0.01560,-0.05307,0.37052,-0.30108
964,AAPL260116C00295000,AAPL,2026-01-16,295.00,call,3.01,3.02,2.99,19,3.05,82,1627,9229,2025-11-24,0.21487,0.23982,0.01375,-0.07294,0.32673,0.09163
965,AAPL260116P00295000,AAPL,2026-01-16,295.00,put,20.15,20.88,20.85,28,20.90,2,11,705,2025-11-24,0.23438,-0.73921,0.01318,-0.05160,0.34158,-0.32686
966,AAPL260116C00300000,AAPL,2026-01-16,300.00,call,2.03,2.02,2.01,12,2.03,10,4328,52857,2025-11-24,0.21487,0.18085,0.01165,-0.06117,0.27671,0.06935
967,AAPL260116P00300000,AAPL,2026-01-16,300.00,put,24.80,25.05,25.00,36,25.10,17,505,684,2025-11-24,0.23438,-0.79647,0.01148,-0.03974,0.29746,-0.35554
968,AAPL260116C00305000,AAPL,2026-01-16,305.00,call,1.34,1.32,1.30,15,1.34,10,694,8650,2025-11-24,0.21487,0.13264,0.00949,-0.04945,0.22553,0.05103
969,AAPL260116P00305000,AAPL,2026-01-16,305.00,put,31.95,29.58,29.55,6,29.60,2,1,101,2025-11-24,0.25390,-0.82357,0.00971,-0.03793,0.27243,-0.37323
970,AAPL260116C00310000,AAPL,2026-01-16,310.00,call,0.85,0.86,0.85,7,0.88,28,1538,63055,2025-11-24,0.21487,0.09466,0.00746,-0.03860,0.17724,0.03652
971,AAPL260116P00310000,AAPL,2026-01-16,310.00,put,0.00,34.48,34.45,1,34.50,1,0,2,2025-11-24,0.27341,-0.84415,0.00832,-0.03642,0.25144,-0.38842
972,AAPL260116C00315000,AAPL,2026-01-16,315.00,call,0.56,0.55,0.54,64,0.56,70,731,10156,2025-11-24,0.21487,0.06577,0.00566,-0.02914,0.13454,0.02544
973,AAPL260116P00315000,AAPL,2026-01-16,315.00,put,0.00,39.52,39.40,1,39.65,4,0,0,2025-11-24,0.29292,-0.86003,0.00723,-0.03525,0.23399,-0.40179
974,AAPL260116C00320000,AAPL,2026-01-16,320.00,call,0.35,0.35,0.35,5,0.36,79,158,13414,2025-11-24,0.21487,0.04453,0.00416,-0.02130,0.09882,0.01726
975,AAPL260116P00320000,AAPL,2026-01-16,320.00,put,0.00,44.08,42.65,1,45.50,15,0,1,2025-11-24,0.31243,-0.87245,0.00636,-0.03440,0.21951,-0.41383
976,AAPL260116C00325000,AAPL,2026-01-16,325.00,call,0.25,0.22,0.21,93,0.24,123,97,1834,2025-11-24,0.21487,0.0294,0.00296,-0.01510,0.07035,0.01142
977,AAPL260116P00325000,AAPL,2026-01-16,325.00,put,0.00,49.02,47.65,5,50.40,10,0,0,2025-11-24,0.33194,-0.88229,0.00565,-0.03387,0.20749,-0.42488
978,AAPL260116C00330000,AAPL,2026-01-16,330.00,call,0.16,0.14,0.13,241,0.15,30,212,9761,2025-11-24,0.21487,0.01894,0.00205,-0.01039,0.04860,0.00737
979,AAPL260116P00330000,AAPL,2026-01-16,330.00,put,0.00,54.00,52.65,5,55.35,10,0,0,2025-11-24,0.35146,-0.89016,0.00508,-0.03362,0.19749,-0.43517
980,AAPL260116C00335000,AAPL,2026-01-16,335.00,call,0.11,0.10,0.08,183,0.11,168,3,368,2025-11-24,0.21487,0.01192,0.00137,-0.00696,0.03264,0.00464
981,AAPL260116P00335000,AAPL,2026-01-16,335.00,put,0.00,59.02,57.65,1,60.40,10,0,0,2025-11-24,0.37097,-0.89652,0.00461,-0.03363,0.18917,-0.44488
982,AAPL260116C00340000,AAPL,2026-01-16,340.00,call,0.07,0.07,0.05,228,0.08,117,38,4690,2025-11-24,0.21487,0.00733,0.00090,-0.00453,0.02133,0.00286
983,AAPL260116P00340000,AAPL,2026-01-16,340.00,put,0.00,64.00,62.65,5,65.35,10,0,0,2025-11-24,0.39048,-0.90169,0.00422,-0.03388,0.18224,-0.45414
984,AAPL260116C00350000,AAPL,2026-01-16,350.00,call,0.05,0.04,0.02,112,0.05,148,206,12242,2025-11-24,0.23438,0.00531,0.00062,-0.00370,0.01604,0.00207
985,AAPL260116P00350000,AAPL,2026-01-16,350.00,put,0.00,74.05,72.75,5,75.35,10,0,0,2025-11-24,0.42950,-0.90936,0.00361,-0.03502,0.17164,-0.47164
986,AAPL260116C00360000,AAPL,2026-01-16,360.00,call,0.03,0.03,0.02,2,0.03,2,39,2104,2025-11-24,0.25390,0.00411,0.00045,-0.00318,0.01277,0.00160
987,AAPL260116P00360000,AAPL,2026-01-16,360.00,put,0.00,84.05,82.75,5,85.35,10,0,3,2025-11-24,0.48804,-0.9044,0.00331,-0.04673,0.17854,-0.48460
988,AAPL260116C00370000,AAPL,2026-01-16,370.00,call,0.01,0.01,0.01,8,0.02,36,68,3090,2025-11-24,0.25390,0.00172,0.00021,-0.00144,0.00580,0.00067
989,AAPL260116P00370000,AAPL,2026-01-16,370.00,put,0.00,94.05,92.75,5,95.35,10,0,0,2025-11-24,0.52706,-0.90863,0.00296,-0.04919,0.17267,-0.50079
990,AAPL260116C00380000,AAPL,2026-01-16,380.00,call,0.01,0.02,0.01,8,0.03,18,20,7634,2025-11-24,0.29292,0.00288,0.00029,-0.00264,0.00927,0.00112
991,AAPL260116P00380000,AAPL,2026-01-16,380.00,put,0.00,104.05,102.75,1,105.35,10,0,0,2025-11-24,0.56608,-0.91146,0.00270,-0.05227,0.16868,-0.51645
992,AAPL260116C00390000,AAPL,2026-01-16,390.00,call,0.02,0.01,0.01,906,0.02,86,11,14261,2025-11-24,0.29292,0.00138,0.00015,-0.00135,0.00475,0.00053
993,AAPL260116P00390000,AAPL,2026-01-16,390.00,put,0.00,114.05,112.75,5,115.35,10,0,0,2025-11-24,0.58560,-0.9213,0.00238,-0.04616,0.15438,-0.53451
994,AAPL260116C00400000,AAPL,2026-01-16,400.00,call,0.02,0.01,0.00,0,0.02,8,21,585,2025-11-24,0.31243,0.0013,0.00013,-0.00136,0.00449,0.00050
995,AAPL260116P00400000,AAPL,2026-01-16,400.00,put,0.00,124.05,122.75,1,125.35,10,0,0,2025-11-24,0.62462,-0.92184,0.00222,-0.05029,0.15359,-0.54931
996,AAPL260116C00410000,AAPL,2026-01-16,410.00,call,0.01,0.01,0.00,0,0.02,5,0,73,2025-11-24,0.33194,0.00125,0.00012,-0.00140,0.00434,0.00048
997,AAPL260116P00410000,AAPL,2026-01-16,410.00,put,0.00,134.05,132.75,5,135.35,10,0,0,2025-11-24,0.66364,-0.92181,0.00209,-0.05489,0.15362,-0.56392
998,AAPL260116C00420000,AAPL,2026-01-16,420.00,call,0.01,0.01,0.00,0,0.03,4,0,1650,2025-11-24,0.35146,0.00123,0.00011,-0.00145,0.00428,0.00048
999,AAPL260116P00420000,AAPL,2026-01-16,420.00,put,0.00,143.93,142.30,13,145.55,15,0,0,2025-11-24,0.68315,-0.92815,0.00191,-0.05032,0.14403,-0.58067
1000,AAPL260116C00430000,AAPL,2026-01-16,430.00,call,0.01,0.01,0.00,0,0.03,4,0,634,2025-11-24,0.37097,0.00123,0.00010,-0.00153,0.00428,0.00047
1001,AAPL260116P00430000,AAPL,2026-01-16,430.00,put,0.00,153.93,152.30,13,155.55,15,0,0,2025-11-24,0.72218,-0.92705,0.00183,-0.05573,0.14572,-0.59488
1002,AAPL260116C00440000,AAPL,2026-01-16,440.00,call,0.01,0.01,0.00,0,0.02,4,0,4004,2025-11-24,0.37097,0.00071,0.00006,-0.00092,0.00258,0.00027
1003,AAPL260116P00440000,AAPL,2026-01-16,440.00,put,0.00,163.93,162.30,13,165.55,15,0,0,2025-11-24,0.76120,-0.92568,0.00176,-0.06155,0.14780,-0.60900
1004,AAPL260116C00450000,AAPL,2026-01-16,450.00,call,0.01,0.01,0.00,0,0.01,1,0,1130,2025-11-24,0.39048,0.00075,0.00006,-0.00102,0.00271,0.00029
1005,AAPL260116P00450000,AAPL,2026-01-16,450.00,put,0.00,173.93,172.30,13,175.55,15,0,0,2025-11-24,0.78071,-0.93009,0.00163,-0.05811,0.14103,-0.62504
1006,AAPL260220C00100000,AAPL,2026-02-20,100.00,call,169.59,176.82,175.05,22,178.60,1,0,17,2025-11-24,0.01976,1.0,0.00000,-0.01053,0.00000,0.23885
1007,AAPL260220P00100000,AAPL,2026-02-20,100.00,put,0.00,0.03,0.01,15,0.06,11,0,611,2025-11-24,0.72218,-0.00109,0.00004,-0.00198,0.00492,-0.00080
1008,AAPL260220C00105000,AAPL,2026-02-20,105.00,call,167.74,172.05,170.10,22,174.00,22,0,2,2025-11-24,0.80022,0.99631,0.00010,-0.01772,0.01493,0.24800
1009,AAPL260220P00105000,AAPL,2026-02-20,105.00,put,0.03,0.03,0.02,4,0.04,4,5,365,2025-11-24,0.68315,-0.00105,0.00004,-0.00182,0.00477,-0.00077
1010,AAPL260220C00110000,AAPL,2026-02-20,110.00,call,159.97,167.07,165.15,22,169.00,2,0,61,2025-11-24,0.76120,0.99623,0.00011,-0.01804,0.01521,0.25991
1011,AAPL260220P00110000,AAPL,2026-02-20,110.00,put,0.00,0.06,0.03,8,0.08,9,0,198,2025-11-24,0.70267,-0.00208,0.00007,-0.00349,0.00892,-0.00154
1012,AAPL260220C00115000,AAPL,2026-02-20,115.00,call,157.84,162.10,160.20,17,164.00,2,0,1,2025-11-24,0.70267,0.99689,0.00010,-0.01712,0.01279,0.27237
1013,AAPL260220P00115000,AAPL,2026-02-20,115.00,put,0.00,0.07,0.04,7,0.09,7,0,66,2025-11-24,0.68315,-0.00252,0.00008,-0.00403,0.01058,-0.00186
1014,AAPL260220C00120000,AAPL,2026-02-20,120.00,call,154.80,157.12,155.25,22,159.00,2,0,76,2025-11-24,0.66364,0.99699,0.00010,-0.01723,0.01243,0.28440
1015,AAPL260220P00120000,AAPL,2026-02-20,120.00,put,0.00,0.08,0.05,5,0.10,10,0,171,2025-11-24,0.66364,-0.00301,0.00010,-0.00459,0.01243,-0.00222
1016,AAPL260220C00125000,AAPL,2026-02-20,125.00,call,144.90,152.18,150.35,22,154.00,2,0,36,2025-11-24,0.64413,0.99644,0.00012,-0.01834,0.01446,0.29594
1017,AAPL260220P00125000,AAPL,2026-02-20,125.00,put,0.09,0.08,0.06,28,0.11,29,200,423,2025-11-24,0.62462,-0.00284,0.00010,-0.00410,0.01180,-0.00208
1018,AAPL260220C00130000,AAPL,2026-02-20,130.00,call,135.28,147.35,145.40,22,149.30,22,0,97,2025-11-24,0.66364,0.99381,0.00019,-0.02242,0.02368,0.30591
1019,AAPL260220P00130000,AAPL,2026-02-20,130.00,put,0.00,0.10,0.07,8,0.12,6,0,456,2025-11-24,0.60511,-0.00333,0.00012,-0.00458,0.01363,-0.00244
1020,AAPL260220C00135000,AAPL,2026-02-20,135.00,call,141.10,142.40,140.45,17,144.35,1,0,11,2025-11-24,0.64413,0.99281,0.00023,-0.02387,0.02702,0.31712
1021,AAPL260220P00135000,AAPL,2026-02-20,135.00,put,0.00,0.11,0.09,3,0.13,1,0,587,2025-11-24,0.58560,-0.00388,0.00015,-0.00507,0.01562,-0.00283
1022,AAPL260220C00140000,AAPL,2026-02-20,140.00,call,128.00,137.45,135.50,17,139.40,1,0,141,2025-11-24,0.60511,0.99312,0.00023,-0.02346,0.02600,0.32933
1023,AAPL260220P00140000,AAPL,2026-02-20,140.00,put,0.00,0.12,0.10,8,0.15,10,0,400,2025-11-24,0.56608,-0.00448,0.00017,-0.00557,0.01776,-0.00326
1024,AAPL260220C00145000,AAPL,2026-02-20,145.00,call,126.50,132.23,130.55,22,133.90,30,0,15,2025-11-24,0.01976,1.0,0.00000,-0.01527,0.00000,0.34633
1025,AAPL260220P00145000,AAPL,2026-02-20,145.00,put,0.00,0.15,0.12,11,0.17,11,0,1681,2025-11-24,0.54657,-0.00514,0.00020,-0.00607,0.02007,-0.00373
1026,AAPL260220C00150000,AAPL,2026-02-20,150.00,call,122.70,127.38,125.80,1,128.95,33,0,130,2025-11-24,0.48804,0.99656,0.00016,-0.01958,0.01403,0.35581
1027,AAPL260220P00150000,AAPL,2026-02-20,150.00,put,0.18,0.17,0.15,3,0.19,18,30,544,2025-11-24,0.54657,-0.00734,0.00027,-0.00832,0.02754,-0.00535
1028,AAPL260220C00155000,AAPL,2026-02-20,155.00,call,123.22,122.38,120.70,22,124.05,30,5,29,2025-11-24,0.40999,0.9987,0.00008,-0.01763,0.00580,0.36930
1029,AAPL260220P00155000,AAPL,2026-02-20,155.00,put,0.19,0.18,0.17,26,0.20,1,3,537,2025-11-24,0.50755,-0.00664,0.00027,-0.00705,0.02520,-0.00480
1030,AAPL260220C00160000,AAPL,2026-02-20,160.00,call,112.90,117.55,116.00,5,119.10,14,0,167,2025-11-24,0.46853,0.99421,0.00026,-0.02261,0.02233,0.37800
1031,AAPL260220P00160000,AAPL,2026-02-20,160.00,put,0.23,0.22,0.21,17,0.23,15,14,3125,2025-11-24,0.50755,-0.00942,0.00037,-0.00958,0.03427,-0.00683
1032,AAPL260220C00165000,AAPL,2026-02-20,165.00,call,104.22,112.53,110.85,22,114.20,10,0,59,2025-11-24,0.40999,0.99655,0.00019,-0.02055,0.01407,0.39166
1033,AAPL260220P00165000,AAPL,2026-02-20,165.00,put,0.30,0.25,0.23,27,0.27,20,10,1015,2025-11-24,0.48804,-0.0106,0.00042,-0.01019,0.03798,-0.00767
1034,AAPL260220C00170000,AAPL,2026-02-20,170.00,call,101.76,107.70,106.10,5,109.30,35,0,128,2025-11-24,0.44901,0.9906,0.00042,-0.02633,0.03422,0.39929
1035,AAPL260220P00170000,AAPL,2026-02-20,170.00,put,0.34,0.29,0.27,47,0.31,88,1,1669,2025-11-24,0.46853,-0.01188,0.00049,-0.01079,0.04196,-0.00858
1036,AAPL260220C00175000,AAPL,2026-02-20,175.00,call,95.26,102.75,101.10,5,104.40,30,0,96,2025-11-24,0.42950,0.98952,0.00048,-0.02728,0.03760,0.41048
1037,AAPL260220P00175000,AAPL,2026-02-20,175.00,put,0.00,0.33,0.32,13,0.35,23,0,2451,2025-11-24,0.44901,-0.01328,0.00056,-0.01136,0.04620,-0.00957
1038,AAPL260220C00180000,AAPL,2026-02-20,180.00,call,95.85,97.90,96.30,5,99.50,35,1,178,2025-11-24,0.42950,0.98519,0.00064,-0.03087,0.05073,0.41929
1039,AAPL260220P00180000,AAPL,2026-02-20,180.00,put,0.42,0.38,0.36,4,0.40,17,33,4049,2025-11-24,0.44901,-0.0183,0.00074,-0.01494,0.06084,-0.01323
1040,AAPL260220C00185000,AAPL,2026-02-20,185.00,call,87.42,93.03,91.45,5,94.60,35,0,168,2025-11-24,0.40999,0.98353,0.00074,-0.03191,0.05558,0.43007
1041,AAPL260220P00185000,AAPL,2026-02-20,185.00,put,0.00,0.45,0.44,17,0.46,17,0,3898,2025-11-24,0.42950,-0.02041,0.00085,-0.01564,0.06674,-0.01471
1042,AAPL260220C00190000,AAPL,2026-02-20,190.00,call,80.28,88.22,86.70,14,89.75,43,0,190,2025-11-24,0.40999,0.97727,0.00097,-0.03631,0.07309,0.43748
1043,AAPL260220P00190000,AAPL,2026-02-20,190.00,put,0.56,0.54,0.52,13,0.56,10,7,1664,2025-11-24,0.40999,-0.02273,0.00097,-0.01631,0.07309,-0.01634
1044,AAPL260220C00195000,AAPL,2026-02-20,195.00,call,78.90,83.45,82.00,14,84.90,44,0,426,2025-11-24,0.40999,0.96935,0.00125,-0.04142,0.09383,0.44366
1045,AAPL260220P00195000,AAPL,2026-02-20,195.00,put,0.71,0.64,0.62,41,0.65,29,48,2020,2025-11-24,0.40999,-0.03065,0.00125,-0.02088,0.09383,-0.02210
1046,AAPL260220C00200000,AAPL,2026-02-20,200.00,call,76.81,78.60,77.25,14,79.95,39,1,1417,2025-11-24,0.39048,0.96585,0.00143,-0.04274,0.10259,0.45314
1047,AAPL260220P00200000,AAPL,2026-02-20,200.00,put,0.75,0.75,0.74,36,0.76,38,1077,5569,2025-11-24,0.39048,-0.03415,0.00143,-0.02168,0.10259,-0.02456
1048,AAPL260220C00205000,AAPL,2026-02-20,205.00,call,74.00,73.80,72.45,60,75.15,46,1,760,2025-11-24,0.39048,0.95489,0.00180,-0.04870,0.12867,0.45709
1049,AAPL260220P00205000,AAPL,2026-02-20,205.00,put,0.90,0.91,0.88,30,0.93,32,54,4596,2025-11-24,0.37097,-0.03807,0.00165,-0.02243,0.11215,-0.02730
1050,AAPL260220C00210000,AAPL,2026-02-20,210.00,call,70.00,69.12,68.15,35,70.10,88,21,1110,2025-11-24,0.37097,0.94962,0.00206,-0.05015,0.14057,0.46534
1051,AAPL260220P00210000,AAPL,2026-02-20,210.00,put,1.02,1.06,1.05,30,1.07,22,104,7880,2025-11-24,0.37097,-0.05038,0.00206,-0.02803,0.14057,-0.03625
1052,AAPL260220C00215000,AAPL,2026-02-20,215.00,call,65.40,64.42,63.75,9,65.10,80,31,1319,2025-11-24,0.37097,0.93474,0.00253,-0.05689,0.17232,0.46640
1053,AAPL260220P00215000,AAPL,2026-02-20,215.00,put,1.26,1.27,1.26,17,1.28,24,21,3114,2025-11-24,0.35146,-0.05636,0.00238,-0.02890,0.15363,-0.04044
1054,AAPL260220C00220000,AAPL,2026-02-20,220.00,call,59.00,59.35,59.10,13,59.60,73,19,2690,2025-11-24,0.33194,0.9368,0.00276,-0.05287,0.16807,0.48025
1055,AAPL260220P00220000,AAPL,2026-02-20,220.00,put,1.53,1.52,1.51,24,1.54,17,554,16413,2025-11-24,0.35146,-0.07312,0.00292,-0.03524,0.18811,-0.05266
1056,AAPL260220C00225000,AAPL,2026-02-20,225.00,call,54.30,54.85,54.70,13,55.00,39,4,2871,2025-11-24,0.33194,0.91782,0.00337,-0.05986,0.20554,0.47841
1057,AAPL260220P00225000,AAPL,2026-02-20,225.00,put,1.83,1.83,1.82,21,1.85,5,112,3533,2025-11-24,0.33194,-0.08218,0.00337,-0.03616,0.20554,-0.05901
1058,AAPL260220C00230000,AAPL,2026-02-20,230.00,call,51.20,50.20,50.15,9,50.25,55,22,5553,2025-11-24,0.31243,0.90729,0.00392,-0.06122,0.22490,0.48298
1059,AAPL260220P00230000,AAPL,2026-02-20,230.00,put,2.25,2.21,2.20,12,2.22,9,113,7872,2025-11-24,0.33194,-0.10461,0.00403,-0.04301,0.24569,-0.07540
1060,AAPL260220C00235000,AAPL,2026-02-20,235.00,call,45.50,45.73,45.70,8,45.75,49,15,4149,2025-11-24,0.31243,0.88181,0.00468,-0.06860,0.26813,0.47635
1061,AAPL260220P00235000,AAPL,2026-02-20,235.00,put,2.70,2.69,2.66,5,2.72,15,78,1743,2025-11-24,0.31243,-0.11819,0.00468,-0.04385,0.26813,-0.08495
1062,AAPL260220C00240000,AAPL,2026-02-20,240.00,call,41.55,41.33,41.30,8,41.35,34,215,5703,2025-11-24,0.31243,0.85241,0.00545,-0.07605,0.31248,0.46673
1063,AAPL260220P00240000,AAPL,2026-02-20,240.00,put,3.27,3.25,3.20,80,3.30,24,1229,3079,2025-11-24,0.31243,-0.14759,0.00545,-0.05077,0.31248,-0.10652
1064,AAPL260220C00245000,AAPL,2026-02-20,245.00,call,37.87,37.08,37.05,10,37.10,39,21,6146,2025-11-24,0.29292,0.8323,0.00632,-0.07704,0.33985,0.46449
1065,AAPL260220P00245000,AAPL,2026-02-20,245.00,put,3.90,3.92,3.90,42,3.95,26,111,3057,2025-11-24,0.29292,-0.1677,0.00632,-0.05124,0.33985,-0.12070
1066,AAPL260220C00250000,AAPL,2026-02-20,250.00,call,33.73,32.95,32.90,8,33.00,45,95,5778,2025-11-24,0.29292,0.7947,0.00717,-0.08390,0.38527,0.44870
1067,AAPL260220P00250000,AAPL,2026-02-20,250.00,put,4.80,4.78,4.75,45,4.80,18,485,3511,2025-11-24,0.29292,-0.2053,0.00717,-0.05758,0.38527,-0.14842
1068,AAPL260220C00255000,AAPL,2026-02-20,255.00,call,30.00,29.00,28.95,17,29.05,65,184,44922,2025-11-24,0.27341,0.76551,0.00829,-0.08400,0.41584,0.43997
1069,AAPL260220P00255000,AAPL,2026-02-20,255.00,put,5.75,5.78,5.75,69,5.80,15,598,2465,2025-11-24,0.27341,-0.23449,0.00829,-0.05714,0.41584,-0.16910
1070,AAPL260220C00260000,AAPL,2026-02-20,260.00,call,25.20,25.17,25.15,8,25.20,73,63,9731,2025-11-24,0.27341,0.71887,0.00911,-0.08938,0.45695,0.41728
1071,AAPL260220P00260000,AAPL,2026-02-20,260.00,put,7.00,6.97,6.95,78,7.00,13,443,2215,2025-11-24,0.27341,-0.28113,0.00911,-0.06200,0.45695,-0.20374
1072,AAPL260220C00265000,AAPL,2026-02-20,265.00,call,21.65,21.60,21.55,35,21.65,55,522,7384,2025-11-24,0.27341,0.66916,0.00979,-0.09358,0.49114,0.39192
1073,AAPL260220P00265000,AAPL,2026-02-20,265.00,put,8.05,8.43,8.40,62,8.45,10,478,4751,2025-11-24,0.27341,-0.33084,0.00979,-0.06567,0.49114,-0.24104
1074,AAPL260220C00270000,AAPL,2026-02-20,270.00,call,18.40,18.38,18.35,10,18.40,49,846,12342,2025-11-24,0.25390,0.62223,0.01105,-0.09060,0.51492,0.37020
1075,AAPL260220P00270000,AAPL,2026-02-20,270.00,put,10.05,10.10,10.05,64,10.15,12,335,2151,2025-11-24,0.25390,-0.37777,0.01105,-0.06217,0.51492,-0.27470
1076,AAPL260220C00275000,AAPL,2026-02-20,275.00,call,15.35,15.38,15.35,10,15.40,52,986,15114,2025-11-24,0.25390,0.5652,0.01144,-0.09186,0.53326,0.33877
1077,AAPL260220P00275000,AAPL,2026-02-20,275.00,put,12.08,12.05,12.05,60,12.05,15,417,1189,2025-11-24,0.25390,-0.4348,0.01144,-0.06290,0.53326,-0.31807
1078,AAPL260220C00280000,AAPL,2026-02-20,280.00,call,13.30,12.68,12.65,5,12.70,52,410,7724,2025-11-24,0.25390,0.50783,0.01160,-0.09147,0.54039,0.30642
1079,AAPL260220P00280000,AAPL,2026-02-20,280.00,put,14.35,14.38,14.35,30,14.40,2,156,894,2025-11-24,0.25390,-0.49217,0.01160,-0.06198,0.54039,-0.36237
1080,AAPL260220C00285000,AAPL,2026-02-20,285.00,call,10.35,10.32,10.30,13,10.35,78,238,6791,2025-11-24,0.23438,0.44334,0.01244,-0.08321,0.53503,0.27117
1081,AAPL260220P00285000,AAPL,2026-02-20,285.00,put,17.03,17.07,17.00,11,17.15,30,8,938,2025-11-24,0.25390,-0.54869,0.01151,-0.05945,0.53646,-0.40677
1082,AAPL260220C00290000,AAPL,2026-02-20,290.00,call,8.25,8.28,8.25,3,8.30,107,1323,6475,2025-11-24,0.23438,0.38452,0.01203,-0.07937,0.51769,0.23646
1083,AAPL260220P00290000,AAPL,2026-02-20,290.00,put,19.60,20.05,19.95,42,20.15,29,71,368,2025-11-24,0.25390,-0.60328,0.01121,-0.05548,0.52227,-0.45054
1084,AAPL260220C00295000,AAPL,2026-02-20,295.00,call,6.55,6.55,6.50,3,6.60,130,1131,5506,2025-11-24,0.23438,0.32918,0.01139,-0.07424,0.49015,0.20341
1085,AAPL260220P00295000,AAPL,2026-02-20,295.00,put,23.75,23.40,23.30,18,23.50,19,9,55,2025-11-24,0.25390,-0.65504,0.01071,-0.05027,0.49914,-0.49304
1086,AAPL260220C00300000,AAPL,2026-02-20,300.00,call,5.15,5.10,5.05,11,5.15,72,1644,11701,2025-11-24,0.23438,0.2782,0.01057,-0.06816,0.45463,0.17264
1087,AAPL260220P00300000,AAPL,2026-02-20,300.00,put,27.15,27.05,26.95,35,27.15,23,95,377,2025-11-24,0.25390,-0.70326,0.01006,-0.04408,0.46872,-0.53374
1088,AAPL260220C00310000,AAPL,2026-02-20,310.00,call,3.20,3.01,2.97,23,3.05,41,362,9579,2025-11-24,0.23438,0.1913,0.00858,-0.05444,0.36919,0.11960
1089,AAPL260220P00310000,AAPL,2026-02-20,310.00,put,34.45,35.20,34.65,65,35.75,29,6,173,2025-11-24,0.25390,-0.78722,0.00844,-0.02994,0.39348,-0.60834
1090,AAPL260220C00320000,AAPL,2026-02-20,320.00,call,1.73,1.73,1.70,10,1.76,40,2183,10823,2025-11-24,0.23438,0.12528,0.00649,-0.04067,0.27933,0.07880
1091,AAPL260220P00320000,AAPL,2026-02-20,320.00,put,0.00,44.15,42.85,9,45.45,9,0,0,2025-11-24,0.27341,-0.83328,0.00675,-0.02346,0.33857,-0.66087
1092,AAPL260220C00330000,AAPL,2026-02-20,330.00,call,0.96,0.97,0.95,17,1.00,41,679,1645,2025-11-24,0.23438,0.07833,0.00461,-0.02858,0.19823,0.04952
1093,AAPL260220P00330000,AAPL,2026-02-20,330.00,put,0.00,54.08,52.45,1,55.70,17,0,0,2025-11-24,0.31243,-0.84826,0.00555,-0.02587,0.31831,-0.69479
1094,AAPL260220C00340000,AAPL,2026-02-20,340.00,call,0.60,0.54,0.52,17,0.56,28,137,2466,2025-11-24,0.23438,0.04689,0.00309,-0.01899,0.13274,0.02977
1095,AAPL260220P00340000,AAPL,2026-02-20,340.00,put,0.00,64.05,62.40,5,65.70,17,0,0,2025-11-24,0.35146,-0.85761,0.00473,-0.02894,0.30503,-0.72514
1096,AAPL260220C00350000,AAPL,2026-02-20,350.00,call,0.30,0.30,0.28,54,0.32,56,141,1363,2025-11-24,0.23438,0.02695,0.00196,-0.01199,0.08432,0.01717
1097,AAPL260220P00350000,AAPL,2026-02-20,350.00,put,0.00,74.10,72.50,1,75.70,17,0,0,2025-11-24,0.39048,-0.8634,0.00414,-0.03258,0.29653,-0.75325
1098,AAPL260220C00360000,AAPL,2026-02-20,360.00,call,0.19,0.16,0.14,85,0.18,1,11,315,2025-11-24,0.23438,0.01491,0.00119,-0.00722,0.05105,0.00953
1099,AAPL260220P00360000,AAPL,2026-02-20,360.00,put,0.00,84.10,82.50,1,85.70,17,0,0,2025-11-24,0.42950,-0.86682,0.00370,-0.03673,0.29143,-0.77988
1100,AAPL260220C00370000,AAPL,2026-02-20,370.00,call,0.10,0.09,0.08,65,0.10,54,44,8960,2025-11-24,0.23438,0.00797,0.00069,-0.00416,0.02958,0.00510
1101,AAPL260220P00370000,AAPL,2026-02-20,370.00,put,0.00,94.10,92.50,1,95.70,17,0,0,2025-11-24,0.44901,-0.88062,0.00328,-0.03308,0.27003,-0.81219
1102,AAPL260220C00380000,AAPL,2026-02-20,380.00,call,0.07,0.07,0.05,8,0.08,68,15,777,2025-11-24,0.25390,0.00755,0.00061,-0.00428,0.02822,0.00482
1103,AAPL260220P00380000,AAPL,2026-02-20,380.00,put,0.00,104.08,102.40,5,105.75,17,0,0,2025-11-24,0.48804,-0.88036,0.00302,-0.03811,0.27045,-0.83654
1104,AAPL260220C00390000,AAPL,2026-02-20,390.00,call,0.05,0.04,0.03,1,0.05,52,1,856,2025-11-24,0.25390,0.00417,0.00036,-0.00252,0.01665,0.00267
1105,AAPL260220P00390000,AAPL,2026-02-20,390.00,put,0.00,114.08,112.40,5,115.75,17,0,0,2025-11-24,0.52706,-0.87931,0.00281,-0.04355,0.27211,-0.86044
1106,AAPL260220C00400000,AAPL,2026-02-20,400.00,call,0.03,0.04,0.03,1,0.04,41,115,5990,2025-11-24,0.27341,0.00428,0.00034,-0.00277,0.01704,0.00273
1107,AAPL260220P00400000,AAPL,2026-02-20,400.00,put,0.00,124.12,122.50,1,125.75,17,0,0,2025-11-24,0.54657,-0.88775,0.00258,-0.04105,0.25847,-0.88945
1108,AAPL260220C00410000,AAPL,2026-02-20,410.00,call,0.08,0.03,0.02,1,0.03,2,0,34,2025-11-24,0.27341,0.00245,0.00021,-0.00167,0.01033,0.00157
1109,AAPL260220P00410000,AAPL,2026-02-20,410.00,put,0.00,134.07,132.40,5,135.75,17,0,0,2025-11-24,0.58560,-0.88514,0.00244,-0.04719,0.26275,-0.91241
1110,AAPL260220C00420000,AAPL,2026-02-20,420.00,call,0.03,0.01,0.00,0,0.03,13,0,62,2025-11-24,0.27341,0.00138,0.00012,-0.00099,0.00613,0.00089
1111,AAPL260220P00420000,AAPL,2026-02-20,420.00,put,0.00,144.07,142.40,5,145.75,17,0,0,2025-11-24,0.60511,-0.8914,0.00227,-0.04533,0.25241,-0.94011
1112,AAPL260220C00430000,AAPL,2026-02-20,430.00,call,0.01,0.01,0.00,0,0.03,20,6,239,2025-11-24,0.27341,0.00077,0.00007,-0.00058,0.00358,0.00049
1113,AAPL260220P00430000,AAPL,2026-02-20,430.00,put,0.00,154.07,152.40,5,155.75,17,0,0,2025-11-24,0.64413,-0.88783,0.00219,-0.05211,0.25834,-0.96252
1114,AAPL260220C00440000,AAPL,2026-02-20,440.00,call,0.01,0.01,0.00,0,0.03,18,10,6,2025-11-24,0.29292,0.00094,0.00008,-0.00075,0.00432,0.00060
1115,AAPL260220P00440000,AAPL,2026-02-20,440.00,put,0.00,164.12,162.50,1,165.75,17,0,0,2025-11-24,0.66364,-0.8926,0.00206,-0.05080,0.25041,-0.98932
1116,AAPL260220C00450000,AAPL,2026-02-20,450.00,call,0.01,0.01,0.00,0,0.01,3,9,218,2025-11-24,0.31243,0.00114,0.00009,-0.00095,0.00515,0.00073
1117,AAPL260220P00450000,AAPL,2026-02-20,450.00,put,0.00,174.07,172.40,5,175.75,17,0,0,2025-11-24,0.68315,-0.89663,0.00194,-0.04976,0.24357,-1.01569
1118,AAPL260320C00090000,AAPL,2026-03-20,90.00,call,183.54,186.90,185.30,5,188.50,5,0,134,2025-11-24,0.01976,1.0,0.00000,-0.00945,0.00000,0.28252
1119,AAPL260320P00090000,AAPL,2026-03-20,90.00,put,0.04,0.04,0.02,1,0.06,11,30,1080,2025-11-24,0.70267,-0.00112,0.00003,-0.00172,0.00579,-0.00110
1120,AAPL260320C00095000,AAPL,2026-03-20,95.00,call,118.29,182.12,180.25,26,184.00,2,0,8,2025-11-24,0.66364,0.99893,0.00003,-0.01153,0.00557,0.29717
1121,AAPL260320P00095000,AAPL,2026-03-20,95.00,put,0.00,0.05,0.02,4,0.07,10,0,263,2025-11-24,0.68315,-0.00138,0.00004,-0.00203,0.00704,-0.00136
1122,AAPL260320C00100000,AAPL,2026-03-20,100.00,call,173.28,177.15,175.30,26,179.00,2,0,52,2025-11-24,0.54657,0.99976,0.00001,-0.01083,0.00142,0.31368
1123,AAPL260320P00100000,AAPL,2026-03-20,100.00,put,0.06,0.06,0.03,4,0.08,49,4,803,2025-11-24,0.66364,-0.00168,0.00005,-0.00235,0.00841,-0.00165
1124,AAPL260320C00105000,AAPL,2026-03-20,105.00,call,170.67,172.35,170.40,26,174.30,26,0,30,2025-11-24,0.70267,0.99619,0.00010,-0.01624,0.01765,0.32581
1125,AAPL260320P00105000,AAPL,2026-03-20,105.00,put,0.00,0.07,0.05,1,0.09,5,0,927,2025-11-24,0.64413,-0.00201,0.00006,-0.00269,0.00992,-0.00197
1126,AAPL260320C00110000,AAPL,2026-03-20,110.00,call,163.39,167.43,165.50,26,169.35,1,0,21,2025-11-24,0.68315,0.99551,0.00012,-0.01742,0.02045,0.34083
1127,AAPL260320P00110000,AAPL,2026-03-20,110.00,put,0.10,0.08,0.06,14,0.10,10,30,516,2025-11-24,0.62462,-0.00238,0.00008,-0.00303,0.01155,-0.00233
1128,AAPL260320C00115000,AAPL,2026-03-20,115.00,call,156.58,162.12,160.70,4,163.55,1,0,189,2025-11-24,0.01976,1.0,0.00000,-0.01207,0.00000,0.36100
1129,AAPL260320P00115000,AAPL,2026-03-20,115.00,put,0.00,0.10,0.07,4,0.12,6,0,502,2025-11-24,0.60511,-0.00278,0.00009,-0.00338,0.01330,-0.00272
1130,AAPL260320C00120000,AAPL,2026-03-20,120.00,call,150.25,157.57,155.65,26,159.50,2,0,78,2025-11-24,0.62462,0.995,0.00015,-0.01849,0.02250,0.37176
1131,AAPL260320P00120000,AAPL,2026-03-20,120.00,put,0.09,0.11,0.09,2,0.13,34,1,625,2025-11-24,0.58560,-0.00322,0.00011,-0.00372,0.01517,-0.00314
1132,AAPL260320C00125000,AAPL,2026-03-20,125.00,call,144.32,152.48,150.90,4,154.05,4,0,129,2025-11-24,0.48804,0.99889,0.00005,-0.01430,0.00574,0.39134
1133,AAPL260320P00125000,AAPL,2026-03-20,125.00,put,0.00,0.12,0.10,30,0.15,56,0,1121,2025-11-24,0.56608,-0.00369,0.00013,-0.00406,0.01714,-0.00358
1134,AAPL260320C00130000,AAPL,2026-03-20,130.00,call,141.04,147.57,146.00,15,149.15,10,0,226,2025-11-24,0.50755,0.99757,0.00010,-0.01614,0.01176,0.40576
1135,AAPL260320P00130000,AAPL,2026-03-20,130.00,put,0.15,0.15,0.13,10,0.17,18,10,239,2025-11-24,0.56608,-0.00529,0.00017,-0.00560,0.02364,-0.00516
1136,AAPL260320C00135000,AAPL,2026-03-20,135.00,call,134.05,142.35,141.05,5,143.65,13,0,338,2025-11-24,0.01976,1.0,0.00000,-0.01417,0.00000,0.42378
1137,AAPL260320P00135000,AAPL,2026-03-20,135.00,put,0.00,0.17,0.14,5,0.19,5,0,751,2025-11-24,0.54657,-0.00597,0.00020,-0.00601,0.02632,-0.00580
1138,AAPL260320C00140000,AAPL,2026-03-20,140.00,call,131.01,137.75,136.15,5,139.35,15,0,337,2025-11-24,0.48804,0.99596,0.00016,-0.01848,0.01861,0.43560
1139,AAPL260320P00140000,AAPL,2026-03-20,140.00,put,0.00,0.18,0.16,4,0.21,7,0,1634,2025-11-24,0.52706,-0.00669,0.00023,-0.00640,0.02912,-0.00649
1140,AAPL260320C00145000,AAPL,2026-03-20,145.00,call,131.78,132.85,131.25,5,134.45,12,0,228,2025-11-24,0.48804,0.99415,0.00022,-0.02048,0.02587,0.44955
1141,AAPL260320P00145000,AAPL,2026-03-20,145.00,put,0.25,0.21,0.19,24,0.24,27,2,816,2025-11-24,0.50755,-0.00745,0.00026,-0.00677,0.03203,-0.00721
1142,AAPL260320C00150000,AAPL,2026-03-20,150.00,call,126.20,128.03,126.50,5,129.55,13,0,580,2025-11-24,0.50755,0.98973,0.00035,-0.02470,0.04244,0.46090
1143,AAPL260320P00150000,AAPL,2026-03-20,150.00,put,0.25,0.26,0.24,92,0.27,104,12,2590,2025-11-24,0.48804,-0.00825,0.00030,-0.00710,0.03503,-0.00796
1144,AAPL260320C00155000,AAPL,2026-03-20,155.00,call,122.50,123.05,121.45,5,124.65,10,0,218,2025-11-24,0.46853,0.99091,0.00034,-0.02368,0.03812,0.47783
1145,AAPL260320P00155000,AAPL,2026-03-20,155.00,put,0.33,0.29,0.28,56,0.30,38,5,3240,2025-11-24,0.48804,-0.01135,0.00039,-0.00937,0.04629,-0.01098
1146,AAPL260320C00160000,AAPL,2026-03-20,160.00,call,116.80,118.15,116.55,5,119.75,10,1,391,2025-11-24,0.44901,0.99005,0.00038,-0.02447,0.04129,0.49272
1147,AAPL260320P00160000,AAPL,2026-03-20,160.00,put,0.38,0.32,0.30,4,0.34,37,3,5295,2025-11-24,0.46853,-0.01248,0.00044,-0.00975,0.05028,-0.01204
1148,AAPL260320C00165000,AAPL,2026-03-20,165.00,call,110.43,113.28,111.70,5,114.85,10,2,275,2025-11-24,0.44901,0.98633,0.00050,-0.02741,0.05439,0.50481
1149,AAPL260320P00165000,AAPL,2026-03-20,165.00,put,0.40,0.38,0.37,19,0.39,14,4,3954,2025-11-24,0.44901,-0.01367,0.00050,-0.01009,0.05439,-0.01315
1150,AAPL260320C00170000,AAPL,2026-03-20,170.00,call,99.85,108.50,107.00,21,110.00,10,0,779,2025-11-24,0.44901,0.98163,0.00064,-0.03082,0.07007,0.51593
1151,AAPL260320P00170000,AAPL,2026-03-20,170.00,put,0.45,0.45,0.43,21,0.46,21,12,10527,2025-11-24,0.44901,-0.01837,0.00064,-0.01297,0.07007,-0.01773
1152,AAPL260320C00175000,AAPL,2026-03-20,175.00,call,101.96,103.55,101.95,5,105.15,14,2,448,2025-11-24,0.42950,0.97994,0.00073,-0.03171,0.07551,0.53006
1153,AAPL260320P00175000,AAPL,2026-03-20,175.00,put,0.52,0.51,0.50,49,0.52,10,16,6495,2025-11-24,0.42950,-0.02006,0.00073,-0.01333,0.07551,-0.01929
1154,AAPL260320C00180000,AAPL,2026-03-20,180.00,call,99.00,98.47,97.35,9,99.60,14,4,724,2025-11-24,0.37097,0.98631,0.00061,-0.02717,0.05445,0.55210
1155,AAPL260320P00180000,AAPL,2026-03-20,180.00,put,0.59,0.60,0.59,9,0.61,21,321,6062,2025-11-24,0.40999,-0.02185,0.00082,-0.01364,0.08116,-0.02094
1156,AAPL260320C00185000,AAPL,2026-03-20,185.00,call,92.00,93.97,92.50,9,95.45,14,0,615,2025-11-24,0.40999,0.97118,0.00103,-0.03659,0.10236,0.55303
1157,AAPL260320P00185000,AAPL,2026-03-20,185.00,put,0.73,0.70,0.69,21,0.72,21,13,3593,2025-11-24,0.40999,-0.02882,0.00103,-0.01716,0.10236,-0.02771
1158,AAPL260320C00190000,AAPL,2026-03-20,190.00,call,83.04,89.08,87.50,9,90.65,14,0,695,2025-11-24,0.39048,0.96862,0.00116,-0.03743,0.10985,0.56636
1159,AAPL260320P00190000,AAPL,2026-03-20,190.00,put,0.81,0.82,0.81,45,0.84,44,125,10112,2025-11-24,0.39048,-0.03138,0.00116,-0.01748,0.10985,-0.03007
1160,AAPL260320C00195000,AAPL,2026-03-20,195.00,call,82.66,84.35,83.55,55,85.15,115,2,1821,2025-11-24,0.39048,0.95933,0.00144,-0.04203,0.13587,0.57301
1161,AAPL260320P00195000,AAPL,2026-03-20,195.00,put,0.96,0.97,0.96,31,0.98,27,10,6923,2025-11-24,0.39048,-0.04067,0.00144,-0.02156,0.13587,-0.03912
1162,AAPL260320C00200000,AAPL,2026-03-20,200.00,call,80.50,79.53,79.30,30,79.75,38,35,5668,2025-11-24,0.37097,0.95565,0.00162,-0.04288,0.14573,0.58532
1163,AAPL260320P00200000,AAPL,2026-03-20,200.00,put,1.13,1.14,1.13,76,1.15,20,80,7700,2025-11-24,0.37097,-0.04435,0.00162,-0.02188,0.14573,-0.04251
1164,AAPL260320C00210000,AAPL,2026-03-20,210.00,call,70.86,70.10,69.90,28,70.30,39,9,4456,2025-11-24,0.35146,0.93812,0.00223,-0.04882,0.18981,0.59992
1165,AAPL260320P00210000,AAPL,2026-03-20,210.00,put,1.61,1.58,1.57,61,1.60,44,96,12684,2025-11-24,0.35146,-0.06188,0.00223,-0.02677,0.18981,-0.05930
1166,AAPL260320C00220000,AAPL,2026-03-20,220.00,call,61.00,60.85,60.70,12,61.00,56,21,5424,2025-11-24,0.33194,0.91462,0.00302,-0.05511,0.24286,0.60879
1167,AAPL260320P00220000,AAPL,2026-03-20,220.00,put,2.22,2.23,2.21,62,2.24,34,247,16222,2025-11-24,0.33194,-0.08538,0.00302,-0.03201,0.24286,-0.08182
1168,AAPL260320C00230000,AAPL,2026-03-20,230.00,call,52.80,51.83,51.80,4,51.85,27,27,6592,2025-11-24,0.31243,0.88329,0.00404,-0.06150,0.30511,0.61013
1169,AAPL260320P00230000,AAPL,2026-03-20,230.00,put,3.15,3.12,3.10,82,3.15,25,458,11760,2025-11-24,0.31243,-0.11671,0.00404,-0.03735,0.30511,-0.11187
1170,AAPL260320C00240000,AAPL,2026-03-20,240.00,call,43.49,43.23,43.20,8,43.25,30,46,12220,2025-11-24,0.29292,0.84179,0.00530,-0.06756,0.37569,0.60168
1171,AAPL260320P00240000,AAPL,2026-03-20,240.00,put,4.40,4.40,4.35,80,4.45,31,1151,7703,2025-11-24,0.29292,-0.15821,0.00530,-0.04236,0.37569,-0.15172
1172,AAPL260320C00250000,AAPL,2026-03-20,250.00,call,35.37,35.12,35.10,10,35.15,40,85,13543,2025-11-24,0.29292,0.77477,0.00659,-0.07789,0.46678,0.56680
1173,AAPL260320P00250000,AAPL,2026-03-20,250.00,put,6.10,6.18,6.15,74,6.20,22,699,19591,2025-11-24,0.29292,-0.22523,0.00659,-0.05164,0.46678,-0.21798
1174,AAPL260320C00260000,AAPL,2026-03-20,260.00,call,27.55,27.58,27.55,13,27.60,13,341,10379,2025-11-24,0.27341,0.70631,0.00810,-0.08090,0.53559,0.53148
1175,AAPL260320P00260000,AAPL,2026-03-20,260.00,put,8.30,8.62,8.60,52,8.65,10,298,4178,2025-11-24,0.27341,-0.29369,0.00810,-0.05360,0.53559,-0.28470
1176,AAPL260320C00270000,AAPL,2026-03-20,270.00,call,21.10,20.92,20.90,10,20.95,33,286,11602,2025-11-24,0.25390,0.62143,0.00963,-0.08079,0.59157,0.47969
1177,AAPL260320P00270000,AAPL,2026-03-20,270.00,put,11.85,11.88,11.85,105,11.90,22,261,3509,2025-11-24,0.27341,-0.38293,0.00897,-0.05740,0.59364,-0.37538
1178,AAPL260320C00280000,AAPL,2026-03-20,280.00,call,15.40,15.25,15.25,1,15.25,31,382,28240,2025-11-24,0.25390,0.522,0.01009,-0.08148,0.61961,0.40867
1179,AAPL260320P00280000,AAPL,2026-03-20,280.00,put,15.80,16.25,16.15,26,16.35,17,319,1592,2025-11-24,0.25390,-0.478,0.01009,-0.05208,0.61961,-0.47029
1180,AAPL260320C00290000,AAPL,2026-03-20,290.00,call,10.60,10.62,10.60,17,10.65,25,229,10362,2025-11-24,0.23438,0.414,0.01069,-0.07230,0.60607,0.33081
1181,AAPL260320P00290000,AAPL,2026-03-20,290.00,put,21.05,21.58,21.55,45,21.60,7,3,274,2025-11-24,0.25390,-0.57535,0.00992,-0.04750,0.60945,-0.57396
1182,AAPL260320C00300000,AAPL,2026-03-20,300.00,call,7.18,7.15,7.10,19,7.20,83,463,12139,2025-11-24,0.23438,0.3178,0.00978,-0.06461,0.55465,0.25640
1183,AAPL260320P00300000,AAPL,2026-03-20,300.00,put,27.90,28.32,28.20,4,28.45,4,21,570,2025-11-24,0.25390,-0.66526,0.00922,-0.03946,0.56651,-0.67396
1184,AAPL260320C00310000,AAPL,2026-03-20,310.00,call,4.73,4.65,4.60,16,4.70,29,88,3767,2025-11-24,0.23438,0.23515,0.00843,-0.05470,0.47817,0.19123
1185,AAPL260320P00310000,AAPL,2026-03-20,310.00,put,35.48,36.17,35.60,30,36.75,30,18,304,2025-11-24,0.25390,-0.74407,0.00815,-0.02912,0.50043,-0.76671
1186,AAPL260320C00320000,AAPL,2026-03-20,320.00,call,2.95,2.95,2.91,26,2.98,36,729,9402,2025-11-24,0.23438,0.16795,0.00689,-0.04406,0.39057,0.13751
1187,AAPL260320P00320000,AAPL,2026-03-20,320.00,put,0.00,44.90,44.30,4,45.50,4,0,45,2025-11-24,0.27341,-0.78945,0.00679,-0.02499,0.44898,-0.83489
1188,AAPL260320C00330000,AAPL,2026-03-20,330.00,call,1.85,1.85,1.83,60,1.88,33,276,2045,2025-11-24,0.23438,0.11601,0.00536,-0.03389,0.30381,0.09552
1189,AAPL260320P00330000,AAPL,2026-03-20,330.00,put,55.00,54.15,52.35,1,55.95,21,1,1,2025-11-24,0.29292,-0.82294,0.00570,-0.02112,0.40395,-0.89351
1190,AAPL260320C00340000,AAPL,2026-03-20,340.00,call,1.14,1.17,1.14,36,1.19,68,19,1324,2025-11-24,0.23438,0.07764,0.00399,-0.02499,0.22607,0.06423
1191,AAPL260320P00340000,AAPL,2026-03-20,340.00,put,0.00,64.10,62.25,1,65.95,21,0,0,2025-11-24,0.33194,-0.83059,0.00489,-0.02500,0.39274,-0.93241
1192,AAPL260320C00350000,AAPL,2026-03-20,350.00,call,0.77,0.72,0.70,67,0.75,102,72,2604,2025-11-24,0.23438,0.05045,0.00285,-0.01773,0.16158,0.04191
1193,AAPL260320P00350000,AAPL,2026-03-20,350.00,put,0.00,74.10,72.30,1,75.90,21,0,0,2025-11-24,0.37097,-0.83489,0.00430,-0.02937,0.38629,-0.96856
1194,AAPL260320C00360000,AAPL,2026-03-20,360.00,call,0.48,0.45,0.43,69,0.47,34,17,1507,2025-11-24,0.23438,0.03189,0.00196,-0.01214,0.11133,0.02659
1195,AAPL260320P00360000,AAPL,2026-03-20,360.00,put,0.00,84.10,82.30,1,85.90,21,0,0,2025-11-24,0.39048,-0.85135,0.00382,-0.02678,0.36048,-1.01323
1196,AAPL260320C00370000,AAPL,2026-03-20,370.00,call,0.31,0.28,0.27,62,0.29,30,62,11102,2025-11-24,0.23438,0.01965,0.00131,-0.00805,0.07419,0.01643
1197,AAPL260320P00370000,AAPL,2026-03-20,370.00,put,0.00,94.05,92.20,5,95.90,21,0,0,2025-11-24,0.42950,-0.85077,0.00348,-0.03195,0.36144,-1.04539
1198,AAPL260320C00380000,AAPL,2026-03-20,380.00,call,0.20,0.17,0.15,81,0.20,60,32,171,2025-11-24,0.23438,0.01182,0.00085,-0.00518,0.04796,0.00991
1199,AAPL260320P00380000,AAPL,2026-03-20,380.00,put,0.00,104.08,102.20,5,105.95,21,0,0,2025-11-24,0.44901,-0.86195,0.00316,-0.03005,0.34292,-1.08580
1200,AAPL260320C00390000,AAPL,2026-03-20,390.00,call,0.13,0.11,0.09,89,0.13,28,4,124,2025-11-24,0.23438,0.00696,0.00053,-0.00324,0.03015,0.00585
1201,AAPL260320P00390000,AAPL,2026-03-20,390.00,put,0.00,114.08,112.20,5,115.95,21,0,0,2025-11-24,0.48804,-0.85889,0.00295,-0.03589,0.34808,-1.11600
1202,AAPL260320C00400000,AAPL,2026-03-20,400.00,call,0.06,0.07,0.05,70,0.09,24,11,137,2025-11-24,0.25390,0.00741,0.00052,-0.00370,0.03187,0.00621
1203,AAPL260320P00400000,AAPL,2026-03-20,400.00,put,0.00,124.08,122.20,5,125.95,21,0,0,2025-11-24,0.50755,-0.86687,0.00272,-0.03459,0.33451,-1.15384
1204,AAPL260320C00410000,AAPL,2026-03-20,410.00,call,0.05,0.05,0.02,35,0.07,45,0,15,2025-11-24,0.25390,0.00454,0.00034,-0.00238,0.02062,0.00381
1205,AAPL260320P00410000,AAPL,2026-03-20,410.00,put,0.00,134.12,132.30,1,135.95,21,0,0,2025-11-24,0.54657,-0.86242,0.00259,-0.04103,0.34213,-1.18299
1206,AAPL260320C00420000,AAPL,2026-03-20,420.00,call,0.03,0.03,0.01,4,0.05,17,0,92,2025-11-24,0.25390,0.00274,0.00021,-0.00151,0.01311,0.00230
1207,AAPL260320P00420000,AAPL,2026-03-20,420.00,put,0.00,144.05,142.15,21,145.95,21,0,0,2025-11-24,0.56608,-0.86829,0.00242,-0.04024,0.33204,-1.21917
1208,AAPL260320C00430000,AAPL,2026-03-20,430.00,call,0.09,0.03,0.02,2,0.04,3,0,41,2025-11-24,0.27341,0.00325,0.00023,-0.00189,0.01529,0.00272
1209,AAPL260320P00430000,AAPL,2026-03-20,430.00,put,0.00,154.07,152.20,5,155.95,21,0,0,2025-11-24,0.58560,-0.87318,0.00228,-0.03968,0.32345,-1.25459
1210,AAPL260320C00440000,AAPL,2026-03-20,440.00,call,0.02,0.01,0.00,0,0.03,25,1,284,2025-11-24,0.25390,0.00096,0.00008,-0.00058,0.00504,0.00081
1211,AAPL260320P00440000,AAPL,2026-03-20,440.00,put,0.00,164.07,162.20,5,165.95,21,0,0,2025-11-24,0.62462,-0.8674,0.00221,-0.04690,0.33358,-1.28276
1212,AAPL260320C00450000,AAPL,2026-03-20,450.00,call,0.02,0.02,0.01,50,0.03,16,0,1485,2025-11-24,0.27341,0.00128,0.00010,-0.00081,0.00656,0.00107
1213,AAPL260320P00450000,AAPL,2026-03-20,450.00,put,0.00,174.10,172.25,1,175.95,21,0,0,2025-11-24,0.64413,-0.87108,0.00210,-0.04677,0.32716,-1.31725
1214,AAPL260417C00120000,AAPL,2026-04-17,120.00,call,150.73,158.05,156.10,21,160.00,21,0,2,2025-11-24,0.60511,0.99226,0.00020,-0.02006,0.03690,0.45661
1215,AAPL260417P00120000,AAPL,2026-04-17,120.00,put,0.00,0.14,0.11,4,0.17,4,0,480,2025-11-24,0.54657,-0.00413,0.00013,-0.00387,0.02111,-0.00502
1216,AAPL260417C00125000,AAPL,2026-04-17,125.00,call,130.76,153.10,151.20,21,155.00,2,0,6,2025-11-24,0.56608,0.99281,0.00020,-0.01964,0.03457,0.47681
1217,AAPL260417P00125000,AAPL,2026-04-17,125.00,put,0.00,0.17,0.14,4,0.19,15,0,36,2025-11-24,0.52706,-0.00461,0.00015,-0.00412,0.02333,-0.00560
1218,AAPL260417C00130000,AAPL,2026-04-17,130.00,call,143.71,148.15,146.30,21,150.00,2,0,80,2025-11-24,0.54657,0.99199,0.00023,-0.02056,0.03804,0.49526
1219,AAPL260417P00130000,AAPL,2026-04-17,130.00,put,0.00,0.20,0.17,4,0.22,9,0,412,2025-11-24,0.52706,-0.00648,0.00020,-0.00556,0.03153,-0.00789
1220,AAPL260417C00135000,AAPL,2026-04-17,135.00,call,136.61,143.07,141.40,21,144.75,30,0,132,2025-11-24,0.46853,0.99571,0.00016,-0.01755,0.02187,0.51937
1221,AAPL260417P00135000,AAPL,2026-04-17,135.00,put,0.00,0.23,0.20,6,0.25,24,0,58,2025-11-24,0.50755,-0.00715,0.00023,-0.00583,0.03440,-0.00868
1222,AAPL260417C00140000,AAPL,2026-04-17,140.00,call,133.61,138.50,136.55,21,140.45,21,0,94,2025-11-24,0.52706,0.98813,0.00034,-0.02408,0.05363,0.52936
1223,AAPL260417P00140000,AAPL,2026-04-17,140.00,put,0.00,0.26,0.23,14,0.28,46,0,93,2025-11-24,0.48804,-0.00783,0.00025,-0.00606,0.03730,-0.00948
1224,AAPL260417C00145000,AAPL,2026-04-17,145.00,call,124.95,133.32,131.65,26,135.00,30,0,27,2025-11-24,0.44901,0.99337,0.00024,-0.01999,0.03220,0.55542
1225,AAPL260417P00145000,AAPL,2026-04-17,145.00,put,0.00,0.30,0.27,30,0.32,49,0,75,2025-11-24,0.48804,-0.01067,0.00033,-0.00793,0.04886,-0.01295
1226,AAPL260417C00150000,AAPL,2026-04-17,150.00,call,122.48,128.45,126.80,26,130.10,30,0,39,2025-11-24,0.44901,0.99077,0.00032,-0.02212,0.04306,0.57170
1227,AAPL260417P00150000,AAPL,2026-04-17,150.00,put,0.39,0.34,0.32,44,0.37,76,4,194,2025-11-24,0.46853,-0.0116,0.00037,-0.00817,0.05255,-0.01403
1228,AAPL260417C00155000,AAPL,2026-04-17,155.00,call,116.44,123.65,122.05,8,125.25,52,0,578,2025-11-24,0.44901,0.98746,0.00042,-0.02459,0.05625,0.58709
1229,AAPL260417P00155000,AAPL,2026-04-17,155.00,put,0.00,0.41,0.38,10,0.43,22,0,81,2025-11-24,0.44901,-0.01254,0.00042,-0.00836,0.05625,-0.01512
1230,AAPL260417C00160000,AAPL,2026-04-17,160.00,call,118.00,118.72,117.05,26,120.40,30,0,1,2025-11-24,0.42950,0.9865,0.00046,-0.02525,0.05993,0.60543
1231,AAPL260417P00160000,AAPL,2026-04-17,160.00,put,0.55,0.46,0.44,14,0.49,10,12,143,2025-11-24,0.44901,-0.01669,0.00053,-0.01067,0.07192,-0.02019
1232,AAPL260417C00165000,AAPL,2026-04-17,165.00,call,96.40,113.88,112.20,26,115.55,30,0,5,2025-11-24,0.40999,0.98555,0.00052,-0.02586,0.06356,0.62378
1233,AAPL260417P00165000,AAPL,2026-04-17,165.00,put,0.00,0.55,0.52,2,0.58,4,0,60,2025-11-24,0.42950,-0.01797,0.00059,-0.01084,0.07662,-0.02166
1234,AAPL260417C00170000,AAPL,2026-04-17,170.00,call,97.45,109.12,107.55,4,110.70,34,0,8,2025-11-24,0.40999,0.98072,0.00066,-0.02875,0.08133,0.63735
1235,AAPL260417P00170000,AAPL,2026-04-17,170.00,put,0.00,0.63,0.60,4,0.66,5,0,158,2025-11-24,0.40999,-0.01928,0.00066,-0.01095,0.08133,-0.02314
1236,AAPL260417C00175000,AAPL,2026-04-17,175.00,call,97.50,104.45,103.00,4,105.90,34,0,5,2025-11-24,0.42950,0.96991,0.00092,-0.03497,0.11822,0.64339
1237,AAPL260417P00175000,AAPL,2026-04-17,175.00,put,0.85,0.73,0.71,7,0.76,7,11,169,2025-11-24,0.40999,-0.02521,0.00083,-0.01370,0.10201,-0.03038
1238,AAPL260417C00180000,AAPL,2026-04-17,180.00,call,98.45,99.50,97.90,4,101.10,34,0,11,2025-11-24,0.39048,0.97299,0.00092,-0.03262,0.10806,0.66694
1239,AAPL260417P00180000,AAPL,2026-04-17,180.00,put,0.85,0.85,0.83,32,0.88,10,13,508,2025-11-24,0.39048,-0.02701,0.00092,-0.01378,0.10806,-0.03241
1240,AAPL260417C00185000,AAPL,2026-04-17,185.00,call,93.50,94.75,93.15,4,96.35,34,50,79,2025-11-24,0.39048,0.96523,0.00114,-0.03630,0.13318,0.67691
1241,AAPL260417P00185000,AAPL,2026-04-17,185.00,put,1.06,1.00,0.97,15,1.03,10,3,307,2025-11-24,0.39048,-0.03477,0.00114,-0.01693,0.13318,-0.04186
1242,AAPL260417C00190000,AAPL,2026-04-17,190.00,call,86.65,90.10,88.60,4,91.60,34,0,69,2025-11-24,0.39048,0.95602,0.00138,-0.04032,0.16128,0.68504
1243,AAPL260417P00190000,AAPL,2026-04-17,190.00,put,1.14,1.17,1.14,15,1.21,4,123,1125,2025-11-24,0.37097,-0.03726,0.00127,-0.01695,0.14096,-0.04468
1244,AAPL260417C00195000,AAPL,2026-04-17,195.00,call,81.20,85.32,83.80,9,86.85,39,0,230,2025-11-24,0.37097,0.95273,0.00153,-0.04089,0.17090,0.70074
1245,AAPL260417P00195000,AAPL,2026-04-17,195.00,put,1.33,1.36,1.33,68,1.39,23,1,767,2025-11-24,0.37097,-0.04727,0.00153,-0.02048,0.17090,-0.05689
1246,AAPL260417C00200000,AAPL,2026-04-17,200.00,call,75.55,80.70,79.35,9,82.05,31,0,265,2025-11-24,0.37097,0.941,0.00183,-0.04526,0.20374,0.70578
1247,AAPL260417P00200000,AAPL,2026-04-17,200.00,put,1.58,1.59,1.56,50,1.62,27,124,5313,2025-11-24,0.35146,-0.05077,0.00171,-0.02044,0.18093,-0.06083
1248,AAPL260417C00205000,AAPL,2026-04-17,205.00,call,76.40,75.88,74.60,9,77.15,39,1,168,2025-11-24,0.35146,0.93644,0.00205,-0.04575,0.21594,0.72004
1249,AAPL260417P00205000,AAPL,2026-04-17,205.00,put,1.83,1.85,1.82,26,1.89,8,10,769,2025-11-24,0.35146,-0.06356,0.00205,-0.02429,0.21594,-0.07644
1250,AAPL260417C00210000,AAPL,2026-04-17,210.00,call,73.10,70.90,70.15,67,71.65,61,1,242,2025-11-24,0.33194,0.9315,0.00230,-0.04615,0.22885,0.73389
1251,AAPL260417P00210000,AAPL,2026-04-17,210.00,put,2.15,2.17,2.13,8,2.20,9,31,1245,2025-11-24,0.35146,-0.07833,0.00240,-0.02839,0.25356,-0.09458
1252,AAPL260417C00215000,AAPL,2026-04-17,215.00,call,67.28,66.75,66.20,4,67.30,5,2,173,2025-11-24,0.33194,0.91531,0.00270,-0.05076,0.26894,0.73353
1253,AAPL260417P00215000,AAPL,2026-04-17,215.00,put,2.53,2.54,2.50,8,2.57,19,21,3803,2025-11-24,0.33194,-0.08469,0.00270,-0.02826,0.26894,-0.10180
1254,AAPL260417C00220000,AAPL,2026-04-17,220.00,call,62.61,62.23,61.70,5,62.75,14,8,380,2025-11-24,0.33194,0.89687,0.00312,-0.05553,0.31105,0.73030
1255,AAPL260417P00220000,AAPL,2026-04-17,220.00,put,2.95,2.96,2.92,8,3.00,6,37,1465,2025-11-24,0.33194,-0.10313,0.00312,-0.03250,0.31105,-0.12446
1256,AAPL260417C00225000,AAPL,2026-04-17,225.00,call,58.50,57.75,57.30,40,58.20,32,103,820,2025-11-24,0.31243,0.88795,0.00352,-0.05575,0.33021,0.73957
1257,AAPL260417P00225000,AAPL,2026-04-17,225.00,put,3.40,3.42,3.40,47,3.45,27,58,6832,2025-11-24,0.31243,-0.11205,0.00352,-0.03220,0.33021,-0.13462
1258,AAPL260417C00230000,AAPL,2026-04-17,230.00,call,49.83,53.45,53.05,7,53.85,17,0,572,2025-11-24,0.31243,0.86514,0.00401,-0.06048,0.37601,0.73091
1259,AAPL260417P00230000,AAPL,2026-04-17,230.00,put,3.99,4.03,4.00,1,4.05,13,78,1990,2025-11-24,0.31243,-0.13486,0.00401,-0.03641,0.37601,-0.16271
1260,AAPL260417C00235000,AAPL,2026-04-17,235.00,call,46.36,49.23,48.85,7,49.60,14,0,731,2025-11-24,0.31243,0.83992,0.00450,-0.06513,0.42182,0.71905
1261,AAPL260417P00235000,AAPL,2026-04-17,235.00,put,4.65,4.68,4.65,62,4.70,10,54,3146,2025-11-24,0.31243,-0.16008,0.00450,-0.04053,0.42182,-0.19399
1262,AAPL260417C00240000,AAPL,2026-04-17,240.00,call,44.60,45.02,45.00,6,45.05,14,2,3185,2025-11-24,0.29292,0.82465,0.00508,-0.06492,0.44730,0.72094
1263,AAPL260417P00240000,AAPL,2026-04-17,240.00,put,5.43,5.47,5.45,22,5.50,17,137,4629,2025-11-24,0.29292,-0.17535,0.00508,-0.03979,0.44730,-0.21153
1264,AAPL260417C00245000,AAPL,2026-04-17,245.00,call,41.33,41.05,40.65,45,41.45,10,5,1400,2025-11-24,0.29292,0.79423,0.00561,-0.06912,0.49351,0.70250
1265,AAPL260417P00245000,AAPL,2026-04-17,245.00,put,6.30,6.38,6.35,14,6.40,14,71,2958,2025-11-24,0.29292,-0.20577,0.00561,-0.04347,0.49351,-0.24939
1266,AAPL260417C00250000,AAPL,2026-04-17,250.00,call,37.92,37.20,36.85,27,37.55,30,29,1287,2025-11-24,0.29292,0.76157,0.00610,-0.07295,0.53683,0.68093
1267,AAPL260417P00250000,AAPL,2026-04-17,250.00,put,7.29,7.45,7.40,42,7.50,10,224,2375,2025-11-24,0.29292,-0.23843,0.00610,-0.04678,0.53683,-0.29039
1268,AAPL260417C00255000,AAPL,2026-04-17,255.00,call,33.74,33.25,33.15,4,33.35,43,10,847,2025-11-24,0.27341,0.737,0.00689,-0.07178,0.56547,0.67183
1269,AAPL260417P00255000,AAPL,2026-04-17,255.00,put,8.70,8.62,8.60,56,8.65,29,22,1227,2025-11-24,0.27341,-0.263,0.00689,-0.04509,0.56547,-0.31892
1270,AAPL260417C00260000,AAPL,2026-04-17,260.00,call,29.80,29.77,29.75,9,29.80,56,24,4688,2025-11-24,0.27341,0.69884,0.00735,-0.07463,0.60363,0.64306
1271,AAPL260417P00260000,AAPL,2026-04-17,260.00,put,9.90,10.03,10.00,43,10.05,44,31,1868,2025-11-24,0.27341,-0.30116,0.00735,-0.04741,0.60363,-0.36712
1272,AAPL260417C00265000,AAPL,2026-04-17,265.00,call,26.75,26.38,26.35,2,26.40,56,39,1458,2025-11-24,0.27341,0.65915,0.00774,-0.07683,0.63562,0.61181
1273,AAPL260417P00265000,AAPL,2026-04-17,265.00,put,11.65,11.57,11.55,49,11.60,2,49,1312,2025-11-24,0.27341,-0.34085,0.00774,-0.04908,0.63562,-0.41779
1274,AAPL260417C00270000,AAPL,2026-04-17,270.00,call,23.49,23.20,23.15,11,23.25,57,49,3138,2025-11-24,0.25390,0.62238,0.00864,-0.07390,0.65861,0.58798
1275,AAPL260417P00270000,AAPL,2026-04-17,270.00,put,12.90,13.38,13.35,58,13.40,3,89,1144,2025-11-24,0.27341,-0.38159,0.00805,-0.05005,0.66072,-0.47044
1276,AAPL260417C00275000,AAPL,2026-04-17,275.00,call,20.25,20.25,20.20,10,20.30,74,267,2793,2025-11-24,0.25390,0.57796,0.00889,-0.07461,0.67816,0.55007
1277,AAPL260417P00275000,AAPL,2026-04-17,275.00,put,14.95,15.38,15.35,77,15.40,8,32,1398,2025-11-24,0.25390,-0.42204,0.00889,-0.04582,0.67816,-0.51838
1278,AAPL260417C00280000,AAPL,2026-04-17,280.00,call,17.45,17.52,17.50,12,17.55,76,98,2700,2025-11-24,0.25390,0.53334,0.00903,-0.07451,0.68898,0.51108
1279,AAPL260417P00280000,AAPL,2026-04-17,280.00,put,17.30,17.67,17.65,38,17.70,1,34,416,2025-11-24,0.25390,-0.46666,0.00903,-0.04520,0.68898,-0.57680
1280,AAPL260417C00285000,AAPL,2026-04-17,285.00,call,15.62,15.03,15.00,16,15.05,59,95,3793,2025-11-24,0.25390,0.48911,0.00906,-0.07364,0.69114,0.47162
1281,AAPL260417P00285000,AAPL,2026-04-17,285.00,put,19.65,20.27,20.15,30,20.40,8,2,234,2025-11-24,0.25390,-0.51089,0.00906,-0.04380,0.69114,-0.63569
1282,AAPL260417C00290000,AAPL,2026-04-17,290.00,call,13.10,12.82,12.80,12,12.85,93,19,4839,2025-11-24,0.25390,0.44577,0.00898,-0.07204,0.68500,0.43230
1283,AAPL260417P00290000,AAPL,2026-04-17,290.00,put,0.00,22.98,22.95,12,23.00,1,0,170,2025-11-24,0.25390,-0.55423,0.00898,-0.04168,0.68500,-0.69443
1284,AAPL260417C00295000,AAPL,2026-04-17,295.00,call,11.09,10.85,10.80,9,10.90,107,134,5816,2025-11-24,0.23438,0.39105,0.00945,-0.06453,0.66545,0.38494
1285,AAPL260417P00295000,AAPL,2026-04-17,295.00,put,0.00,26.15,26.00,8,26.30,8,0,255,2025-11-24,0.25390,-0.59621,0.00880,-0.03890,0.67119,-0.75249
1286,AAPL260417C00300000,AAPL,2026-04-17,300.00,call,9.15,9.10,9.05,3,9.15,104,841,5272,2025-11-24,0.23438,0.34799,0.00910,-0.06141,0.64058,0.34419
1287,AAPL260417P00300000,AAPL,2026-04-17,300.00,put,28.90,29.38,29.35,12,29.40,1,1,318,2025-11-24,0.25390,-0.63644,0.00853,-0.03554,0.65056,-0.80940
1288,AAPL260417C00305000,AAPL,2026-04-17,305.00,call,7.75,7.58,7.50,24,7.65,93,62,6229,2025-11-24,0.23438,0.30747,0.00865,-0.05781,0.60923,0.30545
1289,AAPL260417P00305000,AAPL,2026-04-17,305.00,put,0.00,33.10,32.95,5,33.25,7,0,179,2025-11-24,0.25390,-0.67458,0.00818,-0.03172,0.62409,-0.86476
1290,AAPL260417C00310000,AAPL,2026-04-17,310.00,call,6.45,6.28,6.20,41,6.35,54,65,1619,2025-11-24,0.23438,0.26978,0.00814,-0.05387,0.57280,0.26909
1291,AAPL260417P00310000,AAPL,2026-04-17,310.00,put,36.20,36.95,36.80,30,37.10,33,1,392,2025-11-24,0.25390,-0.7104,0.00777,-0.02752,0.59285,-0.91826
1292,AAPL260417C00315000,AAPL,2026-04-17,315.00,call,5.49,5.17,5.10,67,5.25,102,27,2383,2025-11-24,0.23438,0.23509,0.00757,-0.04969,0.53270,0.23537
1293,AAPL260417P00315000,AAPL,2026-04-17,315.00,put,0.00,41.10,40.50,5,41.70,4,0,187,2025-11-24,0.25390,-0.74373,0.00732,-0.02306,0.55795,-0.96964
1294,AAPL260417C00320000,AAPL,2026-04-17,320.00,call,4.30,4.28,4.25,4,4.30,57,23,1498,2025-11-24,0.23438,0.20351,0.00696,-0.04541,0.49028,0.20445
1295,AAPL260417P00320000,AAPL,2026-04-17,320.00,put,45.43,45.08,44.80,7,45.35,30,100,143,2025-11-24,0.27341,-0.75429,0.00664,-0.02483,0.54567,-1.00090
1296,AAPL260417C00325000,AAPL,2026-04-17,325.00,call,3.75,3.47,3.40,78,3.55,134,105,2057,2025-11-24,0.23438,0.17503,0.00635,-0.04112,0.44680,0.17640
1297,AAPL260417P00325000,AAPL,2026-04-17,325.00,put,49.93,49.65,49.30,49,50.00,28,101,32,2025-11-24,0.27341,-0.78181,0.00622,-0.02028,0.51072,-1.04674
1298,AAPL260417C00330000,AAPL,2026-04-17,330.00,call,2.90,2.84,2.80,1,2.88,42,45,459,2025-11-24,0.23438,0.1496,0.00573,-0.03690,0.40336,0.15121
1299,AAPL260417P00330000,AAPL,2026-04-17,330.00,put,0.00,54.30,52.80,4,55.80,4,0,0,2025-11-24,0.29292,-0.78745,0.00572,-0.02225,0.50302,-1.07296
1300,AAPL260417C00340000,AAPL,2026-04-17,340.00,call,1.99,1.88,1.84,4,1.92,48,94,464,2025-11-24,0.23438,0.10731,0.00455,-0.02899,0.32014,0.10904
1301,AAPL260417P00340000,AAPL,2026-04-17,340.00,put,0.00,64.08,62.15,26,66.00,21,0,0,2025-11-24,0.31243,-0.81274,0.00497,-0.01992,0.46610,-1.13722
1302,AAPL260417C00350000,AAPL,2026-04-17,350.00,call,1.34,1.25,1.21,40,1.28,55,21,798,2025-11-24,0.23438,0.07524,0.00349,-0.02208,0.24592,0.07680
1303,AAPL260417P00350000,AAPL,2026-04-17,350.00,put,0.00,74.08,72.15,26,76.00,21,0,0,2025-11-24,0.35146,-0.8153,0.00438,-0.02458,0.46214,-1.18075
1304,AAPL260417C00360000,AAPL,2026-04-17,360.00,call,0.89,0.82,0.79,40,0.86,50,13,892,2025-11-24,0.23438,0.05164,0.00260,-0.01635,0.18338,0.05292
1305,AAPL260417P00360000,AAPL,2026-04-17,360.00,put,0.00,84.08,82.15,26,86.00,21,0,0,2025-11-24,0.37097,-0.83131,0.00392,-0.02292,0.43638,-1.23567
1306,AAPL260417C00370000,AAPL,2026-04-17,370.00,call,0.59,0.54,0.52,35,0.57,33,25,197,2025-11-24,0.23438,0.03474,0.00189,-0.01179,0.13309,0.03572
1307,AAPL260417P00370000,AAPL,2026-04-17,370.00,put,0.00,94.08,92.15,26,96.00,21,0,0,2025-11-24,0.40999,-0.82922,0.00357,-0.02827,0.43984,-1.27453
1308,AAPL260417C00380000,AAPL,2026-04-17,380.00,call,0.37,0.36,0.34,36,0.38,46,1903,1085,2025-11-24,0.23438,0.02294,0.00134,-0.00831,0.09424,0.02367
1309,AAPL260417P00380000,AAPL,2026-04-17,380.00,put,0.00,104.08,102.15,20,106.00,21,0,0,2025-11-24,0.42950,-0.84008,0.00327,-0.02718,0.42155,-1.32431
1310,AAPL260417C00390000,AAPL,2026-04-17,390.00,call,0.24,0.23,0.21,85,0.26,34,1,123,2025-11-24,0.23438,0.01489,0.00093,-0.00572,0.06523,0.01541
1311,AAPL260417P00390000,AAPL,2026-04-17,390.00,put,0.00,114.08,112.15,26,116.00,21,0,0,2025-11-24,0.46853,-0.83564,0.00305,-0.03314,0.42913,-1.36090
1312,AAPL260417C00400000,AAPL,2026-04-17,400.00,call,0.16,0.16,0.14,93,0.17,50,7,13053,2025-11-24,0.23438,0.00952,0.00063,-0.00387,0.04423,0.00987
1313,AAPL260417P00400000,AAPL,2026-04-17,400.00,put,0.00,124.08,122.15,26,126.00,21,0,0,2025-11-24,0.48804,-0.84333,0.00284,-0.03255,0.41590,-1.40757
1314,AAPL260417C00410000,AAPL,2026-04-17,410.00,call,0.14,0.11,0.08,37,0.13,38,0,9,2025-11-24,0.25390,0.01051,0.00063,-0.00454,0.04823,0.01085
1315,AAPL260417P00410000,AAPL,2026-04-17,410.00,put,0.00,134.10,132.20,1,136.00,21,0,0,2025-11-24,0.50755,-0.84964,0.00265,-0.03218,0.40472,-1.45292
1316,AAPL260417C00420000,AAPL,2026-04-17,420.00,call,0.08,0.07,0.04,28,0.09,22,0,137,2025-11-24,0.25390,0.00697,0.00044,-0.00316,0.03364,0.00721
1317,AAPL260417P00420000,AAPL,2026-04-17,420.00,put,0.00,144.10,142.15,21,146.05,21,0,0,2025-11-24,0.54657,-0.84317,0.00254,-0.03890,0.41618,-1.48762
1318,AAPL260417C00430000,AAPL,2026-04-17,430.00,call,0.06,0.06,0.04,1,0.07,34,0,9,2025-11-24,0.25390,0.00458,0.00030,-0.00217,0.02315,0.00474
1319,AAPL260417P00430000,AAPL,2026-04-17,430.00,put,0.00,154.10,152.15,26,156.05,26,0,0,2025-11-24,0.56608,-0.84778,0.00240,-0.03894,0.40804,-1.53133
1320,AAPL260417C00440000,AAPL,2026-04-17,440.00,call,0.04,0.04,0.03,1,0.05,27,1,188,2025-11-24,0.25390,0.00297,0.00021,-0.00147,0.01574,0.00309
1321,AAPL260417P00440000,AAPL,2026-04-17,440.00,put,0.00,164.10,162.15,26,166.05,26,0,0,2025-11-24,0.58560,-0.85157,0.00228,-0.03917,0.40124,-1.57427
1322,AAPL260417C00450000,AAPL,2026-04-17,450.00,call,0.04,0.04,0.03,1,0.04,1,10,672,2025-11-24,0.27341,0.00376,0.00024,-0.00195,0.01940,0.00388
1323,AAPL260417P00450000,AAPL,2026-04-17,450.00,put,0.00,174.10,172.15,26,176.05,26,0,0,2025-11-24,0.60511,-0.85466,0.00218,-0.03957,0.39563,-1.61655
1324,AAPL260515C00005000,AAPL,2026-05-15,5.00,call,270.38,271.07,269.15,21,273.00,4,1,12,2025-11-24,2.24409,0.99964,0.00000,-0.00210,0.00245,0.02238
1325,AAPL260515P00005000,AAPL,2026-05-15,5.00,put,0.00,0.01,0.00,0,0.02,1,0,3065,2025-11-24,1.89288,-9e-05,0.00000,-0.00036,0.00067,-0.00016
1326,AAPL260515C00010000,AAPL,2026-05-15,10.00,call,265.39,266.10,264.20,21,268.00,2,2,2,2025-11-24,0.01976,1.0,0.00000,-0.00104,0.00000,0.04627
1327,AAPL260515P00010000,AAPL,2026-05-15,10.00,put,0.00,0.01,0.00,0,0.03,2,0,1047,2025-11-24,1.54167,-0.00012,0.00000,-0.00038,0.00086,-0.00020
1328,AAPL260515C00015000,AAPL,2026-05-15,15.00,call,253.05,261.12,259.25,21,263.00,2,0,2,2025-11-24,0.01976,1.0,0.00000,-0.00157,0.00000,0.06940
1329,AAPL260515P00015000,AAPL,2026-05-15,15.00,put,0.00,0.01,0.00,0,0.03,1,0,3,2025-11-24,1.32704,-0.00012,0.00000,-0.00034,0.00089,-0.00020
1330,AAPL260515C00020000,AAPL,2026-05-15,20.00,call,0.00,256.15,254.30,21,258.00,2,0,0,2025-11-24,0.01976,1.0,0.00000,-0.00209,0.00000,0.09254
1331,AAPL260515P00020000,AAPL,2026-05-15,20.00,put,0.00,0.01,0.00,0,0.04,4,0,1,2025-11-24,1.19046,-0.00014,0.00000,-0.00034,0.00099,-0.00022
1332,AAPL260515C00025000,AAPL,2026-05-15,25.00,call,0.00,251.35,249.40,21,253.30,1,0,0,2025-11-24,0.01976,1.0,0.00000,-0.00261,0.00000,0.11567
1333,AAPL260515P00025000,AAPL,2026-05-15,25.00,put,0.00,0.01,0.00,0,0.03,4,0,2,2025-11-24,1.09290,-0.00016,0.00000,-0.00036,0.00116,-0.00025
1334,AAPL260515C00030000,AAPL,2026-05-15,30.00,call,179.90,246.45,244.50,21,248.40,1,0,1,2025-11-24,0.01976,1.0,0.00000,-0.00313,0.00000,0.13881
1335,AAPL260515P00030000,AAPL,2026-05-15,30.00,put,0.00,0.01,0.00,0,0.03,4,0,0,2025-11-24,1.01485,-0.00019,0.00000,-0.00039,0.00134,-0.00029
1336,AAPL260515C00035000,AAPL,2026-05-15,35.00,call,0.00,241.55,239.60,21,243.50,3,0,0,2025-11-24,0.01976,1.0,0.00000,-0.00365,0.00000,0.16194
1337,AAPL260515P00035000,AAPL,2026-05-15,35.00,put,0.00,0.01,0.00,0,0.04,4,0,66,2025-11-24,0.93681,-0.00018,0.00000,-0.00036,0.00133,-0.00029
1338,AAPL260515C00040000,AAPL,2026-05-15,40.00,call,0.00,236.60,234.70,21,238.50,2,0,0,2025-11-24,0.01976,1.0,0.00000,-0.00418,0.00000,0.18508
1339,AAPL260515P00040000,AAPL,2026-05-15,40.00,put,0.00,0.01,0.00,0,0.04,8,0,144,2025-11-24,0.87827,-0.0002,0.00000,-0.00037,0.00146,-0.00031
1340,AAPL260515C00045000,AAPL,2026-05-15,45.00,call,0.00,231.65,229.80,21,233.50,2,0,0,2025-11-24,0.01976,1.0,0.00000,-0.00470,0.00000,0.20821
1341,AAPL260515P00045000,AAPL,2026-05-15,45.00,put,0.00,0.01,0.00,0,0.05,4,0,47,2025-11-24,0.81974,-0.0002,0.00000,-0.00034,0.00145,-0.00031
1342,AAPL260515C00050000,AAPL,2026-05-15,50.00,call,225.95,226.85,224.90,21,228.80,1,1,1,2025-11-24,0.83925,0.99949,0.00001,-0.00604,0.00343,0.23057
1343,AAPL260515P00050000,AAPL,2026-05-15,50.00,put,0.00,0.01,0.00,0,0.04,6,0,5,2025-11-24,0.78071,-0.00024,0.00001,-0.00038,0.00172,-0.00036
1344,AAPL260515C00060000,AAPL,2026-05-15,60.00,call,146.61,217.05,215.10,21,219.00,3,0,20,2025-11-24,0.78071,0.99918,0.00002,-0.00744,0.00531,0.27637
1345,AAPL260515P00060000,AAPL,2026-05-15,60.00,put,0.00,0.01,0.00,0,0.05,13,0,109,2025-11-24,0.70267,-0.00029,0.00001,-0.00040,0.00202,-0.00043
1346,AAPL260515C00070000,AAPL,2026-05-15,70.00,call,179.25,207.15,205.30,21,209.00,2,0,1,2025-11-24,0.01976,1.0,0.00000,-0.00731,0.00000,0.32389
1347,AAPL260515P00070000,AAPL,2026-05-15,70.00,put,0.00,0.05,0.03,3,0.07,4,0,55,2025-11-24,0.72218,-0.00114,0.00003,-0.00147,0.00718,-0.00172
1348,AAPL260515C00080000,AAPL,2026-05-15,80.00,call,189.64,197.48,195.55,21,199.40,1,0,1,2025-11-24,0.70267,0.99779,0.00005,-0.01097,0.01317,0.36681
1349,AAPL260515P00080000,AAPL,2026-05-15,80.00,put,0.00,0.05,0.02,6,0.08,4,0,13,2025-11-24,0.66364,-0.00142,0.00004,-0.00164,0.00876,-0.00211
1350,AAPL260515C00085000,AAPL,2026-05-15,85.00,call,184.72,192.57,190.65,21,194.50,2,0,1,2025-11-24,0.68315,0.99732,0.00006,-0.01189,0.01567,0.38924
1351,AAPL260515P00085000,AAPL,2026-05-15,85.00,put,0.00,0.07,0.04,1,0.10,6,0,22,2025-11-24,0.64413,-0.00172,0.00005,-0.00190,0.01047,-0.00256
1352,AAPL260515C00090000,AAPL,2026-05-15,90.00,call,182.21,187.62,185.75,26,189.50,2,0,33,2025-11-24,0.62462,0.99795,0.00005,-0.01156,0.01230,0.41338
1353,AAPL260515P00090000,AAPL,2026-05-15,90.00,put,0.00,0.08,0.05,7,0.11,11,0,6,2025-11-24,0.62462,-0.00205,0.00005,-0.00216,0.01230,-0.00305
1354,AAPL260515C00095000,AAPL,2026-05-15,95.00,call,177.32,182.68,180.85,26,184.50,2,0,2,2025-11-24,0.54657,0.99896,0.00003,-0.01093,0.00662,0.43805
1355,AAPL260515P00095000,AAPL,2026-05-15,95.00,put,0.00,0.10,0.07,2,0.13,4,0,15,2025-11-24,0.60511,-0.00241,0.00007,-0.00242,0.01423,-0.00357
1356,AAPL260515C00100000,AAPL,2026-05-15,100.00,call,168.00,177.93,175.95,21,179.90,21,0,3,2025-11-24,0.62462,0.99566,0.00011,-0.01468,0.02416,0.45618
1357,AAPL260515P00100000,AAPL,2026-05-15,100.00,put,0.00,0.11,0.08,7,0.14,2,0,129,2025-11-24,0.58560,-0.00279,0.00008,-0.00267,0.01624,-0.00412
1358,AAPL260515C00105000,AAPL,2026-05-15,105.00,call,146.38,173.05,171.10,21,175.00,21,0,1,2025-11-24,0.60511,0.99503,0.00013,-0.01559,0.02726,0.47840
1359,AAPL260515P00105000,AAPL,2026-05-15,105.00,put,0.00,0.13,0.10,24,0.16,31,0,35,2025-11-24,0.56608,-0.00319,0.00009,-0.00291,0.01831,-0.00470
1360,AAPL260515C00110000,AAPL,2026-05-15,110.00,call,0.00,168.10,166.20,21,170.00,2,0,0,2025-11-24,0.56608,0.99544,0.00012,-0.01548,0.02520,0.50223
1361,AAPL260515P00110000,AAPL,2026-05-15,110.00,put,0.00,0.16,0.13,12,0.19,50,0,72,2025-11-24,0.56608,-0.00456,0.00012,-0.00400,0.02520,-0.00674
1362,AAPL260515C00115000,AAPL,2026-05-15,115.00,call,157.28,162.98,161.30,26,164.65,30,0,2,2025-11-24,0.01976,1.0,0.00000,-0.01200,0.00000,0.53210
1363,AAPL260515P00115000,AAPL,2026-05-15,115.00,put,0.00,0.18,0.15,21,0.21,46,0,25,2025-11-24,0.54657,-0.0051,0.00014,-0.00426,0.02788,-0.00752
1364,AAPL260515C00120000,AAPL,2026-05-15,120.00,call,158.40,158.10,156.45,26,159.75,30,1,32,2025-11-24,0.37097,0.99974,0.00001,-0.01272,0.00184,0.55487
1365,AAPL260515P00120000,AAPL,2026-05-15,120.00,put,0.00,0.21,0.18,21,0.24,48,0,93,2025-11-24,0.52706,-0.00566,0.00016,-0.00450,0.03058,-0.00831
1366,AAPL260515C00125000,AAPL,2026-05-15,125.00,call,145.67,153.23,151.55,26,154.90,30,0,76,2025-11-24,0.42950,0.9981,0.00007,-0.01441,0.01144,0.57567
1367,AAPL260515P00125000,AAPL,2026-05-15,125.00,put,0.00,0.24,0.21,25,0.27,50,0,35,2025-11-24,0.50755,-0.00622,0.00018,-0.00470,0.03326,-0.00911
1368,AAPL260515C00130000,AAPL,2026-05-15,130.00,call,141.27,148.38,146.70,21,150.05,30,0,74,2025-11-24,0.44901,0.99603,0.00014,-0.01635,0.02226,0.59581
1369,AAPL260515P00130000,AAPL,2026-05-15,130.00,put,0.00,0.28,0.25,22,0.31,44,0,664,2025-11-24,0.50755,-0.0085,0.00024,-0.00618,0.04379,-0.01249
1370,AAPL260515C00135000,AAPL,2026-05-15,135.00,call,97.70,143.68,141.85,21,145.50,2,0,2,2025-11-24,0.48804,0.99076,0.00027,-0.02047,0.04712,0.61111
1371,AAPL260515P00135000,AAPL,2026-05-15,135.00,put,0.00,0.32,0.29,34,0.35,39,0,95,2025-11-24,0.48804,-0.00924,0.00027,-0.00638,0.04712,-0.01352
1372,AAPL260515C00140000,AAPL,2026-05-15,140.00,call,132.79,138.93,136.95,22,140.90,21,0,7,2025-11-24,0.48804,0.98769,0.00035,-0.02279,0.06049,0.62969
1373,AAPL260515P00140000,AAPL,2026-05-15,140.00,put,0.00,0.37,0.34,37,0.40,36,0,91,2025-11-24,0.46853,-0.00998,0.00030,-0.00653,0.05039,-0.01454
1374,AAPL260515C00145000,AAPL,2026-05-15,145.00,call,112.84,133.85,132.10,26,135.60,30,0,14,2025-11-24,0.44901,0.9893,0.00033,-0.02178,0.05356,0.65537
1375,AAPL260515P00145000,AAPL,2026-05-15,145.00,put,0.00,0.43,0.40,19,0.46,42,0,132,2025-11-24,0.46853,-0.01328,0.00038,-0.00836,0.06457,-0.01942
1376,AAPL260515C00150000,AAPL,2026-05-15,150.00,call,126.30,129.03,127.45,5,130.60,30,0,123,2025-11-24,0.42950,0.98859,0.00037,-0.02235,0.05661,0.67756
1377,AAPL260515P00150000,AAPL,2026-05-15,150.00,put,0.57,0.50,0.47,79,0.53,49,1,1238,2025-11-24,0.44901,-0.01423,0.00043,-0.00848,0.06857,-0.02074
1378,AAPL260515C00155000,AAPL,2026-05-15,155.00,call,119.27,124.28,122.75,24,125.80,35,0,483,2025-11-24,0.42950,0.98482,0.00047,-0.02473,0.07247,0.69516
1379,AAPL260515P00155000,AAPL,2026-05-15,155.00,put,0.00,0.58,0.55,38,0.61,42,0,634,2025-11-24,0.44901,-0.01856,0.00053,-0.01062,0.08608,-0.02715
1380,AAPL260515C00160000,AAPL,2026-05-15,160.00,call,119.72,119.35,117.70,5,121.00,30,5,20,2025-11-24,0.40999,0.9839,0.00052,-0.02526,0.07622,0.71706
1381,AAPL260515P00160000,AAPL,2026-05-15,160.00,put,0.71,0.68,0.65,101,0.70,34,1,333,2025-11-24,0.42950,-0.01981,0.00059,-0.01071,0.09097,-0.02884
1382,AAPL260515C00165000,AAPL,2026-05-15,165.00,call,109.73,114.68,113.15,19,116.20,52,0,729,2025-11-24,0.42950,0.97461,0.00073,-0.03039,0.11215,0.72634
1383,AAPL260515P00165000,AAPL,2026-05-15,165.00,put,0.00,0.78,0.75,42,0.81,37,0,420,2025-11-24,0.42950,-0.02539,0.00073,-0.01317,0.11215,-0.03711
1384,AAPL260515C00170000,AAPL,2026-05-15,170.00,call,105.15,109.90,108.40,4,111.40,34,0,22,2025-11-24,0.40999,0.97298,0.00080,-0.03094,0.11814,0.74727
1385,AAPL260515P00170000,AAPL,2026-05-15,170.00,put,0.00,0.91,0.88,45,0.94,43,0,686,2025-11-24,0.40999,-0.02702,0.00080,-0.01319,0.11814,-0.03931
1386,AAPL260515C00175000,AAPL,2026-05-15,175.00,call,99.45,105.10,103.55,4,106.65,34,0,31,2025-11-24,0.39048,0.97134,0.00089,-0.03141,0.12407,0.76822
1387,AAPL260515P00175000,AAPL,2026-05-15,175.00,put,1.10,1.06,1.03,64,1.09,74,8,1001,2025-11-24,0.40999,-0.03411,0.00097,-0.01596,0.14330,-0.04982
1388,AAPL260515C00180000,AAPL,2026-05-15,180.00,call,100.25,100.45,99.00,4,101.90,34,1,55,2025-11-24,0.39048,0.96374,0.00108,-0.03470,0.15067,0.78014
1389,AAPL260515P00180000,AAPL,2026-05-15,180.00,put,1.29,1.23,1.19,69,1.26,57,6,2444,2025-11-24,0.39048,-0.03626,0.00108,-0.01591,0.15067,-0.05271
1390,AAPL260515C00185000,AAPL,2026-05-15,185.00,call,94.30,96.00,94.80,7,97.20,39,11,119,2025-11-24,0.40999,0.94803,0.00137,-0.04159,0.20145,0.77948
1391,AAPL260515P00185000,AAPL,2026-05-15,185.00,put,0.00,1.42,1.39,31,1.46,38,0,318,2025-11-24,0.39048,-0.04517,0.00129,-0.01896,0.18009,-0.06591
1392,AAPL260515C00190000,AAPL,2026-05-15,190.00,call,91.05,91.00,89.55,4,92.45,34,1,47,2025-11-24,0.37097,0.95196,0.00142,-0.03866,0.18920,0.80937
1393,AAPL260515P00190000,AAPL,2026-05-15,190.00,put,1.71,1.66,1.62,44,1.69,50,53,1023,2025-11-24,0.37097,-0.04804,0.00142,-0.01883,0.18920,-0.06975
1394,AAPL260515C00195000,AAPL,2026-05-15,195.00,call,85.20,86.28,84.90,9,87.65,39,2,197,2025-11-24,0.37097,0.94088,0.00168,-0.04246,0.22304,0.81608
1395,AAPL260515P00195000,AAPL,2026-05-15,195.00,put,1.95,1.91,1.88,15,1.94,11,21,1065,2025-11-24,0.37097,-0.05912,0.00168,-0.02211,0.22304,-0.08618
1396,AAPL260515C00200000,AAPL,2026-05-15,200.00,call,77.23,81.62,80.35,9,82.90,39,0,369,2025-11-24,0.35146,0.93702,0.00186,-0.04276,0.23434,0.83405
1397,AAPL260515P00200000,AAPL,2026-05-15,200.00,put,2.17,2.22,2.18,31,2.26,35,22,1389,2025-11-24,0.35146,-0.06298,0.00186,-0.02188,0.23434,-0.09134
1398,AAPL260515C00210000,AAPL,2026-05-15,210.00,call,72.22,72.38,71.95,49,72.80,14,16,1082,2025-11-24,0.33194,0.91808,0.00241,-0.04691,0.28668,0.85299
1399,AAPL260515P00210000,AAPL,2026-05-15,210.00,put,2.96,2.95,2.93,6,2.96,5,46,3798,2025-11-24,0.35146,-0.09209,0.00248,-0.02893,0.31287,-0.13465
1400,AAPL260515C00220000,AAPL,2026-05-15,220.00,call,64.55,63.85,63.50,7,64.20,40,30,910,2025-11-24,0.33194,0.8826,0.00313,-0.05509,0.37307,0.84644
1401,AAPL260515P00220000,AAPL,2026-05-15,220.00,put,3.90,3.95,3.90,29,4.00,9,25,1880,2025-11-24,0.33194,-0.1174,0.00313,-0.03213,0.37307,-0.17149
1402,AAPL260515C00230000,AAPL,2026-05-15,230.00,call,56.00,55.28,54.95,7,55.60,30,189,1137,2025-11-24,0.31243,0.85111,0.00392,-0.05902,0.43943,0.84690
1403,AAPL260515P00230000,AAPL,2026-05-15,230.00,put,5.45,5.22,5.20,31,5.25,9,78,4580,2025-11-24,0.31243,-0.14889,0.00392,-0.03501,0.43943,-0.21730
1404,AAPL260515C00240000,AAPL,2026-05-15,240.00,call,47.91,47.17,46.90,7,47.45,72,128,4787,2025-11-24,0.31243,0.80033,0.00473,-0.06653,0.52975,0.81631
1405,AAPL260515P00240000,AAPL,2026-05-15,240.00,put,6.80,6.93,6.90,40,6.95,11,134,3172,2025-11-24,0.31243,-0.19967,0.00473,-0.04148,0.52975,-0.29416
1406,AAPL260515C00250000,AAPL,2026-05-15,250.00,call,39.82,39.33,39.30,8,39.35,21,10,2676,2025-11-24,0.29292,0.7524,0.00570,-0.06886,0.59881,0.79206
1407,AAPL260515P00250000,AAPL,2026-05-15,250.00,put,9.10,9.12,9.10,40,9.15,23,736,2977,2025-11-24,0.29292,-0.2476,0.00570,-0.04276,0.59881,-0.36467
1408,AAPL260515C00260000,AAPL,2026-05-15,260.00,call,33.17,32.27,32.25,10,32.30,69,90,2912,2025-11-24,0.27341,0.69424,0.00677,-0.06977,0.66419,0.75260
1409,AAPL260515P00260000,AAPL,2026-05-15,260.00,put,11.80,11.90,11.85,84,11.95,4,36,6057,2025-11-24,0.29292,-0.31312,0.00639,-0.04663,0.67113,-0.46612
1410,AAPL260515C00270000,AAPL,2026-05-15,270.00,call,26.60,25.85,25.80,7,25.90,65,55,2981,2025-11-24,0.27341,0.62051,0.00735,-0.07272,0.72089,0.68387
1411,AAPL260515P00270000,AAPL,2026-05-15,270.00,put,15.35,15.40,15.35,63,15.45,8,108,1111,2025-11-24,0.27341,-0.37949,0.00735,-0.04454,0.72089,-0.56540
1412,AAPL260515C00280000,AAPL,2026-05-15,280.00,call,20.94,20.23,20.20,30,20.25,55,71,2399,2025-11-24,0.25390,0.54293,0.00825,-0.06929,0.75125,0.61345
1413,AAPL260515P00280000,AAPL,2026-05-15,280.00,put,19.40,19.67,19.65,53,19.70,21,26,10132,2025-11-24,0.27341,-0.45499,0.00765,-0.04419,0.75082,-0.68631
1414,AAPL260515C00290000,AAPL,2026-05-15,290.00,call,15.95,15.50,15.50,1,15.50,117,766,2333,2025-11-24,0.25390,0.46275,0.00826,-0.06747,0.75234,0.52925
1415,AAPL260515P00290000,AAPL,2026-05-15,290.00,put,25.40,24.98,24.85,35,25.10,1,3,82,2025-11-24,0.27341,-0.52946,0.00768,-0.04164,0.75357,-0.80937
1416,AAPL260515C00300000,AAPL,2026-05-15,300.00,call,12.00,11.55,11.50,2,11.60,101,192,7135,2025-11-24,0.25390,0.38667,0.00796,-0.06359,0.72493,0.44687
1417,AAPL260515P00300000,AAPL,2026-05-15,300.00,put,30.80,31.15,31.00,27,31.30,3,10,112,2025-11-24,0.25390,-0.61333,0.00796,-0.03227,0.72493,-0.94122
1418,AAPL260515C00310000,AAPL,2026-05-15,310.00,call,8.85,8.48,8.40,24,8.55,106,36,3366,2025-11-24,0.25390,0.31698,0.00741,-0.05813,0.67465,0.36964
1419,AAPL260515P00310000,AAPL,2026-05-15,310.00,put,40.65,38.28,38.10,7,38.45,7,24,131,2025-11-24,0.27341,-0.66613,0.00703,-0.03111,0.68913,-1.04903
1420,AAPL260515C00320000,AAPL,2026-05-15,320.00,call,6.16,6.12,6.05,25,6.20,78,1171,2012,2025-11-24,0.23438,0.23359,0.00690,-0.04578,0.58013,0.27729
1421,AAPL260515P00320000,AAPL,2026-05-15,320.00,put,45.68,46.23,45.70,9,46.75,16,19,61,2025-11-24,0.27341,-0.72522,0.00644,-0.02402,0.63176,-1.16095
1422,AAPL260515C00330000,AAPL,2026-05-15,330.00,call,4.30,4.35,4.30,84,4.40,9,153,917,2025-11-24,0.23438,0.17923,0.00589,-0.03860,0.49567,0.21414
1423,AAPL260515P00330000,AAPL,2026-05-15,330.00,put,54.34,55.08,54.40,30,55.75,30,4,35,2025-11-24,0.29292,-0.75761,0.00563,-0.02231,0.59200,-1.24574
1424,AAPL260515C00340000,AAPL,2026-05-15,340.00,call,3.10,3.10,3.05,27,3.15,72,36,598,2025-11-24,0.23438,0.13483,0.00489,-0.03165,0.41088,0.16200
1425,AAPL260515P00340000,AAPL,2026-05-15,340.00,put,63.85,64.12,62.15,21,66.10,21,4,0,2025-11-24,0.31243,-0.78266,0.00497,-0.02076,0.55691,-1.32193
1426,AAPL260515C00350000,AAPL,2026-05-15,350.00,call,2.31,2.19,2.14,23,2.23,55,8,1062,2025-11-24,0.23438,0.09957,0.00394,-0.02529,0.33136,0.12023
1427,AAPL260515P00350000,AAPL,2026-05-15,350.00,put,0.00,74.10,72.15,26,76.05,26,0,0,2025-11-24,0.33194,-0.8022,0.00442,-0.01944,0.52675,-1.39165
1428,AAPL260515C00360000,AAPL,2026-05-15,360.00,call,1.60,1.54,1.51,36,1.58,49,5,441,2025-11-24,0.23438,0.07227,0.00310,-0.01973,0.26062,0.08764
1429,AAPL260515P00360000,AAPL,2026-05-15,360.00,put,0.00,84.10,82.15,26,86.05,26,0,0,2025-11-24,0.37097,-0.80106,0.00397,-0.02452,0.52859,-1.43974
1430,AAPL260515C00370000,AAPL,2026-05-15,370.00,call,1.13,1.09,1.06,30,1.12,21,1,249,2025-11-24,0.23438,0.05161,0.00238,-0.01507,0.20036,0.06284
1431,AAPL260515P00370000,AAPL,2026-05-15,370.00,put,0.00,94.10,92.15,26,96.05,26,0,0,2025-11-24,0.39048,-0.81389,0.00362,-0.02373,0.50748,-1.50148
1432,AAPL260515C00380000,AAPL,2026-05-15,380.00,call,0.80,0.77,0.74,19,0.80,29,22,778,2025-11-24,0.25390,0.05006,0.00215,-0.01580,0.19552,0.06064
1433,AAPL260515P00380000,AAPL,2026-05-15,380.00,put,0.00,104.10,102.15,26,106.05,26,0,0,2025-11-24,0.40999,-0.82421,0.00333,-0.02316,0.48965,-1.56031
1434,AAPL260515C00390000,AAPL,2026-05-15,390.00,call,0.57,0.54,0.51,18,0.57,18,2,200,2025-11-24,0.25390,0.03646,0.00166,-0.01217,0.15134,0.04431
1435,AAPL260515P00390000,AAPL,2026-05-15,390.00,put,0.00,114.10,112.15,26,116.05,26,0,0,2025-11-24,0.44901,-0.81838,0.00310,-0.02908,0.49981,-1.60292
1436,AAPL260515C00400000,AAPL,2026-05-15,400.00,call,0.41,0.38,0.36,27,0.40,46,5018,1661,2025-11-24,0.25390,0.02627,0.00127,-0.00924,0.11541,0.03203
1437,AAPL260515P00400000,AAPL,2026-05-15,400.00,put,0.00,124.10,122.15,26,126.05,26,0,0,2025-11-24,0.46853,-0.82561,0.00290,-0.02895,0.48717,-1.65813
1438,AAPL260515C00410000,AAPL,2026-05-15,410.00,call,0.35,0.27,0.24,31,0.30,35,0,180,2025-11-24,0.25390,0.01875,0.00095,-0.00692,0.08681,0.02292
1439,AAPL260515P00410000,AAPL,2026-05-15,410.00,put,0.00,134.10,132.15,26,136.05,26,0,0,2025-11-24,0.48804,-0.83149,0.00272,-0.02900,0.47660,-1.71181
1440,AAPL260515C00420000,AAPL,2026-05-15,420.00,call,0.40,0.20,0.17,22,0.22,3,0,97,2025-11-24,0.25390,0.01326,0.00071,-0.00513,0.06450,0.01625
1441,AAPL260515P00420000,AAPL,2026-05-15,420.00,put,0.00,144.10,142.15,22,146.05,26,0,0,2025-11-24,0.50755,-0.83626,0.00257,-0.02923,0.46785,-1.76423
1442,AAPL260515C00430000,AAPL,2026-05-15,430.00,call,0.15,0.14,0.11,33,0.16,47,7,211,2025-11-24,0.25390,0.0093,0.00052,-0.00375,0.04737,0.01142
1443,AAPL260515P00430000,AAPL,2026-05-15,430.00,put,0.00,154.10,152.15,21,156.05,26,0,0,2025-11-24,0.54657,-0.82797,0.00246,-0.03604,0.48297,-1.80418
1444,AAPL260515C00440000,AAPL,2026-05-15,440.00,call,0.12,0.10,0.07,28,0.13,55,0,66,2025-11-24,0.25390,0.00647,0.00038,-0.00272,0.03443,0.00796
1445,AAPL260515P00440000,AAPL,2026-05-15,440.00,put,0.00,164.10,162.15,26,166.05,26,0,0,2025-11-24,0.56608,-0.83136,0.00235,-0.03662,0.47684,-1.85506
1446,AAPL260515C00450000,AAPL,2026-05-15,450.00,call,0.08,0.07,0.04,101,0.10,136,53,1287,2025-11-24,0.25390,0.00447,0.00027,-0.00195,0.02478,0.00551
1447,AAPL260515P00450000,AAPL,2026-05-15,450.00,put,0.00,174.10,172.15,26,176.05,26,0,0,2025-11-24,0.58560,-0.83405,0.00225,-0.03736,0.47192,-1.90518
1448,AAPL260618C00005000,AAPL,2026-06-18,5.00,call,262.55,271.07,269.15,19,273.00,2,0,0,2025-11-24,1.97093,0.99973,0.00000,-0.00149,0.00205,0.02695
1449,AAPL260618P00005000,AAPL,2026-06-18,5.00,put,0.00,0.01,0.00,0,0.04,4,0,4501,2025-11-24,1.71728,-8e-05,0.00000,-0.00028,0.00068,-0.00018
1450,AAPL260618C00010000,AAPL,2026-06-18,10.00,call,160.95,266.10,264.20,19,268.00,2,0,0,2025-11-24,0.01976,1.0,0.00000,-0.00104,0.00000,0.05522
1451,AAPL260618P00010000,AAPL,2026-06-18,10.00,put,0.00,0.01,0.00,0,0.03,5,0,37,2025-11-24,1.40509,-0.00011,0.00000,-0.00031,0.00091,-0.00023
1452,AAPL260618C00015000,AAPL,2026-06-18,15.00,call,195.15,261.12,259.25,19,263.00,2,0,3,2025-11-24,0.01976,1.0,0.00000,-0.00156,0.00000,0.08282
1453,AAPL260618P00015000,AAPL,2026-06-18,15.00,put,0.00,0.01,0.00,0,0.03,4,0,83,2025-11-24,1.22948,-0.00014,0.00000,-0.00032,0.00110,-0.00027
1454,AAPL260618C00020000,AAPL,2026-06-18,20.00,call,178.50,256.15,254.30,19,258.00,2,0,7,2025-11-24,0.01976,1.0,0.00000,-0.00208,0.00000,0.11043
1455,AAPL260618P00020000,AAPL,2026-06-18,20.00,put,0.04,0.01,0.00,0,0.03,11,1,58,2025-11-24,1.09290,-0.00014,0.00000,-0.00029,0.00112,-0.00027
1456,AAPL260618C00025000,AAPL,2026-06-18,25.00,call,185.35,251.15,250.50,25,251.80,3,0,3174,2025-11-24,0.01976,1.0,0.00000,-0.00260,0.00000,0.13804
1457,AAPL260618P00025000,AAPL,2026-06-18,25.00,put,0.00,0.01,0.00,0,0.04,4,0,5759,2025-11-24,0.99534,-0.00015,0.00000,-0.00029,0.00120,-0.00029
1458,AAPL260618C00030000,AAPL,2026-06-18,30.00,call,198.12,246.45,244.50,19,248.40,1,0,4,2025-11-24,0.01976,1.0,0.00000,-0.00312,0.00000,0.16565
1459,AAPL260618P00030000,AAPL,2026-06-18,30.00,put,0.00,0.01,0.00,0,0.04,11,0,452,2025-11-24,0.91729,-0.00016,0.00000,-0.00028,0.00129,-0.00030
1460,AAPL260618C00035000,AAPL,2026-06-18,35.00,call,235.42,241.55,239.60,19,243.50,3,0,3,2025-11-24,0.01976,1.0,0.00000,-0.00364,0.00000,0.19326
1461,AAPL260618P00035000,AAPL,2026-06-18,35.00,put,0.00,0.01,0.00,0,0.03,12,0,1634,2025-11-24,0.85876,-0.00019,0.00000,-0.00030,0.00148,-0.00035
1462,AAPL260618C00040000,AAPL,2026-06-18,40.00,call,157.25,236.60,234.70,19,238.50,2,0,1,2025-11-24,0.01976,1.0,0.00000,-0.00416,0.00000,0.22086
1463,AAPL260618P00040000,AAPL,2026-06-18,40.00,put,0.00,0.01,0.00,0,0.04,3,0,282,2025-11-24,0.80022,-0.00019,0.00000,-0.00029,0.00152,-0.00035
1464,AAPL260618C00045000,AAPL,2026-06-18,45.00,call,209.45,231.65,229.80,19,233.50,2,0,3,2025-11-24,0.01976,1.0,0.00000,-0.00468,0.00000,0.24847
1465,AAPL260618P00045000,AAPL,2026-06-18,45.00,put,0.00,0.01,0.00,0,0.05,10,0,2514,2025-11-24,0.76120,-0.00024,0.00001,-0.00033,0.00184,-0.00043
1466,AAPL260618C00050000,AAPL,2026-06-18,50.00,call,226.47,226.90,224.95,19,228.85,19,0,627,2025-11-24,0.01976,1.0,0.00000,-0.00520,0.00000,0.27608
1467,AAPL260618P00050000,AAPL,2026-06-18,50.00,put,0.00,0.03,0.01,6,0.05,10,0,2680,2025-11-24,0.78071,-0.00059,0.00001,-0.00080,0.00430,-0.00109
1468,AAPL260618C00055000,AAPL,2026-06-18,55.00,call,213.72,222.00,220.05,11,223.95,1,0,152,2025-11-24,0.01976,1.0,0.00000,-0.00572,0.00000,0.30369
1469,AAPL260618P00055000,AAPL,2026-06-18,55.00,put,0.00,0.01,0.00,0,0.06,1,0,1572,2025-11-24,0.68315,-0.00029,0.00001,-0.00036,0.00221,-0.00052
1470,AAPL260618C00060000,AAPL,2026-06-18,60.00,call,209.20,217.10,215.20,19,219.00,2,0,142,2025-11-24,0.01976,1.0,0.00000,-0.00624,0.00000,0.33130
1471,AAPL260618P00060000,AAPL,2026-06-18,60.00,put,0.00,0.01,0.00,0,0.07,10,0,87,2025-11-24,0.64413,-0.00029,0.00001,-0.00034,0.00223,-0.00052
1472,AAPL260618C00065000,AAPL,2026-06-18,65.00,call,205.20,212.15,210.30,11,214.00,2,0,52,2025-11-24,0.01976,1.0,0.00000,-0.00676,0.00000,0.35890
1473,AAPL260618P00065000,AAPL,2026-06-18,65.00,put,0.00,0.04,0.01,6,0.07,4,0,85,2025-11-24,0.68315,-0.00092,0.00002,-0.00104,0.00644,-0.00166
1474,AAPL260618C00070000,AAPL,2026-06-18,70.00,call,200.54,207.40,205.45,19,209.35,19,0,431,2025-11-24,0.01976,1.0,0.00000,-0.00728,0.00000,0.38651
1475,AAPL260618P00070000,AAPL,2026-06-18,70.00,put,0.00,0.06,0.02,8,0.09,10,0,80,2025-11-24,0.68315,-0.00148,0.00003,-0.00161,0.00999,-0.00270
1476,AAPL260618C00075000,AAPL,2026-06-18,75.00,call,194.37,202.53,200.55,19,204.50,3,0,306,2025-11-24,0.01976,1.0,0.00000,-0.00780,0.00000,0.41412
1477,AAPL260618P00075000,AAPL,2026-06-18,75.00,put,0.00,0.07,0.02,4,0.11,4,0,136,2025-11-24,0.64413,-0.00145,0.00004,-0.00148,0.00978,-0.00261
1478,AAPL260618C00080000,AAPL,2026-06-18,80.00,call,189.20,197.60,195.70,19,199.50,2,0,306,2025-11-24,0.01976,1.0,0.00000,-0.00832,0.00000,0.44173
1479,AAPL260618P00080000,AAPL,2026-06-18,80.00,put,0.00,0.09,0.07,10,0.11,4,0,729,2025-11-24,0.64413,-0.00222,0.00005,-0.00218,0.01442,-0.00402
1480,AAPL260618C00085000,AAPL,2026-06-18,85.00,call,186.37,192.68,190.85,19,194.50,2,0,140,2025-11-24,0.01976,1.0,0.00000,-0.00884,0.00000,0.46934
1481,AAPL260618P00085000,AAPL,2026-06-18,85.00,put,0.00,0.10,0.06,6,0.13,6,0,887,2025-11-24,0.60511,-0.00208,0.00005,-0.00193,0.01362,-0.00373
1482,AAPL260618C00090000,AAPL,2026-06-18,90.00,call,182.16,187.68,186.00,19,189.35,35,0,1726,2025-11-24,0.01976,1.0,0.00000,-0.00936,0.00000,0.49694
1483,AAPL260618P00090000,AAPL,2026-06-18,90.00,put,0.00,0.11,0.07,4,0.15,7,0,659,2025-11-24,0.58560,-0.00243,0.00006,-0.00215,0.01567,-0.00434
1484,AAPL260618C00095000,AAPL,2026-06-18,95.00,call,176.95,182.85,181.25,5,184.45,5,0,311,2025-11-24,0.01976,1.0,0.00000,-0.00988,0.00000,0.52455
1485,AAPL260618P00095000,AAPL,2026-06-18,95.00,put,0.00,0.14,0.10,38,0.17,43,0,710,2025-11-24,0.58560,-0.00354,0.00009,-0.00301,0.02199,-0.00636
1486,AAPL260618C00100000,AAPL,2026-06-18,100.00,call,176.10,178.00,176.65,25,179.35,26,0,2241,2025-11-24,0.01976,1.0,0.00000,-0.01040,0.00000,0.55216
1487,AAPL260618P00100000,AAPL,2026-06-18,100.00,put,0.18,0.16,0.14,22,0.18,89,90,2061,2025-11-24,0.56608,-0.00402,0.00010,-0.00325,0.02465,-0.00719
1488,AAPL260618C00105000,AAPL,2026-06-18,105.00,call,170.05,173.12,171.55,5,174.70,4,0,196,2025-11-24,0.01976,1.0,0.00000,-0.01092,0.00000,0.57977
1489,AAPL260618P00105000,AAPL,2026-06-18,105.00,put,0.00,0.18,0.15,46,0.21,58,0,1740,2025-11-24,0.54657,-0.00451,0.00012,-0.00347,0.02732,-0.00804
1490,AAPL260618C00110000,AAPL,2026-06-18,110.00,call,161.94,168.20,166.55,19,169.85,10,0,232,2025-11-24,0.01976,1.0,0.00000,-0.01144,0.00000,0.60737
1491,AAPL260618P00110000,AAPL,2026-06-18,110.00,put,0.00,0.21,0.19,22,0.23,96,0,2185,2025-11-24,0.52706,-0.005,0.00013,-0.00367,0.02997,-0.00889
1492,AAPL260618C00115000,AAPL,2026-06-18,115.00,call,151.50,163.60,161.70,19,165.50,2,0,228,2025-11-24,0.50755,0.99451,0.00015,-0.01579,0.03257,0.62526
1493,AAPL260618P00115000,AAPL,2026-06-18,115.00,put,0.00,0.24,0.21,16,0.27,43,0,1436,2025-11-24,0.50755,-0.00549,0.00015,-0.00383,0.03257,-0.00972
1494,AAPL260618C00120000,AAPL,2026-06-18,120.00,call,151.07,158.57,157.00,5,160.15,13,0,415,2025-11-24,0.40999,0.9983,0.00006,-0.01356,0.01136,0.65968
1495,AAPL260618P00120000,AAPL,2026-06-18,120.00,put,0.00,0.28,0.26,23,0.30,75,0,2377,2025-11-24,0.50755,-0.00751,0.00020,-0.00505,0.04300,-0.01336
1496,AAPL260618C00125000,AAPL,2026-06-18,125.00,call,147.53,153.73,152.15,5,155.30,13,0,236,2025-11-24,0.42950,0.99635,0.00012,-0.01524,0.02260,0.68390
1497,AAPL260618P00125000,AAPL,2026-06-18,125.00,put,0.29,0.31,0.28,79,0.34,8,1,1455,2025-11-24,0.48804,-0.00814,0.00022,-0.00519,0.04613,-0.01441
1498,AAPL260618C00130000,AAPL,2026-06-18,130.00,call,143.07,148.90,147.30,4,150.50,10,0,200,2025-11-24,0.42950,0.99479,0.00017,-0.01659,0.03109,0.70878
1499,AAPL260618P00130000,AAPL,2026-06-18,130.00,put,0.36,0.36,0.33,103,0.40,125,4,1438,2025-11-24,0.46853,-0.00874,0.00024,-0.00530,0.04912,-0.01541
1500,AAPL260618C00135000,AAPL,2026-06-18,135.00,call,139.69,144.07,142.50,5,145.65,13,0,699,2025-11-24,0.42950,0.99275,0.00023,-0.01815,0.04167,0.73280
1501,AAPL260618P00135000,AAPL,2026-06-18,135.00,put,0.00,0.42,0.39,22,0.45,8,0,1442,2025-11-24,0.46853,-0.01163,0.00031,-0.00678,0.06301,-0.02058
1502,AAPL260618C00140000,AAPL,2026-06-18,140.00,call,139.50,139.32,138.65,25,140.00,24,26,460,2025-11-24,0.42950,0.99015,0.00030,-0.01992,0.05454,0.75582
1503,AAPL260618P00140000,AAPL,2026-06-18,140.00,put,0.00,0.47,0.44,19,0.50,19,0,3613,2025-11-24,0.44901,-0.01239,0.00034,-0.00684,0.06655,-0.02182
1504,AAPL260618C00145000,AAPL,2026-06-18,145.00,call,135.40,134.43,132.85,26,136.00,41,1,262,2025-11-24,0.40999,0.98966,0.00032,-0.02040,0.05686,0.78267
1505,AAPL260618P00145000,AAPL,2026-06-18,145.00,put,0.63,0.56,0.53,29,0.60,39,1,1756,2025-11-24,0.44901,-0.01614,0.00043,-0.00857,0.08360,-0.02854
1506,AAPL260618C00150000,AAPL,2026-06-18,150.00,call,127.00,129.70,128.15,49,131.25,41,0,901,2025-11-24,0.42950,0.98292,0.00048,-0.02418,0.08776,0.79818
1507,AAPL260618P00150000,AAPL,2026-06-18,150.00,put,0.00,0.64,0.63,19,0.65,19,0,10929,2025-11-24,0.42950,-0.01708,0.00048,-0.00858,0.08776,-0.03006
1508,AAPL260618C00155000,AAPL,2026-06-18,155.00,call,121.90,124.97,123.50,5,126.45,10,0,553,2025-11-24,0.40999,0.98202,0.00052,-0.02465,0.09167,0.82437
1509,AAPL260618P00155000,AAPL,2026-06-18,155.00,put,0.77,0.74,0.73,21,0.76,9,14,3538,2025-11-24,0.42950,-0.02188,0.00059,-0.01056,0.10828,-0.03864
1510,AAPL260618C00160000,AAPL,2026-06-18,160.00,call,116.58,120.00,118.50,9,121.50,19,0,1076,2025-11-24,0.39048,0.98119,0.00057,-0.02505,0.09527,0.85070
1511,AAPL260618P00160000,AAPL,2026-06-18,160.00,put,0.94,0.86,0.85,19,0.87,24,12,10599,2025-11-24,0.40999,-0.02306,0.00064,-0.01050,0.11319,-0.04052
1512,AAPL260618C00165000,AAPL,2026-06-18,165.00,call,113.25,115.47,114.00,4,116.95,14,1,560,2025-11-24,0.40999,0.97092,0.00078,-0.02987,0.13746,0.85975
1513,AAPL260618P00165000,AAPL,2026-06-18,165.00,put,1.00,1.00,0.99,13,1.01,1,31,5699,2025-11-24,0.40999,-0.02908,0.00078,-0.01271,0.13746,-0.05131
1514,AAPL260618C00170000,AAPL,2026-06-18,170.00,call,107.32,110.75,109.75,62,111.75,35,0,2063,2025-11-24,0.39048,0.96942,0.00085,-0.03025,0.14331,0.88500
1515,AAPL260618P00170000,AAPL,2026-06-18,170.00,put,1.16,1.16,1.15,12,1.17,19,17,8770,2025-11-24,0.39048,-0.03058,0.00085,-0.01257,0.14331,-0.05367
1516,AAPL260618C00175000,AAPL,2026-06-18,175.00,call,107.00,106.00,104.50,30,107.50,40,6,459,2025-11-24,0.39048,0.96193,0.00102,-0.03320,0.17159,0.89920
1517,AAPL260618P00175000,AAPL,2026-06-18,175.00,put,1.32,1.35,1.33,32,1.36,26,47,5284,2025-11-24,0.39048,-0.03807,0.00102,-0.01500,0.17159,-0.06708
1518,AAPL260618C00180000,AAPL,2026-06-18,180.00,call,100.55,101.28,99.85,30,102.70,8,2,1673,2025-11-24,0.37097,0.96,0.00112,-0.03348,0.17864,0.92380
1519,AAPL260618P00180000,AAPL,2026-06-18,180.00,put,1.55,1.54,1.51,28,1.56,19,10,5163,2025-11-24,0.37097,-0.04,0.00112,-0.01476,0.17864,-0.07009
1520,AAPL260618C00185000,AAPL,2026-06-18,185.00,call,96.78,96.18,95.15,7,97.20,7,1,1005,2025-11-24,0.35146,0.95809,0.00123,-0.03369,0.18550,0.94849
1521,AAPL260618P00185000,AAPL,2026-06-18,185.00,put,1.81,1.79,1.77,7,1.80,26,26,5989,2025-11-24,0.37097,-0.04923,0.00132,-0.01738,0.21117,-0.08660
1522,AAPL260618C00190000,AAPL,2026-06-18,190.00,call,92.00,91.95,91.70,13,92.20,14,3,5091,2025-11-24,0.35146,0.94824,0.00146,-0.03680,0.21977,0.95857
1523,AAPL260618P00190000,AAPL,2026-06-18,190.00,put,2.04,2.05,2.04,11,2.07,24,35,10534,2025-11-24,0.37097,-0.05978,0.00154,-0.02018,0.24621,-0.10558
1524,AAPL260618C00195000,AAPL,2026-06-18,195.00,call,87.60,87.47,86.75,37,88.20,37,4,2778,2025-11-24,0.35146,0.93694,0.00170,-0.04009,0.25670,0.96599
1525,AAPL260618P00195000,AAPL,2026-06-18,195.00,put,2.42,2.37,2.35,3,2.39,19,26,11106,2025-11-24,0.35146,-0.06306,0.00170,-0.01981,0.25670,-0.11072
1526,AAPL260618C00200000,AAPL,2026-06-18,200.00,call,84.00,82.90,82.70,22,83.10,40,3,6694,2025-11-24,0.35146,0.92417,0.00196,-0.04352,0.29589,0.97063
1527,AAPL260618P00200000,AAPL,2026-06-18,200.00,put,2.73,2.72,2.70,10,2.74,11,86,8965,2025-11-24,0.35146,-0.07583,0.00196,-0.02272,0.29589,-0.13369
1528,AAPL260618C00205000,AAPL,2026-06-18,205.00,call,74.60,78.35,78.10,32,78.60,14,1,3915,2025-11-24,0.33194,0.91982,0.00216,-0.04354,0.30868,0.99140
1529,AAPL260618P00205000,AAPL,2026-06-18,205.00,put,3.15,3.12,3.10,31,3.15,23,7,4462,2025-11-24,0.35146,-0.09009,0.00223,-0.02573,0.33686,-0.15952
1530,AAPL260618C00210000,AAPL,2026-06-18,210.00,call,74.33,73.93,73.70,13,74.15,14,26,5539,2025-11-24,0.33194,0.90444,0.00247,-0.04702,0.35188,0.99134
1531,AAPL260618P00210000,AAPL,2026-06-18,210.00,put,3.60,3.58,3.55,37,3.60,15,34,6285,2025-11-24,0.33194,-0.09556,0.00247,-0.02518,0.35188,-0.16820
1532,AAPL260618C00215000,AAPL,2026-06-18,215.00,call,70.29,69.53,69.50,7,69.55,73,17,3784,2025-11-24,0.33194,0.88742,0.00278,-0.05054,0.39631,0.98813
1533,AAPL260618P00215000,AAPL,2026-06-18,215.00,put,4.05,4.10,4.05,44,4.15,23,90,3067,2025-11-24,0.33194,-0.11258,0.00278,-0.02818,0.39631,-0.19902
1534,AAPL260618C00220000,AAPL,2026-06-18,220.00,call,66.05,65.22,65.20,2,65.25,38,40,5944,2025-11-24,0.31243,0.88012,0.00309,-0.05034,0.41437,1.00413
1535,AAPL260618P00220000,AAPL,2026-06-18,220.00,put,4.70,4.70,4.65,33,4.75,23,56,8143,2025-11-24,0.33194,-0.13121,0.00309,-0.03117,0.44131,-0.23297
1536,AAPL260618C00225000,AAPL,2026-06-18,225.00,call,60.65,61.00,60.95,10,61.05,14,5,3668,2025-11-24,0.31243,0.85989,0.00344,-0.05375,0.46161,0.99510
1537,AAPL260618P00225000,AAPL,2026-06-18,225.00,put,5.35,5.40,5.35,46,5.45,23,38,2241,2025-11-24,0.31243,-0.14011,0.00344,-0.03035,0.46161,-0.24726
1538,AAPL260618C00230000,AAPL,2026-06-18,230.00,call,57.05,56.88,56.85,8,56.90,31,27,12594,2025-11-24,0.31243,0.83798,0.00379,-0.05707,0.50850,0.98272
1539,AAPL260618P00230000,AAPL,2026-06-18,230.00,put,6.13,6.18,6.15,2,6.20,11,710,7007,2025-11-24,0.31243,-0.16202,0.00379,-0.03315,0.50850,-0.28724
1540,AAPL260618C00235000,AAPL,2026-06-18,235.00,call,53.36,52.88,52.85,7,52.90,23,13,6585,2025-11-24,0.31243,0.81449,0.00413,-0.06025,0.55425,0.96712
1541,AAPL260618P00235000,AAPL,2026-06-18,235.00,put,7.01,7.05,7.00,25,7.10,17,29,2916,2025-11-24,0.31243,-0.18551,0.00413,-0.03581,0.55425,-0.33046
1542,AAPL260618C00240000,AAPL,2026-06-18,240.00,call,48.96,48.92,48.90,8,48.95,14,24,6435,2025-11-24,0.29292,0.80048,0.00460,-0.05951,0.57948,0.97195
1543,AAPL260618P00240000,AAPL,2026-06-18,240.00,put,7.90,8.03,7.95,74,8.10,41,71,2534,2025-11-24,0.29292,-0.19952,0.00460,-0.03455,0.57948,-0.35323
1544,AAPL260618C00245000,AAPL,2026-06-18,245.00,call,43.67,45.12,45.10,10,45.15,14,0,3026,2025-11-24,0.29292,0.77326,0.00496,-0.06227,0.62439,0.94939
1545,AAPL260618P00245000,AAPL,2026-06-18,245.00,put,9.08,9.12,9.05,74,9.20,25,68,2865,2025-11-24,0.29292,-0.22674,0.00496,-0.03679,0.62439,-0.40340
1546,AAPL260618C00250000,AAPL,2026-06-18,250.00,call,41.75,41.40,41.35,12,41.45,27,37,18051,2025-11-24,0.29292,0.74468,0.00529,-0.06475,0.66606,0.92380
1547,AAPL260618P00250000,AAPL,2026-06-18,250.00,put,10.40,10.40,10.35,14,10.45,29,83,3248,2025-11-24,0.29292,-0.25532,0.00529,-0.03875,0.66606,-0.45660
1548,AAPL260618C00255000,AAPL,2026-06-18,255.00,call,37.75,37.85,37.80,11,37.90,52,103,3138,2025-11-24,0.27341,0.72347,0.00590,-0.06329,0.69354,0.91649
1549,AAPL260618P00255000,AAPL,2026-06-18,255.00,put,11.68,11.75,11.70,15,11.80,10,2,1628,2025-11-24,0.29292,-0.28507,0.00559,-0.04039,0.70382,-0.51251
1550,AAPL260618C00260000,AAPL,2026-06-18,260.00,call,34.49,34.48,34.45,11,34.50,55,31,6275,2025-11-24,0.27341,0.69099,0.00622,-0.06510,0.73028,0.88338
1551,AAPL260618P00260000,AAPL,2026-06-18,260.00,put,13.30,13.25,13.20,76,13.30,11,74,2289,2025-11-24,0.27341,-0.30901,0.00622,-0.03806,0.73028,-0.55223
1552,AAPL260618C00265000,AAPL,2026-06-18,265.00,call,32.10,31.23,31.20,17,31.25,39,26,4809,2025-11-24,0.27341,0.6576,0.00648,-0.06651,0.76156,0.84788
1553,AAPL260618P00265000,AAPL,2026-06-18,265.00,put,14.65,14.95,14.90,62,15.00,7,118,1635,2025-11-24,0.27341,-0.3424,0.00648,-0.03895,0.76156,-0.61534
1554,AAPL260618C00270000,AAPL,2026-06-18,270.00,call,28.90,28.17,28.15,11,28.20,18,139,10421,2025-11-24,0.27341,0.62358,0.00670,-0.06749,0.78695,0.81041
1555,AAPL260618P00270000,AAPL,2026-06-18,270.00,put,16.75,16.82,16.75,54,16.90,8,56,1665,2025-11-24,0.27341,-0.37642,0.00670,-0.03941,0.78695,-0.68041
1556,AAPL260618C00275000,AAPL,2026-06-18,275.00,call,25.50,25.27,25.25,17,25.30,49,409,4519,2025-11-24,0.27341,0.58923,0.00686,-0.06803,0.80618,0.77144
1557,AAPL260618P00275000,AAPL,2026-06-18,275.00,put,18.85,18.90,18.85,53,18.95,8,201,922,2025-11-24,0.27341,-0.41077,0.00686,-0.03943,0.80618,-0.74700
1558,AAPL260618C00280000,AAPL,2026-06-18,280.00,call,22.60,22.58,22.55,9,22.60,86,119,13671,2025-11-24,0.25390,0.55299,0.00751,-0.06440,0.81965,0.73756
1559,AAPL260618P00280000,AAPL,2026-06-18,280.00,put,20.70,21.15,21.10,39,21.20,9,46,938,2025-11-24,0.27341,-0.44518,0.00697,-0.03901,0.81913,-0.81466
1560,AAPL260618C00285000,AAPL,2026-06-18,285.00,call,20.52,20.08,20.05,11,20.10,81,14,5124,2025-11-24,0.25390,0.51612,0.00757,-0.06397,0.82628,0.69281
1561,AAPL260618P00285000,AAPL,2026-06-18,285.00,put,23.30,23.70,23.55,29,23.85,11,15,222,2025-11-24,0.27341,-0.47939,0.00703,-0.03817,0.82585,-0.88295
1562,AAPL260618C00290000,AAPL,2026-06-18,290.00,call,17.75,17.75,17.70,11,17.80,85,35,7558,2025-11-24,0.25390,0.47976,0.00757,-0.06310,0.82589,0.64785
1563,AAPL260618P00290000,AAPL,2026-06-18,290.00,put,0.00,26.40,26.25,12,26.55,11,0,54,2025-11-24,0.27341,-0.51316,0.00704,-0.03693,0.82650,-0.95149
1564,AAPL260618C00300000,AAPL,2026-06-18,300.00,call,13.81,13.68,13.65,6,13.70,49,347,15770,2025-11-24,0.25390,0.40963,0.00738,-0.06018,0.80564,0.55910
1565,AAPL260618P00300000,AAPL,2026-06-18,300.00,put,31.90,32.45,32.30,14,32.60,19,13,132,2025-11-24,0.27341,-0.5785,0.00690,-0.03332,0.81089,-1.08779
1566,AAPL260618C00310000,AAPL,2026-06-18,310.00,call,10.51,10.43,10.40,8,10.45,60,137,8430,2025-11-24,0.25390,0.34443,0.00700,-0.05597,0.76325,0.47450
1567,AAPL260618P00310000,AAPL,2026-06-18,310.00,put,0.00,39.33,39.15,8,39.50,4,0,127,2025-11-24,0.27341,-0.63971,0.00660,-0.02848,0.77571,-1.22097
1568,AAPL260618C00320000,AAPL,2026-06-18,320.00,call,7.80,7.80,7.75,8,7.85,67,143,5839,2025-11-24,0.23438,0.26458,0.00674,-0.04559,0.67840,0.37158
1569,AAPL260618P00320000,AAPL,2026-06-18,320.00,put,46.65,47.03,46.85,1,47.20,11,11,83,2025-11-24,0.27341,-0.69577,0.00617,-0.02272,0.72527,-1.34906
1570,AAPL260618C00330000,AAPL,2026-06-18,330.00,call,6.05,5.80,5.75,19,5.85,83,85,6074,2025-11-24,0.23438,0.21068,0.00594,-0.03966,0.59854,0.29793
1571,AAPL260618P00330000,AAPL,2026-06-18,330.00,put,54.80,55.50,54.85,7,56.15,30,30,27,2025-11-24,0.29292,-0.72701,0.00548,-0.02171,0.68915,-1.44857
1572,AAPL260618C00340000,AAPL,2026-06-18,340.00,call,4.46,4.28,4.25,55,4.30,27,1584,9006,2025-11-24,0.23438,0.16513,0.00511,-0.03371,0.51481,0.23493
1573,AAPL260618P00340000,AAPL,2026-06-18,340.00,put,0.00,64.80,63.55,4,66.05,4,0,10,2025-11-24,0.31243,-0.75146,0.00489,-0.02082,0.65666,-1.53865
1574,AAPL260618C00350000,AAPL,2026-06-18,350.00,call,3.18,3.15,3.10,46,3.20,77,71,2238,2025-11-24,0.23438,0.12751,0.00430,-0.02805,0.43267,0.18238
1575,AAPL260618P00350000,AAPL,2026-06-18,350.00,put,0.00,74.12,72.15,19,76.10,19,0,0,2025-11-24,0.33194,-0.77071,0.00441,-0.02008,0.62834,-1.62151
1576,AAPL260618C00360000,AAPL,2026-06-18,360.00,call,2.36,2.31,2.27,30,2.35,54,8,1972,2025-11-24,0.23438,0.09711,0.00354,-0.02288,0.35605,0.13954
1577,AAPL260618P00360000,AAPL,2026-06-18,360.00,put,0.00,84.15,82.20,1,86.10,24,0,0,2025-11-24,0.35146,-0.78596,0.00400,-0.01954,0.60410,-1.69881
1578,AAPL260618C00370000,AAPL,2026-06-18,370.00,call,1.71,1.69,1.66,21,1.73,39,0,540,2025-11-24,0.23438,0.073,0.00285,-0.01834,0.28742,0.10534
1579,AAPL260618P00370000,AAPL,2026-06-18,370.00,put,0.00,94.10,92.15,24,96.05,24,0,0,2025-11-24,0.37097,-0.79809,0.00366,-0.01918,0.58363,-1.77180
1580,AAPL260618C00380000,AAPL,2026-06-18,380.00,call,1.21,1.25,1.22,8,1.28,39,1,416,2025-11-24,0.23438,0.05422,0.00226,-0.01445,0.22799,0.07853
1581,AAPL260618P00380000,AAPL,2026-06-18,380.00,put,0.00,104.10,102.15,24,106.05,24,0,0,2025-11-24,0.40999,-0.79219,0.00337,-0.02474,0.59373,-1.82350
1582,AAPL260618C00390000,AAPL,2026-06-18,390.00,call,0.90,0.91,0.89,24,0.92,22,45,9513,2025-11-24,0.23438,0.03982,0.00177,-0.01121,0.17797,0.05787
1583,AAPL260618P00390000,AAPL,2026-06-18,390.00,put,0.00,114.10,112.15,24,116.05,24,0,0,2025-11-24,0.42950,-0.80045,0.00314,-0.02480,0.57954,-1.89107
1584,AAPL260618C00400000,AAPL,2026-06-18,400.00,call,0.70,0.68,0.64,24,0.71,22,0,671,2025-11-24,0.25390,0.04122,0.00168,-0.01240,0.18303,0.05955
1585,AAPL260618P00400000,AAPL,2026-06-18,400.00,put,0.00,124.10,122.15,19,126.05,24,0,0,2025-11-24,0.44901,-0.80711,0.00294,-0.02502,0.56773,-1.95647
1586,AAPL260618C00410000,AAPL,2026-06-18,410.00,call,0.50,0.50,0.47,30,0.53,76,22,148,2025-11-24,0.25390,0.03101,0.00133,-0.00978,0.14496,0.04493
1587,AAPL260618P00410000,AAPL,2026-06-18,410.00,put,0.00,134.10,132.15,24,136.05,24,0,0,2025-11-24,0.46853,-0.81246,0.00277,-0.02541,0.55801,-2.02008
1588,AAPL260618C00420000,AAPL,2026-06-18,420.00,call,0.35,0.37,0.34,34,0.40,81,1,223,2025-11-24,0.25390,0.02316,0.00104,-0.00763,0.11360,0.03365
1589,AAPL260618P00420000,AAPL,2026-06-18,420.00,put,0.00,144.10,142.15,24,146.05,24,0,0,2025-11-24,0.48804,-0.81671,0.00262,-0.02595,0.55013,-2.08223
1590,AAPL260618C00430000,AAPL,2026-06-18,430.00,call,0.30,0.27,0.24,65,0.30,8,8,170,2025-11-24,0.25390,0.01718,0.00081,-0.00590,0.08817,0.02502
1591,AAPL260618P00430000,AAPL,2026-06-18,430.00,put,0.00,154.10,152.15,24,156.05,24,0,0,2025-11-24,0.52706,-0.80709,0.00251,-0.03253,0.56776,-2.12911
1592,AAPL260618C00440000,AAPL,2026-06-18,440.00,call,0.20,0.21,0.18,24,0.24,102,1,7,2025-11-24,0.25390,0.01266,0.00062,-0.00453,0.06783,0.01849
1593,AAPL260618P00440000,AAPL,2026-06-18,440.00,put,0.00,164.10,162.15,24,166.05,24,0,0,2025-11-24,0.54657,-0.80999,0.00240,-0.03339,0.56252,-2.18949
1594,AAPL260618C00450000,AAPL,2026-06-18,450.00,call,0.17,0.15,0.12,75,0.19,85,4,161,2025-11-24,0.25390,0.00928,0.00047,-0.00345,0.05176,0.01358
1595,AAPL260618P00450000,AAPL,2026-06-18,450.00,put,0.00,174.10,172.15,24,176.05,24,0,0,2025-11-24,0.56608,-0.8122,0.00230,-0.03437,0.55848,-2.24898
1596,AAPL260717C00160000,AAPL,2026-07-17,160.00,call,0.00,120.70,119.05,4,122.35,34,0,0,2025-11-24,0.39048,0.9759,0.00066,-0.02621,0.12547,0.95627
1597,AAPL260717P00160000,AAPL,2026-07-17,160.00,put,0.98,0.99,0.86,26,1.11,57,216,0,2025-11-24,0.39048,-0.0241,0.00066,-0.00962,0.12547,-0.04845
1598,AAPL260717C00165000,AAPL,2026-07-17,165.00,call,0.00,116.08,114.50,4,117.65,34,0,0,2025-11-24,0.39048,0.96977,0.00079,-0.02869,0.15160,0.97510
1599,AAPL260717P00165000,AAPL,2026-07-17,165.00,put,1.21,1.14,1.01,27,1.27,34,118,0,2025-11-24,0.39048,-0.03023,0.00079,-0.01159,0.15160,-0.06102
1600,AAPL260717C00170000,AAPL,2026-07-17,170.00,call,0.00,111.50,110.00,4,113.00,34,0,0,2025-11-24,0.39048,0.96264,0.00094,-0.03137,0.18047,0.99179
1601,AAPL260717P00170000,AAPL,2026-07-17,170.00,put,0.00,1.32,1.19,24,1.46,18,0,194,2025-11-24,0.39048,-0.03736,0.00094,-0.01374,0.18047,-0.07573
1602,AAPL260717C00175000,AAPL,2026-07-17,175.00,call,0.00,106.78,105.20,4,108.35,34,0,0,2025-11-24,0.37097,0.961,0.00103,-0.03160,0.18689,1.02035
1603,AAPL260717P00175000,AAPL,2026-07-17,175.00,put,1.63,1.53,1.39,26,1.67,54,25,8,2025-11-24,0.37097,-0.039,0.00103,-0.01345,0.18689,-0.07856
1604,AAPL260717C00180000,AAPL,2026-07-17,180.00,call,0.00,102.12,100.50,4,103.75,34,0,0,2025-11-24,0.37097,0.95232,0.00121,-0.03442,0.21983,1.03387
1605,AAPL260717P00180000,AAPL,2026-07-17,180.00,put,1.89,1.77,1.63,24,1.92,38,10,15,2025-11-24,0.37097,-0.04768,0.00121,-0.01576,0.21983,-0.09644
1606,AAPL260717C00185000,AAPL,2026-07-17,185.00,call,89.93,97.58,96.00,4,99.15,34,0,1,2025-11-24,0.37097,0.94246,0.00140,-0.03740,0.25522,1.04483
1607,AAPL260717P00185000,AAPL,2026-07-17,185.00,put,0.00,2.05,1.90,24,2.20,33,0,7,2025-11-24,0.37097,-0.05754,0.00140,-0.01821,0.25522,-0.11688
1608,AAPL260717C00190000,AAPL,2026-07-17,190.00,call,0.00,93.08,91.50,4,94.65,34,0,0,2025-11-24,0.35146,0.93974,0.00154,-0.03748,0.26464,1.07148
1609,AAPL260717P00190000,AAPL,2026-07-17,190.00,put,2.69,2.36,2.21,25,2.51,24,2,0,2025-11-24,0.35146,-0.06026,0.00154,-0.01778,0.26464,-0.12163
1610,AAPL260717C00195000,AAPL,2026-07-17,195.00,call,0.00,88.58,87.00,4,90.15,34,0,0,2025-11-24,0.35146,0.92792,0.00176,-0.04054,0.30403,1.07841
1611,AAPL260717P00195000,AAPL,2026-07-17,195.00,put,0.00,2.72,2.56,11,2.88,10,0,0,2025-11-24,0.35146,-0.07208,0.00176,-0.02032,0.30403,-0.14609
1612,AAPL260717C00200000,AAPL,2026-07-17,200.00,call,0.00,84.10,82.50,4,85.70,34,0,0,2025-11-24,0.35146,0.91476,0.00200,-0.04369,0.34523,1.08240
1613,AAPL260717P00200000,AAPL,2026-07-17,200.00,put,3.15,3.13,2.96,24,3.30,67,14,0,2025-11-24,0.35146,-0.08524,0.00200,-0.02295,0.34523,-0.17350
1614,AAPL260717C00205000,AAPL,2026-07-17,205.00,call,0.00,79.65,78.00,4,81.30,14,0,0,2025-11-24,0.33194,0.91027,0.00220,-0.04359,0.35872,1.10586
1615,AAPL260717P00205000,AAPL,2026-07-17,205.00,put,0.00,3.60,3.40,11,3.80,55,0,0,2025-11-24,0.33194,-0.08973,0.00220,-0.02234,0.35872,-0.18144
1616,AAPL260717C00210000,AAPL,2026-07-17,210.00,call,0.00,75.22,73.50,8,76.95,19,0,0,2025-11-24,0.33194,0.89471,0.00248,-0.04673,0.40339,1.10485
1617,AAPL260717P00210000,AAPL,2026-07-17,210.00,put,0.00,4.10,3.90,8,4.30,30,0,0,2025-11-24,0.33194,-0.10529,0.00248,-0.02496,0.40339,-0.21385
1618,AAPL260717C00215000,AAPL,2026-07-17,215.00,call,0.00,70.97,69.30,10,72.65,15,0,0,2025-11-24,0.33194,0.87771,0.00276,-0.04987,0.44882,1.10061
1619,AAPL260717P00215000,AAPL,2026-07-17,215.00,put,5.20,4.68,4.45,11,4.90,29,1,1,2025-11-24,0.33194,-0.12229,0.00276,-0.02758,0.44882,-0.24949
1620,AAPL260717C00220000,AAPL,2026-07-17,220.00,call,65.40,66.80,65.15,10,68.45,20,2,0,2025-11-24,0.31243,0.87043,0.00305,-0.04954,0.46728,1.11895
1621,AAPL260717P00220000,AAPL,2026-07-17,220.00,put,0.00,5.35,5.10,11,5.60,11,0,4,2025-11-24,0.31243,-0.12957,0.00305,-0.02673,0.46728,-0.26255
1622,AAPL260717C00225000,AAPL,2026-07-17,225.00,call,58.35,62.72,61.15,10,64.30,14,0,9,2025-11-24,0.31243,0.85055,0.00336,-0.05254,0.51495,1.10866
1623,AAPL260717P00225000,AAPL,2026-07-17,225.00,put,0.00,6.10,5.85,2,6.35,26,0,148,2025-11-24,0.31243,-0.14945,0.00336,-0.02921,0.51495,-0.30423
1624,AAPL260717C00230000,AAPL,2026-07-17,230.00,call,59.05,58.73,57.20,10,60.25,17,1,0,2025-11-24,0.31243,0.82922,0.00367,-0.05543,0.56189,1.09501
1625,AAPL260717P00230000,AAPL,2026-07-17,230.00,put,7.18,6.90,6.65,11,7.15,40,13,25,2025-11-24,0.31243,-0.17078,0.00367,-0.03158,0.56189,-0.34928
1626,AAPL260717C00235000,AAPL,2026-07-17,235.00,call,0.00,54.62,53.00,10,56.25,14,0,0,2025-11-24,0.31243,0.80657,0.00397,-0.05818,0.60742,1.07813
1627,AAPL260717P00235000,AAPL,2026-07-17,235.00,put,0.00,7.82,7.55,11,8.10,33,0,0,2025-11-24,0.31243,-0.19343,0.00397,-0.03381,0.60742,-0.39755
1628,AAPL260717C00240000,AAPL,2026-07-17,240.00,call,51.04,51.08,49.80,10,52.35,14,2,2,2025-11-24,0.31243,0.7827,0.00425,-0.06074,0.65090,1.05823
1629,AAPL260717P00240000,AAPL,2026-07-17,240.00,put,0.00,8.88,8.60,9,9.15,34,0,10,2025-11-24,0.29292,-0.2069,0.00441,-0.03245,0.63250,-0.42232
1630,AAPL260717C00245000,AAPL,2026-07-17,245.00,call,45.15,47.38,46.15,4,48.60,14,2,0,2025-11-24,0.29292,0.76715,0.00471,-0.05970,0.67691,1.06079
1631,AAPL260717P00245000,AAPL,2026-07-17,245.00,put,10.35,10.03,9.75,19,10.30,18,5,1,2025-11-24,0.29292,-0.23285,0.00471,-0.03430,0.67691,-0.47769
1632,AAPL260717C00250000,AAPL,2026-07-17,250.00,call,38.65,43.17,41.45,12,44.90,14,0,2,2025-11-24,0.29292,0.74006,0.00500,-0.06182,0.71805,1.03383
1633,AAPL260717P00250000,AAPL,2026-07-17,250.00,put,11.15,11.30,11.00,10,11.60,19,20,194,2025-11-24,0.29292,-0.25994,0.00500,-0.03590,0.71805,-0.53605
1634,AAPL260717C00255000,AAPL,2026-07-17,255.00,call,37.13,39.67,38.00,12,41.35,18,0,10,2025-11-24,0.27341,0.72004,0.00556,-0.06032,0.74522,1.02789
1635,AAPL260717P00255000,AAPL,2026-07-17,255.00,put,13.32,12.73,12.40,10,13.05,9,35,18,2025-11-24,0.29292,-0.28799,0.00526,-0.03722,0.75537,-0.59708
1636,AAPL260717C00260000,AAPL,2026-07-17,260.00,call,36.05,36.33,34.65,10,38.00,20,15,84,2025-11-24,0.27341,0.68951,0.00583,-0.06187,0.78161,0.99327
1637,AAPL260717P00260000,AAPL,2026-07-17,260.00,put,0.00,14.35,14.10,10,14.60,7,0,1,2025-11-24,0.27341,-0.31049,0.00583,-0.03491,0.78161,-0.63940
1638,AAPL260717C00265000,AAPL,2026-07-17,265.00,call,33.55,33.15,31.90,30,34.40,40,62,174,2025-11-24,0.27341,0.65823,0.00607,-0.06307,0.81283,0.95627
1639,AAPL260717P00265000,AAPL,2026-07-17,265.00,put,15.75,16.02,15.70,19,16.35,26,18,6,2025-11-24,0.27341,-0.34177,0.00607,-0.03560,0.81283,-0.70780
1640,AAPL260717C00270000,AAPL,2026-07-17,270.00,call,30.00,30.52,29.30,6,31.75,14,300,35,2025-11-24,0.27341,0.62643,0.00626,-0.06392,0.83851,0.91731
1641,AAPL260717P00270000,AAPL,2026-07-17,270.00,put,17.75,17.95,17.65,9,18.25,13,1,1,2025-11-24,0.27341,-0.37357,0.00626,-0.03593,0.83851,-0.77816
1642,AAPL260717C00275000,AAPL,2026-07-17,275.00,call,27.39,27.00,26.70,8,27.30,19,2,13,2025-11-24,0.27341,0.59436,0.00641,-0.06441,0.85842,0.87680
1643,AAPL260717P00275000,AAPL,2026-07-17,275.00,put,20.25,20.02,19.75,18,20.30,8,10,10,2025-11-24,0.27341,-0.40564,0.00641,-0.03590,0.85842,-0.85007
1644,AAPL260717C00280000,AAPL,2026-07-17,280.00,call,25.00,24.30,24.00,10,24.60,19,2,9,2025-11-24,0.25390,0.56058,0.00702,-0.06108,0.87304,0.84317
1645,AAPL260717P00280000,AAPL,2026-07-17,280.00,put,21.92,22.30,21.95,12,22.65,21,6,3,2025-11-24,0.27341,-0.43776,0.00651,-0.03551,0.87247,-0.92310
1646,AAPL260717C00285000,AAPL,2026-07-17,285.00,call,22.37,21.77,21.50,9,22.05,12,55,1,2025-11-24,0.25390,0.52613,0.00708,-0.06076,0.88135,0.79649
1647,AAPL260717P00285000,AAPL,2026-07-17,285.00,put,0.00,24.82,24.50,6,25.15,5,0,0,2025-11-24,0.27341,-0.46972,0.00657,-0.03477,0.88070,-0.99687
1648,AAPL260717C00290000,AAPL,2026-07-17,290.00,call,19.71,19.48,19.20,19,19.75,50,57,6,2025-11-24,0.25390,0.49209,0.00710,-0.06008,0.88307,0.74947
1649,AAPL260717P00290000,AAPL,2026-07-17,290.00,put,0.00,27.45,27.10,9,27.80,2,0,0,2025-11-24,0.27341,-0.50132,0.00659,-0.03370,0.88324,-1.07098
1650,AAPL260717C00295000,AAPL,2026-07-17,295.00,call,17.35,17.30,17.00,10,17.60,38,1,54,2025-11-24,0.25390,0.45869,0.00706,-0.05906,0.87851,0.70254
1651,AAPL260717P00295000,AAPL,2026-07-17,295.00,put,0.00,30.35,30.00,9,30.70,2,0,0,2025-11-24,0.27341,-0.53237,0.00657,-0.03230,0.88034,-1.14508
1652,AAPL260717C00300000,AAPL,2026-07-17,300.00,call,15.59,15.35,15.05,17,15.65,47,12,3,2025-11-24,0.25390,0.42613,0.00698,-0.05773,0.86806,0.65612
1653,AAPL260717P00300000,AAPL,2026-07-17,300.00,put,0.00,33.40,33.00,6,33.80,4,0,0,2025-11-24,0.27341,-0.56271,0.00651,-0.03062,0.87231,-1.21884
1654,AAPL260717C00305000,AAPL,2026-07-17,305.00,call,13.50,13.55,13.25,11,13.85,40,22,0,2025-11-24,0.25390,0.3946,0.00685,-0.05612,0.85223,0.61056
1655,AAPL260717P00305000,AAPL,2026-07-17,305.00,put,0.00,36.73,34.95,6,38.50,6,0,0,2025-11-24,0.27341,-0.59219,0.00641,-0.02867,0.85955,-1.29197
1656,AAPL260717C00310000,AAPL,2026-07-17,310.00,call,12.05,11.95,11.65,11,12.25,50,10,11,2025-11-24,0.25390,0.36423,0.00668,-0.05427,0.83159,0.56618
1657,AAPL260717P00310000,AAPL,2026-07-17,310.00,put,0.00,40.02,38.40,8,41.65,13,0,0,2025-11-24,0.27341,-0.62069,0.00629,-0.02649,0.84251,-1.36420
1658,AAPL260717C00315000,AAPL,2026-07-17,315.00,call,9.85,10.50,10.20,3,10.80,31,0,5,2025-11-24,0.25390,0.33516,0.00648,-0.05222,0.80673,0.52325
1659,AAPL260717P00315000,AAPL,2026-07-17,315.00,put,0.00,43.67,42.05,8,45.30,6,0,0,2025-11-24,0.27341,-0.64812,0.00613,-0.02410,0.82165,-1.43531
1660,AAPL260717C00320000,AAPL,2026-07-17,320.00,call,8.60,9.20,8.90,4,9.50,10,0,2,2025-11-24,0.23438,0.28733,0.00657,-0.04516,0.75456,0.45584
1661,AAPL260717P00320000,AAPL,2026-07-17,320.00,put,0.00,47.58,45.85,4,49.30,4,0,0,2025-11-24,0.27341,-0.67437,0.00595,-0.02154,0.79747,-1.50511
1662,AAPL260717C00325000,AAPL,2026-07-17,325.00,call,7.60,8.03,7.75,3,8.30,31,0,17,2025-11-24,0.23438,0.2599,0.00625,-0.04264,0.71800,0.41386
1663,AAPL260717P00325000,AAPL,2026-07-17,325.00,put,0.00,51.50,49.90,6,53.10,5,0,0,2025-11-24,0.27341,-0.69941,0.00575,-0.01884,0.77047,-1.57345
1664,AAPL260717C00330000,AAPL,2026-07-17,330.00,call,7.30,7.03,6.75,36,7.30,36,216,5,2025-11-24,0.23438,0.23428,0.00591,-0.04005,0.67920,0.37435
1665,AAPL260717P00330000,AAPL,2026-07-17,330.00,put,0.00,55.70,54.05,6,57.35,6,0,0,2025-11-24,0.27341,-0.72317,0.00553,-0.01603,0.74115,-1.64020
1666,AAPL260717C00335000,AAPL,2026-07-17,335.00,call,0.00,6.10,5.85,11,6.35,32,0,0,2025-11-24,0.23438,0.21047,0.00556,-0.03743,0.63891,0.33741
1667,AAPL260717P00335000,AAPL,2026-07-17,335.00,put,0.00,60.08,58.40,7,61.75,7,0,0,2025-11-24,0.29292,-0.72631,0.00513,-0.01819,0.73700,-1.68002
1668,AAPL260717C00340000,AAPL,2026-07-17,340.00,call,5.05,5.30,5.05,4,5.55,17,0,10,2025-11-24,0.23438,0.18847,0.00520,-0.03482,0.59781,0.30306
1669,AAPL260717P00340000,AAPL,2026-07-17,340.00,put,0.00,64.58,62.95,4,66.20,4,0,0,2025-11-24,0.29292,-0.74688,0.00493,-0.01538,0.70817,-1.74192
1670,AAPL260717C00345000,AAPL,2026-07-17,345.00,call,4.30,4.60,4.35,12,4.85,41,12,0,2025-11-24,0.23438,0.16823,0.00484,-0.03223,0.55650,0.27130
1671,AAPL260717P00345000,AAPL,2026-07-17,345.00,put,0.00,69.40,67.70,4,71.10,4,0,0,2025-11-24,0.31243,-0.74738,0.00462,-0.01768,0.70743,-1.77738
1672,AAPL260717C00350000,AAPL,2026-07-17,350.00,call,0.00,4.00,3.75,8,4.25,22,0,0,2025-11-24,0.23438,0.14971,0.00449,-0.02971,0.51554,0.24208
1673,AAPL260717P00350000,AAPL,2026-07-17,350.00,put,0.00,74.15,72.05,1,76.25,1,0,0,2025-11-24,0.31243,-0.76536,0.00444,-0.01489,0.67977,-1.83532
1674,AAPL260717C00355000,AAPL,2026-07-17,355.00,call,2.87,3.48,3.25,4,3.70,23,0,2,2025-11-24,0.23438,0.13283,0.00414,-0.02726,0.47537,0.21534
1675,AAPL260717P00355000,AAPL,2026-07-17,355.00,put,0.00,79.12,77.05,1,81.20,1,0,0,2025-11-24,0.33194,-0.76399,0.00419,-0.01733,0.68197,-1.86769
1676,AAPL260717C00360000,AAPL,2026-07-17,360.00,call,0.00,3.02,2.80,4,3.25,11,0,0,2025-11-24,0.23438,0.11752,0.00380,-0.02492,0.43640,0.19098
1677,AAPL260717P00360000,AAPL,2026-07-17,360.00,put,0.00,84.07,82.05,1,86.10,1,0,0,2025-11-24,0.35146,-0.76227,0.00397,-0.01984,0.68469,-1.89957
1678,AAPL260717C00365000,AAPL,2026-07-17,365.00,call,0.00,2.60,2.40,5,2.80,29,0,0,2025-11-24,0.23438,0.10369,0.00347,-0.02268,0.39892,0.16889
1679,AAPL260717P00365000,AAPL,2026-07-17,365.00,put,0.00,89.07,87.05,1,91.10,1,0,0,2025-11-24,0.35146,-0.77713,0.00383,-0.01715,0.66041,-1.95254
1680,AAPL260717C00370000,AAPL,2026-07-17,370.00,call,2.27,2.26,2.07,5,2.45,36,0,1,2025-11-24,0.23438,0.09124,0.00316,-0.02057,0.36320,0.14893
1681,AAPL260717P00370000,AAPL,2026-07-17,370.00,put,0.00,94.07,92.05,1,96.10,1,0,0,2025-11-24,0.37097,-0.77425,0.00366,-0.01978,0.66526,-1.98251
1682,AAPL260717C00380000,AAPL,2026-07-17,380.00,call,0.00,1.71,1.53,3,1.88,10,0,0,2025-11-24,0.23438,0.07011,0.00259,-0.01674,0.29763,0.11490
1683,AAPL260717P00380000,AAPL,2026-07-17,380.00,put,0.00,104.07,102.05,1,106.10,1,0,0,2025-11-24,0.39048,-0.78381,0.00339,-0.01988,0.64897,-2.06168
1684,AAPL260717C00390000,AAPL,2026-07-17,390.00,call,0.00,1.29,1.12,9,1.45,16,0,0,2025-11-24,0.23438,0.05336,0.00209,-0.01344,0.24047,0.08777
1685,AAPL260717P00390000,AAPL,2026-07-17,390.00,put,0.00,114.07,112.05,1,116.10,1,0,0,2025-11-24,0.40999,-0.79144,0.00316,-0.02014,0.63548,-2.13785
1686,AAPL260717C00400000,AAPL,2026-07-17,400.00,call,0.95,0.97,0.82,23,1.13,25,6,0,2025-11-24,0.23438,0.04026,0.00167,-0.01066,0.19179,0.06643
1687,AAPL260717P00400000,AAPL,2026-07-17,400.00,put,0.00,124.07,122.05,1,126.10,1,0,0,2025-11-24,0.44901,-0.78267,0.00296,-0.02598,0.65095,-2.19324
1688,AAPL260821C00110000,AAPL,2026-08-21,110.00,call,168.90,168.93,167.25,24,170.60,10,0,5,2025-11-24,0.01976,1.0,0.00000,-0.01136,0.00000,0.79068
1689,AAPL260821P00110000,AAPL,2026-08-21,110.00,put,0.00,0.32,0.27,4,0.36,5,0,285,2025-11-24,0.48804,-0.00677,0.00016,-0.00383,0.04491,-0.01598
1690,AAPL260821C00115000,AAPL,2026-08-21,115.00,call,118.75,164.20,162.60,5,165.80,15,0,116,2025-11-24,0.35146,0.99916,0.00003,-0.01230,0.00681,0.82475
1691,AAPL260821P00115000,AAPL,2026-08-21,115.00,put,0.00,0.36,0.32,4,0.41,9,0,20,2025-11-24,0.48804,-0.00906,0.00021,-0.00493,0.05800,-0.02147
1692,AAPL260821C00120000,AAPL,2026-08-21,120.00,call,154.92,159.30,157.65,29,160.95,10,0,50,2025-11-24,0.01976,1.0,0.00000,-0.01240,0.00000,0.86256
1693,AAPL260821P00120000,AAPL,2026-08-21,120.00,put,0.49,0.42,0.37,5,0.47,22,11,556,2025-11-24,0.46853,-0.00967,0.00023,-0.00500,0.06142,-0.02280
1694,AAPL260821C00125000,AAPL,2026-08-21,125.00,call,139.53,154.55,152.90,5,156.20,10,0,10,2025-11-24,0.37097,0.99684,0.00011,-0.01437,0.02272,0.89137
1695,AAPL260821P00125000,AAPL,2026-08-21,125.00,put,0.00,0.48,0.44,4,0.53,5,0,30,2025-11-24,0.44901,-0.01023,0.00026,-0.00502,0.06453,-0.02400
1696,AAPL260821C00130000,AAPL,2026-08-21,130.00,call,131.02,149.73,148.05,29,151.40,10,0,87,2025-11-24,0.37097,0.99545,0.00015,-0.01545,0.03155,0.92412
1697,AAPL260821P00130000,AAPL,2026-08-21,130.00,put,0.58,0.56,0.52,19,0.61,29,9,46,2025-11-24,0.44901,-0.01334,0.00032,-0.00630,0.08123,-0.03142
1698,AAPL260821C00135000,AAPL,2026-08-21,135.00,call,118.10,144.95,143.30,29,146.60,10,0,6,2025-11-24,0.37097,0.99361,0.00020,-0.01667,0.04265,0.95585
1699,AAPL260821P00135000,AAPL,2026-08-21,135.00,put,0.64,0.66,0.61,4,0.70,21,6,46,2025-11-24,0.44901,-0.01707,0.00040,-0.00777,0.10040,-0.04038
1700,AAPL260821C00140000,AAPL,2026-08-21,140.00,call,132.45,140.20,138.55,5,141.85,10,0,68,2025-11-24,0.37097,0.99125,0.00027,-0.01804,0.05629,0.98634
1701,AAPL260821P00140000,AAPL,2026-08-21,140.00,put,0.00,0.76,0.71,9,0.80,27,0,11,2025-11-24,0.42950,-0.01791,0.00043,-0.00771,0.10458,-0.04211
1702,AAPL260821C00145000,AAPL,2026-08-21,145.00,call,124.17,135.45,133.80,24,137.10,10,0,18,2025-11-24,0.37097,0.98827,0.00035,-0.01958,0.07265,1.01539
1703,AAPL260821P00145000,AAPL,2026-08-21,145.00,put,0.00,0.88,0.83,9,0.92,9,0,18,2025-11-24,0.42950,-0.02253,0.00053,-0.00934,0.12709,-0.05322
1704,AAPL260821C00150000,AAPL,2026-08-21,150.00,call,124.50,130.80,129.20,4,132.40,14,0,73,2025-11-24,0.39048,0.98069,0.00051,-0.02291,0.11154,1.03333
1705,AAPL260821P00150000,AAPL,2026-08-21,150.00,put,0.00,1.00,0.96,10,1.05,14,0,68,2025-11-24,0.40999,-0.02351,0.00057,-0.00921,0.13172,-0.05518
1706,AAPL260821C00155000,AAPL,2026-08-21,155.00,call,118.33,126.10,124.50,4,127.70,14,0,20,2025-11-24,0.37097,0.98015,0.00055,-0.02319,0.11415,1.06833
1707,AAPL260821P00155000,AAPL,2026-08-21,155.00,put,0.00,1.17,1.12,33,1.21,44,0,105,2025-11-24,0.40999,-0.02917,0.00068,-0.01099,0.15776,-0.06876
1708,AAPL260821C00160000,AAPL,2026-08-21,160.00,call,116.05,121.50,120.00,4,123.00,14,0,80,2025-11-24,0.37097,0.97485,0.00067,-0.02526,0.13938,1.09180
1709,AAPL260821P00160000,AAPL,2026-08-21,160.00,put,0.00,1.34,1.29,25,1.39,32,0,428,2025-11-24,0.39048,-0.03033,0.00074,-0.01076,0.16293,-0.07103
1710,AAPL260821C00165000,AAPL,2026-08-21,165.00,call,91.22,116.82,115.30,4,118.35,14,0,43,2025-11-24,0.37097,0.96863,0.00080,-0.02751,0.16756,1.11302
1711,AAPL260821P00165000,AAPL,2026-08-21,165.00,put,0.00,1.54,1.49,40,1.59,27,0,256,2025-11-24,0.39048,-0.03718,0.00088,-0.01268,0.19268,-0.08745
1712,AAPL260821C00170000,AAPL,2026-08-21,170.00,call,108.55,112.10,110.50,4,113.70,14,0,76,2025-11-24,0.37097,0.96142,0.00095,-0.02991,0.19857,1.13183
1713,AAPL260821P00170000,AAPL,2026-08-21,170.00,put,0.00,1.77,1.72,30,1.82,34,0,469,2025-11-24,0.39048,-0.04499,0.00102,-0.01474,0.22491,-0.10628
1714,AAPL260821C00175000,AAPL,2026-08-21,175.00,call,106.25,107.53,105.95,4,109.10,14,0,20,2025-11-24,0.35146,0.96015,0.00103,-0.03002,0.20389,1.16542
1715,AAPL260821P00175000,AAPL,2026-08-21,175.00,put,2.20,2.03,1.98,42,2.08,34,19,247,2025-11-24,0.37097,-0.04681,0.00111,-0.01437,0.23219,-0.10983
1716,AAPL260821C00180000,AAPL,2026-08-21,180.00,call,102.70,103.03,101.50,4,104.55,14,0,27,2025-11-24,0.35146,0.95146,0.00121,-0.03252,0.23902,1.18075
1717,AAPL260821P00180000,AAPL,2026-08-21,180.00,put,2.46,2.32,2.27,94,2.37,25,1,591,2025-11-24,0.37097,-0.05611,0.00128,-0.01652,0.26819,-0.13221
1718,AAPL260821C00185000,AAPL,2026-08-21,185.00,call,90.50,98.53,97.00,4,100.05,14,0,44,2025-11-24,0.35146,0.94163,0.00140,-0.03515,0.27667,1.19320
1719,AAPL260821P00185000,AAPL,2026-08-21,185.00,put,2.77,2.66,2.61,41,2.70,38,5,716,2025-11-24,0.37097,-0.0665,0.00147,-0.01878,0.30625,-0.15736
1720,AAPL260821C00190000,AAPL,2026-08-21,190.00,call,86.15,94.03,92.50,4,95.55,14,0,75,2025-11-24,0.35146,0.93061,0.00160,-0.03788,0.31650,1.20267
1721,AAPL260821P00190000,AAPL,2026-08-21,190.00,put,0.00,3.03,2.96,48,3.10,55,0,246,2025-11-24,0.35146,-0.06939,0.00160,-0.01826,0.31650,-0.16305
1722,AAPL260821C00195000,AAPL,2026-08-21,195.00,call,86.85,89.38,88.75,4,90.00,14,15,77,2025-11-24,0.33194,0.92773,0.00175,-0.03779,0.32653,1.23307
1723,AAPL260821P00195000,AAPL,2026-08-21,195.00,put,3.50,3.42,3.35,57,3.50,34,15,382,2025-11-24,0.35146,-0.0816,0.00181,-0.02054,0.35811,-0.19257
1724,AAPL260821C00200000,AAPL,2026-08-21,200.00,call,77.57,85.00,84.35,8,85.65,5,0,154,2025-11-24,0.33194,0.91472,0.00198,-0.04054,0.37018,1.23780
1725,AAPL260821P00200000,AAPL,2026-08-21,200.00,put,3.90,3.90,3.80,67,4.00,48,30,1108,2025-11-24,0.35146,-0.09499,0.00203,-0.02287,0.40106,-0.22518
1726,AAPL260821C00210000,AAPL,2026-08-21,210.00,call,72.65,76.53,76.05,10,77.00,14,0,287,2025-11-24,0.33194,0.88484,0.00247,-0.04612,0.46109,1.23724
1727,AAPL260821P00210000,AAPL,2026-08-21,210.00,put,5.00,5.03,4.95,25,5.10,55,15,795,2025-11-24,0.33194,-0.11516,0.00247,-0.02443,0.46109,-0.27224
1728,AAPL260821C00220000,AAPL,2026-08-21,220.00,call,68.98,68.20,67.85,8,68.55,14,1,239,2025-11-24,0.31243,0.86082,0.00299,-0.04845,0.52610,1.25330
1729,AAPL260821P00220000,AAPL,2026-08-21,220.00,put,6.30,6.40,6.30,40,6.50,20,32,901,2025-11-24,0.31243,-0.13918,0.00299,-0.02572,0.52610,-0.32805
1730,AAPL260821C00230000,AAPL,2026-08-21,230.00,call,60.60,60.20,59.85,7,60.55,14,4,682,2025-11-24,0.31243,0.82084,0.00353,-0.05355,0.62087,1.22688
1731,AAPL260821P00230000,AAPL,2026-08-21,230.00,put,8.00,8.15,8.05,14,8.25,36,20,1183,2025-11-24,0.31243,-0.17916,0.00353,-0.02980,0.62087,-0.42635
1732,AAPL260821C00240000,AAPL,2026-08-21,240.00,call,47.70,52.60,52.25,8,52.95,14,0,542,2025-11-24,0.29292,0.78626,0.00419,-0.05499,0.69104,1.21783
1733,AAPL260821P00240000,AAPL,2026-08-21,240.00,put,10.05,10.25,10.15,40,10.35,8,18,767,2025-11-24,0.29292,-0.21374,0.00419,-0.03020,0.69104,-0.50728
1734,AAPL260821C00250000,AAPL,2026-08-21,250.00,call,46.30,45.45,45.15,7,45.75,31,14,1579,2025-11-24,0.29292,0.73613,0.00470,-0.05880,0.77561,1.16419
1735,AAPL260821P00250000,AAPL,2026-08-21,250.00,put,12.65,12.85,12.75,23,12.95,11,54,552,2025-11-24,0.29292,-0.26387,0.00470,-0.03298,0.77561,-0.63280
1736,AAPL260821C00260000,AAPL,2026-08-21,260.00,call,38.13,38.67,38.35,10,39.00,116,91,1148,2025-11-24,0.27341,0.68877,0.00545,-0.05862,0.83866,1.12411
1737,AAPL260821P00260000,AAPL,2026-08-21,260.00,put,16.44,15.93,15.85,37,16.00,8,1,465,2025-11-24,0.29292,-0.31711,0.00512,-0.03481,0.84542,-0.76892
1738,AAPL260821C00270000,AAPL,2026-08-21,270.00,call,32.90,32.40,32.00,77,32.80,106,29,1415,2025-11-24,0.27341,0.63,0.00582,-0.06039,0.89601,1.04514
1739,AAPL260821P00270000,AAPL,2026-08-21,270.00,put,19.55,19.60,19.50,94,19.70,12,19,348,2025-11-24,0.27341,-0.37,0.00582,-0.03250,0.89601,-0.89561
1740,AAPL260821C00280000,AAPL,2026-08-21,280.00,call,27.61,26.85,26.80,10,26.90,38,442,2131,2025-11-24,0.27341,0.57033,0.00605,-0.06098,0.93199,0.95982
1741,AAPL260821P00280000,AAPL,2026-08-21,280.00,put,0.00,23.93,23.85,37,24.00,9,0,297,2025-11-24,0.27341,-0.42967,0.00605,-0.03206,0.93199,-1.05281
1742,AAPL260821C00290000,AAPL,2026-08-21,290.00,call,22.20,21.98,21.90,1,22.05,80,34,983,2025-11-24,0.25390,0.50507,0.00662,-0.05705,0.94666,0.87242
1743,AAPL260821P00290000,AAPL,2026-08-21,290.00,put,28.50,29.07,28.90,45,29.25,10,15,66,2025-11-24,0.27341,-0.48884,0.00615,-0.03048,0.94637,-1.21331
1744,AAPL260821C00300000,AAPL,2026-08-21,300.00,call,17.85,17.75,17.65,8,17.85,69,57,1347,2025-11-24,0.25390,0.44332,0.00655,-0.05519,0.93717,0.77432
1745,AAPL260821P00300000,AAPL,2026-08-21,300.00,put,34.59,34.90,34.70,37,35.10,15,2,34,2025-11-24,0.27341,-0.54625,0.00611,-0.02786,0.94037,-1.37434
1746,AAPL260821C00310000,AAPL,2026-08-21,310.00,call,13.40,14.20,14.15,8,14.25,32,1,10830,2025-11-24,0.25390,0.38487,0.00634,-0.05240,0.90704,0.67884
1747,AAPL260821P00310000,AAPL,2026-08-21,310.00,put,0.00,41.52,41.05,7,42.00,4,0,75,2025-11-24,0.27341,-0.60088,0.00595,-0.02436,0.91630,-1.53352
1748,AAPL260821C00320000,AAPL,2026-08-21,320.00,call,10.75,11.23,11.15,7,11.30,46,1,540,2025-11-24,0.25390,0.33066,0.00602,-0.04889,0.86011,0.58829
1749,AAPL260821P00320000,AAPL,2026-08-21,320.00,put,48.00,48.83,48.25,5,49.40,8,4,68,2025-11-24,0.27341,-0.65197,0.00570,-0.02014,0.87719,-1.68894
1750,AAPL260821C00330000,AAPL,2026-08-21,330.00,call,9.03,8.80,8.70,20,8.90,64,9,1031,2025-11-24,0.25390,0.28129,0.00560,-0.04489,0.80063,0.50433
1751,AAPL260821P00330000,AAPL,2026-08-21,330.00,put,0.00,56.70,56.00,8,57.40,5,0,50,2025-11-24,0.29292,-0.68102,0.00514,-0.01990,0.84752,-1.81460
1752,AAPL260821C00340000,AAPL,2026-08-21,340.00,call,6.95,6.88,6.80,8,6.95,61,16,792,2025-11-24,0.25390,0.23708,0.00513,-0.04061,0.73282,0.42800
1753,AAPL260821P00340000,AAPL,2026-08-21,340.00,put,64.25,65.35,64.65,35,66.05,30,15,24,2025-11-24,0.29292,-0.72208,0.00483,-0.01509,0.79595,-1.95468
1754,AAPL260821C00350000,AAPL,2026-08-21,350.00,call,5.43,5.35,5.25,57,5.45,59,3,145,2025-11-24,0.23438,0.17449,0.00463,-0.03111,0.61060,0.32083
1755,AAPL260821P00350000,AAPL,2026-08-21,350.00,put,0.00,74.40,72.80,4,76.00,4,0,0,2025-11-24,0.31243,-0.74017,0.00437,-0.01490,0.76950,-2.06111
1756,AAPL260821C00360000,AAPL,2026-08-21,360.00,call,3.72,4.15,4.05,34,4.25,55,0,16,2025-11-24,0.23438,0.14089,0.00402,-0.02677,0.53048,0.26043
1757,AAPL260821P00360000,AAPL,2026-08-21,360.00,put,0.00,84.12,82.15,24,86.10,29,0,0,2025-11-24,0.33194,-0.7544,0.00400,-0.01487,0.74700,-2.16057
1758,AAPL260821C00370000,AAPL,2026-08-21,370.00,call,3.30,3.22,3.15,10,3.30,37,0,89,2025-11-24,0.23438,0.11271,0.00344,-0.02272,0.45408,0.20933
1759,AAPL260821P00370000,AAPL,2026-08-21,370.00,put,0.00,94.12,92.15,24,96.10,24,0,1,2025-11-24,0.35146,-0.76563,0.00368,-0.01499,0.72819,-2.25461
1760,AAPL260821C00380000,AAPL,2026-08-21,380.00,call,2.43,2.50,2.44,26,2.56,40,0,153,2025-11-24,0.23438,0.08939,0.00290,-0.01904,0.38343,0.16672
1761,AAPL260821P00380000,AAPL,2026-08-21,380.00,put,0.00,104.10,102.15,24,106.05,24,0,0,2025-11-24,0.39048,-0.75792,0.00337,-0.02024,0.74120,-2.32110
1762,AAPL260821C00390000,AAPL,2026-08-21,390.00,call,2.40,1.94,1.89,35,2.00,36,0,8,2025-11-24,0.25390,0.08947,0.00268,-0.02042,0.38369,0.16567
1763,AAPL260821P00390000,AAPL,2026-08-21,390.00,put,0.00,114.10,112.15,24,116.05,24,0,0,2025-11-24,0.40999,-0.76535,0.00316,-0.02071,0.72866,-2.40829
1764,AAPL260821C00400000,AAPL,2026-08-21,400.00,call,1.55,1.54,1.50,1,1.57,54,0,73,2025-11-24,0.25390,0.07215,0.00228,-0.01726,0.32613,0.13410
1765,AAPL260821P00400000,AAPL,2026-08-21,400.00,put,0.00,124.10,122.15,29,126.05,29,0,0,2025-11-24,0.42950,-0.77122,0.00297,-0.02132,0.71844,-2.49276
1766,AAPL260821C00410000,AAPL,2026-08-21,410.00,call,1.15,1.19,1.15,30,1.24,74,25,75,2025-11-24,0.25390,0.05786,0.00192,-0.01447,0.27473,0.10791
1767,AAPL260821P00410000,AAPL,2026-08-21,410.00,put,0.00,134.10,132.15,29,136.05,29,0,0,2025-11-24,0.44901,-0.77581,0.00281,-0.02206,0.71027,-2.57501
1768,AAPL260821C00420000,AAPL,2026-08-21,420.00,call,1.00,0.95,0.90,33,0.99,41,0,10,2025-11-24,0.25390,0.04615,0.00161,-0.01203,0.22955,0.08635
1769,AAPL260821P00420000,AAPL,2026-08-21,420.00,put,0.00,144.10,142.15,29,146.05,29,0,0,2025-11-24,0.46853,-0.77933,0.00267,-0.02291,0.70390,-2.65540
1770,AAPL260821C00430000,AAPL,2026-08-21,430.00,call,0.00,0.74,0.70,37,0.79,35,0,0,2025-11-24,0.25390,0.03664,0.00133,-0.00994,0.19036,0.06874
1771,AAPL260821P00430000,AAPL,2026-08-21,430.00,put,0.00,154.10,152.15,24,156.05,24,0,0,2025-11-24,0.48804,-0.78194,0.00254,-0.02389,0.69910,-2.73426
1772,AAPL260821C00440000,AAPL,2026-08-21,440.00,call,0.57,0.59,0.55,41,0.64,46,0,1,2025-11-24,0.25390,0.02895,0.00110,-0.00815,0.15678,0.05447
1773,AAPL260821P00440000,AAPL,2026-08-21,440.00,put,0.00,164.10,162.15,24,166.05,24,0,0,2025-11-24,0.50755,-0.78378,0.00243,-0.02498,0.69568,-2.81184
1774,AAPL260821C00450000,AAPL,2026-08-21,450.00,call,0.52,0.47,0.43,44,0.52,61,0,476,2025-11-24,0.25390,0.02279,0.00090,-0.00665,0.12830,0.04298
1775,AAPL260821P00450000,AAPL,2026-08-21,450.00,put,0.00,174.10,172.15,24,176.05,24,0,0,2025-11-24,0.52706,-0.78496,0.00234,-0.02618,0.69347,-2.88832
1776,AAPL260918C00050000,AAPL,2026-09-18,50.00,call,213.00,227.15,225.30,22,229.00,2,0,21,2025-11-24,0.01976,1.0,0.00000,-0.00515,0.00000,0.39549
1777,AAPL260918P00050000,AAPL,2026-09-18,50.00,put,0.00,0.04,0.01,1,0.08,1,0,486,2025-11-24,0.66364,-0.00068,0.00001,-0.00064,0.00592,-0.00184
1778,AAPL260918C00055000,AAPL,2026-09-18,55.00,call,218.01,222.45,220.50,22,224.40,22,0,115,2025-11-24,0.01976,1.0,0.00000,-0.00566,0.00000,0.43504
1779,AAPL260918P00055000,AAPL,2026-09-18,55.00,put,0.00,0.06,0.01,10,0.10,8,0,154,2025-11-24,0.66364,-0.00117,0.00002,-0.00104,0.00973,-0.00317
1780,AAPL260918C00060000,AAPL,2026-09-18,60.00,call,204.30,217.57,215.65,22,219.50,2,0,13,2025-11-24,0.01976,1.0,0.00000,-0.00618,0.00000,0.47459
1781,AAPL260918P00060000,AAPL,2026-09-18,60.00,put,0.00,0.08,0.05,1,0.11,3,0,72,2025-11-24,0.64413,-0.0015,0.00003,-0.00127,0.01219,-0.00405
1782,AAPL260918C00065000,AAPL,2026-09-18,65.00,call,164.78,212.68,210.85,22,214.50,2,0,1,2025-11-24,0.01976,1.0,0.00000,-0.00669,0.00000,0.51414
1783,AAPL260918P00065000,AAPL,2026-09-18,65.00,put,0.00,0.09,0.05,6,0.13,5,0,13,2025-11-24,0.62462,-0.00187,0.00004,-0.00149,0.01484,-0.00502
1784,AAPL260918C00070000,AAPL,2026-09-18,70.00,call,168.21,208.00,206.05,22,209.95,22,0,3,2025-11-24,0.01976,1.0,0.00000,-0.00721,0.00000,0.55369
1785,AAPL260918P00070000,AAPL,2026-09-18,70.00,put,0.00,0.10,0.06,4,0.15,3,0,129,2025-11-24,0.58560,-0.00177,0.00004,-0.00133,0.01414,-0.00470
1786,AAPL260918C00075000,AAPL,2026-09-18,75.00,call,202.50,203.10,201.20,22,205.00,2,0,102,2025-11-24,0.01976,1.0,0.00000,-0.00772,0.00000,0.59324
1787,AAPL260918P00075000,AAPL,2026-09-18,75.00,put,0.00,0.14,0.10,6,0.18,9,0,149,2025-11-24,0.58560,-0.00267,0.00006,-0.00192,0.02051,-0.00712
1788,AAPL260918C00080000,AAPL,2026-09-18,80.00,call,197.30,198.20,196.40,22,200.00,1,0,125,2025-11-24,0.01976,1.0,0.00000,-0.00824,0.00000,0.63278
1789,AAPL260918P00080000,AAPL,2026-09-18,80.00,put,0.00,0.16,0.12,6,0.20,12,0,11,2025-11-24,0.56608,-0.00309,0.00007,-0.00212,0.02342,-0.00822
1790,AAPL260918C00085000,AAPL,2026-09-18,85.00,call,158.77,193.50,191.60,22,195.40,1,0,29,2025-11-24,0.01976,1.0,0.00000,-0.00875,0.00000,0.67233
1791,AAPL260918P00085000,AAPL,2026-09-18,85.00,put,0.00,0.19,0.15,7,0.23,9,0,41,2025-11-24,0.54657,-0.00352,0.00008,-0.00229,0.02632,-0.00931
1792,AAPL260918C00090000,AAPL,2026-09-18,90.00,call,185.16,188.62,186.75,22,190.50,2,0,26,2025-11-24,0.01976,1.0,0.00000,-0.00927,0.00000,0.71188
1793,AAPL260918P00090000,AAPL,2026-09-18,90.00,put,0.00,0.22,0.18,6,0.26,8,0,46,2025-11-24,0.54657,-0.00495,0.00011,-0.00310,0.03571,-0.01317
1794,AAPL260918C00095000,AAPL,2026-09-18,95.00,call,178.65,183.93,181.95,22,185.90,22,0,12,2025-11-24,0.42950,0.99875,0.00004,-0.01049,0.01031,0.74827
1795,AAPL260918P00095000,AAPL,2026-09-18,95.00,put,0.00,0.26,0.21,4,0.30,8,0,47,2025-11-24,0.52706,-0.00549,0.00012,-0.00327,0.03916,-0.01454
1796,AAPL260918C00100000,AAPL,2026-09-18,100.00,call,171.50,179.07,177.15,23,181.00,2,0,108,2025-11-24,0.39048,0.99916,0.00003,-0.01074,0.00713,0.78890
1797,AAPL260918P00100000,AAPL,2026-09-18,100.00,put,0.00,0.30,0.25,7,0.34,8,0,415,2025-11-24,0.50755,-0.00601,0.00013,-0.00341,0.04246,-0.01585
1798,AAPL260918C00105000,AAPL,2026-09-18,105.00,call,172.50,174.02,172.35,22,175.70,10,0,13,2025-11-24,0.01976,1.0,0.00000,-0.01081,0.00000,0.83053
1799,AAPL260918P00105000,AAPL,2026-09-18,105.00,put,0.00,0.33,0.29,4,0.38,8,0,246,2025-11-24,0.48804,-0.00651,0.00015,-0.00351,0.04556,-0.01708
1800,AAPL260918C00110000,AAPL,2026-09-18,110.00,call,154.15,169.53,167.55,23,171.50,22,0,32,2025-11-24,0.42950,0.99592,0.00011,-0.01336,0.03007,0.85964
1801,AAPL260918P00110000,AAPL,2026-09-18,110.00,put,0.00,0.39,0.35,4,0.43,5,0,157,2025-11-24,0.48804,-0.00871,0.00019,-0.00452,0.05888,-0.02296
1802,AAPL260918C00115000,AAPL,2026-09-18,115.00,call,117.50,164.65,162.80,22,166.50,2,0,28,2025-11-24,0.40999,0.99577,0.00012,-0.01384,0.03105,0.89887
1803,AAPL260918P00115000,AAPL,2026-09-18,115.00,put,0.00,0.45,0.41,3,0.49,4,0,369,2025-11-24,0.46853,-0.00929,0.00021,-0.00458,0.06231,-0.02436
1804,AAPL260918C00120000,AAPL,2026-09-18,120.00,call,153.80,159.68,158.00,22,161.35,10,0,31,2025-11-24,0.31243,0.99932,0.00003,-0.01265,0.00589,0.94752
1805,AAPL260918P00120000,AAPL,2026-09-18,120.00,put,0.00,0.52,0.48,4,0.56,4,0,1175,2025-11-24,0.46853,-0.01212,0.00027,-0.00576,0.07855,-0.03192
1806,AAPL260918C00125000,AAPL,2026-09-18,125.00,call,150.38,154.95,153.30,1,156.60,10,0,671,2025-11-24,0.37097,0.99566,0.00014,-0.01471,0.03178,0.97781
1807,AAPL260918P00125000,AAPL,2026-09-18,125.00,put,0.00,0.60,0.56,3,0.64,7,0,32,2025-11-24,0.44901,-0.01279,0.00029,-0.00576,0.08229,-0.03348
1808,AAPL260918C00130000,AAPL,2026-09-18,130.00,call,131.35,150.18,148.50,22,151.85,30,0,14,2025-11-24,0.37097,0.99392,0.00019,-0.01586,0.04291,1.01293
1809,AAPL260918P00130000,AAPL,2026-09-18,130.00,put,0.00,0.69,0.64,6,0.73,10,0,325,2025-11-24,0.44901,-0.01634,0.00036,-0.00710,0.10163,-0.04298
1810,AAPL260918C00135000,AAPL,2026-09-18,135.00,call,141.91,145.43,143.75,22,147.10,10,0,12,2025-11-24,0.37097,0.99168,0.00025,-0.01715,0.05655,1.04676
1811,AAPL260918P00135000,AAPL,2026-09-18,135.00,put,0.00,0.78,0.74,4,0.83,4,0,113,2025-11-24,0.42950,-0.0171,0.00040,-0.00703,0.10566,-0.04469
1812,AAPL260918C00140000,AAPL,2026-09-18,140.00,call,126.66,140.70,139.05,22,142.35,30,0,36,2025-11-24,0.37097,0.98888,0.00032,-0.01859,0.07289,1.07910
1813,AAPL260918P00140000,AAPL,2026-09-18,140.00,put,0.00,0.90,0.86,30,0.94,20,0,287,2025-11-24,0.42950,-0.02149,0.00048,-0.00851,0.12828,-0.05641
1814,AAPL260918C00145000,AAPL,2026-09-18,145.00,call,131.10,136.07,134.50,4,137.65,34,0,28,2025-11-24,0.39048,0.98168,0.00046,-0.02166,0.11205,1.09966
1815,AAPL260918P00145000,AAPL,2026-09-18,145.00,put,0.00,1.04,1.00,8,1.08,8,0,770,2025-11-24,0.40999,-0.02235,0.00052,-0.00836,0.13261,-0.05828
1816,AAPL260918C00150000,AAPL,2026-09-18,150.00,call,131.77,131.50,130.00,29,133.00,55,5,83,2025-11-24,0.39048,0.9769,0.00056,-0.02360,0.13633,1.12665
1817,AAPL260918P00150000,AAPL,2026-09-18,150.00,put,1.28,1.18,1.16,51,1.20,1,32,3550,2025-11-24,0.40999,-0.02769,0.00062,-0.00997,0.15869,-0.07251
1818,AAPL260918C00155000,AAPL,2026-09-18,155.00,call,120.15,126.70,125.10,4,128.30,34,0,73,2025-11-24,0.37097,0.97629,0.00060,-0.02384,0.13936,1.16504
1819,AAPL260918P00155000,AAPL,2026-09-18,155.00,put,0.00,1.37,1.33,38,1.41,34,0,1004,2025-11-24,0.39048,-0.02867,0.00067,-0.00973,0.16338,-0.07458
1820,AAPL260918C00160000,AAPL,2026-09-18,160.00,call,120.74,122.10,120.50,9,123.70,39,0,101,2025-11-24,0.37097,0.97048,0.00073,-0.02590,0.16740,1.18931
1821,AAPL260918P00160000,AAPL,2026-09-18,160.00,put,1.58,1.55,1.53,36,1.57,42,2,3188,2025-11-24,0.39048,-0.03509,0.00080,-0.01146,0.19307,-0.09168
1822,AAPL260918C00165000,AAPL,2026-09-18,165.00,call,116.98,117.45,115.85,4,119.05,34,10,91,2025-11-24,0.37097,0.96376,0.00086,-0.02811,0.19824,1.21111
1823,AAPL260918P00165000,AAPL,2026-09-18,165.00,put,0.00,1.79,1.76,22,1.82,39,0,2559,2025-11-24,0.39048,-0.0424,0.00093,-0.01331,0.22524,-0.11125
1824,AAPL260918C00170000,AAPL,2026-09-18,170.00,call,106.00,113.00,111.50,9,114.50,39,0,153,2025-11-24,0.37097,0.95609,0.00100,-0.03044,0.23171,1.23028
1825,AAPL260918P00170000,AAPL,2026-09-18,170.00,put,2.07,2.04,2.00,10,2.09,47,1,3204,2025-11-24,0.37097,-0.04391,0.00100,-0.01293,0.23171,-0.11439
1826,AAPL260918C00175000,AAPL,2026-09-18,175.00,call,104.90,108.33,106.70,9,109.95,39,0,176,2025-11-24,0.35146,0.95471,0.00109,-0.03051,0.23754,1.26711
1827,AAPL260918P00175000,AAPL,2026-09-18,175.00,put,0.00,2.33,2.29,1,2.38,46,0,1868,2025-11-24,0.37097,-0.05256,0.00116,-0.01486,0.26756,-0.13751
1828,AAPL260918C00180000,AAPL,2026-09-18,180.00,call,97.43,103.80,102.20,9,105.40,39,0,214,2025-11-24,0.35146,0.9456,0.00126,-0.03291,0.27494,1.28251
1829,AAPL260918P00180000,AAPL,2026-09-18,180.00,put,2.98,2.66,2.61,1,2.70,36,1,1703,2025-11-24,0.37097,-0.06221,0.00132,-0.01689,0.30552,-0.16349
1830,AAPL260918C00185000,AAPL,2026-09-18,185.00,call,93.35,99.30,97.70,4,100.90,34,0,92,2025-11-24,0.35146,0.93541,0.00144,-0.03541,0.31456,1.29487
1831,AAPL260918P00185000,AAPL,2026-09-18,185.00,put,3.05,3.01,2.97,24,3.05,48,1,3268,2025-11-24,0.35146,-0.06459,0.00144,-0.01636,0.31456,-0.16844
1832,AAPL260918C00190000,AAPL,2026-09-18,190.00,call,93.20,94.97,93.45,4,96.50,39,1,364,2025-11-24,0.35146,0.92412,0.00163,-0.03798,0.35605,1.30411
1833,AAPL260918P00190000,AAPL,2026-09-18,190.00,put,0.00,3.40,3.35,34,3.45,34,0,2458,2025-11-24,0.35146,-0.07588,0.00163,-0.01841,0.35605,-0.19876
1834,AAPL260918C00195000,AAPL,2026-09-18,195.00,call,91.43,90.35,89.80,7,90.90,17,1,863,2025-11-24,0.33194,0.92115,0.00178,-0.03783,0.36659,1.33748
1835,AAPL260918P00195000,AAPL,2026-09-18,195.00,put,3.85,3.85,3.80,37,3.90,27,33,3616,2025-11-24,0.35146,-0.08826,0.00183,-0.02051,0.39901,-0.23223
1836,AAPL260918C00200000,AAPL,2026-09-18,200.00,call,83.28,86.00,85.45,6,86.55,6,0,1547,2025-11-24,0.33194,0.90799,0.00199,-0.04039,0.41156,1.34174
1837,AAPL260918P00200000,AAPL,2026-09-18,200.00,put,4.32,4.35,4.30,37,4.40,33,82,7488,2025-11-24,0.33194,-0.09201,0.00199,-0.01979,0.41156,-0.24022
1838,AAPL260918C00205000,AAPL,2026-09-18,205.00,call,83.00,81.85,81.40,8,82.30,39,6,1292,2025-11-24,0.33194,0.89364,0.00222,-0.04296,0.45757,1.34257
1839,AAPL260918P00205000,AAPL,2026-09-18,205.00,put,4.95,4.95,4.90,10,5.00,56,97,4053,2025-11-24,0.33194,-0.10636,0.00222,-0.02185,0.45757,-0.27894
1840,AAPL260918C00210000,AAPL,2026-09-18,210.00,call,71.70,77.62,77.45,8,77.80,18,0,2075,2025-11-24,0.31243,0.88885,0.00243,-0.04262,0.47231,1.37188
1841,AAPL260918P00210000,AAPL,2026-09-18,210.00,put,5.45,5.55,5.50,59,5.60,39,26,3128,2025-11-24,0.33194,-0.12185,0.00244,-0.02390,0.50412,-0.32106
1842,AAPL260918C00215000,AAPL,2026-09-18,215.00,call,69.45,73.47,73.10,7,73.85,28,0,533,2025-11-24,0.31243,0.87224,0.00268,-0.04511,0.52108,1.36671
1843,AAPL260918P00215000,AAPL,2026-09-18,215.00,put,6.25,6.30,6.25,10,6.35,48,26,1975,2025-11-24,0.33194,-0.13844,0.00267,-0.02590,0.55070,-0.36652
1844,AAPL260918C00220000,AAPL,2026-09-18,220.00,call,69.00,69.38,68.95,10,69.80,48,5,1505,2025-11-24,0.31243,0.85443,0.00293,-0.04755,0.56974,1.35791
1845,AAPL260918P00220000,AAPL,2026-09-18,220.00,put,7.00,7.08,7.00,25,7.15,62,6,1400,2025-11-24,0.31243,-0.14557,0.00293,-0.02489,0.56974,-0.38225
1846,AAPL260918C00225000,AAPL,2026-09-18,225.00,call,58.55,65.35,64.85,2,65.85,16,0,669,2025-11-24,0.31243,0.83547,0.00318,-0.04990,0.61772,1.34559
1847,AAPL260918P00225000,AAPL,2026-09-18,225.00,put,7.80,7.92,7.85,14,8.00,23,12,2309,2025-11-24,0.31243,-0.16453,0.00318,-0.02673,0.61772,-0.43412
1848,AAPL260918C00230000,AAPL,2026-09-18,230.00,call,62.43,61.50,61.35,9,61.65,41,11,2031,2025-11-24,0.31243,0.81545,0.00342,-0.05215,0.66448,1.32989
1849,AAPL260918P00230000,AAPL,2026-09-18,230.00,put,8.95,8.88,8.80,45,8.95,17,125,1915,2025-11-24,0.31243,-0.18455,0.00342,-0.02846,0.66448,-0.48936
1850,AAPL260918C00235000,AAPL,2026-09-18,235.00,call,58.07,57.77,57.40,9,58.15,34,8,1723,2025-11-24,0.29292,0.8047,0.00378,-0.05133,0.68802,1.34521
1851,AAPL260918P00235000,AAPL,2026-09-18,235.00,put,9.75,9.95,9.85,48,10.05,30,39,1047,2025-11-24,0.31243,-0.20554,0.00365,-0.03006,0.70947,-0.54780
1852,AAPL260918C00240000,AAPL,2026-09-18,240.00,call,52.90,53.95,53.90,10,54.00,49,16,3186,2025-11-24,0.29292,0.782,0.00403,-0.05331,0.73432,1.32217
1853,AAPL260918P00240000,AAPL,2026-09-18,240.00,put,10.95,11.10,11.05,42,11.15,17,11,5403,2025-11-24,0.29292,-0.218,0.00403,-0.02859,0.73432,-0.57619
1854,AAPL260918C00245000,AAPL,2026-09-18,245.00,call,51.07,50.33,49.85,23,50.80,26,11,1135,2025-11-24,0.29292,0.75837,0.00427,-0.05511,0.77790,1.29593
1855,AAPL260918P00245000,AAPL,2026-09-18,245.00,put,12.45,12.40,12.30,27,12.50,46,3,1273,2025-11-24,0.29292,-0.24163,0.00427,-0.02987,0.77790,-0.64197
1856,AAPL260918C00250000,AAPL,2026-09-18,250.00,call,47.00,46.90,46.75,7,47.05,40,18,3047,2025-11-24,0.29292,0.73393,0.00449,-0.05671,0.81828,1.26676
1857,AAPL260918P00250000,AAPL,2026-09-18,250.00,put,13.45,13.75,13.70,82,13.80,4,33,3717,2025-11-24,0.29292,-0.26607,0.00449,-0.03096,0.81828,-0.71069
1858,AAPL260918C00255000,AAPL,2026-09-18,255.00,call,44.23,43.45,43.00,2,43.90,86,6,1155,2025-11-24,0.27341,0.71597,0.00497,-0.05523,0.84504,1.26462
1859,AAPL260918P00255000,AAPL,2026-09-18,255.00,put,15.07,15.30,15.20,74,15.40,15,6,2875,2025-11-24,0.29292,-0.29118,0.00470,-0.03184,0.85504,-0.78204
1860,AAPL260918C00260000,AAPL,2026-09-18,260.00,call,40.93,40.23,40.20,11,40.25,50,14,3608,2025-11-24,0.27341,0.68875,0.00518,-0.05640,0.88110,1.22750
1861,AAPL260918P00260000,AAPL,2026-09-18,260.00,put,16.70,16.95,16.85,73,17.05,2,4,1789,2025-11-24,0.29292,-0.31684,0.00488,-0.03249,0.88785,-0.85572
1862,AAPL260918C00265000,AAPL,2026-09-18,265.00,call,37.05,37.08,36.90,7,37.25,104,4,2369,2025-11-24,0.27341,0.661,0.00537,-0.05733,0.91247,1.18801
1863,AAPL260918P00265000,AAPL,2026-09-18,265.00,put,18.55,18.70,18.60,65,18.80,7,6,1560,2025-11-24,0.29292,-0.34289,0.00503,-0.03291,0.91645,-0.93143
1864,AAPL260918C00270000,AAPL,2026-09-18,270.00,call,33.95,34.12,34.00,11,34.25,87,5,2094,2025-11-24,0.27341,0.6329,0.00552,-0.05800,0.93890,1.14652
1865,AAPL260918P00270000,AAPL,2026-09-18,270.00,put,20.25,20.65,20.55,77,20.75,2,6,998,2025-11-24,0.27341,-0.3671,0.00552,-0.03019,0.93890,-0.98913
1866,AAPL260918C00275000,AAPL,2026-09-18,275.00,call,31.90,31.23,31.20,10,31.25,37,39,2709,2025-11-24,0.27341,0.6046,0.00565,-0.05842,0.96023,1.10341
1867,AAPL260918P00275000,AAPL,2026-09-18,275.00,put,22.43,22.80,22.65,71,22.95,22,29,394,2025-11-24,0.27341,-0.3954,0.00565,-0.03009,0.96023,-1.07178
1868,AAPL260918C00280000,AAPL,2026-09-18,280.00,call,29.06,28.55,28.50,12,28.60,41,73,3097,2025-11-24,0.27341,0.57626,0.00575,-0.05858,0.97639,1.05906
1869,AAPL260918P00280000,AAPL,2026-09-18,280.00,put,24.70,25.05,24.90,68,25.20,23,1,364,2025-11-24,0.27341,-0.42374,0.00575,-0.02974,0.97639,-1.15569
1870,AAPL260918C00285000,AAPL,2026-09-18,285.00,call,26.69,26.02,26.00,12,26.05,71,253,2724,2025-11-24,0.25390,0.54445,0.00626,-0.05541,0.98843,1.02149
1871,AAPL260918P00285000,AAPL,2026-09-18,285.00,put,26.85,27.48,27.30,55,27.65,38,37,217,2025-11-24,0.27341,-0.45197,0.00581,-0.02914,0.98740,-1.24048
1872,AAPL260918C00290000,AAPL,2026-09-18,290.00,call,23.99,23.62,23.60,14,23.65,40,61,4215,2025-11-24,0.25390,0.5143,0.00630,-0.05498,0.99398,0.97088
1873,AAPL260918P00290000,AAPL,2026-09-18,290.00,put,0.00,30.07,29.90,15,30.25,12,0,147,2025-11-24,0.27341,-0.47995,0.00585,-0.02831,0.99336,-1.32582
1874,AAPL260918C00295000,AAPL,2026-09-18,295.00,call,22.15,21.40,21.35,9,21.45,78,8,1294,2025-11-24,0.25390,0.48458,0.00630,-0.05432,0.99387,0.92010
1875,AAPL260918P00295000,AAPL,2026-09-18,295.00,put,0.00,32.72,32.65,19,32.80,1,0,37,2025-11-24,0.27341,-0.50754,0.00585,-0.02724,0.99444,-1.41138
1876,AAPL260918C00300000,AAPL,2026-09-18,300.00,call,19.70,19.35,19.30,9,19.40,100,83,13328,2025-11-24,0.25390,0.45544,0.00626,-0.05343,0.98840,0.86950
1877,AAPL260918P00300000,AAPL,2026-09-18,300.00,put,0.00,35.80,35.60,8,36.00,12,0,514,2025-11-24,0.27341,-0.53464,0.00583,-0.02597,0.99086,-1.49686
1878,AAPL260918C00310000,AAPL,2026-09-18,310.00,call,16.21,15.68,15.65,4,15.70,80,6,6557,2025-11-24,0.25390,0.39942,0.00610,-0.05104,0.96283,0.77018
1879,AAPL260918P00310000,AAPL,2026-09-18,310.00,put,0.00,42.25,41.85,27,42.65,22,0,21,2025-11-24,0.27341,-0.58694,0.00571,-0.02284,0.97090,-1.66652
1880,AAPL260918C00320000,AAPL,2026-09-18,320.00,call,13.00,12.55,12.45,7,12.65,90,16,1343,2025-11-24,0.25390,0.34707,0.00583,-0.04801,0.92061,0.67519
1881,AAPL260918P00320000,AAPL,2026-09-18,320.00,put,49.05,49.42,49.00,16,49.85,16,2,70,2025-11-24,0.27341,-0.63615,0.00551,-0.01908,0.93612,-1.83294
1882,AAPL260918C00330000,AAPL,2026-09-18,330.00,call,10.10,10.02,9.95,22,10.10,82,26,3044,2025-11-24,0.25390,0.29896,0.00548,-0.04450,0.86548,0.58622
1883,AAPL260918P00330000,AAPL,2026-09-18,330.00,put,56.81,57.25,56.65,19,57.85,19,8,154,2025-11-24,0.29292,-0.66429,0.00499,-0.01903,0.90903,-1.96956
1884,AAPL260918C00340000,AAPL,2026-09-18,340.00,call,8.20,7.92,7.85,7,8.00,33,8,434,2025-11-24,0.23438,0.23251,0.00523,-0.03601,0.76163,0.46524
1885,AAPL260918P00340000,AAPL,2026-09-18,340.00,put,65.34,65.75,65.15,7,66.35,22,27,258,2025-11-24,0.29292,-0.70437,0.00473,-0.01470,0.86106,-2.12089
1886,AAPL260918C00350000,AAPL,2026-09-18,350.00,call,6.46,6.28,6.20,12,6.35,52,38,1077,2025-11-24,0.23438,0.19284,0.00469,-0.03190,0.68272,0.38823
1887,AAPL260918P00350000,AAPL,2026-09-18,350.00,put,73.65,74.92,74.35,30,75.50,30,32,75,2025-11-24,0.31243,-0.72209,0.00431,-0.01470,0.83619,-2.23752
1888,AAPL260918C00360000,AAPL,2026-09-18,360.00,call,4.90,4.95,4.85,4,5.05,20,0,377,2025-11-24,0.23438,0.15853,0.00414,-0.02789,0.60296,0.32092
1889,AAPL260918P00360000,AAPL,2026-09-18,360.00,put,0.00,84.12,82.15,22,86.10,22,0,0,2025-11-24,0.33194,-0.73606,0.00395,-0.01483,0.81494,-2.34671
1890,AAPL260918C00370000,AAPL,2026-09-18,370.00,call,3.54,3.90,3.80,8,4.00,10,0,365,2025-11-24,0.23438,0.12926,0.00361,-0.02408,0.52534,0.26297
1891,AAPL260918P00370000,AAPL,2026-09-18,370.00,put,0.00,94.12,92.15,27,96.10,27,0,0,2025-11-24,0.35146,-0.74709,0.00365,-0.01511,0.79713,-2.45010
1892,AAPL260918C00380000,AAPL,2026-09-18,380.00,call,3.10,3.08,3.00,17,3.15,10,0,141,2025-11-24,0.23438,0.10459,0.00310,-0.02056,0.45207,0.21373
1893,AAPL260918P00380000,AAPL,2026-09-18,380.00,put,103.77,104.40,102.70,26,106.10,27,1,3,2025-11-24,0.37097,-0.75577,0.00339,-0.01551,0.78243,-2.54889
1894,AAPL260918C00390000,AAPL,2026-09-18,390.00,call,2.42,2.43,2.37,6,2.49,4,5,261,2025-11-24,0.23438,0.08403,0.00264,-0.01737,0.38464,0.17241
1895,AAPL260918P00390000,AAPL,2026-09-18,390.00,put,0.00,114.15,112.20,1,116.10,27,0,0,2025-11-24,0.39048,-0.76256,0.00317,-0.01606,0.77051,-2.64401
1896,AAPL260918C00400000,AAPL,2026-09-18,400.00,call,1.94,1.93,1.88,9,1.98,11,8,1681,2025-11-24,0.25390,0.08598,0.00248,-0.01895,0.39130,0.17502
1897,AAPL260918P00400000,AAPL,2026-09-18,400.00,put,0.00,124.10,122.15,27,126.05,27,0,0,2025-11-24,0.42950,-0.75213,0.00295,-0.02151,0.78865,-2.71317
1898,AAPL260918C00410000,AAPL,2026-09-18,410.00,call,1.55,1.54,1.49,5,1.59,4,0,65,2025-11-24,0.25390,0.0703,0.00213,-0.01618,0.33585,0.14362
1899,AAPL260918P00410000,AAPL,2026-09-18,410.00,put,0.00,134.10,132.15,27,136.05,27,0,0,2025-11-24,0.44901,-0.75654,0.00280,-0.02234,0.78108,-2.80372
1900,AAPL260918C00420000,AAPL,2026-09-18,420.00,call,1.60,1.23,1.19,1,1.28,2,0,4,2025-11-24,0.25390,0.05721,0.00181,-0.01372,0.28611,0.11728
1901,AAPL260918P00420000,AAPL,2026-09-18,420.00,put,0.00,144.10,142.15,27,146.05,27,0,0,2025-11-24,0.46853,-0.75989,0.00266,-0.02329,0.77525,-2.89227
1902,AAPL260918C00430000,AAPL,2026-09-18,430.00,call,1.03,0.99,0.95,51,1.03,39,5,21,2025-11-24,0.25390,0.04637,0.00153,-0.01155,0.24206,0.09533
1903,AAPL260918P00430000,AAPL,2026-09-18,430.00,put,0.00,154.10,152.15,27,156.05,27,0,0,2025-11-24,0.48804,-0.76232,0.00254,-0.02434,0.77093,-2.97915
1904,AAPL260918C00440000,AAPL,2026-09-18,440.00,call,0.82,0.80,0.76,25,0.84,13,60,1,2025-11-24,0.25390,0.03743,0.00129,-0.00967,0.20351,0.07717
1905,AAPL260918P00440000,AAPL,2026-09-18,440.00,put,0.00,164.10,162.15,27,166.05,27,0,0,2025-11-24,0.50755,-0.76399,0.00243,-0.02550,0.76796,-3.06463
1906,AAPL260918C00450000,AAPL,2026-09-18,450.00,call,0.92,0.65,0.61,33,0.69,27,0,125,2025-11-24,0.25390,0.0301,0.00108,-0.00806,0.17010,0.06223
1907,AAPL260918P00450000,AAPL,2026-09-18,450.00,put,0.00,174.10,172.15,27,176.05,27,0,0,2025-11-24,0.52706,-0.76499,0.00234,-0.02675,0.76616,-3.14893
1908,AAPL260918C00460000,AAPL,2026-09-18,460.00,call,0.57,0.53,0.50,42,0.57,50,0,5,2025-11-24,0.25390,0.02413,0.00090,-0.00668,0.14143,0.05000
1909,AAPL260918P00460000,AAPL,2026-09-18,460.00,put,0.00,184.10,182.15,22,186.05,22,0,0,2025-11-24,0.54657,-0.76542,0.00225,-0.02811,0.76538,-3.23221
1910,AAPL260918C00470000,AAPL,2026-09-18,470.00,call,0.56,0.44,0.41,29,0.48,41,0,2,2025-11-24,0.25390,0.01928,0.00074,-0.00551,0.11701,0.04005
1911,AAPL260918P00470000,AAPL,2026-09-18,470.00,put,0.00,194.10,192.15,22,196.05,22,0,0,2025-11-24,0.56608,-0.76535,0.00218,-0.02955,0.76551,-3.31465
1912,AAPL260918C00480000,AAPL,2026-09-18,480.00,call,0.40,0.36,0.33,29,0.40,17,0,48,2025-11-24,0.25390,0.01536,0.00061,-0.00452,0.09637,0.03198
1913,AAPL260918P00480000,AAPL,2026-09-18,480.00,put,0.00,204.10,202.15,22,206.05,22,0,0,2025-11-24,0.56608,-0.7778,0.00211,-0.02607,0.74242,-3.41351
1914,AAPL260918C00490000,AAPL,2026-09-18,490.00,call,0.38,0.31,0.27,34,0.34,22,0,5,2025-11-24,0.25390,0.01221,0.00050,-0.00370,0.07904,0.02546
1915,AAPL260918P00490000,AAPL,2026-09-18,490.00,put,0.00,214.10,212.15,22,216.05,22,0,0,2025-11-24,0.58560,-0.77665,0.00205,-0.02767,0.74460,-3.49398
1916,AAPL260918C00500000,AAPL,2026-09-18,500.00,call,0.28,0.26,0.22,33,0.30,39,0,30,2025-11-24,0.25390,0.00968,0.00041,-0.00301,0.06458,0.02023
1917,AAPL260918P00500000,AAPL,2026-09-18,500.00,put,0.00,224.10,222.15,22,226.05,22,0,0,2025-11-24,0.60511,-0.77518,0.00199,-0.02935,0.74739,-3.57393
1918,AAPL260918C00510000,AAPL,2026-09-18,510.00,call,0.00,0.22,0.18,49,0.26,59,0,0,2025-11-24,0.27341,0.01271,0.00048,-0.00410,0.08186,0.02636
1919,AAPL260918P00510000,AAPL,2026-09-18,510.00,put,0.00,234.10,232.15,22,236.05,22,0,0,2025-11-24,0.62462,-0.77341,0.00193,-0.03111,0.75071,-3.65344
1920,AAPL260918C00520000,AAPL,2026-09-18,520.00,call,0.16,0.18,0.15,39,0.22,52,0,5,2025-11-24,0.27341,0.01035,0.00040,-0.00342,0.06846,0.02150
1921,AAPL260918P00520000,AAPL,2026-09-18,520.00,put,0.00,244.10,242.15,27,246.05,27,0,0,2025-11-24,0.64413,-0.77138,0.00188,-0.03294,0.75449,-3.73257
1922,AAPL260918C00530000,AAPL,2026-09-18,530.00,call,0.17,0.17,0.15,2,0.20,67,84,685,2025-11-24,0.27341,0.00841,0.00034,-0.00285,0.05711,0.01750
1923,AAPL260918P00530000,AAPL,2026-09-18,530.00,put,0.00,254.10,252.15,27,256.05,27,0,0,2025-11-24,0.66364,-0.76911,0.00184,-0.03485,0.75866,-3.81136
1924,AAPL261218C00005000,AAPL,2026-12-18,5.00,call,264.64,271.07,269.15,19,273.00,2,0,2,2025-11-24,0.01976,1.0,0.00000,-0.00051,0.00000,0.05113
1925,AAPL261218P00005000,AAPL,2026-12-18,5.00,put,0.00,0.01,0.00,0,0.05,18,0,104,2025-11-24,1.26851,-9e-05,0.00000,-0.00016,0.00101,-0.00038
1926,AAPL261218C00010000,AAPL,2026-12-18,10.00,call,245.23,266.10,264.20,19,268.00,2,0,0,2025-11-24,0.01976,1.0,0.00000,-0.00102,0.00000,0.10226
1927,AAPL261218P00010000,AAPL,2026-12-18,10.00,put,0.00,0.01,0.00,0,0.05,15,0,97,2025-11-24,1.03437,-0.00012,0.00000,-0.00017,0.00131,-0.00046
1928,AAPL261218C00015000,AAPL,2026-12-18,15.00,call,186.06,261.15,259.30,19,263.00,2,0,5,2025-11-24,0.01976,1.0,0.00000,-0.00153,0.00000,0.15339
1929,AAPL261218P00015000,AAPL,2026-12-18,15.00,put,0.00,0.01,0.00,0,0.05,22,0,625,2025-11-24,0.89778,-0.00013,0.00000,-0.00016,0.00145,-0.00050
1930,AAPL261218C00020000,AAPL,2026-12-18,20.00,call,240.80,256.40,254.45,19,258.35,19,0,5,2025-11-24,0.01976,1.0,0.00000,-0.00204,0.00000,0.20452
1931,AAPL261218P00020000,AAPL,2026-12-18,20.00,put,0.00,0.01,0.00,0,0.06,21,0,2870,2025-11-24,0.80022,-0.00014,0.00000,-0.00015,0.00151,-0.00050
1932,AAPL261218C00025000,AAPL,2026-12-18,25.00,call,184.65,251.57,249.65,19,253.50,2,0,2,2025-11-24,0.01976,1.0,0.00000,-0.00255,0.00000,0.25565
1933,AAPL261218P00025000,AAPL,2026-12-18,25.00,put,0.00,0.04,0.01,1,0.07,4,0,529,2025-11-24,0.81974,-0.00047,0.00001,-0.00048,0.00476,-0.00176
1934,AAPL261218C00030000,AAPL,2026-12-18,30.00,call,199.10,246.80,244.85,19,248.75,19,0,10,2025-11-24,0.01976,1.0,0.00000,-0.00306,0.00000,0.30677
1935,AAPL261218P00030000,AAPL,2026-12-18,30.00,put,0.00,0.05,0.02,1,0.08,25,0,1174,2025-11-24,0.78071,-0.00067,0.00001,-0.00064,0.00663,-0.00251
1936,AAPL261218C00035000,AAPL,2026-12-18,35.00,call,146.20,242.00,240.05,19,243.95,19,0,3,2025-11-24,0.01976,1.0,0.00000,-0.00357,0.00000,0.35790
1937,AAPL261218P00035000,AAPL,2026-12-18,35.00,put,0.00,0.06,0.03,1,0.09,24,0,1390,2025-11-24,0.74169,-0.00086,0.00001,-0.00077,0.00838,-0.00320
1938,AAPL261218C00040000,AAPL,2026-12-18,40.00,call,161.68,237.12,235.25,19,239.00,2,0,5,2025-11-24,0.01976,1.0,0.00000,-0.00408,0.00000,0.40903
1939,AAPL261218P00040000,AAPL,2026-12-18,40.00,put,0.00,0.08,0.05,1,0.10,8,0,289,2025-11-24,0.70267,-0.00103,0.00002,-0.00085,0.00984,-0.00377
1940,AAPL261218C00045000,AAPL,2026-12-18,45.00,call,156.53,232.40,230.45,19,234.35,19,0,57,2025-11-24,0.01976,1.0,0.00000,-0.00459,0.00000,0.46016
1941,AAPL261218P00045000,AAPL,2026-12-18,45.00,put,0.00,0.09,0.06,1,0.12,16,0,673,2025-11-24,0.68315,-0.00143,0.00002,-0.00112,0.01330,-0.00524
1942,AAPL261218C00050000,AAPL,2026-12-18,50.00,call,219.15,227.57,225.65,19,229.50,2,0,1982,2025-11-24,0.01976,1.0,0.00000,-0.00510,0.00000,0.51129
1943,AAPL261218P00050000,AAPL,2026-12-18,50.00,put,0.00,0.09,0.07,19,0.10,1,0,2165,2025-11-24,0.64413,-0.00152,0.00003,-0.00111,0.01408,-0.00551
1944,AAPL261218C00060000,AAPL,2026-12-18,60.00,call,211.70,217.85,216.25,4,219.45,3,0,289,2025-11-24,0.01976,1.0,0.00000,-0.00612,0.00000,0.61355
1945,AAPL261218P00060000,AAPL,2026-12-18,60.00,put,0.00,0.12,0.10,4,0.15,3,0,1417,2025-11-24,0.58560,-0.0019,0.00004,-0.00123,0.01723,-0.00676
1946,AAPL261218C00070000,AAPL,2026-12-18,70.00,call,203.00,208.38,206.75,30,210.00,24,0,2524,2025-11-24,0.01976,1.0,0.00000,-0.00714,0.00000,0.71581
1947,AAPL261218P00070000,AAPL,2026-12-18,70.00,put,0.22,0.21,0.17,1,0.24,25,1,174,2025-11-24,0.56608,-0.00336,0.00006,-0.00198,0.02889,-0.01200
1948,AAPL261218C00080000,AAPL,2026-12-18,80.00,call,195.28,198.80,197.20,4,200.40,4,0,394,2025-11-24,0.01976,1.0,0.00000,-0.00816,0.00000,0.81807
1949,AAPL261218P00080000,AAPL,2026-12-18,80.00,put,0.29,0.29,0.27,19,0.30,51,2,3392,2025-11-24,0.54657,-0.00539,0.00010,-0.00290,0.04405,-0.01927
1950,AAPL261218C00085000,AAPL,2026-12-18,85.00,call,189.43,194.05,192.45,4,195.65,3,0,615,2025-11-24,0.01976,1.0,0.00000,-0.00867,0.00000,0.86919
1951,AAPL261218P00085000,AAPL,2026-12-18,85.00,put,0.00,0.30,0.25,4,0.35,4,0,223,2025-11-24,0.50755,-0.00483,0.00010,-0.00243,0.03990,-0.01695
1952,AAPL261218C00090000,AAPL,2026-12-18,90.00,call,180.50,189.50,187.55,19,191.45,19,0,478,2025-11-24,0.01976,1.0,0.00000,-0.00918,0.00000,0.92032
1953,AAPL261218P00090000,AAPL,2026-12-18,90.00,put,0.00,0.36,0.32,21,0.40,25,0,1653,2025-11-24,0.50755,-0.00659,0.00013,-0.00320,0.05261,-0.02327
1954,AAPL261218C00095000,AAPL,2026-12-18,95.00,call,179.30,184.55,182.95,5,186.15,30,0,101,2025-11-24,0.01976,1.0,0.00000,-0.00969,0.00000,0.97145
1955,AAPL261218P00095000,AAPL,2026-12-18,95.00,put,0.00,0.42,0.39,19,0.44,19,0,2524,2025-11-24,0.48804,-0.00714,0.00014,-0.00329,0.05647,-0.02506
1956,AAPL261218C00100000,AAPL,2026-12-18,100.00,call,180.30,179.88,179.15,26,180.60,32,1,3217,2025-11-24,0.01976,1.0,0.00000,-0.01020,0.00000,1.02258
1957,AAPL261218P00100000,AAPL,2026-12-18,100.00,put,0.48,0.47,0.45,65,0.50,87,1,2408,2025-11-24,0.48804,-0.00943,0.00018,-0.00419,0.07210,-0.03328
1958,AAPL261218C00105000,AAPL,2026-12-18,105.00,call,168.76,175.07,173.50,3,176.65,33,0,176,2025-11-24,0.01976,1.0,0.00000,-0.01071,0.00000,1.07371
1959,AAPL261218P00105000,AAPL,2026-12-18,105.00,put,0.00,0.54,0.52,54,0.57,54,0,2707,2025-11-24,0.46853,-0.01004,0.00020,-0.00424,0.07619,-0.03522
1960,AAPL261218C00110000,AAPL,2026-12-18,110.00,call,171.40,170.35,168.75,5,171.95,10,1,484,2025-11-24,0.01976,1.0,0.00000,-0.01122,0.00000,1.12484
1961,AAPL261218P00110000,AAPL,2026-12-18,110.00,put,0.00,0.61,0.57,29,0.66,29,0,1468,2025-11-24,0.44901,-0.01059,0.00022,-0.00424,0.07978,-0.03688
1962,AAPL261218C00115000,AAPL,2026-12-18,115.00,call,158.14,165.65,164.05,3,167.25,30,0,238,2025-11-24,0.33194,0.99779,0.00007,-0.01250,0.01981,1.16873
1963,AAPL261218P00115000,AAPL,2026-12-18,115.00,put,0.00,0.71,0.66,20,0.75,23,0,1381,2025-11-24,0.44901,-0.01359,0.00027,-0.00524,0.09906,-0.04757
1964,AAPL261218C00120000,AAPL,2026-12-18,120.00,call,158.22,160.77,159.35,5,162.20,34,0,1158,2025-11-24,0.01976,1.0,0.00000,-0.01224,0.00000,1.22710
1965,AAPL261218P00120000,AAPL,2026-12-18,120.00,put,0.00,0.80,0.76,22,0.85,17,0,1569,2025-11-24,0.42950,-0.01416,0.00029,-0.00518,0.10266,-0.04922
1966,AAPL261218C00125000,AAPL,2026-12-18,125.00,call,152.00,156.25,154.65,5,157.85,33,0,418,2025-11-24,0.35146,0.99339,0.00019,-0.01491,0.05278,1.25622
1967,AAPL261218P00125000,AAPL,2026-12-18,125.00,put,0.96,0.92,0.90,96,0.94,22,5,3242,2025-11-24,0.42950,-0.01783,0.00036,-0.00628,0.12510,-0.06229
1968,AAPL261218C00130000,AAPL,2026-12-18,130.00,call,143.00,151.60,150.00,4,153.20,30,0,1421,2025-11-24,0.37097,0.98823,0.00029,-0.01703,0.08748,1.28955
1969,AAPL261218P00130000,AAPL,2026-12-18,130.00,put,1.16,1.06,1.01,25,1.10,42,2,1075,2025-11-24,0.42950,-0.0221,0.00043,-0.00751,0.15006,-0.07756
1970,AAPL261218C00135000,AAPL,2026-12-18,135.00,call,139.75,147.03,145.50,9,148.55,34,0,659,2025-11-24,0.37097,0.98485,0.00036,-0.01845,0.10883,1.32901
1971,AAPL261218P00135000,AAPL,2026-12-18,135.00,put,0.00,1.21,1.16,32,1.26,40,0,1502,2025-11-24,0.40999,-0.02285,0.00046,-0.00734,0.15434,-0.07956
1972,AAPL261218C00140000,AAPL,2026-12-18,140.00,call,136.70,142.32,140.75,7,143.90,91,0,1019,2025-11-24,0.37097,0.98082,0.00044,-0.01997,0.13308,1.36619
1973,AAPL261218P00140000,AAPL,2026-12-18,140.00,put,1.44,1.38,1.33,88,1.43,57,2,1278,2025-11-24,0.40999,-0.02792,0.00055,-0.00865,0.18257,-0.09769
1974,AAPL261218C00145000,AAPL,2026-12-18,145.00,call,132.31,137.70,136.10,7,139.30,14,0,479,2025-11-24,0.35146,0.98071,0.00047,-0.02018,0.13375,1.41747
1975,AAPL261218P00145000,AAPL,2026-12-18,145.00,put,0.00,1.57,1.52,30,1.63,34,0,1058,2025-11-24,0.39048,-0.02871,0.00059,-0.00838,0.18685,-0.09963
1976,AAPL261218C00150000,AAPL,2026-12-18,150.00,call,133.42,133.15,131.55,9,134.75,14,6,473,2025-11-24,0.35146,0.97588,0.00057,-0.02178,0.16157,1.45190
1977,AAPL261218P00150000,AAPL,2026-12-18,150.00,put,1.76,1.80,1.75,33,1.85,92,20,1888,2025-11-24,0.39048,-0.03468,0.00069,-0.00976,0.21845,-0.12092
1978,AAPL261218C00155000,AAPL,2026-12-18,155.00,call,127.05,128.60,127.00,9,130.20,14,0,295,2025-11-24,0.35146,0.97027,0.00067,-0.02349,0.19235,1.48355
1979,AAPL261218P00155000,AAPL,2026-12-18,155.00,put,0.00,2.04,1.99,43,2.10,43,0,791,2025-11-24,0.39048,-0.0414,0.00080,-0.01122,0.25239,-0.14502
1980,AAPL261218C00160000,AAPL,2026-12-18,160.00,call,119.30,124.10,122.55,53,125.65,55,0,1051,2025-11-24,0.35146,0.96386,0.00079,-0.02529,0.22598,1.51225
1981,AAPL261218P00160000,AAPL,2026-12-18,160.00,put,2.30,2.31,2.29,43,2.33,8,30,3161,2025-11-24,0.37097,-0.0425,0.00086,-0.01082,0.25783,-0.14761
1982,AAPL261218C00165000,AAPL,2026-12-18,165.00,call,119.25,119.58,118.00,9,121.15,34,1,486,2025-11-24,0.35146,0.9566,0.00092,-0.02719,0.26224,1.53784
1983,AAPL261218P00165000,AAPL,2026-12-18,165.00,put,2.59,2.63,2.57,78,2.69,84,6,1395,2025-11-24,0.37097,-0.05029,0.00098,-0.01232,0.29514,-0.17548
1984,AAPL261218C00170000,AAPL,2026-12-18,170.00,call,110.00,115.10,113.50,9,116.70,34,0,1155,2025-11-24,0.35146,0.94847,0.00106,-0.02915,0.30090,1.56019
1985,AAPL261218P00170000,AAPL,2026-12-18,170.00,put,2.95,2.97,2.94,30,3.00,33,6,2267,2025-11-24,0.37097,-0.0589,0.00111,-0.01389,0.33443,-0.20648
1986,AAPL261218C00175000,AAPL,2026-12-18,175.00,call,109.00,110.67,109.05,9,112.30,34,1,849,2025-11-24,0.33194,0.94746,0.00113,-0.02909,0.30559,1.60946
1987,AAPL261218P00175000,AAPL,2026-12-18,175.00,put,3.34,3.35,3.30,63,3.40,16,1,1521,2025-11-24,0.35146,-0.06053,0.00120,-0.01334,0.34167,-0.21030
1988,AAPL261218C00180000,AAPL,2026-12-18,180.00,call,105.00,106.45,105.00,9,107.90,34,1,988,2025-11-24,0.33194,0.93804,0.00129,-0.03108,0.34796,1.62735
1989,AAPL261218P00180000,AAPL,2026-12-18,180.00,put,3.70,3.77,3.75,25,3.80,22,13,3444,2025-11-24,0.35146,-0.07042,0.00135,-0.01491,0.38422,-0.24578
1990,AAPL261218C00185000,AAPL,2026-12-18,185.00,call,99.35,101.72,101.15,7,102.30,8,15,1316,2025-11-24,0.33194,0.92766,0.00146,-0.03311,0.39225,1.64161
1991,AAPL261218P00185000,AAPL,2026-12-18,185.00,put,0.00,4.25,4.20,18,4.30,18,0,1445,2025-11-24,0.35146,-0.08118,0.00150,-0.01650,0.42819,-0.28469
1992,AAPL261218C00190000,AAPL,2026-12-18,190.00,call,93.77,97.40,96.80,26,98.00,32,0,1018,2025-11-24,0.33194,0.91632,0.00163,-0.03517,0.43807,1.65220
1993,AAPL261218P00190000,AAPL,2026-12-18,190.00,put,4.75,4.75,4.70,38,4.80,13,78,3077,2025-11-24,0.35146,-0.09281,0.00166,-0.01812,0.47322,-0.32702
1994,AAPL261218C00195000,AAPL,2026-12-18,195.00,call,93.70,93.28,92.75,7,93.80,14,2,1081,2025-11-24,0.31243,0.91398,0.00176,-0.03490,0.44724,1.69803
1995,AAPL261218P00195000,AAPL,2026-12-18,195.00,put,5.27,5.35,5.30,36,5.40,13,54,1703,2025-11-24,0.33194,-0.09596,0.00180,-0.01735,0.48501,-0.33492
1996,AAPL261218C00200000,AAPL,2026-12-18,200.00,call,89.85,89.25,89.20,2,89.30,45,314,24031,2025-11-24,0.31243,0.90098,0.00196,-0.03692,0.49631,1.70287
1997,AAPL261218P00200000,AAPL,2026-12-18,200.00,put,5.90,5.97,5.95,18,6.00,9,5,9644,2025-11-24,0.33194,-0.10915,0.00198,-0.01891,0.53264,-0.38280
1998,AAPL261218C00210000,AAPL,2026-12-18,210.00,call,79.25,81.07,81.05,2,81.10,14,475,5739,2025-11-24,0.31243,0.872,0.00235,-0.04090,0.59614,1.70074
1999,AAPL261218P00210000,AAPL,2026-12-18,210.00,put,7.35,7.45,7.40,22,7.50,22,48,2443,2025-11-24,0.33194,-0.13815,0.00233,-0.02193,0.62828,-0.48926
2000,AAPL261218C00220000,AAPL,2026-12-18,220.00,call,73.72,73.22,73.20,2,73.25,13,9,3512,2025-11-24,0.31243,0.83932,0.00274,-0.04470,0.69499,1.68342
2001,AAPL261218P00220000,AAPL,2026-12-18,220.00,put,9.20,9.20,9.15,26,9.25,9,28,9902,2025-11-24,0.31243,-0.16068,0.00274,-0.02226,0.69499,-0.56626
2002,AAPL261218C00230000,AAPL,2026-12-18,230.00,call,66.75,65.68,65.65,2,65.70,34,16,5213,2025-11-24,0.29292,0.81324,0.00322,-0.04572,0.76481,1.69709
2003,AAPL261218P00230000,AAPL,2026-12-18,230.00,put,12.00,11.30,11.25,20,11.35,23,2,3640,2025-11-24,0.31243,-0.1966,0.00311,-0.02471,0.78924,-0.69995
2004,AAPL261218C00240000,AAPL,2026-12-18,240.00,call,59.36,58.48,58.45,7,58.50,34,8,5814,2025-11-24,0.29292,0.77312,0.00361,-0.04878,0.85832,1.65040
2005,AAPL261218P00240000,AAPL,2026-12-18,240.00,put,13.80,13.80,13.75,41,13.85,12,193,6633,2025-11-24,0.31243,-0.23518,0.00345,-0.02673,0.87571,-0.84625
2006,AAPL261218C00250000,AAPL,2026-12-18,250.00,call,52.05,51.67,51.65,7,51.70,18,71,9660,2025-11-24,0.29292,0.73045,0.00396,-0.05130,0.94105,1.59112
2007,AAPL261218P00250000,AAPL,2026-12-18,250.00,put,16.41,16.70,16.60,89,16.80,12,4,2022,2025-11-24,0.29292,-0.26955,0.00396,-0.02580,0.94105,-0.96533
2008,AAPL261218C00260000,AAPL,2026-12-18,260.00,call,45.91,45.27,45.25,7,45.30,51,28,4470,2025-11-24,0.27341,0.69082,0.00452,-0.05080,1.00376,1.55662
2009,AAPL261218P00260000,AAPL,2026-12-18,260.00,put,19.95,20.05,20.00,45,20.10,12,119,3488,2025-11-24,0.29292,-0.31403,0.00425,-0.02670,1.01054,-1.13730
2010,AAPL261218C00270000,AAPL,2026-12-18,270.00,call,39.96,39.38,39.35,10,39.40,40,132,5692,2025-11-24,0.27341,0.64225,0.00479,-0.05204,1.06335,1.47095
2011,AAPL261218P00270000,AAPL,2026-12-18,270.00,put,23.80,23.88,23.75,84,24.00,10,155,1606,2025-11-24,0.29292,-0.35955,0.00448,-0.02696,1.06520,-1.31744
2012,AAPL261218C00280000,AAPL,2026-12-18,280.00,call,33.95,33.90,33.85,4,33.95,49,102,4622,2025-11-24,0.27341,0.59314,0.00498,-0.05259,1.10526,1.37837
2013,AAPL261218P00280000,AAPL,2026-12-18,280.00,put,28.10,28.27,28.15,47,28.40,1,9,332,2025-11-24,0.29292,-0.4054,0.00465,-0.02658,1.10427,-1.50352
2014,AAPL261218C00290000,AAPL,2026-12-18,290.00,call,29.25,28.98,28.95,8,29.00,35,42,6576,2025-11-24,0.27341,0.54431,0.00509,-0.05247,1.12936,1.28148
2015,AAPL261218P00290000,AAPL,2026-12-18,290.00,put,32.92,33.25,33.05,26,33.45,1,17,104,2025-11-24,0.27341,-0.45569,0.00509,-0.02289,1.12936,-1.68401
2016,AAPL261218C00300000,AAPL,2026-12-18,300.00,call,25.17,24.58,24.55,28,24.60,87,156,9012,2025-11-24,0.25390,0.48787,0.00551,-0.04885,1.13585,1.18092
2017,AAPL261218P00300000,AAPL,2026-12-18,300.00,put,38.60,38.78,38.70,32,38.85,10,5,5231,2025-11-24,0.27341,-0.50351,0.00512,-0.02113,1.13633,-1.88513
2018,AAPL261218C00310000,AAPL,2026-12-18,310.00,call,21.10,20.65,20.55,14,20.75,70,33,2727,2025-11-24,0.25390,0.43821,0.00545,-0.04733,1.12272,1.07183
2019,AAPL261218P00310000,AAPL,2026-12-18,310.00,put,44.65,44.98,44.75,20,45.20,2,2,56,2025-11-24,0.27341,-0.54973,0.00508,-0.01882,1.12753,-2.08612
2020,AAPL261218C00320000,AAPL,2026-12-18,320.00,call,17.30,17.30,17.25,3,17.35,81,65,8208,2025-11-24,0.25390,0.39103,0.00531,-0.04532,1.09372,0.96542
2021,AAPL261218P00320000,AAPL,2026-12-18,320.00,put,0.00,51.75,51.30,19,52.20,4,0,67,2025-11-24,0.29292,-0.58011,0.00468,-0.01930,1.11339,-2.26791
2022,AAPL261218C00330000,AAPL,2026-12-18,330.00,call,14.55,14.38,14.30,1,14.45,24,1,1753,2025-11-24,0.25390,0.34678,0.00510,-0.04293,1.05150,0.86343
2023,AAPL261218P00330000,AAPL,2026-12-18,330.00,put,0.00,59.15,58.70,5,59.60,4,0,88,2025-11-24,0.29292,-0.61941,0.00457,-0.01636,1.08508,-2.45615
2024,AAPL261218C00340000,AAPL,2026-12-18,340.00,call,12.18,11.88,11.75,17,12.00,37,109,1073,2025-11-24,0.25390,0.30575,0.00485,-0.04025,0.99885,0.76712
2025,AAPL261218P00340000,AAPL,2026-12-18,340.00,put,0.00,67.08,66.45,6,67.70,4,0,209,2025-11-24,0.29292,-0.6564,0.00441,-0.01311,1.04789,-2.64100
2026,AAPL261218C00350000,AAPL,2026-12-18,350.00,call,10.10,9.88,9.80,10,9.95,81,89,7542,2025-11-24,0.25390,0.26812,0.00456,-0.03738,0.93853,0.67737
2027,AAPL261218P00350000,AAPL,2026-12-18,350.00,put,0.00,75.62,74.95,5,76.30,4,0,74,2025-11-24,0.31243,-0.67288,0.00405,-0.01345,1.02793,-2.78975
2028,AAPL261218C00360000,AAPL,2026-12-18,360.00,call,8.21,8.12,8.05,11,8.20,68,15,2419,2025-11-24,0.25390,0.23392,0.00424,-0.03443,0.87311,0.59472
2029,AAPL261218P00360000,AAPL,2026-12-18,360.00,put,0.00,84.80,84.15,4,85.45,4,0,67,2025-11-24,0.33194,-0.68588,0.00375,-0.01390,1.01068,-2.92975
2030,AAPL261218C00370000,AAPL,2026-12-18,370.00,call,6.78,6.67,6.60,21,6.75,60,20,2650,2025-11-24,0.25390,0.20312,0.00391,-0.03145,0.80490,0.51939
2031,AAPL261218P00370000,AAPL,2026-12-18,370.00,put,0.00,94.15,92.20,24,96.10,24,0,0,2025-11-24,0.33194,-0.71367,0.00360,-0.01049,0.96919,-3.09401
2032,AAPL261218C00380000,AAPL,2026-12-18,380.00,call,5.60,5.45,5.35,45,5.55,3,3,1265,2025-11-24,0.25390,0.1756,0.00357,-0.02852,0.73586,0.45139
2033,AAPL261218P00380000,AAPL,2026-12-18,380.00,put,0.00,104.15,102.20,24,106.10,24,0,0,2025-11-24,0.37097,-0.70412,0.00327,-0.01511,0.98417,-3.19031
2034,AAPL261218C00390000,AAPL,2026-12-18,390.00,call,4.59,4.50,4.40,42,4.60,58,11,241,2025-11-24,0.25390,0.15118,0.00324,-0.02568,0.66763,0.39052
2035,AAPL261218P00390000,AAPL,2026-12-18,390.00,put,0.00,114.12,112.15,24,116.10,24,0,0,2025-11-24,0.39048,-0.7103,0.00308,-0.01587,0.97456,-3.31334
2036,AAPL261218C00400000,AAPL,2026-12-18,400.00,call,3.79,3.70,3.60,41,3.80,40,2,699,2025-11-24,0.25390,0.12967,0.00292,-0.02299,0.60151,0.33644
2037,AAPL261218P00400000,AAPL,2026-12-18,400.00,put,0.00,124.12,122.15,24,126.10,24,0,0,2025-11-24,0.40999,-0.715,0.00291,-0.01672,0.96706,-3.43273
2038,AAPL261218C00410000,AAPL,2026-12-18,410.00,call,3.05,3.08,3.00,33,3.15,21,6,347,2025-11-24,0.25390,0.11082,0.00261,-0.02045,0.53848,0.28873
2039,AAPL261218P00410000,AAPL,2026-12-18,410.00,put,0.00,134.15,132.20,1,136.10,24,0,0,2025-11-24,0.42950,-0.71845,0.00276,-0.01768,0.96142,-3.54913
2040,AAPL261218C00420000,AAPL,2026-12-18,420.00,call,2.61,2.54,2.48,11,2.61,10,3,618,2025-11-24,0.25390,0.09441,0.00233,-0.01810,0.47922,0.24690
2041,AAPL261218P00420000,AAPL,2026-12-18,420.00,put,0.00,144.10,142.15,1,146.05,24,0,0,2025-11-24,0.44901,-0.72086,0.00263,-0.01872,0.95743,-3.66306
2042,AAPL261218C00430000,AAPL,2026-12-18,430.00,call,2.15,2.13,2.06,5,2.20,4,10,325,2025-11-24,0.25390,0.08018,0.00206,-0.01594,0.42418,0.21044
2043,AAPL261218P00430000,AAPL,2026-12-18,430.00,put,0.00,154.10,152.15,24,156.05,24,0,0,2025-11-24,0.46853,-0.72239,0.00251,-0.01985,0.95487,-3.77494
2044,AAPL261218C00440000,AAPL,2026-12-18,440.00,call,1.80,1.78,1.72,26,1.84,26,2,75,2025-11-24,0.25390,0.0679,0.00181,-0.01398,0.37360,0.17881
2045,AAPL261218P00440000,AAPL,2026-12-18,440.00,put,0.00,164.10,162.15,20,166.05,24,0,0,2025-11-24,0.48804,-0.72316,0.00241,-0.02107,0.95357,-3.88510
2046,AAPL261218C00450000,AAPL,2026-12-18,450.00,call,1.53,1.50,1.44,20,1.56,8,2,1680,2025-11-24,0.25390,0.05736,0.00159,-0.01220,0.32754,0.15151
2047,AAPL261218P00450000,AAPL,2026-12-18,450.00,put,0.00,174.10,172.15,20,176.05,24,0,0,2025-11-24,0.48804,-0.73789,0.00234,-0.01813,0.92779,-4.01721
2048,AAPL261218C00460000,AAPL,2026-12-18,460.00,call,1.26,1.27,1.22,2,1.32,2,0,17,2025-11-24,0.25390,0.04834,0.00139,-0.01061,0.28596,0.12805
2049,AAPL261218P00460000,AAPL,2026-12-18,460.00,put,0.00,184.10,182.15,24,186.05,24,0,0,2025-11-24,0.50755,-0.73714,0.00226,-0.01948,0.92914,-4.12378
2050,AAPL261218C00470000,AAPL,2026-12-18,470.00,call,1.14,1.08,1.03,25,1.14,21,1,9,2025-11-24,0.25390,0.04065,0.00121,-0.00919,0.24868,0.10796
2051,AAPL261218P00470000,AAPL,2026-12-18,470.00,put,0.00,194.10,192.15,24,196.05,24,0,0,2025-11-24,0.52706,-0.73592,0.00218,-0.02091,0.93134,-4.22935
2052,AAPL261218C00480000,AAPL,2026-12-18,480.00,call,1.01,0.93,0.88,26,0.98,29,0,3,2025-11-24,0.25390,0.03411,0.00105,-0.00794,0.21549,0.09083
2053,AAPL261218P00480000,AAPL,2026-12-18,480.00,put,0.00,204.10,202.15,24,206.05,24,0,0,2025-11-24,0.54657,-0.73429,0.00211,-0.02241,0.93427,-4.33409
2054,AAPL261218C00490000,AAPL,2026-12-18,490.00,call,0.94,0.80,0.75,27,0.85,23,0,9,2025-11-24,0.25390,0.02857,0.00090,-0.00683,0.18612,0.07626
2055,AAPL261218P00490000,AAPL,2026-12-18,490.00,put,0.00,214.10,212.15,24,216.05,24,0,0,2025-11-24,0.56608,-0.73229,0.00204,-0.02397,0.93781,-4.43811
2056,AAPL261218C00500000,AAPL,2026-12-18,500.00,call,0.70,0.70,0.65,78,0.74,72,1,257,2025-11-24,0.25390,0.02389,0.00078,-0.00587,0.16026,0.06391
2057,AAPL261218P00500000,AAPL,2026-12-18,500.00,put,0.00,224.10,222.15,20,226.05,24,0,0,2025-11-24,0.58560,-0.72997,0.00198,-0.02560,0.94189,-4.54152
2058,AAPL261218C00510000,AAPL,2026-12-18,510.00,call,0.61,0.60,0.56,65,0.65,37,1,10,2025-11-24,0.25390,0.01995,0.00067,-0.00502,0.13761,0.05347
2059,AAPL261218P00510000,AAPL,2026-12-18,510.00,put,0.00,234.10,232.15,24,236.05,24,0,0,2025-11-24,0.58560,-0.74069,0.00194,-0.02293,0.92268,-4.66420
2060,AAPL261218C00520000,AAPL,2026-12-18,520.00,call,0.54,0.53,0.49,33,0.58,53,1,9,2025-11-24,0.27341,0.02514,0.00075,-0.00654,0.16726,0.06674
2061,AAPL261218P00520000,AAPL,2026-12-18,520.00,put,0.00,244.10,242.15,24,246.05,24,0,0,2025-11-24,0.60511,-0.73759,0.00189,-0.02467,0.92834,-4.76588
2062,AAPL261218C00530000,AAPL,2026-12-18,530.00,call,0.49,0.48,0.45,1,0.51,77,5,482,2025-11-24,0.27341,0.02143,0.00066,-0.00571,0.14623,0.05701
2063,AAPL261218P00530000,AAPL,2026-12-18,530.00,put,0.00,254.10,252.15,24,256.05,24,0,0,2025-11-24,0.62462,-0.73427,0.00184,-0.02646,0.93431,-4.86722
2064,AAPL270115C00005000,AAPL,2027-01-15,5.00,call,262.50,270.88,269.15,20,272.60,21,0,20,2025-11-24,0.01976,1.0,0.00000,-0.00051,0.00000,0.05465
2065,AAPL270115P00005000,AAPL,2027-01-15,5.00,put,0.00,0.01,0.00,0,0.03,10,0,1178,2025-11-24,1.20997,-8e-05,0.00000,-0.00013,0.00092,-0.00035
2066,AAPL270115C00010000,AAPL,2027-01-15,10.00,call,259.68,266.10,264.20,20,268.00,2,0,56,2025-11-24,0.01976,1.0,0.00000,-0.00102,0.00000,0.10929
2067,AAPL270115P00010000,AAPL,2027-01-15,10.00,put,0.00,0.01,0.00,0,0.05,8,0,143,2025-11-24,0.99534,-0.00011,0.00000,-0.00015,0.00129,-0.00047
2068,AAPL270115C00015000,AAPL,2027-01-15,15.00,call,252.65,261.27,259.30,20,263.25,20,0,188,2025-11-24,0.01976,1.0,0.00000,-0.00153,0.00000,0.16394
2069,AAPL270115P00015000,AAPL,2027-01-15,15.00,put,0.00,0.01,0.00,0,0.05,1,0,83,2025-11-24,0.85876,-0.00012,0.00000,-0.00013,0.00135,-0.00047
2070,AAPL270115C00020000,AAPL,2027-01-15,20.00,call,240.33,256.45,254.50,20,258.40,20,0,29,2025-11-24,0.01976,1.0,0.00000,-0.00203,0.00000,0.21859
2071,AAPL270115P00020000,AAPL,2027-01-15,20.00,put,0.00,0.03,0.01,1,0.06,15,0,3437,2025-11-24,0.85876,-0.00038,0.00001,-0.00040,0.00407,-0.00157
2072,AAPL270115C00025000,AAPL,2027-01-15,25.00,call,172.10,251.60,249.70,20,253.50,2,0,5,2025-11-24,0.01976,1.0,0.00000,-0.00254,0.00000,0.27323
2073,AAPL270115P00025000,AAPL,2027-01-15,25.00,put,0.00,0.05,0.02,1,0.07,11,0,2620,2025-11-24,0.81974,-0.00062,0.00001,-0.00061,0.00640,-0.00254
2074,AAPL270115C00030000,AAPL,2027-01-15,30.00,call,192.40,246.90,244.95,20,248.85,20,0,4,2025-11-24,0.01976,1.0,0.00000,-0.00305,0.00000,0.32788
2075,AAPL270115P00030000,AAPL,2027-01-15,30.00,put,0.00,0.06,0.03,1,0.09,20,0,46,2025-11-24,0.76120,-0.00072,0.00001,-0.00064,0.00729,-0.00288
2076,AAPL270115C00035000,AAPL,2027-01-15,35.00,call,165.98,242.10,240.20,20,244.00,2,0,5,2025-11-24,0.01976,1.0,0.00000,-0.00356,0.00000,0.38253
2077,AAPL270115P00035000,AAPL,2027-01-15,35.00,put,0.00,0.08,0.05,1,0.10,22,0,117,2025-11-24,0.74169,-0.00112,0.00002,-0.00094,0.01100,-0.00451
2078,AAPL270115C00040000,AAPL,2027-01-15,40.00,call,233.10,237.38,235.40,12,239.35,20,0,29,2025-11-24,0.01976,1.0,0.00000,-0.00407,0.00000,0.43717
2079,AAPL270115P00040000,AAPL,2027-01-15,40.00,put,0.00,0.09,0.07,1,0.11,6,0,976,2025-11-24,0.70267,-0.00132,0.00002,-0.00103,0.01284,-0.00528
2080,AAPL270115C00045000,AAPL,2027-01-15,45.00,call,213.40,232.57,230.65,20,234.50,2,0,2,2025-11-24,0.01976,1.0,0.00000,-0.00458,0.00000,0.49182
2081,AAPL270115P00045000,AAPL,2027-01-15,45.00,put,0.00,0.11,0.09,1,0.13,10,0,85,2025-11-24,0.66364,-0.00147,0.00002,-0.00107,0.01414,-0.00579
2082,AAPL270115C00050000,AAPL,2027-01-15,50.00,call,226.80,227.85,225.90,20,229.80,20,0,65,2025-11-24,0.01976,1.0,0.00000,-0.00508,0.00000,0.54646
2083,AAPL270115P00050000,AAPL,2027-01-15,50.00,put,0.11,0.12,0.10,1,0.15,49,4,2329,2025-11-24,0.64413,-0.00193,0.00003,-0.00133,0.01809,-0.00758
2084,AAPL270115C00060000,AAPL,2027-01-15,60.00,call,203.25,218.07,216.40,25,219.75,3,0,123,2025-11-24,0.01976,1.0,0.00000,-0.00610,0.00000,0.65576
2085,AAPL270115P00060000,AAPL,2027-01-15,60.00,put,0.16,0.16,0.12,27,0.20,7,8,704,2025-11-24,0.58560,-0.00239,0.00004,-0.00146,0.02198,-0.00922
2086,AAPL270115C00070000,AAPL,2027-01-15,70.00,call,185.20,208.57,206.90,28,210.25,3,0,162,2025-11-24,0.01976,1.0,0.00000,-0.00712,0.00000,0.76505
2087,AAPL270115P00070000,AAPL,2027-01-15,70.00,put,0.00,0.22,0.17,4,0.27,10,0,150,2025-11-24,0.54657,-0.00331,0.00006,-0.00181,0.02945,-0.01264
2088,AAPL270115C00080000,AAPL,2027-01-15,80.00,call,172.80,199.20,197.40,20,201.00,1,0,333,2025-11-24,0.01976,1.0,0.00000,-0.00814,0.00000,0.87434
2089,AAPL270115P00080000,AAPL,2027-01-15,80.00,put,0.00,0.30,0.24,4,0.36,4,0,704,2025-11-24,0.52706,-0.00526,0.00010,-0.00263,0.04463,-0.02014
2090,AAPL270115C00085000,AAPL,2027-01-15,85.00,call,191.00,194.57,192.65,20,196.50,2,0,160,2025-11-24,0.01976,1.0,0.00000,-0.00864,0.00000,0.92899
2091,AAPL270115P00085000,AAPL,2027-01-15,85.00,put,0.00,0.34,0.30,6,0.39,6,0,163,2025-11-24,0.50755,-0.00581,0.00011,-0.00276,0.04874,-0.02211
2092,AAPL270115C00090000,AAPL,2027-01-15,90.00,call,188.50,189.90,187.95,20,191.85,20,0,307,2025-11-24,0.40999,0.99799,0.00005,-0.01001,0.01878,0.97638
2093,AAPL270115P00090000,AAPL,2027-01-15,90.00,put,0.00,0.40,0.35,29,0.44,42,0,1539,2025-11-24,0.48804,-0.00633,0.00012,-0.00285,0.05255,-0.02392
2094,AAPL270115C00095000,AAPL,2027-01-15,95.00,call,178.00,184.88,183.20,20,186.55,30,0,15,2025-11-24,0.01976,1.0,0.00000,-0.00966,0.00000,1.03828
2095,AAPL270115P00095000,AAPL,2027-01-15,95.00,put,0.00,0.45,0.41,4,0.50,10,0,903,2025-11-24,0.48804,-0.00843,0.00016,-0.00366,0.06768,-0.03205
2096,AAPL270115C00100000,AAPL,2027-01-15,100.00,call,173.90,180.23,178.65,3,181.80,33,0,509,2025-11-24,0.01976,1.0,0.00000,-0.01017,0.00000,1.09293
2097,AAPL270115P00100000,AAPL,2027-01-15,100.00,put,0.00,0.53,0.51,20,0.54,20,0,3610,2025-11-24,0.46853,-0.009,0.00018,-0.00371,0.07169,-0.03399
2098,AAPL270115C00105000,AAPL,2027-01-15,105.00,call,168.92,175.43,173.75,20,177.10,10,0,65,2025-11-24,0.01976,1.0,0.00000,-0.01068,0.00000,1.14758
2099,AAPL270115P00105000,AAPL,2027-01-15,105.00,put,0.00,0.60,0.57,20,0.63,20,0,2339,2025-11-24,0.46853,-0.01166,0.00022,-0.00464,0.08984,-0.04428
2100,AAPL270115C00110000,AAPL,2027-01-15,110.00,call,169.73,171.03,169.05,20,173.00,20,0,37,2025-11-24,0.40999,0.99221,0.00018,-0.01402,0.06312,1.17359
2101,AAPL270115P00110000,AAPL,2027-01-15,110.00,put,0.00,0.68,0.63,20,0.73,30,0,382,2025-11-24,0.44901,-0.01227,0.00024,-0.00463,0.09392,-0.04627
2102,AAPL270115C00115000,AAPL,2027-01-15,115.00,call,164.50,166.35,164.40,20,168.30,20,0,51,2025-11-24,0.40999,0.98976,0.00023,-0.01529,0.08026,1.21902
2103,AAPL270115P00115000,AAPL,2027-01-15,115.00,put,0.00,0.78,0.73,14,0.83,42,0,887,2025-11-24,0.44901,-0.01555,0.00029,-0.00565,0.11518,-0.05892
2104,AAPL270115C00120000,AAPL,2027-01-15,120.00,call,155.47,161.38,159.70,20,163.05,10,0,567,2025-11-24,0.35146,0.99417,0.00016,-0.01407,0.04888,1.29065
2105,AAPL270115P00120000,AAPL,2027-01-15,120.00,put,0.00,0.89,0.86,48,0.92,34,0,2562,2025-11-24,0.42950,-0.01619,0.00032,-0.00557,0.11923,-0.06087
2106,AAPL270115C00125000,AAPL,2027-01-15,125.00,call,152.80,157.00,155.05,20,158.95,20,0,248,2025-11-24,0.39048,0.98652,0.00030,-0.01702,0.10189,1.31649
2107,AAPL270115P00125000,AAPL,2027-01-15,125.00,put,0.00,1.02,0.96,9,1.07,4,0,786,2025-11-24,0.42950,-0.02014,0.00038,-0.00669,0.14365,-0.07612
2108,AAPL270115C00130000,AAPL,2027-01-15,130.00,call,143.99,152.38,150.40,20,154.35,20,0,416,2025-11-24,0.39048,0.98291,0.00037,-0.01848,0.12487,1.35758
2109,AAPL270115P00130000,AAPL,2027-01-15,130.00,put,0.00,1.16,1.14,11,1.18,20,0,3755,2025-11-24,0.40999,-0.02079,0.00041,-0.00653,0.14759,-0.07796
2110,AAPL270115C00135000,AAPL,2027-01-15,135.00,call,143.00,147.60,146.05,45,149.15,66,0,1575,2025-11-24,0.37097,0.98269,0.00039,-0.01875,0.12625,1.41194
2111,AAPL270115P00135000,AAPL,2027-01-15,135.00,put,0.00,1.32,1.27,34,1.37,5,0,1477,2025-11-24,0.40999,-0.0255,0.00049,-0.00772,0.17525,-0.09606
2112,AAPL270115C00140000,AAPL,2027-01-15,140.00,call,139.08,143.03,141.50,51,144.55,67,0,1567,2025-11-24,0.37097,0.97837,0.00047,-0.02028,0.15260,1.45035
2113,AAPL270115P00140000,AAPL,2027-01-15,140.00,put,1.51,1.50,1.45,69,1.56,42,3,2100,2025-11-24,0.39048,-0.02616,0.00053,-0.00747,0.17904,-0.09772
2114,AAPL270115C00145000,AAPL,2027-01-15,145.00,call,134.40,138.43,137.60,36,139.25,39,0,6389,2025-11-24,0.37097,0.97336,0.00056,-0.02191,0.18178,1.48609
2115,AAPL270115P00145000,AAPL,2027-01-15,145.00,put,0.00,1.71,1.69,43,1.74,23,0,11322,2025-11-24,0.39048,-0.0317,0.00062,-0.00873,0.21003,-0.11897
2116,AAPL270115C00150000,AAPL,2027-01-15,150.00,call,128.69,133.80,132.20,60,135.40,45,0,1715,2025-11-24,0.35146,0.97309,0.00060,-0.02206,0.18333,1.54060
2117,AAPL270115P00150000,AAPL,2027-01-15,150.00,put,1.96,1.96,1.94,45,1.98,20,5,4388,2025-11-24,0.39048,-0.03793,0.00072,-0.01007,0.24340,-0.14306
2118,AAPL270115C00155000,AAPL,2027-01-15,155.00,call,125.40,129.30,127.70,9,130.90,14,0,135,2025-11-24,0.35146,0.96719,0.00071,-0.02374,0.21611,1.57305
2119,AAPL270115P00155000,AAPL,2027-01-15,155.00,put,2.23,2.22,2.16,94,2.28,76,14,1103,2025-11-24,0.37097,-0.03883,0.00077,-0.00968,0.24807,-0.14512
2120,AAPL270115C00160000,AAPL,2027-01-15,160.00,call,117.00,124.80,123.20,9,126.40,14,0,654,2025-11-24,0.35146,0.96049,0.00082,-0.02551,0.25159,1.60237
2121,AAPL270115P00160000,AAPL,2027-01-15,160.00,put,2.46,2.51,2.49,46,2.53,28,83,5967,2025-11-24,0.37097,-0.04605,0.00088,-0.01106,0.28480,-0.17294
2122,AAPL270115C00165000,AAPL,2027-01-15,165.00,call,118.13,120.47,119.00,9,121.95,14,0,325,2025-11-24,0.35146,0.95299,0.00095,-0.02735,0.28955,1.62842
2123,AAPL270115P00165000,AAPL,2027-01-15,165.00,put,2.86,2.84,2.82,67,2.87,13,39,3725,2025-11-24,0.37097,-0.05405,0.00100,-0.01250,0.32360,-0.20394
2124,AAPL270115C00170000,AAPL,2027-01-15,170.00,call,108.25,116.00,114.50,50,117.50,48,0,853,2025-11-24,0.35146,0.94465,0.00108,-0.02926,0.32971,1.65111
2125,AAPL270115P00170000,AAPL,2027-01-15,170.00,put,3.34,3.23,3.20,24,3.25,37,5,8562,2025-11-24,0.37097,-0.06283,0.00113,-0.01398,0.36417,-0.23818
2126,AAPL270115C00175000,AAPL,2027-01-15,175.00,call,103.61,111.58,110.00,55,113.15,53,0,1532,2025-11-24,0.35146,0.93548,0.00122,-0.03121,0.37179,1.67034
2127,AAPL270115P00175000,AAPL,2027-01-15,175.00,put,0.00,3.62,3.55,77,3.70,81,0,3161,2025-11-24,0.35146,-0.06452,0.00122,-0.01341,0.37179,-0.24228
2128,AAPL270115C00180000,AAPL,2027-01-15,180.00,call,107.56,107.17,105.55,62,108.80,49,2,888,2025-11-24,0.33194,0.934,0.00131,-0.03108,0.37840,1.72181
2129,AAPL270115P00180000,AAPL,2027-01-15,180.00,put,4.20,4.05,4.00,64,4.10,24,38,8687,2025-11-24,0.35146,-0.07452,0.00136,-0.01489,0.41545,-0.28118
2130,AAPL270115C00185000,AAPL,2027-01-15,185.00,call,102.52,102.80,102.20,30,103.40,40,2,734,2025-11-24,0.33194,0.9235,0.00147,-0.03302,0.42381,1.73610
2131,AAPL270115P00185000,AAPL,2027-01-15,185.00,put,0.00,4.55,4.50,52,4.60,18,0,4763,2025-11-24,0.35146,-0.08535,0.00151,-0.01639,0.46032,-0.32357
2132,AAPL270115C00190000,AAPL,2027-01-15,190.00,call,96.40,98.55,97.95,8,99.15,14,1,923,2025-11-24,0.33194,0.91211,0.00163,-0.03498,0.47053,1.74664
2133,AAPL270115P00190000,AAPL,2027-01-15,190.00,put,5.10,5.10,5.05,28,5.15,11,10,6666,2025-11-24,0.35146,-0.09697,0.00166,-0.01789,0.50607,-0.36946
2134,AAPL270115C00195000,AAPL,2027-01-15,195.00,call,95.15,94.43,93.90,8,94.95,40,1,682,2025-11-24,0.33194,0.89984,0.00179,-0.03694,0.51817,1.75343
2135,AAPL270115P00195000,AAPL,2027-01-15,195.00,put,6.15,5.72,5.65,19,5.80,52,6,2704,2025-11-24,0.33194,-0.10016,0.00179,-0.01711,0.51817,-0.37778
2136,AAPL270115C00200000,AAPL,2027-01-15,200.00,call,91.43,90.30,90.30,1,90.30,60,38,12846,2025-11-24,0.31243,0.89676,0.00195,-0.03660,0.52973,1.80039
2137,AAPL270115P00200000,AAPL,2027-01-15,200.00,put,6.30,6.40,6.35,36,6.45,28,54,19111,2025-11-24,0.33194,-0.11327,0.00196,-0.01855,0.56631,-0.42933
2138,AAPL270115C00210000,AAPL,2027-01-15,210.00,call,82.25,82.20,81.70,9,82.70,34,38,2101,2025-11-24,0.31243,0.86805,0.00232,-0.04034,0.63034,1.79771
2139,AAPL270115P00210000,AAPL,2027-01-15,210.00,put,7.90,7.92,7.85,40,8.00,34,77,11977,2025-11-24,0.33194,-0.14191,0.00229,-0.02131,0.66248,-0.54324
2140,AAPL270115C00220000,AAPL,2027-01-15,220.00,call,75.30,74.43,74.40,7,74.45,43,38,4638,2025-11-24,0.31243,0.83594,0.00268,-0.04388,0.72938,1.77977
2141,AAPL270115P00220000,AAPL,2027-01-15,220.00,put,9.68,9.75,9.70,45,9.80,11,8,11335,2025-11-24,0.31243,-0.16406,0.00268,-0.02151,0.72938,-0.62467
2142,AAPL270115C00230000,AAPL,2027-01-15,230.00,call,67.50,66.93,66.90,9,66.95,41,71,8963,2025-11-24,0.29292,0.81044,0.00314,-0.04478,0.79916,1.79594
2143,AAPL270115P00230000,AAPL,2027-01-15,230.00,put,11.85,11.95,11.90,7,12.00,16,12,5536,2025-11-24,0.31243,-0.19911,0.00303,-0.02372,0.82345,-0.76600
2144,AAPL270115C00240000,AAPL,2027-01-15,240.00,call,60.18,59.83,59.80,2,59.85,10,6,7934,2025-11-24,0.29292,0.77144,0.00350,-0.04761,0.89237,1.74847
2145,AAPL270115P00240000,AAPL,2027-01-15,240.00,put,14.40,14.50,14.45,56,14.55,29,27,9329,2025-11-24,0.31243,-0.23658,0.00335,-0.02552,0.90964,-0.91991
2146,AAPL270115C00250000,AAPL,2027-01-15,250.00,call,53.68,53.08,53.05,2,53.10,23,34,8797,2025-11-24,0.29292,0.73013,0.00383,-0.04995,0.97490,1.68846
2147,AAPL270115P00250000,AAPL,2027-01-15,250.00,put,17.22,17.43,17.35,70,17.50,32,42,7970,2025-11-24,0.29292,-0.26987,0.00383,-0.02453,0.97490,-1.04386
2148,AAPL270115C00260000,AAPL,2027-01-15,260.00,call,47.30,46.75,46.70,7,46.80,39,21,14324,2025-11-24,0.27341,0.69187,0.00436,-0.04943,1.03771,1.65594
2149,AAPL270115P00260000,AAPL,2027-01-15,260.00,put,20.60,20.80,20.75,70,20.85,8,32,3314,2025-11-24,0.29292,-0.3128,0.00410,-0.02530,1.04452,-1.22360
2150,AAPL270115C00270000,AAPL,2027-01-15,270.00,call,40.91,40.88,40.85,7,40.90,40,171,7329,2025-11-24,0.27341,0.64506,0.00462,-0.05059,1.09790,1.56928
2151,AAPL270115P00270000,AAPL,2027-01-15,270.00,put,24.40,24.68,24.55,71,24.80,12,12,2296,2025-11-24,0.29292,-0.35666,0.00432,-0.02549,1.09977,-1.41155
2152,AAPL270115C00280000,AAPL,2027-01-15,280.00,call,35.65,35.45,35.40,8,35.50,57,44,10072,2025-11-24,0.27341,0.59777,0.00480,-0.05114,1.14105,1.47559
2153,AAPL270115P00280000,AAPL,2027-01-15,280.00,put,28.60,29.07,28.95,55,29.20,7,2,1570,2025-11-24,0.29292,-0.40081,0.00447,-0.02510,1.14001,-1.60556
2154,AAPL270115C00290000,AAPL,2027-01-15,290.00,call,30.95,30.50,30.45,10,30.55,35,74,2947,2025-11-24,0.27341,0.55073,0.00491,-0.05107,1.16704,1.37738
2155,AAPL270115P00290000,AAPL,2027-01-15,290.00,put,33.65,34.10,33.85,25,34.35,20,23,1150,2025-11-24,0.29292,-0.44466,0.00457,-0.02414,1.16522,-1.80357
2156,AAPL270115C00300000,AAPL,2027-01-15,300.00,call,26.05,26.08,26.05,3,26.10,45,530,20855,2025-11-24,0.25390,0.4963,0.00533,-0.04770,1.17651,1.27703
2157,AAPL270115P00300000,AAPL,2027-01-15,300.00,put,39.37,39.62,39.40,33,39.85,4,4,602,2025-11-24,0.27341,-0.49542,0.00495,-0.01994,1.17648,-2.00186
2158,AAPL270115C00310000,AAPL,2027-01-15,310.00,call,22.50,22.12,22.05,21,22.20,59,11,4972,2025-11-24,0.25390,0.44824,0.00528,-0.04636,1.16664,1.16560
2159,AAPL270115P00310000,AAPL,2027-01-15,310.00,put,45.19,45.75,45.50,30,46.00,16,14,164,2025-11-24,0.29292,-0.52943,0.00461,-0.02070,1.17336,-2.20428
2160,AAPL270115C00320000,AAPL,2027-01-15,320.00,call,18.60,18.68,18.60,3,18.75,53,410,8089,2025-11-24,0.25390,0.40241,0.00517,-0.04457,1.14118,1.05642
2161,AAPL270115P00320000,AAPL,2027-01-15,320.00,put,51.92,52.40,51.85,12,52.95,35,12,213,2025-11-24,0.29292,-0.56956,0.00455,-0.01833,1.15863,-2.40391
2162,AAPL270115C00330000,AAPL,2027-01-15,330.00,call,16.10,15.68,15.60,22,15.75,64,21,5020,2025-11-24,0.25390,0.35924,0.00499,-0.04242,1.10254,0.95120
2163,AAPL270115P00330000,AAPL,2027-01-15,330.00,put,59.39,59.73,59.20,17,60.25,4,12,128,2025-11-24,0.29292,-0.60778,0.00445,-0.01560,1.13336,-2.60139
2164,AAPL270115C00340000,AAPL,2027-01-15,340.00,call,13.30,13.12,13.00,10,13.25,40,18,1777,2025-11-24,0.25390,0.319,0.00477,-0.03999,1.05328,0.85126
2165,AAPL270115P00340000,AAPL,2027-01-15,340.00,put,66.77,67.55,67.05,30,68.05,20,70,206,2025-11-24,0.29292,-0.64389,0.00431,-0.01259,1.09917,-2.79578
2166,AAPL270115C00350000,AAPL,2027-01-15,350.00,call,11.20,10.98,10.90,8,11.05,93,84,10442,2025-11-24,0.25390,0.28186,0.00451,-0.03737,0.99596,0.75750
2167,AAPL270115P00350000,AAPL,2027-01-15,350.00,put,74.85,76.12,75.50,30,76.75,30,68,181,2025-11-24,0.31243,-0.65999,0.00398,-0.01299,1.08063,-2.95418
2168,AAPL270115C00360000,AAPL,2027-01-15,360.00,call,9.25,9.10,9.00,18,9.20,82,22,2589,2025-11-24,0.25390,0.2479,0.00422,-0.03464,0.93299,0.67053
2169,AAPL270115P00360000,AAPL,2027-01-15,360.00,put,84.45,85.03,84.40,4,85.65,17,18,111,2025-11-24,0.33194,-0.67269,0.00369,-0.01349,1.06453,-3.10345
2170,AAPL270115C00370000,AAPL,2027-01-15,370.00,call,7.77,7.58,7.50,23,7.65,9,41,2964,2025-11-24,0.25390,0.21708,0.00392,-0.03188,0.86656,0.59066
2171,AAPL270115P00370000,AAPL,2027-01-15,370.00,put,0.00,94.15,92.20,25,96.10,25,0,0,2025-11-24,0.33194,-0.70006,0.00355,-0.01032,1.02532,-3.27714
2172,AAPL270115C00380000,AAPL,2027-01-15,380.00,call,6.45,6.30,6.20,3,6.40,66,10,1415,2025-11-24,0.25390,0.18934,0.00362,-0.02913,0.79859,0.51796
2173,AAPL270115P00380000,AAPL,2027-01-15,380.00,put,0.00,104.15,102.20,25,106.10,25,0,0,2025-11-24,0.35146,-0.70753,0.00332,-0.01096,1.01354,-3.41259
2174,AAPL270115C00390000,AAPL,2027-01-15,390.00,call,5.20,5.22,5.10,21,5.35,33,0,1258,2025-11-24,0.25390,0.16452,0.00331,-0.02645,0.73070,0.45232
2175,AAPL270115P00390000,AAPL,2027-01-15,390.00,put,0.00,114.12,112.15,25,116.10,25,0,0,2025-11-24,0.37097,-0.71316,0.00311,-0.01170,1.00432,-3.54319
2176,AAPL270115C00400000,AAPL,2027-01-15,400.00,call,4.49,4.35,4.25,36,4.45,68,16,2889,2025-11-24,0.25390,0.14245,0.00301,-0.02388,0.66420,0.39347
2177,AAPL270115P00400000,AAPL,2027-01-15,400.00,put,0.00,124.15,122.20,1,126.10,25,0,0,2025-11-24,0.39048,-0.71731,0.00294,-0.01255,0.99737,-3.66987
2178,AAPL270115C00410000,AAPL,2027-01-15,410.00,call,3.71,3.62,3.55,12,3.70,25,15,1257,2025-11-24,0.25390,0.12295,0.00272,-0.02144,0.60013,0.34105
2179,AAPL270115P00410000,AAPL,2027-01-15,410.00,put,0.00,134.15,132.20,1,136.10,25,0,0,2025-11-24,0.40999,-0.72022,0.00278,-0.01349,0.99240,-3.79336
2180,AAPL270115C00420000,AAPL,2027-01-15,420.00,call,3.13,3.03,2.96,27,3.10,69,6,1843,2025-11-24,0.25390,0.10581,0.00244,-0.01916,0.53925,0.29465
2181,AAPL270115P00420000,AAPL,2027-01-15,420.00,put,0.00,144.12,142.20,1,146.05,1,0,0,2025-11-24,0.42950,-0.7221,0.00265,-0.01452,0.98914,-3.91424
2182,AAPL270115C00430000,AAPL,2027-01-15,430.00,call,2.57,2.54,2.47,51,2.60,46,25,565,2025-11-24,0.25390,0.0908,0.00218,-0.01704,0.48208,0.25379
2183,AAPL270115P00430000,AAPL,2027-01-15,430.00,put,0.00,154.10,152.15,25,156.05,25,0,0,2025-11-24,0.44901,-0.72311,0.00253,-0.01563,0.98737,-4.03297
2184,AAPL270115C00440000,AAPL,2027-01-15,440.00,call,2.13,2.12,2.07,44,2.18,13,254,1323,2025-11-24,0.25390,0.07772,0.00194,-0.01509,0.42896,0.21798
2185,AAPL270115P00440000,AAPL,2027-01-15,440.00,put,0.00,164.10,162.15,25,166.05,25,0,0,2025-11-24,0.46853,-0.72339,0.00242,-0.01683,0.98689,-4.14990
2186,AAPL270115C00450000,AAPL,2027-01-15,450.00,call,1.86,1.79,1.76,38,1.82,8,33,15664,2025-11-24,0.25390,0.06637,0.00172,-0.01331,0.38004,0.18674
2187,AAPL270115P00450000,AAPL,2027-01-15,450.00,put,0.00,174.10,172.15,25,176.05,25,0,0,2025-11-24,0.48804,-0.72304,0.00233,-0.01810,0.98751,-4.26534
2188,AAPL270115C00460000,AAPL,2027-01-15,460.00,call,1.51,1.53,1.47,28,1.59,27,0,9,2025-11-24,0.25390,0.05656,0.00152,-0.01169,0.33538,0.15960
2189,AAPL270115P00460000,AAPL,2027-01-15,460.00,put,0.00,184.10,182.15,21,186.05,25,0,0,2025-11-24,0.50755,-0.72213,0.00224,-0.01944,0.98908,-4.37952
2190,AAPL270115C00470000,AAPL,2027-01-15,470.00,call,1.30,1.31,1.25,25,1.37,31,0,73,2025-11-24,0.25390,0.0481,0.00134,-0.01024,0.29488,0.13610
2191,AAPL270115P00470000,AAPL,2027-01-15,470.00,put,0.00,194.10,192.15,21,196.05,25,0,0,2025-11-24,0.52706,-0.72075,0.00216,-0.02086,0.99147,-4.49265
2192,AAPL270115C00480000,AAPL,2027-01-15,480.00,call,1.20,1.12,1.07,67,1.18,73,7,6,2025-11-24,0.25390,0.04083,0.00117,-0.00894,0.25839,0.11583
2193,AAPL270115P00480000,AAPL,2027-01-15,480.00,put,0.00,204.10,202.15,21,206.05,25,0,0,2025-11-24,0.54657,-0.71896,0.00209,-0.02233,0.99456,-4.60489
2194,AAPL270115C00490000,AAPL,2027-01-15,490.00,call,1.05,0.98,0.92,42,1.03,41,0,36,2025-11-24,0.25390,0.0346,0.00102,-0.00779,0.22572,0.09840
2195,AAPL270115P00490000,AAPL,2027-01-15,490.00,put,0.00,214.10,212.15,25,216.05,25,0,0,2025-11-24,0.56608,-0.7168,0.00203,-0.02387,0.99823,-4.71638
2196,AAPL270115C00500000,AAPL,2027-01-15,500.00,call,0.85,0.84,0.79,68,0.90,71,8,341,2025-11-24,0.25390,0.02927,0.00089,-0.00676,0.19662,0.08345
2197,AAPL270115P00500000,AAPL,2027-01-15,500.00,put,0.00,224.10,222.15,25,226.05,25,0,0,2025-11-24,0.56608,-0.72799,0.00199,-0.02132,0.97876,-4.84827
2198,AAPL270115C00510000,AAPL,2027-01-15,510.00,call,0.72,0.74,0.72,20,0.76,49,81,83,2025-11-24,0.25390,0.02473,0.00077,-0.00586,0.17081,0.07066
2199,AAPL270115P00510000,AAPL,2027-01-15,510.00,put,0.00,234.10,232.15,25,236.05,25,0,0,2025-11-24,0.58560,-0.72496,0.00193,-0.02297,0.98413,-4.95770
2200,AAPL270115C00520000,AAPL,2027-01-15,520.00,call,0.88,0.65,0.60,18,0.70,49,0,8,2025-11-24,0.25390,0.02087,0.00067,-0.00506,0.14803,0.05975
2201,AAPL270115P00520000,AAPL,2027-01-15,520.00,put,0.00,244.10,242.15,21,246.05,25,0,0,2025-11-24,0.60511,-0.7217,0.00188,-0.02467,0.98984,-5.06672
2202,AAPL270115C00530000,AAPL,2027-01-15,530.00,call,0.57,0.57,0.53,1,0.62,76,69,659,2025-11-24,0.25390,0.01759,0.00058,-0.00437,0.12800,0.05046
2203,AAPL270115P00530000,AAPL,2027-01-15,530.00,put,0.00,254.10,252.15,25,256.05,25,0,0,2025-11-24,0.62462,-0.71821,0.00183,-0.02643,0.99584,-5.17540
2204,AAPL270617C00005000,AAPL,2027-06-17,5.00,call,0.00,271.07,269.15,19,273.00,2,0,0,2025-11-24,0.01976,1.0,0.00000,-0.00050,0.00000,0.07349
2205,AAPL270617P00005000,AAPL,2027-06-17,5.00,put,0.00,0.01,0.00,0,0.06,5,0,7,2025-11-24,1.05388,-9e-05,0.00000,-0.00011,0.00122,-0.00055
2206,AAPL270617C00010000,AAPL,2027-06-17,10.00,call,0.00,266.12,264.25,19,268.00,2,0,0,2025-11-24,0.01976,1.0,0.00000,-0.00100,0.00000,0.14698
2207,AAPL270617P00010000,AAPL,2027-06-17,10.00,put,0.00,0.01,0.00,0,0.07,19,0,7,2025-11-24,0.85876,-0.00011,0.00000,-0.00011,0.00155,-0.00066
2208,AAPL270617C00015000,AAPL,2027-06-17,15.00,call,0.00,261.35,259.40,19,263.30,19,0,0,2025-11-24,0.01976,1.0,0.00000,-0.00150,0.00000,0.22047
2209,AAPL270617P00015000,AAPL,2027-06-17,15.00,put,0.00,0.05,0.02,1,0.08,10,0,1,2025-11-24,0.85876,-0.00047,0.00001,-0.00042,0.00581,-0.00281
2210,AAPL270617C00020000,AAPL,2027-06-17,20.00,call,0.00,256.57,254.65,19,258.50,2,0,0,2025-11-24,0.01976,1.0,0.00000,-0.00200,0.00000,0.29397
2211,AAPL270617P00020000,AAPL,2027-06-17,20.00,put,0.00,0.06,0.03,1,0.09,7,0,1,2025-11-24,0.78071,-0.0006,0.00001,-0.00047,0.00723,-0.00346
2212,AAPL270617C00025000,AAPL,2027-06-17,25.00,call,0.00,251.88,249.90,19,253.85,19,0,0,2025-11-24,0.01976,1.0,0.00000,-0.00250,0.00000,0.36746
2213,AAPL270617P00025000,AAPL,2027-06-17,25.00,put,0.06,0.07,0.04,1,0.11,27,40,0,2025-11-24,0.72218,-0.00074,0.00001,-0.00053,0.00879,-0.00419
2214,AAPL270617C00030000,AAPL,2027-06-17,30.00,call,0.00,247.10,245.20,19,249.00,2,0,0,2025-11-24,0.01976,1.0,0.00000,-0.00300,0.00000,0.44095
2215,AAPL270617P00030000,AAPL,2027-06-17,30.00,put,0.09,0.09,0.04,20,0.13,29,36,0,2025-11-24,0.68315,-0.00098,0.00001,-0.00064,0.01137,-0.00549
2216,AAPL270617C00035000,AAPL,2027-06-17,35.00,call,0.00,242.45,240.50,19,244.40,19,0,0,2025-11-24,0.01976,1.0,0.00000,-0.00350,0.00000,0.51444
2217,AAPL270617P00035000,AAPL,2027-06-17,35.00,put,0.11,0.09,0.02,4,0.16,34,106,0,2025-11-24,0.64413,-0.00117,0.00002,-0.00071,0.01343,-0.00649
2218,AAPL270617C00040000,AAPL,2027-06-17,40.00,call,0.00,237.65,235.80,19,239.50,2,0,0,2025-11-24,0.01976,1.0,0.00000,-0.00400,0.00000,0.58793
2219,AAPL270617P00040000,AAPL,2027-06-17,40.00,put,0.00,0.11,0.05,4,0.18,5,0,0,2025-11-24,0.60511,-0.0013,0.00002,-0.00073,0.01473,-0.00708
2220,AAPL270617C00045000,AAPL,2027-06-17,45.00,call,0.00,233.05,231.10,19,235.00,19,0,0,2025-11-24,0.01976,1.0,0.00000,-0.00450,0.00000,0.66142
2221,AAPL270617P00045000,AAPL,2027-06-17,45.00,put,0.00,0.15,0.08,4,0.22,1,0,0,2025-11-24,0.60511,-0.00214,0.00003,-0.00115,0.02327,-0.01181
2222,AAPL270617C00050000,AAPL,2027-06-17,50.00,call,223.45,228.35,226.40,19,230.30,19,1,10,2025-11-24,0.01976,1.0,0.00000,-0.00500,0.00000,0.73492
2223,AAPL270617P00050000,AAPL,2027-06-17,50.00,put,0.00,0.18,0.12,4,0.25,1,0,779,2025-11-24,0.58560,-0.00269,0.00004,-0.00137,0.02863,-0.01480
2224,AAPL270617C00055000,AAPL,2027-06-17,55.00,call,214.68,223.60,221.70,19,225.50,2,0,4,2025-11-24,0.01976,1.0,0.00000,-0.00550,0.00000,0.80841
2225,AAPL270617P00055000,AAPL,2027-06-17,55.00,put,0.00,0.24,0.20,23,0.29,50,0,18,2025-11-24,0.56608,-0.00327,0.00005,-0.00157,0.03411,-0.01788
2226,AAPL270617C00060000,AAPL,2027-06-17,60.00,call,213.00,218.97,217.00,19,220.95,19,0,16,2025-11-24,0.01976,1.0,0.00000,-0.00600,0.00000,0.88190
2227,AAPL270617P00060000,AAPL,2027-06-17,60.00,put,0.32,0.29,0.24,47,0.34,47,1,64,2025-11-24,0.54657,-0.00386,0.00006,-0.00175,0.03957,-0.02098
2228,AAPL270617C00065000,AAPL,2027-06-17,65.00,call,193.00,214.18,212.35,24,216.00,1,0,4,2025-11-24,0.01976,1.0,0.00000,-0.00650,0.00000,0.95539
2229,AAPL270617P00065000,AAPL,2027-06-17,65.00,put,0.00,0.34,0.29,21,0.39,46,0,29,2025-11-24,0.52706,-0.00444,0.00007,-0.00191,0.04488,-0.02401
2230,AAPL270617C00070000,AAPL,2027-06-17,70.00,call,116.00,209.57,207.65,19,211.50,2,0,0,2025-11-24,0.01976,1.0,0.00000,-0.00700,0.00000,1.02888
2231,AAPL270617P00070000,AAPL,2027-06-17,70.00,put,0.00,0.39,0.34,21,0.44,54,0,22,2025-11-24,0.50755,-0.00501,0.00008,-0.00204,0.04994,-0.02689
2232,AAPL270617C00075000,AAPL,2027-06-17,75.00,call,143.00,204.97,203.00,19,206.95,19,0,42,2025-11-24,0.01976,1.0,0.00000,-0.00750,0.00000,1.10237
2233,AAPL270617P00075000,AAPL,2027-06-17,75.00,put,0.00,0.45,0.39,35,0.50,41,0,535,2025-11-24,0.50755,-0.00682,0.00011,-0.00267,0.06569,-0.03689
2234,AAPL270617C00080000,AAPL,2027-06-17,80.00,call,184.62,200.32,198.35,19,202.30,19,0,232,2025-11-24,0.01976,1.0,0.00000,-0.00800,0.00000,1.17586
2235,AAPL270617P00080000,AAPL,2027-06-17,80.00,put,0.00,0.52,0.46,31,0.57,46,0,154,2025-11-24,0.48804,-0.00746,0.00012,-0.00277,0.07107,-0.04003
2236,AAPL270617C00085000,AAPL,2027-06-17,85.00,call,193.50,195.45,193.70,19,197.20,10,0,99,2025-11-24,0.01976,1.0,0.00000,-0.00850,0.00000,1.24936
2237,AAPL270617P00085000,AAPL,2027-06-17,85.00,put,0.00,0.58,0.53,39,0.64,16,0,69,2025-11-24,0.46853,-0.00804,0.00014,-0.00283,0.07588,-0.04278
2238,AAPL270617C00090000,AAPL,2027-06-17,90.00,call,124.80,190.82,189.10,24,192.55,10,0,15,2025-11-24,0.01976,1.0,0.00000,-0.00900,0.00000,1.32285
2239,AAPL270617P00090000,AAPL,2027-06-17,90.00,put,0.00,0.67,0.61,29,0.73,15,0,63,2025-11-24,0.46853,-0.01045,0.00017,-0.00354,0.09552,-0.05601
2240,AAPL270617C00095000,AAPL,2027-06-17,95.00,call,165.15,186.20,184.45,24,187.95,10,0,40,2025-11-24,0.01976,1.0,0.00000,-0.00950,0.00000,1.39634
2241,AAPL270617P00095000,AAPL,2027-06-17,95.00,put,0.86,0.76,0.71,49,0.82,3,1,156,2025-11-24,0.44901,-0.01105,0.00019,-0.00355,0.10023,-0.05868
2242,AAPL270617C00100000,AAPL,2027-06-17,100.00,call,181.80,181.62,179.90,1,183.35,10,0,121,2025-11-24,0.01976,1.0,0.00000,-0.01001,0.00000,1.46983
2243,AAPL270617P00100000,AAPL,2027-06-17,100.00,put,0.00,0.88,0.82,24,0.94,29,0,1267,2025-11-24,0.44901,-0.014,0.00023,-0.00434,0.12304,-0.07481
2244,AAPL270617C00105000,AAPL,2027-06-17,105.00,call,177.00,177.00,175.25,19,178.75,10,0,31,2025-11-24,0.01976,1.0,0.00000,-0.01051,0.00000,1.54332
2245,AAPL270617P00105000,AAPL,2027-06-17,105.00,put,0.00,1.00,0.94,33,1.06,11,0,431,2025-11-24,0.42950,-0.01458,0.00025,-0.00428,0.12743,-0.07721
2246,AAPL270617C00110000,AAPL,2027-06-17,110.00,call,168.53,172.43,170.70,19,174.15,10,0,43,2025-11-24,0.27341,0.99882,0.00004,-0.01129,0.01355,1.61118
2247,AAPL270617P00110000,AAPL,2027-06-17,110.00,put,0.00,1.14,1.08,26,1.20,9,0,76,2025-11-24,0.42950,-0.0181,0.00030,-0.00512,0.15337,-0.09640
2248,AAPL270617C00115000,AAPL,2027-06-17,115.00,call,162.00,167.85,166.10,19,169.60,10,0,99,2025-11-24,0.31243,0.99523,0.00013,-0.01266,0.04782,1.66690
2249,AAPL270617P00115000,AAPL,2027-06-17,115.00,put,0.00,1.31,1.24,39,1.37,34,0,46,2025-11-24,0.40999,-0.01864,0.00032,-0.00499,0.15727,-0.09834
2250,AAPL270617C00120000,AAPL,2027-06-17,120.00,call,157.02,163.32,161.60,19,165.05,10,0,73,2025-11-24,0.33194,0.99088,0.00021,-0.01417,0.08479,1.71823
2251,AAPL270617P00120000,AAPL,2027-06-17,120.00,put,0.00,1.48,1.42,37,1.55,41,0,452,2025-11-24,0.40999,-0.02277,0.00038,-0.00588,0.18633,-0.12079
2252,AAPL270617C00125000,AAPL,2027-06-17,125.00,call,157.00,158.88,157.20,5,160.55,14,0,111,2025-11-24,0.33194,0.98816,0.00027,-0.01520,0.10645,1.77787
2253,AAPL270617P00125000,AAPL,2027-06-17,125.00,put,0.00,1.69,1.62,28,1.76,38,0,503,2025-11-24,0.40999,-0.02744,0.00045,-0.00684,0.21782,-0.14632
2254,AAPL270617C00130000,AAPL,2027-06-17,130.00,call,150.35,154.38,152.70,9,156.05,14,0,227,2025-11-24,0.33194,0.98491,0.00033,-0.01631,0.13125,1.83471
2255,AAPL270617P00130000,AAPL,2027-06-17,130.00,put,1.90,1.92,1.85,42,1.98,62,1,410,2025-11-24,0.39048,-0.02804,0.00048,-0.00659,0.22179,-0.14798
2256,AAPL270617C00135000,AAPL,2027-06-17,135.00,call,144.30,149.88,148.25,4,151.50,14,0,89,2025-11-24,0.33194,0.98109,0.00040,-0.01749,0.15921,1.88850
2257,AAPL270617P00135000,AAPL,2027-06-17,135.00,put,0.00,2.17,2.10,5,2.23,10,0,458,2025-11-24,0.39048,-0.03339,0.00055,-0.00757,0.25634,-0.17718
2258,AAPL270617C00140000,AAPL,2027-06-17,140.00,call,140.63,145.53,144.00,8,147.05,14,0,234,2025-11-24,0.35146,0.97144,0.00054,-0.01995,0.22524,1.91019
2259,AAPL270617P00140000,AAPL,2027-06-17,140.00,put,0.00,2.44,2.38,1,2.51,5,0,151,2025-11-24,0.39048,-0.03933,0.00063,-0.00861,0.29305,-0.20976
2260,AAPL270617C00145000,AAPL,2027-06-17,145.00,call,135.86,141.07,139.50,9,142.65,14,0,124,2025-11-24,0.33194,0.97158,0.00057,-0.02005,0.22433,1.98599
2261,AAPL270617P00145000,AAPL,2027-06-17,145.00,put,0.00,2.75,2.69,15,2.82,35,0,227,2025-11-24,0.37097,-0.04003,0.00067,-0.00824,0.29731,-0.21119
2262,AAPL270617C00150000,AAPL,2027-06-17,150.00,call,132.05,136.60,135.00,6,138.20,14,0,142,2025-11-24,0.33194,0.96583,0.00066,-0.02142,0.26124,2.02930
2263,AAPL270617P00150000,AAPL,2027-06-17,150.00,put,3.27,3.10,3.00,38,3.20,70,1,2235,2025-11-24,0.37097,-0.04675,0.00076,-0.00928,0.33701,-0.24791
2264,AAPL270617C00155000,AAPL,2027-06-17,155.00,call,127.58,132.43,131.00,8,133.85,14,0,141,2025-11-24,0.33194,0.95939,0.00076,-0.02284,0.30078,2.06877
2265,AAPL270617P00155000,AAPL,2027-06-17,155.00,put,0.00,3.47,3.40,13,3.55,69,0,152,2025-11-24,0.37097,-0.05408,0.00086,-0.01035,0.37851,-0.28829
2266,AAPL270617C00160000,AAPL,2027-06-17,160.00,call,127.35,127.50,127.20,1,127.80,2,7,265,2025-11-24,0.31243,0.95961,0.00081,-0.02281,0.29951,2.14572
2267,AAPL270617P00160000,AAPL,2027-06-17,160.00,put,3.96,3.90,3.80,20,4.00,82,2,1246,2025-11-24,0.37097,-0.06203,0.00096,-0.01146,0.42154,-0.33235
2268,AAPL270617C00165000,AAPL,2027-06-17,165.00,call,124.30,123.25,123.00,2,123.50,10,24,167,2025-11-24,0.31243,0.95227,0.00092,-0.02423,0.34263,2.18071
2269,AAPL270617P00165000,AAPL,2027-06-17,165.00,put,0.00,4.33,4.25,16,4.40,9,0,1319,2025-11-24,0.35146,-0.06323,0.00102,-0.01091,0.42788,-0.33484
2270,AAPL270617C00170000,AAPL,2027-06-17,170.00,call,116.50,119.03,118.75,1,119.30,11,27,235,2025-11-24,0.31243,0.94418,0.00104,-0.02569,0.38808,2.21139
2271,AAPL270617P00170000,AAPL,2027-06-17,170.00,put,5.12,4.83,4.75,10,4.90,25,1,1535,2025-11-24,0.35146,-0.07211,0.00113,-0.01199,0.47363,-0.38382
2272,AAPL270617C00175000,AAPL,2027-06-17,175.00,call,114.30,114.85,114.55,1,115.15,6,3,251,2025-11-24,0.31243,0.93532,0.00117,-0.02717,0.43553,2.23770
2273,AAPL270617P00175000,AAPL,2027-06-17,175.00,put,5.35,5.35,5.25,51,5.45,62,36,1175,2025-11-24,0.35146,-0.08162,0.00125,-0.01307,0.52041,-0.43668
2274,AAPL270617C00180000,AAPL,2027-06-17,180.00,call,106.35,110.72,110.45,11,111.00,10,0,963,2025-11-24,0.31243,0.9257,0.00130,-0.02866,0.48463,2.25960
2275,AAPL270617P00180000,AAPL,2027-06-17,180.00,put,5.95,5.92,5.85,43,6.00,58,4,2421,2025-11-24,0.35146,-0.09174,0.00136,-0.01415,0.56793,-0.49337
2276,AAPL270617C00185000,AAPL,2027-06-17,185.00,call,100.86,106.65,106.40,3,106.90,15,0,156,2025-11-24,0.31243,0.91532,0.00144,-0.03016,0.53502,2.27706
2277,AAPL270617P00185000,AAPL,2027-06-17,185.00,put,7.05,6.60,6.50,26,6.70,49,1,456,2025-11-24,0.33194,-0.09389,0.00146,-0.01343,0.57776,-0.49879
2278,AAPL270617C00190000,AAPL,2027-06-17,190.00,call,102.20,102.65,102.40,17,102.90,6,3,675,2025-11-24,0.31243,0.90422,0.00158,-0.03166,0.58630,2.29013
2279,AAPL270617P00190000,AAPL,2027-06-17,190.00,put,7.47,7.28,7.15,39,7.40,25,1,1064,2025-11-24,0.33194,-0.10512,0.00159,-0.01445,0.62752,-0.56132
2280,AAPL270617C00195000,AAPL,2027-06-17,195.00,call,98.70,98.65,98.40,4,98.90,14,3,355,2025-11-24,0.31243,0.89241,0.00172,-0.03314,0.63811,2.29885
2281,AAPL270617P00195000,AAPL,2027-06-17,195.00,put,7.90,8.03,7.95,53,8.10,52,9,2729,2025-11-24,0.33194,-0.11697,0.00172,-0.01545,0.67740,-0.62780
2282,AAPL270617C00200000,AAPL,2027-06-17,200.00,call,94.75,94.95,94.90,8,95.00,18,8,7144,2025-11-24,0.31243,0.87992,0.00186,-0.03459,0.69006,2.30331
2283,AAPL270617P00200000,AAPL,2027-06-17,200.00,put,8.75,8.85,8.80,48,8.90,263,295,3872,2025-11-24,0.33194,-0.1294,0.00184,-0.01642,0.72709,-0.69813
2284,AAPL270617C00210000,AAPL,2027-06-17,210.00,call,87.80,87.32,87.30,8,87.35,23,14,4160,2025-11-24,0.29292,0.8631,0.00217,-0.03553,0.75583,2.36681
2285,AAPL270617P00210000,AAPL,2027-06-17,210.00,put,10.76,10.70,10.55,27,10.85,39,2,1377,2025-11-24,0.33194,-0.15586,0.00209,-0.01823,0.82464,-0.84982
2286,AAPL270617C00220000,AAPL,2027-06-17,220.00,call,79.06,79.97,79.95,6,80.00,17,2,3952,2025-11-24,0.29292,0.8333,0.00247,-0.03812,0.86162,2.34812
2287,AAPL270617P00220000,AAPL,2027-06-17,220.00,put,12.72,12.90,12.75,13,13.05,57,304,1431,2025-11-24,0.31243,-0.17606,0.00240,-0.01797,0.89223,-0.95256
2288,AAPL270617C00230000,AAPL,2027-06-17,230.00,call,73.65,72.93,72.90,6,72.95,19,7,3491,2025-11-24,0.29292,0.80118,0.00276,-0.04046,0.96189,2.31339
2289,AAPL270617P00230000,AAPL,2027-06-17,230.00,put,15.59,15.30,15.15,66,15.45,12,1,1258,2025-11-24,0.31243,-0.20707,0.00265,-0.01930,0.98553,-1.13243
2290,AAPL270617C00240000,AAPL,2027-06-17,240.00,call,66.95,66.12,66.00,2,66.25,7,7,1073,2025-11-24,0.29292,0.76717,0.00303,-0.04250,1.05415,2.26434
2291,AAPL270617P00240000,AAPL,2027-06-17,240.00,put,18.03,18.10,17.95,46,18.25,13,156,545,2025-11-24,0.31243,-0.23959,0.00288,-0.02033,1.07090,-1.32477
2292,AAPL270617C00250000,AAPL,2027-06-17,250.00,call,60.20,59.62,59.40,6,59.85,32,14,2194,2025-11-24,0.27341,0.73791,0.00345,-0.04234,1.12305,2.26389
2293,AAPL270617P00250000,AAPL,2027-06-17,250.00,put,21.61,21.30,21.10,45,21.50,14,4,861,2025-11-24,0.29292,-0.26827,0.00326,-0.01918,1.13641,-1.47174
2294,AAPL270617C00260000,AAPL,2027-06-17,260.00,call,53.70,53.60,53.40,54,53.80,33,35,1398,2025-11-24,0.27341,0.6992,0.00369,-0.04366,1.20030,2.18440
2295,AAPL270617P00260000,AAPL,2027-06-17,260.00,put,24.75,24.90,24.70,14,25.10,3,7,516,2025-11-24,0.29292,-0.30471,0.00347,-0.01951,1.20727,-1.69070
2296,AAPL270617C00270000,AAPL,2027-06-17,270.00,call,48.05,48.05,48.00,7,48.10,15,54,3945,2025-11-24,0.27341,0.6597,0.00389,-0.04457,1.26382,2.09499
2297,AAPL270617P00270000,AAPL,2027-06-17,270.00,put,28.52,28.90,28.70,27,29.10,10,9,800,2025-11-24,0.29292,-0.34171,0.00363,-0.01947,1.26582,-1.91818
2298,AAPL270617C00280000,AAPL,2027-06-17,280.00,call,42.65,42.75,42.70,2,42.80,28,110,4732,2025-11-24,0.27341,0.6199,0.00404,-0.04509,1.31297,1.99793
2299,AAPL270617P00280000,AAPL,2027-06-17,280.00,put,33.09,33.35,33.10,42,33.60,18,4,716,2025-11-24,0.29292,-0.37887,0.00377,-0.01905,1.31167,-2.15228
2300,AAPL270617C00290000,AAPL,2027-06-17,290.00,call,37.95,37.88,37.75,1,38.00,82,49,895,2025-11-24,0.27341,0.58024,0.00415,-0.04522,1.34766,1.89538
2301,AAPL270617P00290000,AAPL,2027-06-17,290.00,put,38.70,38.20,38.00,12,38.40,9,1,344,2025-11-24,0.29292,-0.41582,0.00386,-0.01828,1.34484,-2.39119
2302,AAPL270617C00300000,AAPL,2027-06-17,300.00,call,33.40,33.40,33.35,6,33.45,39,95,3926,2025-11-24,0.27341,0.54113,0.00421,-0.04500,1.36826,1.78934
2303,AAPL270617P00300000,AAPL,2027-06-17,300.00,put,44.10,43.65,43.35,24,43.95,11,1,98,2025-11-24,0.29292,-0.45225,0.00392,-0.01717,1.36571,-2.63330
2304,AAPL270617C00310000,AAPL,2027-06-17,310.00,call,29.75,29.25,29.05,28,29.45,77,13,683,2025-11-24,0.25390,0.49304,0.00456,-0.04207,1.37537,1.68095
2305,AAPL270617P00310000,AAPL,2027-06-17,310.00,put,50.03,49.55,49.25,26,49.85,13,1,145,2025-11-24,0.29292,-0.48788,0.00395,-0.01574,1.37494,-2.87711
2306,AAPL270617C00320000,AAPL,2027-06-17,320.00,call,26.08,25.65,25.50,9,25.80,65,14,852,2025-11-24,0.25390,0.45323,0.00453,-0.04105,1.36611,1.56087
2307,AAPL270617P00320000,AAPL,2027-06-17,320.00,put,56.44,55.92,55.60,33,56.25,15,1,37,2025-11-24,0.29292,-0.52246,0.00394,-0.01404,1.37339,-3.12135
2308,AAPL270617C00330000,AAPL,2027-06-17,330.00,call,22.58,22.38,22.25,3,22.50,72,3,2365,2025-11-24,0.25390,0.41508,0.00445,-0.03976,1.34429,1.44272
2309,AAPL270617P00330000,AAPL,2027-06-17,330.00,put,63.25,62.78,62.45,27,63.10,4,1,64,2025-11-24,0.29292,-0.55583,0.00391,-0.01209,1.36208,-3.36490
2310,AAPL270617C00340000,AAPL,2027-06-17,340.00,call,18.55,19.43,19.25,10,19.60,23,0,800,2025-11-24,0.25390,0.37882,0.00435,-0.03825,1.31162,1.32782
2311,AAPL270617P00340000,AAPL,2027-06-17,340.00,put,70.51,70.15,69.80,5,70.50,4,1,21,2025-11-24,0.31243,-0.57318,0.00364,-0.01266,1.35237,-3.58476
2312,AAPL270617C00350000,AAPL,2027-06-17,350.00,call,16.15,16.90,16.75,9,17.05,21,0,2865,2025-11-24,0.25390,0.3446,0.00421,-0.03657,1.26984,1.21725
2313,AAPL270617P00350000,AAPL,2027-06-17,350.00,put,78.30,77.95,77.60,8,78.30,4,1,10,2025-11-24,0.31243,-0.60207,0.00358,-0.01048,1.33030,-3.81653
2314,AAPL270617C00360000,AAPL,2027-06-17,360.00,call,14.00,14.62,14.45,11,14.80,29,0,347,2025-11-24,0.25390,0.31252,0.00404,-0.03476,1.22072,1.11181
2315,AAPL270617P00360000,AAPL,2027-06-17,360.00,put,86.65,86.30,85.95,5,86.65,7,1,68,2025-11-24,0.31243,-0.62963,0.00351,-0.00815,1.30230,-4.04600
2316,AAPL270617C00370000,AAPL,2027-06-17,370.00,call,12.20,12.65,12.50,24,12.80,15,50,164,2025-11-24,0.25390,0.28262,0.00386,-0.03286,1.16592,1.01207
2317,AAPL270617P00370000,AAPL,2027-06-17,370.00,put,95.60,95.12,94.80,8,95.45,1,1,35,2025-11-24,0.33194,-0.63826,0.00327,-0.00879,1.29212,-4.23617
2318,AAPL270617C00380000,AAPL,2027-06-17,380.00,call,10.60,10.93,10.75,20,11.10,23,0,225,2025-11-24,0.25390,0.2549,0.00367,-0.03091,1.10698,0.91839
2319,AAPL270617P00380000,AAPL,2027-06-17,380.00,put,0.00,104.53,104.20,7,104.85,7,0,0,2025-11-24,0.35146,-0.64475,0.00307,-0.00951,1.28401,-4.41879
2320,AAPL270617C00390000,AAPL,2027-06-17,390.00,call,9.05,9.45,9.30,10,9.60,24,0,201,2025-11-24,0.25390,0.22934,0.00346,-0.02894,1.04532,0.83097
2321,AAPL270617P00390000,AAPL,2027-06-17,390.00,put,0.00,114.55,114.25,3,114.85,3,0,0,2025-11-24,0.37097,-0.64949,0.00290,-0.01030,1.27783,-4.59533
2322,AAPL270617C00400000,AAPL,2027-06-17,400.00,call,7.95,8.15,8.00,16,8.30,27,0,905,2025-11-24,0.25390,0.20588,0.00325,-0.02698,0.98217,0.74986
2323,AAPL270617P00400000,AAPL,2027-06-17,400.00,put,0.00,124.55,124.25,3,124.85,3,0,0,2025-11-24,0.39048,-0.65279,0.00274,-0.01117,1.27341,-4.76693
2324,AAPL270617C00410000,AAPL,2027-06-17,410.00,call,6.65,7.03,6.90,18,7.15,2,0,218,2025-11-24,0.25390,0.18443,0.00304,-0.02505,0.91861,0.67500
2325,AAPL270617P00410000,AAPL,2027-06-17,410.00,put,0.00,134.55,134.25,1,134.85,1,0,0,2025-11-24,0.40999,-0.65489,0.00261,-0.01210,1.27054,-4.93452
2326,AAPL270617C00420000,AAPL,2027-06-17,420.00,call,6.15,6.08,5.95,55,6.20,20,1,359,2025-11-24,0.25390,0.16488,0.00283,-0.02318,0.85553,0.60623
2327,AAPL270617P00420000,AAPL,2027-06-17,420.00,put,0.00,144.55,144.25,1,144.85,1,0,0,2025-11-24,0.42950,-0.65598,0.00249,-0.01310,1.26904,-5.09879
2328,AAPL270617C00430000,AAPL,2027-06-17,430.00,call,5.90,5.28,5.15,25,5.40,31,0,196,2025-11-24,0.25390,0.14715,0.00263,-0.02138,0.79370,0.54333
2329,AAPL270617P00430000,AAPL,2027-06-17,430.00,put,0.00,154.52,154.20,1,154.85,1,0,0,2025-11-24,0.42950,-0.67197,0.00244,-0.01092,1.24570,-5.28991
2330,AAPL270617C00440000,AAPL,2027-06-17,440.00,call,4.40,4.58,4.45,28,4.70,34,0,182,2025-11-24,0.25390,0.1311,0.00243,-0.01965,0.73369,0.48601
2331,AAPL270617P00440000,AAPL,2027-06-17,440.00,put,0.00,164.55,164.25,1,164.85,1,0,0,2025-11-24,0.44901,-0.67117,0.00234,-0.01203,1.24693,-5.44782
2332,AAPL270617C00450000,AAPL,2027-06-17,450.00,call,4.00,3.97,3.85,14,4.10,34,11,1845,2025-11-24,0.25390,0.11663,0.00224,-0.01801,0.67598,0.43396
2333,AAPL270617P00450000,AAPL,2027-06-17,450.00,put,0.00,174.55,174.25,1,174.85,1,0,0,2025-11-24,0.46853,-0.66974,0.00224,-0.01319,1.24911,-5.60387
2334,AAPL270617C00460000,AAPL,2027-06-17,460.00,call,3.95,3.45,3.35,24,3.55,34,0,5,2025-11-24,0.25390,0.1036,0.00206,-0.01646,0.62091,0.38685
2335,AAPL270617P00460000,AAPL,2027-06-17,460.00,put,0.00,184.55,184.20,1,184.90,1,0,0,2025-11-24,0.48804,-0.66777,0.00216,-0.01440,1.25206,-5.75837
2336,AAPL270617C00470000,AAPL,2027-06-17,470.00,call,3.50,3.02,2.93,18,3.10,39,0,4,2025-11-24,0.25390,0.09191,0.00188,-0.01501,0.56873,0.34434
2337,AAPL270617P00470000,AAPL,2027-06-17,470.00,put,0.00,194.52,194.20,1,194.85,1,0,0,2025-11-24,0.50755,-0.66534,0.00208,-0.01566,1.25567,-5.91159
2338,AAPL270617C00480000,AAPL,2027-06-17,480.00,call,2.40,2.64,2.55,15,2.73,38,0,56,2025-11-24,0.25390,0.08144,0.00172,-0.01366,0.51957,0.30607
2339,AAPL270617P00480000,AAPL,2027-06-17,480.00,put,203.65,204.52,204.20,1,204.85,1,1,0,2025-11-24,0.52706,-0.66251,0.00201,-0.01697,1.25981,-6.06374
2340,AAPL270617C00490000,AAPL,2027-06-17,490.00,call,2.11,2.32,2.24,10,2.40,29,0,2,2025-11-24,0.25390,0.07209,0.00157,-0.01240,0.47353,0.27171
2341,AAPL270617P00490000,AAPL,2027-06-17,490.00,put,0.00,214.55,214.20,1,214.90,1,0,0,2025-11-24,0.52706,-0.67387,0.00198,-0.01498,1.24277,-6.23954
2342,AAPL270617C00500000,AAPL,2027-06-17,500.00,call,2.01,2.04,1.96,8,2.12,11,0,99,2025-11-24,0.25390,0.06374,0.00143,-0.01123,0.43061,0.24093
2343,AAPL270617P00500000,AAPL,2027-06-17,500.00,put,0.00,224.10,222.15,24,226.05,24,0,0,2025-11-24,0.54657,-0.67009,0.00192,-0.01637,1.24857,-6.38877
2344,AAPL270617C00510000,AAPL,2027-06-17,510.00,call,1.83,1.81,1.73,34,1.89,48,14,13,2025-11-24,0.25390,0.05631,0.00129,-0.01016,0.39077,0.21340
2345,AAPL270617P00510000,AAPL,2027-06-17,510.00,put,0.00,234.10,232.15,20,236.05,24,0,0,2025-11-24,0.56608,-0.66605,0.00186,-0.01780,1.25463,-6.53747
2346,AAPL270617C00520000,AAPL,2027-06-17,520.00,call,1.61,1.60,1.53,24,1.68,43,15,70,2025-11-24,0.25390,0.04971,0.00117,-0.00917,0.35395,0.18884
2347,AAPL270617P00520000,AAPL,2027-06-17,520.00,put,0.00,244.10,242.15,24,246.05,24,0,0,2025-11-24,0.56608,-0.67597,0.00184,-0.01588,1.23948,-6.70885
2348,AAPL270617C00530000,AAPL,2027-06-17,530.00,call,1.37,1.44,1.36,6,1.51,46,5,125,2025-11-24,0.25390,0.04384,0.00106,-0.00826,0.32003,0.16696
2349,AAPL270617P00530000,AAPL,2027-06-17,530.00,put,0.00,254.10,252.15,20,256.05,24,0,0,2025-11-24,0.58560,-0.67123,0.00179,-0.01738,1.24684,-6.85548
2350,AAPL271217C00005000,AAPL,2027-12-17,5.00,call,0.00,270.75,268.50,2,273.00,2,0,0,2025-11-24,0.01976,1.0,0.00000,-0.00049,0.00000,0.09522
2351,AAPL271217P00005000,AAPL,2027-12-17,5.00,put,0.00,0.01,0.00,0,0.09,3,0,16,2025-11-24,0.91729,-8e-05,0.00000,-0.00008,0.00133,-0.00069
2352,AAPL271217C00010000,AAPL,2027-12-17,10.00,call,0.00,265.75,263.50,2,268.00,2,0,0,2025-11-24,0.01976,1.0,0.00000,-0.00098,0.00000,0.19043
2353,AAPL271217P00010000,AAPL,2027-12-17,10.00,put,0.00,0.01,0.00,0,0.10,3,0,0,2025-11-24,0.74169,-0.0001,0.00000,-0.00007,0.00155,-0.00075
2354,AAPL271217C00015000,AAPL,2027-12-17,15.00,call,251.55,261.25,259.00,2,263.50,2,0,26,2025-11-24,0.01976,1.0,0.00000,-0.00147,0.00000,0.28565
2355,AAPL271217P00015000,AAPL,2027-12-17,15.00,put,0.00,0.07,0.03,1,0.11,3,0,0,2025-11-24,0.78071,-0.00062,0.00001,-0.00042,0.00861,-0.00501
2356,AAPL271217C00020000,AAPL,2027-12-17,20.00,call,0.00,256.25,254.00,2,258.50,2,0,0,2025-11-24,0.01976,1.0,0.00000,-0.00196,0.00000,0.38086
2357,AAPL271217P00020000,AAPL,2027-12-17,20.00,put,0.00,0.09,0.04,1,0.14,3,0,0,2025-11-24,0.72218,-0.00089,0.00001,-0.00054,0.01194,-0.00700
2358,AAPL271217C00025000,AAPL,2027-12-17,25.00,call,0.00,251.75,249.50,2,254.00,2,0,0,2025-11-24,0.01976,1.0,0.00000,-0.00245,0.00000,0.47608
2359,AAPL271217P00025000,AAPL,2027-12-17,25.00,put,0.00,0.11,0.05,5,0.17,3,0,0,2025-11-24,0.66364,-0.00104,0.00001,-0.00057,0.01378,-0.00797
2360,AAPL271217C00030000,AAPL,2027-12-17,30.00,call,0.00,247.25,245.00,2,249.50,2,0,0,2025-11-24,0.01976,1.0,0.00000,-0.00294,0.00000,0.57129
2361,AAPL271217P00030000,AAPL,2027-12-17,30.00,put,0.00,0.12,0.03,3,0.20,3,0,0,2025-11-24,0.62462,-0.0013,0.00002,-0.00065,0.01699,-0.00986
2362,AAPL271217C00035000,AAPL,2027-12-17,35.00,call,0.00,242.50,240.00,2,245.00,2,0,0,2025-11-24,0.01976,1.0,0.00000,-0.00343,0.00000,0.66651
2363,AAPL271217P00035000,AAPL,2027-12-17,35.00,put,0.00,0.15,0.07,3,0.23,10,0,0,2025-11-24,0.60511,-0.00185,0.00002,-0.00087,0.02343,-0.01401
2364,AAPL271217C00040000,AAPL,2027-12-17,40.00,call,0.00,237.75,235.50,2,240.00,2,0,0,2025-11-24,0.01976,1.0,0.00000,-0.00392,0.00000,0.76173
2365,AAPL271217P00040000,AAPL,2027-12-17,40.00,put,0.00,0.20,0.12,3,0.28,3,0,0,2025-11-24,0.58560,-0.00246,0.00003,-0.00108,0.03035,-0.01857
2366,AAPL271217C00045000,AAPL,2027-12-17,45.00,call,0.00,233.25,231.00,2,235.50,2,0,0,2025-11-24,0.01976,1.0,0.00000,-0.00442,0.00000,0.85694
2367,AAPL271217P00045000,AAPL,2027-12-17,45.00,put,0.00,0.25,0.17,3,0.33,3,0,0,2025-11-24,0.56608,-0.00312,0.00004,-0.00129,0.03752,-0.02338
2368,AAPL271217C00050000,AAPL,2027-12-17,50.00,call,228.00,228.75,226.50,2,231.00,2,1,1497,2025-11-24,0.01976,1.0,0.00000,-0.00491,0.00000,0.95216
2369,AAPL271217P00050000,AAPL,2027-12-17,50.00,put,0.00,0.30,0.23,4,0.37,34,0,483,2025-11-24,0.54657,-0.00379,0.00005,-0.00148,0.04473,-0.02828
2370,AAPL271217C00055000,AAPL,2027-12-17,55.00,call,216.40,224.25,222.00,1,226.50,2,0,420,2025-11-24,0.01976,1.0,0.00000,-0.00540,0.00000,1.04737
2371,AAPL271217P00055000,AAPL,2027-12-17,55.00,put,0.00,0.36,0.29,6,0.43,34,0,38,2025-11-24,0.52706,-0.00447,0.00006,-0.00164,0.05181,-0.03311
2372,AAPL271217C00060000,AAPL,2027-12-17,60.00,call,217.90,219.50,217.00,2,222.00,2,0,362,2025-11-24,0.01976,1.0,0.00000,-0.00589,0.00000,1.14259
2373,AAPL271217P00060000,AAPL,2027-12-17,60.00,put,0.00,0.42,0.35,6,0.50,18,0,113,2025-11-24,0.50755,-0.00513,0.00007,-0.00178,0.05858,-0.03772
2374,AAPL271217C00065000,AAPL,2027-12-17,65.00,call,214.50,214.75,212.50,3,217.00,1,0,155,2025-11-24,0.01976,1.0,0.00000,-0.00638,0.00000,1.23781
2375,AAPL271217P00065000,AAPL,2027-12-17,65.00,put,0.00,0.51,0.43,4,0.58,27,0,496,2025-11-24,0.48804,-0.00575,0.00008,-0.00189,0.06489,-0.04198
2376,AAPL271217C00070000,AAPL,2027-12-17,70.00,call,210.00,210.25,208.00,2,212.50,2,0,225,2025-11-24,0.01976,1.0,0.00000,-0.00687,0.00000,1.33302
2377,AAPL271217P00070000,AAPL,2027-12-17,70.00,put,0.00,0.58,0.51,2,0.66,10,0,195,2025-11-24,0.48804,-0.00773,0.00011,-0.00244,0.08429,-0.05689
2378,AAPL271217C00075000,AAPL,2027-12-17,75.00,call,197.36,205.75,203.50,2,208.00,2,0,128,2025-11-24,0.01976,1.0,0.00000,-0.00736,0.00000,1.42824
2379,AAPL271217P00075000,AAPL,2027-12-17,75.00,put,0.00,0.68,0.60,5,0.75,5,0,86,2025-11-24,0.46853,-0.0084,0.00012,-0.00250,0.09066,-0.06125
2380,AAPL271217C00080000,AAPL,2027-12-17,80.00,call,196.00,201.25,199.00,2,203.50,2,0,201,2025-11-24,0.01976,1.0,0.00000,-0.00785,0.00000,1.52345
2381,AAPL271217P00080000,AAPL,2027-12-17,80.00,put,0.00,0.77,0.70,7,0.85,5,0,284,2025-11-24,0.46853,-0.01086,0.00015,-0.00312,0.11351,-0.07979
2382,AAPL271217C00085000,AAPL,2027-12-17,85.00,call,166.75,196.75,194.50,2,199.00,2,0,286,2025-11-24,0.01976,1.0,0.00000,-0.00834,0.00000,1.61867
2383,AAPL271217P00085000,AAPL,2027-12-17,85.00,put,0.96,0.89,0.81,3,0.97,10,2,78,2025-11-24,0.44901,-0.01153,0.00017,-0.00313,0.11960,-0.08389
2384,AAPL271217C00090000,AAPL,2027-12-17,90.00,call,188.30,192.25,190.00,2,194.50,11,0,118,2025-11-24,0.01976,1.0,0.00000,-0.00883,0.00000,1.71388
2385,AAPL271217P00090000,AAPL,2027-12-17,90.00,put,0.00,1.02,0.94,3,1.11,27,0,77,2025-11-24,0.44901,-0.01449,0.00021,-0.00380,0.14571,-0.10615
2386,AAPL271217C00095000,AAPL,2027-12-17,95.00,call,139.75,187.75,185.50,2,190.00,12,0,70,2025-11-24,0.01976,1.0,0.00000,-0.00932,0.00000,1.80910
2387,AAPL271217P00095000,AAPL,2027-12-17,95.00,put,0.00,1.18,1.09,3,1.26,3,0,34,2025-11-24,0.42950,-0.01513,0.00022,-0.00375,0.15123,-0.10965
2388,AAPL271217C00100000,AAPL,2027-12-17,100.00,call,176.25,183.00,181.00,2,185.00,1,0,395,2025-11-24,0.01976,1.0,0.00000,-0.00981,0.00000,1.90432
2389,AAPL271217P00100000,AAPL,2027-12-17,100.00,put,0.00,1.34,1.25,3,1.43,6,0,767,2025-11-24,0.42950,-0.01861,0.00027,-0.00445,0.18046,-0.13569
2390,AAPL271217C00105000,AAPL,2027-12-17,105.00,call,160.50,178.75,176.50,2,181.00,11,0,62,2025-11-24,0.01976,1.0,0.00000,-0.01030,0.00000,1.99953
2391,AAPL271217P00105000,AAPL,2027-12-17,105.00,put,0.00,1.52,1.44,10,1.61,3,0,114,2025-11-24,0.40999,-0.01918,0.00029,-0.00433,0.18517,-0.13827
2392,AAPL271217C00110000,AAPL,2027-12-17,110.00,call,154.85,174.75,172.50,1,177.00,12,0,175,2025-11-24,0.31243,0.9929,0.00016,-0.01217,0.07822,2.04746
2393,AAPL271217P00110000,AAPL,2027-12-17,110.00,put,0.00,1.74,1.66,9,1.82,26,0,852,2025-11-24,0.40999,-0.02318,0.00034,-0.00505,0.21740,-0.16818
2394,AAPL271217C00115000,AAPL,2027-12-17,115.00,call,167.26,170.25,168.00,8,172.50,16,1,390,2025-11-24,0.31243,0.99069,0.00020,-0.01302,0.09924,2.12768
2395,AAPL271217P00115000,AAPL,2027-12-17,115.00,put,0.00,1.97,1.88,27,2.06,27,0,878,2025-11-24,0.40999,-0.02765,0.00039,-0.00582,0.25196,-0.20179
2396,AAPL271217C00120000,AAPL,2027-12-17,120.00,call,164.53,165.75,163.50,8,168.00,16,0,296,2025-11-24,0.31243,0.98803,0.00025,-0.01392,0.12349,2.20476
2397,AAPL271217P00120000,AAPL,2027-12-17,120.00,put,0.00,2.23,2.14,3,2.32,3,0,554,2025-11-24,0.39048,-0.02821,0.00042,-0.00560,0.25625,-0.20341
2398,AAPL271217C00125000,AAPL,2027-12-17,125.00,call,152.77,161.25,159.00,4,163.50,16,0,443,2025-11-24,0.31243,0.98489,0.00031,-0.01487,0.15103,2.27838
2399,AAPL271217P00125000,AAPL,2027-12-17,125.00,put,0.00,2.51,2.42,3,2.61,28,0,584,2025-11-24,0.39048,-0.03326,0.00048,-0.00637,0.29365,-0.24118
2400,AAPL271217C00130000,AAPL,2027-12-17,130.00,call,155.50,157.00,155.00,8,159.00,18,0,367,2025-11-24,0.31243,0.98123,0.00037,-0.01587,0.18183,2.34826
2401,AAPL271217P00130000,AAPL,2027-12-17,130.00,put,0.00,2.83,2.74,3,2.92,1,0,258,2025-11-24,0.39048,-0.03878,0.00054,-0.00718,0.33303,-0.28288
2402,AAPL271217C00135000,AAPL,2027-12-17,135.00,call,148.75,152.75,150.50,8,155.00,16,0,133,2025-11-24,0.31243,0.97702,0.00044,-0.01692,0.21582,2.41416
2403,AAPL271217P00135000,AAPL,2027-12-17,135.00,put,3.25,3.17,3.05,27,3.30,37,1,283,2025-11-24,0.37097,-0.03935,0.00058,-0.00684,0.33702,-0.28333
2404,AAPL271217C00140000,AAPL,2027-12-17,140.00,call,141.50,148.25,146.00,9,150.50,16,0,510,2025-11-24,0.31243,0.97223,0.00052,-0.01800,0.25288,2.47585
2405,AAPL271217P00140000,AAPL,2027-12-17,140.00,put,0.00,3.58,3.45,14,3.70,23,0,2457,2025-11-24,0.37097,-0.04552,0.00065,-0.00764,0.37911,-0.32954
2406,AAPL271217C00145000,AAPL,2027-12-17,145.00,call,139.55,144.25,142.00,8,146.50,16,0,587,2025-11-24,0.31243,0.96685,0.00060,-0.01913,0.29282,2.53314
2407,AAPL271217P00145000,AAPL,2027-12-17,145.00,put,0.00,3.97,3.85,25,4.10,37,0,229,2025-11-24,0.37097,-0.05218,0.00073,-0.00846,0.42283,-0.37987
2408,AAPL271217C00150000,AAPL,2027-12-17,150.00,call,135.40,139.75,137.50,10,142.00,14,0,795,2025-11-24,0.31243,0.96087,0.00068,-0.02028,0.33544,2.58587
2409,AAPL271217P00150000,AAPL,2027-12-17,150.00,put,4.40,4.42,4.30,38,4.55,33,4,1102,2025-11-24,0.37097,-0.05932,0.00080,-0.00929,0.46791,-0.43434
2410,AAPL271217C00155000,AAPL,2027-12-17,155.00,call,130.90,136.00,134.00,7,138.00,16,0,171,2025-11-24,0.31243,0.95428,0.00078,-0.02147,0.38048,2.63392
2411,AAPL271217P00155000,AAPL,2027-12-17,155.00,put,0.00,4.92,4.80,16,5.05,37,0,346,2025-11-24,0.35146,-0.06017,0.00086,-0.00880,0.47313,-0.43446
2412,AAPL271217C00160000,AAPL,2027-12-17,160.00,call,127.00,131.75,129.50,8,134.00,16,0,354,2025-11-24,0.31243,0.94707,0.00087,-0.02267,0.42767,2.67721
2413,AAPL271217P00160000,AAPL,2027-12-17,160.00,put,0.00,5.47,5.35,2,5.60,37,0,1153,2025-11-24,0.35146,-0.06805,0.00094,-0.00960,0.52065,-0.49405
2414,AAPL271217C00165000,AAPL,2027-12-17,165.00,call,123.50,127.40,126.40,4,128.40,14,0,365,2025-11-24,0.31243,0.93925,0.00097,-0.02388,0.47670,2.71568
2415,AAPL271217P00165000,AAPL,2027-12-17,165.00,put,0.00,6.03,5.90,18,6.15,6,0,1057,2025-11-24,0.35146,-0.07643,0.00103,-0.01041,0.56911,-0.55791
2416,AAPL271217C00170000,AAPL,2027-12-17,170.00,call,121.00,123.32,122.35,4,124.30,14,0,738,2025-11-24,0.31243,0.93083,0.00107,-0.02510,0.52726,2.74932
2417,AAPL271217P00170000,AAPL,2027-12-17,170.00,put,6.80,6.67,6.55,2,6.80,34,1,925,2025-11-24,0.35146,-0.08528,0.00112,-0.01120,0.61824,-0.62597
2418,AAPL271217C00175000,AAPL,2027-12-17,175.00,call,114.66,119.40,118.40,4,120.40,5,0,437,2025-11-24,0.31243,0.92182,0.00118,-0.02633,0.57902,2.77815
2419,AAPL271217P00175000,AAPL,2027-12-17,175.00,put,7.30,7.35,7.20,31,7.50,37,16,1545,2025-11-24,0.35146,-0.0946,0.00121,-0.01199,0.66775,-0.69817
2420,AAPL271217C00180000,AAPL,2027-12-17,180.00,call,116.32,115.53,114.65,30,116.40,40,7,944,2025-11-24,0.31243,0.91223,0.00129,-0.02754,0.63166,2.80219
2421,AAPL271217P00180000,AAPL,2027-12-17,180.00,put,8.16,8.07,7.95,2,8.20,13,2,2920,2025-11-24,0.35146,-0.10435,0.00130,-0.01275,0.71740,-0.77440
2422,AAPL271217C00185000,AAPL,2027-12-17,185.00,call,109.60,111.50,110.60,10,112.40,15,1,2702,2025-11-24,0.31243,0.90209,0.00140,-0.02875,0.68484,2.82153
2423,AAPL271217P00185000,AAPL,2027-12-17,185.00,put,9.00,8.85,8.70,20,9.00,8,1,710,2025-11-24,0.33194,-0.10662,0.00140,-0.01204,0.72863,-0.77949
2424,AAPL271217C00190000,AAPL,2027-12-17,190.00,call,103.80,107.78,106.80,10,108.75,15,0,1131,2025-11-24,0.31243,0.89142,0.00150,-0.02993,0.73826,2.83626
2425,AAPL271217P00190000,AAPL,2027-12-17,190.00,put,10.16,9.70,9.55,9,9.85,11,1,1259,2025-11-24,0.33194,-0.11726,0.00150,-0.01275,0.77995,-0.86195
2426,AAPL271217C00195000,AAPL,2027-12-17,195.00,call,99.55,104.03,103.05,4,105.00,5,0,594,2025-11-24,0.29292,0.88983,0.00162,-0.02962,0.74601,2.93199
2427,AAPL271217P00195000,AAPL,2027-12-17,195.00,put,10.50,10.60,10.45,1,10.75,19,37,1556,2025-11-24,0.33194,-0.12833,0.00159,-0.01343,0.83090,-0.94847
2428,AAPL271217C00200000,AAPL,2027-12-17,200.00,call,100.60,100.35,99.45,11,101.25,16,10,4558,2025-11-24,0.29292,0.87809,0.00174,-0.03074,0.80166,2.93945
2429,AAPL271217P00200000,AAPL,2027-12-17,200.00,put,11.45,11.57,11.40,20,11.75,49,16,5710,2025-11-24,0.33194,-0.1398,0.00169,-0.01407,0.88124,-1.03891
2430,AAPL271217C00205000,AAPL,2027-12-17,205.00,call,94.65,96.75,95.85,4,97.65,8,0,1152,2025-11-24,0.29292,0.86581,0.00186,-0.03183,0.85693,2.94217
2431,AAPL271217P00205000,AAPL,2027-12-17,205.00,put,0.00,12.60,12.40,13,12.80,10,0,387,2025-11-24,0.33194,-0.15164,0.00179,-0.01468,0.93075,-1.13311
2432,AAPL271217C00210000,AAPL,2027-12-17,210.00,call,94.20,93.17,92.30,30,94.05,40,4,1159,2025-11-24,0.29292,0.85303,0.00198,-0.03288,0.91152,2.94032
2433,AAPL271217P00210000,AAPL,2027-12-17,210.00,put,0.00,13.68,13.50,13,13.85,18,0,1246,2025-11-24,0.33194,-0.16382,0.00188,-0.01524,0.97920,-1.23090
2434,AAPL271217C00215000,AAPL,2027-12-17,215.00,call,89.28,89.57,88.60,12,90.55,22,1,1181,2025-11-24,0.29292,0.83979,0.00210,-0.03389,0.96511,2.93407
2435,AAPL271217P00215000,AAPL,2027-12-17,215.00,put,0.00,14.85,14.65,13,15.05,21,0,778,2025-11-24,0.31243,-0.16886,0.00203,-0.01428,0.99856,-1.24897
2436,AAPL271217C00220000,AAPL,2027-12-17,220.00,call,86.25,86.15,85.20,24,87.10,35,14,1562,2025-11-24,0.29292,0.82612,0.00221,-0.03485,1.01744,2.92361
2437,AAPL271217P00220000,AAPL,2027-12-17,220.00,put,15.95,16.10,15.90,24,16.30,22,1,763,2025-11-24,0.31243,-0.18209,0.00213,-0.01475,1.04745,-1.35416
2438,AAPL271217C00225000,AAPL,2027-12-17,225.00,call,82.95,82.50,81.80,10,83.20,14,1,2327,2025-11-24,0.29292,0.81206,0.00232,-0.03577,1.06824,2.90915
2439,AAPL271217P00225000,AAPL,2027-12-17,225.00,put,17.26,17.40,17.20,21,17.60,16,1,735,2025-11-24,0.31243,-0.19562,0.00223,-0.01517,1.09477,-1.46285
2440,AAPL271217C00230000,AAPL,2027-12-17,230.00,call,79.92,79.45,78.50,10,80.40,14,5,1806,2025-11-24,0.29292,0.79766,0.00243,-0.03663,1.11729,2.89089
2441,AAPL271217P00230000,AAPL,2027-12-17,230.00,put,18.65,18.80,18.60,15,19.00,10,2,1797,2025-11-24,0.31243,-0.20943,0.00232,-0.01554,1.14036,-1.57484
2442,AAPL271217C00235000,AAPL,2027-12-17,235.00,call,76.85,76.22,75.30,10,77.15,14,9,595,2025-11-24,0.29292,0.78294,0.00253,-0.03743,1.16439,2.86907
2443,AAPL271217P00235000,AAPL,2027-12-17,235.00,put,20.10,20.27,20.05,22,20.50,26,10,459,2025-11-24,0.31243,-0.22349,0.00241,-0.01586,1.18404,-1.68995
2444,AAPL271217C00240000,AAPL,2027-12-17,240.00,call,73.92,73.12,72.30,14,73.95,21,10,714,2025-11-24,0.29292,0.76795,0.00263,-0.03818,1.20935,2.84390
2445,AAPL271217P00240000,AAPL,2027-12-17,240.00,put,22.15,21.83,21.60,12,22.05,19,112,1600,2025-11-24,0.31243,-0.23775,0.00250,-0.01611,1.22570,-1.80796
2446,AAPL271217C00245000,AAPL,2027-12-17,245.00,call,70.71,69.97,69.05,4,70.90,14,2,732,2025-11-24,0.27341,0.75892,0.00288,-0.03737,1.23503,2.90092
2447,AAPL271217P00245000,AAPL,2027-12-17,245.00,put,23.25,23.50,23.25,18,23.75,22,114,340,2025-11-24,0.31243,-0.25219,0.00258,-0.01631,1.26521,-1.92867
2448,AAPL271217C00250000,AAPL,2027-12-17,250.00,call,67.10,67.00,66.25,4,67.75,14,9,5202,2025-11-24,0.27341,0.7426,0.00298,-0.03799,1.27881,2.86629
2449,AAPL271217P00250000,AAPL,2027-12-17,250.00,put,25.00,25.23,25.00,11,25.45,19,5,747,2025-11-24,0.31243,-0.26678,0.00265,-0.01645,1.30250,-2.05190
2450,AAPL271217C00255000,AAPL,2027-12-17,255.00,call,61.40,64.05,63.20,10,64.90,13,0,593,2025-11-24,0.27341,0.72607,0.00307,-0.03854,1.31984,2.82857
2451,AAPL271217P00255000,AAPL,2027-12-17,255.00,put,26.75,27.05,26.80,34,27.30,35,20,356,2025-11-24,0.31243,-0.28148,0.00273,-0.01653,1.33747,-2.17744
2452,AAPL271217C00260000,AAPL,2027-12-17,260.00,call,60.35,61.33,60.75,4,61.90,14,7,2802,2025-11-24,0.27341,0.70936,0.00316,-0.03902,1.35798,2.78800
2453,AAPL271217P00260000,AAPL,2027-12-17,260.00,put,28.75,28.95,28.70,4,29.20,14,2,791,2025-11-24,0.31243,-0.29626,0.00279,-0.01655,1.37009,-2.30510
2454,AAPL271217C00265000,AAPL,2027-12-17,265.00,call,56.23,58.40,57.70,4,59.10,5,0,866,2025-11-24,0.27341,0.69252,0.00324,-0.03944,1.39316,2.74485
2455,AAPL271217P00265000,AAPL,2027-12-17,265.00,put,30.70,30.98,30.70,34,31.25,35,18,338,2025-11-24,0.31243,-0.3111,0.00285,-0.01651,1.40031,-2.43470
2456,AAPL271217C00270000,AAPL,2027-12-17,270.00,call,56.45,55.75,55.00,30,56.50,30,6,2931,2025-11-24,0.27341,0.67559,0.00332,-0.03978,1.42531,2.69938
2457,AAPL271217P00270000,AAPL,2027-12-17,270.00,put,32.75,33.08,32.80,4,33.35,9,4,521,2025-11-24,0.31243,-0.32597,0.00291,-0.01641,1.42811,-2.56605
2458,AAPL271217C00275000,AAPL,2027-12-17,275.00,call,53.67,53.05,52.40,30,53.70,30,31,573,2025-11-24,0.27341,0.65862,0.00339,-0.04007,1.45437,2.65183
2459,AAPL271217P00275000,AAPL,2027-12-17,275.00,put,35.20,35.27,35.00,6,35.55,11,8,332,2025-11-24,0.29292,-0.34143,0.00316,-0.01467,1.45445,-2.64386
2460,AAPL271217C00280000,AAPL,2027-12-17,280.00,call,50.90,50.67,50.15,2,51.20,2,10,2032,2025-11-24,0.27341,0.64162,0.00345,-0.04028,1.48034,2.60245
2461,AAPL271217P00280000,AAPL,2027-12-17,280.00,put,37.85,37.55,37.25,12,37.85,9,4,1008,2025-11-24,0.29292,-0.35728,0.00321,-0.01442,1.47877,-2.78298
2462,AAPL271217C00285000,AAPL,2027-12-17,285.00,call,48.75,48.15,47.50,4,48.80,4,6,636,2025-11-24,0.27341,0.62466,0.00350,-0.04044,1.50322,2.55148
2463,AAPL271217P00285000,AAPL,2027-12-17,285.00,put,39.31,39.95,39.65,9,40.25,8,5,323,2025-11-24,0.29292,-0.3731,0.00326,-0.01412,1.50037,-2.92349
2464,AAPL271217C00290000,AAPL,2027-12-17,290.00,call,45.95,45.75,45.50,4,46.00,3,10,2008,2025-11-24,0.27341,0.60774,0.00355,-0.04053,1.52303,2.49914
2465,AAPL271217P00290000,AAPL,2027-12-17,290.00,put,42.15,42.45,42.15,4,42.75,8,4,764,2025-11-24,0.29292,-0.38885,0.00330,-0.01376,1.51928,-3.06522
2466,AAPL271217C00295000,AAPL,2027-12-17,295.00,call,41.63,43.42,43.15,8,43.70,8,0,282,2025-11-24,0.27341,0.59092,0.00359,-0.04056,1.53981,2.44564
2467,AAPL271217P00295000,AAPL,2027-12-17,295.00,put,44.65,45.08,44.75,4,45.40,8,14,338,2025-11-24,0.29292,-0.40451,0.00334,-0.01334,1.53553,-3.20798
2468,AAPL271217C00300000,AAPL,2027-12-17,300.00,call,41.60,41.27,41.05,13,41.50,12,26,5659,2025-11-24,0.27341,0.57422,0.00362,-0.04053,1.55361,2.39120
2469,AAPL271217P00300000,AAPL,2027-12-17,300.00,put,48.65,47.78,47.45,4,48.10,8,1,316,2025-11-24,0.29292,-0.42006,0.00337,-0.01286,1.54920,-3.35161
2470,AAPL271217C00305000,AAPL,2027-12-17,305.00,call,37.15,39.17,38.90,11,39.45,17,0,737,2025-11-24,0.27341,0.55765,0.00364,-0.04044,1.56451,2.33600
2471,AAPL271217P00305000,AAPL,2027-12-17,305.00,put,50.23,50.58,50.25,4,50.90,6,3,29,2025-11-24,0.29292,-0.43547,0.00339,-0.01233,1.56032,-3.49594
2472,AAPL271217C00310000,AAPL,2027-12-17,310.00,call,37.85,37.15,36.90,37,37.40,28,1,633,2025-11-24,0.25390,0.53287,0.00395,-0.03839,1.57568,2.29580
2473,AAPL271217P00310000,AAPL,2027-12-17,310.00,put,54.40,53.50,53.15,4,53.85,8,1,262,2025-11-24,0.29292,-0.45073,0.00341,-0.01176,1.56897,-3.64083
2474,AAPL271217C00315000,AAPL,2027-12-17,315.00,call,34.08,35.25,35.00,9,35.50,6,0,1064,2025-11-24,0.25390,0.5154,0.00396,-0.03814,1.57987,2.23258
2475,AAPL271217P00315000,AAPL,2027-12-17,315.00,put,0.00,56.58,56.20,1,56.95,6,0,5,2025-11-24,0.31243,-0.45717,0.00320,-0.01303,1.57192,-3.80021
2476,AAPL271217C00320000,AAPL,2027-12-17,320.00,call,33.57,33.40,33.15,11,33.65,5,1,610,2025-11-24,0.25390,0.49817,0.00396,-0.03783,1.58103,2.16920
2477,AAPL271217P00320000,AAPL,2027-12-17,320.00,put,0.00,59.65,59.30,4,60.00,3,0,220,2025-11-24,0.31243,-0.47111,0.00321,-0.01241,1.57690,-3.94053
2478,AAPL271217C00325000,AAPL,2027-12-17,325.00,call,30.21,31.65,31.40,11,31.90,9,0,288,2025-11-24,0.25390,0.48122,0.00396,-0.03748,1.57929,2.10584
2479,AAPL271217P00325000,AAPL,2027-12-17,325.00,put,0.00,62.92,62.50,3,63.35,9,0,3,2025-11-24,0.31243,-0.48487,0.00322,-0.01175,1.57991,-4.08104
2480,AAPL271217C00330000,AAPL,2027-12-17,330.00,call,29.23,29.98,29.75,3,30.20,5,0,538,2025-11-24,0.25390,0.46456,0.00395,-0.03707,1.57480,2.04266
2481,AAPL271217P00330000,AAPL,2027-12-17,330.00,put,0.00,66.25,65.85,4,66.65,5,0,36,2025-11-24,0.31243,-0.49844,0.00322,-0.01105,1.58103,-4.22166
2482,AAPL271217C00335000,AAPL,2027-12-17,335.00,call,28.91,28.35,28.10,11,28.60,5,1,1661,2025-11-24,0.25390,0.4482,0.00393,-0.03663,1.56770,1.97983
2483,AAPL271217P00335000,AAPL,2027-12-17,335.00,put,0.00,69.72,69.30,4,70.15,8,0,11,2025-11-24,0.31243,-0.51181,0.00322,-0.01031,1.58035,-4.36229
2484,AAPL271217C00340000,AAPL,2027-12-17,340.00,call,27.45,26.83,26.60,37,27.05,28,10,222,2025-11-24,0.25390,0.43218,0.00391,-0.03615,1.55814,1.91749
2485,AAPL271217P00340000,AAPL,2027-12-17,340.00,put,0.00,73.15,72.85,7,73.45,1,0,2,2025-11-24,0.31243,-0.52497,0.00322,-0.00953,1.57795,-4.50284
2486,AAPL271217C00345000,AAPL,2027-12-17,345.00,call,25.78,25.38,25.15,10,25.60,2,1,69,2025-11-24,0.25390,0.4165,0.00388,-0.03563,1.54629,1.85577
2487,AAPL271217P00345000,AAPL,2027-12-17,345.00,put,76.52,76.90,76.50,4,77.30,4,2,2,2025-11-24,0.31243,-0.5379,0.00321,-0.00873,1.57390,-4.64324
2488,AAPL271217C00350000,AAPL,2027-12-17,350.00,call,24.17,24.00,23.75,10,24.25,11,9,845,2025-11-24,0.25390,0.40117,0.00384,-0.03508,1.53228,1.79479
2489,AAPL271217P00350000,AAPL,2027-12-17,350.00,put,0.00,80.67,79.80,3,81.55,4,0,69,2025-11-24,0.31243,-0.55062,0.00320,-0.00789,1.56830,-4.78342
2490,AAPL271217C00355000,AAPL,2027-12-17,355.00,call,22.00,22.67,22.45,12,22.90,5,0,1708,2025-11-24,0.25390,0.38621,0.00380,-0.03450,1.51629,1.73465
2491,AAPL271217P00355000,AAPL,2027-12-17,355.00,put,0.00,84.62,83.70,3,85.55,5,0,43,2025-11-24,0.31243,-0.5631,0.00318,-0.00702,1.56123,-4.92331
2492,AAPL271217C00360000,AAPL,2027-12-17,360.00,call,21.05,21.42,21.20,12,21.65,5,1,425,2025-11-24,0.25390,0.37162,0.00376,-0.03390,1.49846,1.67545
2493,AAPL271217P00360000,AAPL,2027-12-17,360.00,put,0.00,88.55,87.65,3,89.45,5,0,14,2025-11-24,0.33194,-0.56026,0.00300,-0.00848,1.56298,-5.03970
2494,AAPL271217C00365000,AAPL,2027-12-17,365.00,call,19.30,20.27,20.05,4,20.50,22,0,153,2025-11-24,0.25390,0.35741,0.00371,-0.03327,1.47895,1.61728
2495,AAPL271217P00365000,AAPL,2027-12-17,365.00,put,0.00,92.70,91.75,3,93.65,4,0,25,2025-11-24,0.33194,-0.57164,0.00298,-0.00762,1.55548,-5.17494
2496,AAPL271217C00370000,AAPL,2027-12-17,370.00,call,18.67,19.12,18.90,12,19.35,3,0,217,2025-11-24,0.25390,0.34359,0.00366,-0.03262,1.45791,1.56020
2497,AAPL271217P00370000,AAPL,2027-12-17,370.00,put,0.00,96.88,95.90,4,97.85,4,0,20,2025-11-24,0.33194,-0.58281,0.00297,-0.00673,1.54686,-5.30985
2498,AAPL271217C00375000,AAPL,2027-12-17,375.00,call,16.90,18.08,17.85,11,18.30,22,0,307,2025-11-24,0.25390,0.33015,0.00360,-0.03195,1.43549,1.50427
2499,AAPL271217P00375000,AAPL,2027-12-17,375.00,put,0.00,101.18,100.20,4,102.15,4,0,9,2025-11-24,0.33194,-0.59377,0.00295,-0.00583,1.53717,-5.44439
2500,AAPL271217C00380000,AAPL,2027-12-17,380.00,call,16.65,17.08,16.85,3,17.30,3,0,340,2025-11-24,0.25390,0.3171,0.00354,-0.03127,1.41182,1.44956
2501,AAPL271217P00380000,AAPL,2027-12-17,380.00,put,0.00,105.68,104.65,5,106.70,5,0,52,2025-11-24,0.35146,-0.58826,0.00279,-0.00740,1.54220,-5.54780
2502,AAPL271217C00385000,AAPL,2027-12-17,385.00,call,16.30,16.12,15.90,3,16.35,9,2,116,2025-11-24,0.25390,0.30444,0.00348,-0.03058,1.38706,1.39610
2503,AAPL271217P00385000,AAPL,2027-12-17,385.00,put,0.00,110.18,109.20,4,111.15,4,0,24,2025-11-24,0.35146,-0.5983,0.00278,-0.00651,1.53280,-5.67836
2504,AAPL271217C00390000,AAPL,2027-12-17,390.00,call,15.35,15.22,15.00,7,15.45,3,10,131,2025-11-24,0.25390,0.29217,0.00341,-0.02988,1.36132,1.34393
2505,AAPL271217P00390000,AAPL,2027-12-17,390.00,put,0.00,114.82,113.85,4,115.80,4,0,0,2025-11-24,0.35146,-0.60816,0.00276,-0.00560,1.52258,-5.80856
2506,AAPL271217C00395000,AAPL,2027-12-17,395.00,call,14.70,14.35,14.15,12,14.55,9,1,398,2025-11-24,0.25390,0.28029,0.00335,-0.02917,1.33474,1.29309
2507,AAPL271217P00395000,AAPL,2027-12-17,395.00,put,0.00,119.25,117.00,2,121.50,2,0,0,2025-11-24,0.37097,-0.6013,0.00263,-0.00725,1.52980,-5.90555
2508,AAPL271217C00400000,AAPL,2027-12-17,400.00,call,13.60,13.57,13.40,1,13.75,19,6,4525,2025-11-24,0.25390,0.26879,0.00328,-0.02845,1.30743,1.24359
2509,AAPL271217P00400000,AAPL,2027-12-17,400.00,put,0.00,124.28,122.05,1,126.50,2,0,0,2025-11-24,0.37097,-0.61038,0.00261,-0.00636,1.52014,-6.03234
2510,AAPL271217C00405000,AAPL,2027-12-17,405.00,call,13.10,12.80,12.60,9,13.00,26,15,93,2025-11-24,0.25390,0.25767,0.00321,-0.02773,1.27952,1.19544
2511,AAPL271217P00405000,AAPL,2027-12-17,405.00,put,0.00,129.25,127.00,2,131.50,2,0,0,2025-11-24,0.39048,-0.603,0.00249,-0.00805,1.52805,-6.12722
2512,AAPL271217C00410000,AAPL,2027-12-17,410.00,call,11.52,12.10,11.90,14,12.30,19,0,95,2025-11-24,0.25390,0.24693,0.00314,-0.02701,1.25111,1.14867
2513,AAPL271217P00410000,AAPL,2027-12-17,410.00,put,0.00,134.25,132.00,2,136.50,2,0,0,2025-11-24,0.39048,-0.61141,0.00248,-0.00717,1.51898,-6.25104
2514,AAPL271217C00415000,AAPL,2027-12-17,415.00,call,11.60,11.43,11.25,4,11.60,23,2,83,2025-11-24,0.25390,0.23656,0.00307,-0.02629,1.22230,1.10328
2515,AAPL271217P00415000,AAPL,2027-12-17,415.00,put,0.00,139.25,137.00,2,141.50,2,0,0,2025-11-24,0.39048,-0.61967,0.00246,-0.00629,1.50937,-6.37456
2516,AAPL271217C00420000,AAPL,2027-12-17,420.00,call,10.91,10.77,10.60,16,10.95,11,4,354,2025-11-24,0.25390,0.22655,0.00299,-0.02557,1.19320,1.05925
2517,AAPL271217P00420000,AAPL,2027-12-17,420.00,put,0.00,144.25,142.00,2,146.50,2,0,0,2025-11-24,0.40999,-0.61145,0.00236,-0.00804,1.51894,-6.46560
2518,AAPL271217C00425000,AAPL,2027-12-17,425.00,call,10.33,10.18,10.00,13,10.35,23,2,145,2025-11-24,0.25390,0.2169,0.00292,-0.02486,1.16388,1.01660
2519,AAPL271217P00425000,AAPL,2027-12-17,425.00,put,0.00,149.25,147.00,2,151.50,2,0,0,2025-11-24,0.40999,-0.61913,0.00234,-0.00717,1.51002,-6.58655
2520,AAPL271217C00430000,AAPL,2027-12-17,430.00,call,10.00,9.60,9.40,10,9.80,13,0,335,2025-11-24,0.25390,0.2076,0.00284,-0.02415,1.13445,0.97531
2521,AAPL271217P00430000,AAPL,2027-12-17,430.00,put,0.00,154.25,152.00,2,156.50,2,0,0,2025-11-24,0.42950,-0.61064,0.00225,-0.00894,1.51984,-6.67678
2522,AAPL271217C00435000,AAPL,2027-12-17,435.00,call,8.35,9.07,8.90,12,9.25,13,0,203,2025-11-24,0.25390,0.19864,0.00277,-0.02345,1.10496,0.93537
2523,AAPL271217P00435000,AAPL,2027-12-17,435.00,put,0.00,159.25,157.00,2,161.50,2,0,0,2025-11-24,0.42950,-0.61781,0.00224,-0.00809,1.51160,-6.79545
2524,AAPL271217C00440000,AAPL,2027-12-17,440.00,call,8.40,8.57,8.40,12,8.75,13,0,8495,2025-11-24,0.25390,0.19002,0.00270,-0.02275,1.07551,0.89676
2525,AAPL271217P00440000,AAPL,2027-12-17,440.00,put,0.00,164.25,162.00,2,166.50,2,0,0,2025-11-24,0.44901,-0.60912,0.00216,-0.00989,1.52153,-6.88519
2526,AAPL271217C00450000,AAPL,2027-12-17,450.00,call,7.00,7.62,7.45,13,7.80,13,0,53,2025-11-24,0.25390,0.17375,0.00255,-0.02139,1.01694,0.82347
2527,AAPL271217P00450000,AAPL,2027-12-17,450.00,put,0.00,174.25,172.00,2,176.50,2,0,0,2025-11-24,0.44901,-0.62243,0.00214,-0.00822,1.50600,-7.11830
2528,AAPL271217C00460000,AAPL,2027-12-17,460.00,call,6.67,6.80,6.65,4,6.95,11,1,21,2025-11-24,0.25390,0.15872,0.00241,-0.02006,0.95922,0.75528
2529,AAPL271217P00460000,AAPL,2027-12-17,460.00,put,0.00,184.25,182.00,2,186.50,2,0,0,2025-11-24,0.46853,-0.61947,0.00205,-0.00924,1.50961,-7.32084
2530,AAPL271217C00470000,AAPL,2027-12-17,470.00,call,6.40,6.08,5.90,3,6.25,9,0,7,2025-11-24,0.25390,0.14487,0.00226,-0.01878,0.90273,0.69198
2531,AAPL271217P00470000,AAPL,2027-12-17,470.00,put,0.00,194.25,192.00,2,196.50,2,0,0,2025-11-24,0.48804,-0.61606,0.00197,-0.01029,1.51366,-7.52187
2532,AAPL271217C00480000,AAPL,2027-12-17,480.00,call,5.75,5.40,5.25,3,5.55,4,0,6,2025-11-24,0.25390,0.13212,0.00213,-0.01756,0.84779,0.63335
2533,AAPL271217P00480000,AAPL,2027-12-17,480.00,put,0.00,204.25,202.00,2,206.50,2,0,0,2025-11-24,0.50755,-0.61225,0.00190,-0.01137,1.51804,-7.72167
2534,AAPL271217C00490000,AAPL,2027-12-17,490.00,call,4.50,4.85,4.70,3,5.00,3,0,3,2025-11-24,0.25390,0.1204,0.00199,-0.01638,0.79466,0.57916
2535,AAPL271217P00490000,AAPL,2027-12-17,490.00,put,0.00,214.25,212.00,2,216.50,2,0,0,2025-11-24,0.50755,-0.62304,0.00189,-0.00979,1.50524,-7.94459
2536,AAPL271217C00500000,AAPL,2027-12-17,500.00,call,3.95,4.30,4.15,3,4.45,3,0,200,2025-11-24,0.25390,0.10965,0.00186,-0.01526,0.74352,0.52916
2537,AAPL271217P00500000,AAPL,2027-12-17,500.00,put,0.00,224.25,222.00,2,226.50,2,0,0,2025-11-24,0.52706,-0.61831,0.00183,-0.01093,1.51100,-8.14087
2538,AAPL271217C00510000,AAPL,2027-12-17,510.00,call,4.20,3.85,3.70,3,4.00,3,0,1,2025-11-24,0.25390,0.0998,0.00174,-0.01420,0.69452,0.48311
2539,AAPL271217P00510000,AAPL,2027-12-17,510.00,put,0.00,234.25,232.00,2,236.50,2,0,0,2025-11-24,0.54657,-0.61333,0.00177,-0.01209,1.51681,-8.33658
2540,AAPL271217C00520000,AAPL,2027-12-17,520.00,call,3.35,3.45,3.30,3,3.60,3,0,2,2025-11-24,0.25390,0.09079,0.00162,-0.01319,0.64775,0.44075
2541,AAPL271217P00520000,AAPL,2027-12-17,520.00,put,0.00,244.25,242.00,2,246.50,2,0,0,2025-11-24,0.54657,-0.62276,0.00175,-0.01056,1.50559,-8.55426
2542,AAPL271217C00530000,AAPL,2027-12-17,530.00,call,3.20,3.10,3.00,10,3.20,26,7,225,2025-11-24,0.25390,0.08255,0.00151,-0.01224,0.60327,0.40185
2543,AAPL271217P00530000,AAPL,2027-12-17,530.00,put,0.00,254.25,252.00,2,256.50,2,0,0,2025-11-24,0.56608,-0.61709,0.00170,-0.01178,1.51245,-8.74749
2544,AAPL280121C00005000,AAPL,2028-01-21,5.00,call,270.52,270.75,268.50,2,273.00,2,0,21,2025-11-24,0.01976,1.0,0.00000,-0.00049,0.00000,0.09927
2545,AAPL280121P00005000,AAPL,2028-01-21,5.00,put,0.02,0.01,0.00,0,0.02,40,1,261,2025-11-24,0.89778,-8e-05,0.00000,-0.00007,0.00136,-0.00072
2546,AAPL280121C00010000,AAPL,2028-01-21,10.00,call,265.00,265.75,263.50,2,268.00,2,0,20,2025-11-24,0.01976,1.0,0.00000,-0.00098,0.00000,0.19854
2547,AAPL280121P00010000,AAPL,2028-01-21,10.00,put,0.00,0.01,0.00,0,0.11,10,0,4,2025-11-24,0.72218,-9e-05,0.00000,-0.00007,0.00151,-0.00074
2548,AAPL280121C00015000,AAPL,2028-01-21,15.00,call,261.05,261.25,259.00,2,263.50,2,0,45,2025-11-24,0.01976,1.0,0.00000,-0.00147,0.00000,0.29781
2549,AAPL280121P00015000,AAPL,2028-01-21,15.00,put,0.00,0.08,0.03,1,0.13,6,0,0,2025-11-24,0.78071,-0.00072,0.00001,-0.00047,0.01013,-0.00619
2550,AAPL280121C00020000,AAPL,2028-01-21,20.00,call,255.78,256.50,254.00,2,259.00,2,1,0,2025-11-24,0.01976,1.0,0.00000,-0.00196,0.00000,0.39709
2551,AAPL280121P00020000,AAPL,2028-01-21,20.00,put,0.00,0.10,0.04,1,0.16,3,0,0,2025-11-24,0.70267,-0.00085,0.00001,-0.00049,0.01172,-0.00698
2552,AAPL280121C00025000,AAPL,2028-01-21,25.00,call,247.40,251.75,249.50,2,254.00,2,0,2,2025-11-24,0.01976,1.0,0.00000,-0.00244,0.00000,0.49636
2553,AAPL280121P00025000,AAPL,2028-01-21,25.00,put,0.00,0.12,0.06,1,0.18,10,0,0,2025-11-24,0.66364,-0.0012,0.00001,-0.00063,0.01612,-0.00976
2554,AAPL280121C00030000,AAPL,2028-01-21,30.00,call,0.00,247.25,245.00,2,249.50,2,0,0,2025-11-24,0.01976,1.0,0.00000,-0.00293,0.00000,0.59563
2555,AAPL280121P00030000,AAPL,2028-01-21,30.00,put,0.00,0.16,0.09,3,0.23,3,0,123,2025-11-24,0.62462,-0.0015,0.00002,-0.00072,0.01977,-0.01202
2556,AAPL280121C00035000,AAPL,2028-01-21,35.00,call,0.00,242.75,240.50,2,245.00,2,0,0,2025-11-24,0.01976,1.0,0.00000,-0.00342,0.00000,0.69490
2557,AAPL280121P00035000,AAPL,2028-01-21,35.00,put,0.00,0.17,0.07,3,0.27,3,0,0,2025-11-24,0.58560,-0.00171,0.00002,-0.00076,0.02229,-0.01346
2558,AAPL280121C00040000,AAPL,2028-01-21,40.00,call,229.85,238.25,236.00,1,240.50,2,0,2,2025-11-24,0.01976,1.0,0.00000,-0.00391,0.00000,0.79417
2559,AAPL280121P00040000,AAPL,2028-01-21,40.00,put,0.00,0.21,0.11,3,0.32,3,0,1,2025-11-24,0.56608,-0.00227,0.00003,-0.00095,0.02879,-0.01778
2560,AAPL280121C00045000,AAPL,2028-01-21,45.00,call,224.43,233.50,231.00,2,236.00,2,0,5,2025-11-24,0.01976,1.0,0.00000,-0.00440,0.00000,0.89344
2561,AAPL280121P00045000,AAPL,2028-01-21,45.00,put,0.00,0.26,0.17,3,0.35,10,0,0,2025-11-24,0.54657,-0.00286,0.00004,-0.00112,0.03548,-0.02229
2562,AAPL280121C00050000,AAPL,2028-01-21,50.00,call,230.72,228.75,226.50,2,231.00,2,1,44,2025-11-24,0.01976,1.0,0.00000,-0.00489,0.00000,0.99271
2563,AAPL280121P00050000,AAPL,2028-01-21,50.00,put,0.00,0.28,0.23,1,0.33,1,0,335,2025-11-24,0.52706,-0.00346,0.00005,-0.00128,0.04213,-0.02682
2564,AAPL280121C00060000,AAPL,2028-01-21,60.00,call,214.33,219.75,217.50,2,222.00,2,0,4,2025-11-24,0.01976,1.0,0.00000,-0.00587,0.00000,1.19126
2565,AAPL280121P00060000,AAPL,2028-01-21,60.00,put,0.00,0.45,0.37,2,0.53,54,0,63,2025-11-24,0.50755,-0.00568,0.00008,-0.00190,0.06571,-0.04419
2566,AAPL280121C00070000,AAPL,2028-01-21,70.00,call,204.00,210.75,208.50,2,213.00,2,0,4,2025-11-24,0.01976,1.0,0.00000,-0.00684,0.00000,1.38980
2567,AAPL280121P00070000,AAPL,2028-01-21,70.00,put,0.59,0.61,0.52,5,0.71,67,3,18,2025-11-24,0.46853,-0.00698,0.00010,-0.00208,0.07880,-0.05333
2568,AAPL280121C00080000,AAPL,2028-01-21,80.00,call,201.11,201.75,199.50,2,204.00,32,0,117,2025-11-24,0.01976,1.0,0.00000,-0.00782,0.00000,1.58834
2569,AAPL280121P00080000,AAPL,2028-01-21,80.00,put,0.00,0.82,0.73,2,0.92,8,0,29,2025-11-24,0.44901,-0.00981,0.00014,-0.00266,0.10628,-0.07480
2570,AAPL280121C00090000,AAPL,2028-01-21,90.00,call,192.99,192.75,190.50,2,195.00,32,0,96,2025-11-24,0.01976,1.0,0.00000,-0.00880,0.00000,1.78689
2571,AAPL280121P00090000,AAPL,2028-01-21,90.00,put,0.00,1.08,0.98,3,1.19,27,0,22,2025-11-24,0.42950,-0.01309,0.00019,-0.00323,0.13654,-0.09943
2572,AAPL280121C00100000,AAPL,2028-01-21,100.00,call,183.70,183.75,181.50,6,186.00,20,0,26,2025-11-24,0.01976,1.0,0.00000,-0.00978,0.00000,1.98543
2573,AAPL280121P00100000,AAPL,2028-01-21,100.00,put,1.50,1.41,1.30,3,1.52,3,1,136,2025-11-24,0.40999,-0.01679,0.00025,-0.00377,0.16912,-0.12691
2574,AAPL280121C00110000,AAPL,2028-01-21,110.00,call,171.26,175.25,173.00,6,177.50,32,1,32,2025-11-24,0.33194,0.98931,0.00021,-0.01279,0.11454,2.10779
2575,AAPL280121P00110000,AAPL,2028-01-21,110.00,put,0.00,1.82,1.71,3,1.93,3,0,12,2025-11-24,0.40999,-0.0246,0.00035,-0.00515,0.23376,-0.18829
2576,AAPL280121C00120000,AAPL,2028-01-21,120.00,call,158.97,166.35,164.20,7,168.50,35,0,44,2025-11-24,0.31243,0.98698,0.00026,-0.01397,0.13586,2.29045
2577,AAPL280121P00120000,AAPL,2028-01-21,120.00,put,0.00,2.33,2.21,3,2.44,3,0,95,2025-11-24,0.39048,-0.02978,0.00043,-0.00568,0.27415,-0.22643
2578,AAPL280121C00130000,AAPL,2028-01-21,130.00,call,156.02,157.75,155.50,4,160.00,36,0,58,2025-11-24,0.33194,0.97492,0.00044,-0.01681,0.23757,2.39868
2579,AAPL280121P00130000,AAPL,2028-01-21,130.00,put,0.00,2.97,2.84,1,3.10,24,0,49,2025-11-24,0.39048,-0.04053,0.00055,-0.00721,0.35311,-0.31187
2580,AAPL280121C00135000,AAPL,2028-01-21,135.00,call,149.46,153.25,151.00,4,155.50,35,0,9,2025-11-24,0.31243,0.97553,0.00045,-0.01695,0.23270,2.50475
2581,AAPL280121P00135000,AAPL,2028-01-21,135.00,put,0.00,3.30,3.15,21,3.45,22,0,44,2025-11-24,0.37097,-0.04113,0.00059,-0.00687,0.35738,-0.31229
2582,AAPL280121C00140000,AAPL,2028-01-21,140.00,call,146.50,149.25,147.00,4,151.50,35,0,48,2025-11-24,0.33194,0.96459,0.00058,-0.01907,0.31624,2.51945
2583,AAPL280121P00140000,AAPL,2028-01-21,140.00,put,0.00,3.70,3.55,16,3.85,41,0,32,2025-11-24,0.37097,-0.04737,0.00066,-0.00764,0.40042,-0.36165
2584,AAPL280121C00145000,AAPL,2028-01-21,145.00,call,141.31,144.75,142.50,8,147.00,36,0,7,2025-11-24,0.31243,0.96512,0.00061,-0.01912,0.31236,2.62611
2585,AAPL280121P00145000,AAPL,2028-01-21,145.00,put,0.00,4.12,4.00,17,4.25,7,0,9,2025-11-24,0.37097,-0.05407,0.00073,-0.00843,0.44498,-0.41522
2586,AAPL280121C00150000,AAPL,2028-01-21,150.00,call,141.25,140.75,138.50,8,143.00,35,4,62,2025-11-24,0.31243,0.95904,0.00069,-0.02026,0.35615,2.67983
2587,AAPL280121P00150000,AAPL,2028-01-21,150.00,put,0.00,4.60,4.50,11,4.70,12,0,188,2025-11-24,0.37097,-0.06125,0.00080,-0.00922,0.49079,-0.47300
2588,AAPL280121C00155000,AAPL,2028-01-21,155.00,call,134.90,136.50,134.50,8,138.50,34,0,75,2025-11-24,0.31243,0.95236,0.00078,-0.02141,0.40225,2.72875
2589,AAPL280121P00155000,AAPL,2028-01-21,155.00,put,0.00,5.10,4.95,20,5.25,18,0,25,2025-11-24,0.35146,-0.06213,0.00086,-0.00874,0.49628,-0.47296
2590,AAPL280121C00160000,AAPL,2028-01-21,160.00,call,132.51,132.50,130.50,7,134.50,34,2,752,2025-11-24,0.31243,0.9451,0.00088,-0.02258,0.45036,2.77280
2591,AAPL280121P00160000,AAPL,2028-01-21,160.00,put,5.69,5.65,5.50,27,5.80,28,9,327,2025-11-24,0.35146,-0.07002,0.00094,-0.00950,0.54444,-0.53594
2592,AAPL280121C00165000,AAPL,2028-01-21,165.00,call,127.34,128.18,127.15,4,129.20,4,7,18,2025-11-24,0.31243,0.93724,0.00097,-0.02376,0.50019,2.81195
2593,AAPL280121P00165000,AAPL,2028-01-21,165.00,put,0.00,6.25,6.10,27,6.40,6,0,158,2025-11-24,0.35146,-0.07838,0.00103,-0.01026,0.59343,-0.60325
2594,AAPL280121C00170000,AAPL,2028-01-21,170.00,call,123.42,124.18,123.15,27,125.20,30,8,109,2025-11-24,0.31243,0.92881,0.00107,-0.02495,0.55142,2.84619
2595,AAPL280121P00170000,AAPL,2028-01-21,170.00,put,6.85,6.90,6.75,35,7.05,31,11,870,2025-11-24,0.35146,-0.08719,0.00111,-0.01102,0.64297,-0.67481
2596,AAPL280121C00175000,AAPL,2028-01-21,175.00,call,121.44,120.33,119.40,30,121.25,33,16,53,2025-11-24,0.31243,0.91982,0.00118,-0.02613,0.60374,2.87556
2597,AAPL280121P00175000,AAPL,2028-01-21,175.00,put,7.60,7.62,7.45,64,7.80,73,8,216,2025-11-24,0.35146,-0.09643,0.00120,-0.01175,0.69282,-0.75053
2598,AAPL280121C00180000,AAPL,2028-01-21,180.00,call,117.22,116.40,115.50,4,117.30,34,4,193,2025-11-24,0.31243,0.91028,0.00128,-0.02730,0.65682,2.90011
2599,AAPL280121P00180000,AAPL,2028-01-21,180.00,put,0.00,8.38,8.20,20,8.55,31,0,274,2025-11-24,0.33194,-0.09828,0.00129,-0.01109,0.70253,-0.75332
2600,AAPL280121C00185000,AAPL,2028-01-21,185.00,call,105.74,112.53,111.50,10,113.55,4,0,449,2025-11-24,0.31243,0.90022,0.00138,-0.02846,0.71035,2.91992
2601,AAPL280121P00185000,AAPL,2028-01-21,185.00,put,9.07,9.18,9.00,27,9.35,31,1,96,2025-11-24,0.33194,-0.10837,0.00138,-0.01177,0.75420,-0.83518
2602,AAPL280121C00190000,AAPL,2028-01-21,190.00,call,108.15,108.72,107.70,5,109.75,4,0,112,2025-11-24,0.29292,0.89914,0.00149,-0.02819,0.71595,3.02276
2603,AAPL280121P00190000,AAPL,2028-01-21,190.00,put,9.93,10.00,9.85,24,10.15,8,452,137,2025-11-24,0.33194,-0.11889,0.00148,-0.01243,0.80569,-0.92124
2604,AAPL280121C00195000,AAPL,2028-01-21,195.00,call,100.50,105.08,104.15,7,106.00,5,0,61,2025-11-24,0.29292,0.88807,0.00160,-0.02929,0.77189,3.03550
2605,AAPL280121P00195000,AAPL,2028-01-21,195.00,put,10.87,10.95,10.75,13,11.15,26,524,360,2025-11-24,0.33194,-0.12981,0.00157,-0.01307,0.85676,-1.01137
2606,AAPL280121C00200000,AAPL,2028-01-21,200.00,call,102.35,101.30,100.30,14,102.30,36,52,817,2025-11-24,0.29292,0.87646,0.00172,-0.03037,0.82771,3.04334
2607,AAPL280121P00200000,AAPL,2028-01-21,200.00,put,11.83,11.90,11.75,13,12.05,11,84,461,2025-11-24,0.33194,-0.1411,0.00166,-0.01366,0.90717,-1.10541
2608,AAPL280121C00210000,AAPL,2028-01-21,210.00,call,94.74,94.25,93.35,27,95.15,27,5,138,2025-11-24,0.29292,0.85179,0.00195,-0.03242,0.93772,3.04494
2609,AAPL280121P00210000,AAPL,2028-01-21,210.00,put,14.11,14.12,13.90,36,14.35,97,16,384,2025-11-24,0.33194,-0.16469,0.00184,-0.01475,1.00516,-1.30464
2610,AAPL280121C00220000,AAPL,2028-01-21,220.00,call,87.70,87.30,86.40,16,88.20,18,23,552,2025-11-24,0.29292,0.82538,0.00217,-0.03431,1.04364,3.02895
2611,AAPL280121P00220000,AAPL,2028-01-21,220.00,put,17.00,16.52,16.35,59,16.70,10,3,2504,2025-11-24,0.31243,-0.18264,0.00209,-0.01423,1.07354,-1.43133
2612,AAPL280121C00230000,AAPL,2028-01-21,230.00,call,81.10,80.67,79.80,16,81.55,14,4,301,2025-11-24,0.29292,0.79751,0.00238,-0.03601,1.14345,2.99696
2613,AAPL280121P00230000,AAPL,2028-01-21,230.00,put,0.00,19.27,19.10,19,19.45,10,0,347,2025-11-24,0.31243,-0.20939,0.00227,-0.01495,1.16642,-1.65932
2614,AAPL280121C00240000,AAPL,2028-01-21,240.00,call,74.20,74.15,73.85,7,74.45,2,72,618,2025-11-24,0.27341,0.77534,0.00270,-0.03606,1.21484,3.04316
2615,AAPL280121P00240000,AAPL,2028-01-21,240.00,put,0.00,22.32,22.15,29,22.50,10,0,254,2025-11-24,0.31243,-0.23705,0.00244,-0.01546,1.25183,-1.89973
2616,AAPL280121C00250000,AAPL,2028-01-21,250.00,call,69.00,68.10,67.80,14,68.40,18,11,1591,2025-11-24,0.27341,0.74375,0.00290,-0.03731,1.30516,2.97790
2617,AAPL280121P00250000,AAPL,2028-01-21,250.00,put,26.05,25.83,25.55,41,26.10,54,3,2814,2025-11-24,0.31243,-0.26536,0.00259,-0.01575,1.32884,-2.15100
2618,AAPL280121C00260000,AAPL,2028-01-21,260.00,call,62.33,62.40,62.10,18,62.70,51,22,1414,2025-11-24,0.27341,0.71134,0.00308,-0.03830,1.38473,2.90019
2619,AAPL280121P00260000,AAPL,2028-01-21,260.00,put,29.35,29.60,29.30,82,29.90,88,31,768,2025-11-24,0.31243,-0.2941,0.00272,-0.01582,1.39684,-2.41156
2620,AAPL280121C00270000,AAPL,2028-01-21,270.00,call,57.90,57.02,56.75,53,57.30,65,31,1905,2025-11-24,0.27341,0.67845,0.00323,-0.03905,1.45274,2.81207
2621,AAPL280121P00270000,AAPL,2028-01-21,270.00,put,33.35,33.72,33.40,47,34.05,53,116,279,2025-11-24,0.31243,-0.32303,0.00283,-0.01566,1.45550,-2.67993
2622,AAPL280121C00280000,AAPL,2028-01-21,280.00,call,52.68,51.97,51.80,1,52.15,51,55,1853,2025-11-24,0.27341,0.64537,0.00336,-0.03955,1.50878,2.71555
2623,AAPL280121P00280000,AAPL,2028-01-21,280.00,put,38.00,38.17,37.85,66,38.50,76,30,933,2025-11-24,0.29292,-0.35356,0.00313,-0.01373,1.50715,-2.90080
2624,AAPL280121C00290000,AAPL,2028-01-21,290.00,call,47.31,47.10,46.80,4,47.40,4,38,1032,2025-11-24,0.27341,0.61236,0.00346,-0.03980,1.55279,2.61247
2625,AAPL280121P00290000,AAPL,2028-01-21,290.00,put,43.38,43.08,42.75,19,43.40,11,2,224,2025-11-24,0.29292,-0.38431,0.00322,-0.01308,1.54888,-3.19078
2626,AAPL280121C00300000,AAPL,2028-01-21,300.00,call,42.71,42.67,42.40,34,42.95,63,500,3410,2025-11-24,0.27341,0.57969,0.00353,-0.03983,1.58500,2.50459
2627,AAPL280121P00300000,AAPL,2028-01-21,300.00,put,49.55,48.42,48.05,21,48.80,8,12,650,2025-11-24,0.29292,-0.41472,0.00328,-0.01221,1.58028,-3.48507
2628,AAPL280121C00310000,AAPL,2028-01-21,310.00,call,38.82,38.52,38.25,22,38.80,31,9,506,2025-11-24,0.25390,0.53938,0.00386,-0.03781,1.60948,2.41255
2629,AAPL280121P00310000,AAPL,2028-01-21,310.00,put,0.00,54.15,53.70,12,54.60,16,0,50,2025-11-24,0.31243,-0.43711,0.00311,-0.01293,1.59723,-3.80491
2630,AAPL280121C00320000,AAPL,2028-01-21,320.00,call,35.00,34.75,34.50,8,35.00,48,57,873,2025-11-24,0.25390,0.5055,0.00388,-0.03731,1.61722,2.28527
2631,AAPL280121P00320000,AAPL,2028-01-21,320.00,put,0.00,60.25,59.85,1,60.65,3,0,40,2025-11-24,0.31243,-0.46448,0.00314,-0.01178,1.61096,-4.09333
2632,AAPL280121C00330000,AAPL,2028-01-21,330.00,call,31.40,31.25,30.95,21,31.55,73,6,713,2025-11-24,0.25390,0.47261,0.00387,-0.03662,1.61356,2.15775
2633,AAPL280121P00330000,AAPL,2028-01-21,330.00,put,0.00,66.78,66.35,4,67.20,4,0,73,2025-11-24,0.31243,-0.49118,0.00315,-0.01048,1.61698,-4.38274
2634,AAPL280121C00340000,AAPL,2028-01-21,340.00,call,28.03,28.08,27.80,9,28.35,24,5,859,2025-11-24,0.25390,0.44088,0.00383,-0.03577,1.59958,2.03128
2635,AAPL280121P00340000,AAPL,2028-01-21,340.00,put,0.00,73.72,73.30,1,74.15,2,0,15,2025-11-24,0.31243,-0.51711,0.00315,-0.00903,1.61588,-4.67238
2636,AAPL280121C00350000,AAPL,2028-01-21,350.00,call,25.30,25.12,24.90,12,25.35,35,48,1073,2025-11-24,0.25390,0.41043,0.00378,-0.03479,1.57644,1.90697
2637,AAPL280121P00350000,AAPL,2028-01-21,350.00,put,81.74,81.10,80.65,16,81.55,2,2,121,2025-11-24,0.31243,-0.54223,0.00313,-0.00745,1.60830,-4.96162
2638,AAPL280121C00360000,AAPL,2028-01-21,360.00,call,22.70,22.58,22.30,12,22.85,62,5,443,2025-11-24,0.25390,0.38135,0.00370,-0.03369,1.54530,1.78573
2639,AAPL280121P00360000,AAPL,2028-01-21,360.00,put,88.23,88.88,88.40,4,89.35,3,10,9,2025-11-24,0.33194,-0.55162,0.00294,-0.00803,1.60381,-5.22874
2640,AAPL280121C00370000,AAPL,2028-01-21,370.00,call,20.65,20.23,19.95,7,20.50,50,5,198,2025-11-24,0.25390,0.35369,0.00361,-0.03250,1.50734,1.66827
2641,AAPL280121P00370000,AAPL,2028-01-21,370.00,put,0.00,97.10,96.60,5,97.60,6,0,29,2025-11-24,0.33194,-0.57375,0.00291,-0.00636,1.58965,-5.50764
2642,AAPL280121C00380000,AAPL,2028-01-21,380.00,call,18.18,18.10,17.85,35,18.35,45,1,2654,2025-11-24,0.25390,0.32748,0.00351,-0.03124,1.46368,1.55516
2643,AAPL280121P00380000,AAPL,2028-01-21,380.00,put,0.00,105.72,105.25,4,106.20,4,0,17,2025-11-24,0.35146,-0.57902,0.00274,-0.00702,1.58554,-5.75608
2644,AAPL280121C00390000,AAPL,2028-01-21,390.00,call,14.94,16.20,15.95,13,16.45,45,0,60,2025-11-24,0.25390,0.30275,0.00339,-0.02993,1.41540,1.44682
2645,AAPL280121P00390000,AAPL,2028-01-21,390.00,put,0.00,114.83,114.40,7,115.25,2,0,0,2025-11-24,0.35146,-0.59858,0.00271,-0.00529,1.56774,-6.02563
2646,AAPL280121C00400000,AAPL,2028-01-21,400.00,call,14.80,14.53,14.30,39,14.75,77,4,982,2025-11-24,0.25390,0.27949,0.00327,-0.02858,1.36350,1.34355
2647,AAPL280121P00400000,AAPL,2028-01-21,400.00,put,0.00,124.55,124.15,3,124.95,3,0,0,2025-11-24,0.37097,-0.60067,0.00257,-0.00603,1.56560,-6.25957
2648,AAPL280121C00410000,AAPL,2028-01-21,410.00,call,12.10,12.97,12.75,22,13.20,44,0,195,2025-11-24,0.25390,0.25766,0.00314,-0.02722,1.30890,1.24553
2649,AAPL280121P00410000,AAPL,2028-01-21,410.00,put,0.00,134.25,132.00,2,136.50,2,0,0,2025-11-24,0.39048,-0.60157,0.00244,-0.00682,1.56466,-6.48826
2650,AAPL280121C00420000,AAPL,2028-01-21,420.00,call,11.46,11.62,11.40,30,11.85,29,21,123,2025-11-24,0.25390,0.23726,0.00300,-0.02585,1.25242,1.15285
2651,AAPL280121P00420000,AAPL,2028-01-21,420.00,put,0.00,144.25,142.00,2,146.50,2,0,1,2025-11-24,0.40999,-0.60148,0.00232,-0.00765,1.56476,-6.71268
2652,AAPL280121C00430000,AAPL,2028-01-21,430.00,call,10.26,10.40,10.20,19,10.60,13,20,129,2025-11-24,0.25390,0.21822,0.00286,-0.02449,1.19480,1.06552
2653,AAPL280121P00430000,AAPL,2028-01-21,430.00,put,0.00,154.25,152.00,2,156.50,2,0,0,2025-11-24,0.42950,-0.60055,0.00222,-0.00853,1.56572,-6.93361
2654,AAPL280121C00440000,AAPL,2028-01-21,440.00,call,9.45,9.32,9.10,40,9.55,68,1,72,2025-11-24,0.25390,0.20049,0.00272,-0.02315,1.13669,0.98350
2655,AAPL280121P00440000,AAPL,2028-01-21,440.00,put,0.00,164.25,162.00,2,166.50,2,0,0,2025-11-24,0.42950,-0.61455,0.00220,-0.00690,1.55023,-7.17922
2656,AAPL280121C00450000,AAPL,2028-01-21,450.00,call,8.42,8.35,8.15,45,8.55,50,15,2131,2025-11-24,0.25390,0.18403,0.00258,-0.02184,1.07866,0.90668
2657,AAPL280121P00450000,AAPL,2028-01-21,450.00,put,0.00,174.25,172.00,2,176.50,2,0,0,2025-11-24,0.44901,-0.61201,0.00210,-0.00785,1.55320,-7.39319
2658,AAPL280121C00460000,AAPL,2028-01-21,460.00,call,6.92,7.50,7.30,12,7.70,35,0,39,2025-11-24,0.25390,0.16878,0.00245,-0.02056,1.02117,0.83493
2659,AAPL280121P00460000,AAPL,2028-01-21,460.00,put,0.00,184.25,182.00,2,186.50,2,0,0,2025-11-24,0.46853,-0.60894,0.00202,-0.00883,1.55668,-7.60524
2660,AAPL280121C00470000,AAPL,2028-01-21,470.00,call,5.89,6.72,6.55,3,6.90,14,0,65,2025-11-24,0.25390,0.15466,0.00231,-0.01932,0.96464,0.76805
2661,AAPL280121P00470000,AAPL,2028-01-21,470.00,put,0.00,194.25,192.00,2,196.50,2,0,0,2025-11-24,0.48804,-0.60542,0.00195,-0.00984,1.56057,-7.81573
2662,AAPL280121C00480000,AAPL,2028-01-21,480.00,call,5.80,6.03,5.85,3,6.20,16,0,28,2025-11-24,0.25390,0.14161,0.00218,-0.01813,0.90940,0.70587
2663,AAPL280121P00480000,AAPL,2028-01-21,480.00,put,0.00,204.25,202.00,2,206.50,2,0,0,2025-11-24,0.50755,-0.6015,0.00188,-0.01088,1.56474,-8.02495
2664,AAPL280121C00490000,AAPL,2028-01-21,490.00,call,5.22,5.40,5.20,13,5.60,13,0,59,2025-11-24,0.25390,0.12958,0.00205,-0.01698,0.85573,0.64815
2665,AAPL280121P00490000,AAPL,2028-01-21,490.00,put,0.00,214.25,212.00,2,216.50,2,0,0,2025-11-24,0.50755,-0.61214,0.00186,-0.00936,1.55305,-8.25613
2666,AAPL280121C00500000,AAPL,2028-01-21,500.00,call,5.00,4.85,4.70,27,5.00,34,2,325,2025-11-24,0.25390,0.1185,0.00193,-0.01588,0.80382,0.59468
2667,AAPL280121P00500000,AAPL,2028-01-21,500.00,put,0.00,224.25,222.00,2,226.50,2,0,0,2025-11-24,0.52706,-0.6073,0.00180,-0.01046,1.55851,-8.46174
2668,AAPL280121C00510000,AAPL,2028-01-21,510.00,call,4.38,4.35,4.20,10,4.50,2,102,462,2025-11-24,0.25390,0.1083,0.00181,-0.01483,0.75385,0.54522
2669,AAPL280121P00510000,AAPL,2028-01-21,510.00,put,0.00,234.25,232.00,2,236.50,2,0,0,2025-11-24,0.54657,-0.60221,0.00174,-0.01157,1.56400,-8.66677
2670,AAPL280121C00520000,AAPL,2028-01-21,520.00,call,3.93,3.90,3.75,16,4.05,2,102,522,2025-11-24,0.25390,0.09893,0.00169,-0.01383,0.70594,0.49954
2671,AAPL280121P00520000,AAPL,2028-01-21,520.00,put,0.00,244.25,242.00,2,246.50,2,0,0,2025-11-24,0.54657,-0.61151,0.00173,-0.01010,1.55377,-8.89263
2672,AAPL280121C00530000,AAPL,2028-01-21,530.00,call,3.65,3.55,3.40,13,3.70,27,19,933,2025-11-24,0.25390,0.09033,0.00158,-0.01289,0.66016,0.45742
2673,AAPL280121P00530000,AAPL,2028-01-21,530.00,put,0.00,254.25,252.00,2,256.50,2,0,0,2025-11-24,0.56608,-0.60573,0.00168,-0.01126,1.56023,-9.09513
