,contractID,symbol,expiration,strike,type,last,mark,bid,bid_size,ask,ask_size,volume,open_interest,date,implied_volatility,delta,gamma,theta,vega,rho
0,AAPL251128C00110000,AAPL,2025-11-28,110.00,call,166.22,166.10,164.85,20,167.35,33,6,8,2025-11-24,3.53187,0.99624,0.00011,-0.15433,0.00323,0.01192
2,AAPL251128C00120000,AAPL,2025-11-28,120.00,call,150.80,156.12,154.90,20,157.35,30,0,6,2025-11-24,3.25870,0.99551,0.00014,-0.16728,0.00380,0.01299
4,AAPL251128C00125000,AAPL,2025-11-28,125.00,call,145.77,151.12,149.90,20,152.35,30,0,2,2025-11-24,3.10261,0.99536,0.00015,-0.16468,0.00391,0.01354
6,AAPL251128C00130000,AAPL,2025-11-28,130.00,call,141.01,146.12,144.90,20,147.35,30,0,5,2025-11-24,2.96603,0.99507,0.00017,-0.16669,0.00413,0.01408
8,AAPL251128C00135000,AAPL,2025-11-28,135.00,call,140.97,141.12,139.90,20,142.35,30,1,2,2025-11-24,2.80993,0.99504,0.00018,-0.15983,0.00415,0.01462
10,AAPL251128C00140000,AAPL,2025-11-28,140.00,call,130.70,136.12,134.90,20,137.35,30,0,8,2025-11-24,2.67335,0.99485,0.00019,-0.15794,0.00429,0.01517
12,AAPL251128C00145000,AAPL,2025-11-28,145.00,call,131.03,131.12,129.90,20,132.35,30,1,2,2025-11-24,2.55628,0.99445,0.00021,-0.16164,0.00458,0.01570
14,AAPL251128C00150000,AAPL,2025-11-28,150.00,call,126.10,126.12,124.90,20,127.35,30,2,1,2025-11-24,2.41970,0.99437,0.00023,-0.15619,0.00464,0.01625
16,AAPL251128C00155000,AAPL,2025-11-28,155.00,call,121.16,121.15,119.90,20,122.40,30,2,3,2025-11-24,2.36116,0.99302,0.00028,-0.18192,0.00561,0.01675
18,AAPL251128C00160000,AAPL,2025-11-28,160.00,call,109.91,116.15,114.90,20,117.40,30,0,10,2025-11-24,2.22458,0.99302,0.00030,-0.17292,0.00561,0.01730
20,AAPL251128C00165000,AAPL,2025-11-28,165.00,call,0.00,111.15,109.90,20,112.40,30,0,0,2025-11-24,2.10751,0.99271,0.00033,-0.17095,0.00583,0.01784
22,AAPL251128C00170000,AAPL,2025-11-28,170.00,call,102.86,106.15,104.90,20,107.40,30,0,3,2025-11-24,1.99044,0.99246,0.00036,-0.16733,0.00601,0.01838
24,AAPL251128C00175000,AAPL,2025-11-28,175.00,call,96.85,101.15,99.90,20,102.40,30,0,1,2025-11-24,1.89288,0.99178,0.00041,-0.17174,0.00648,0.01890
26,AAPL251128C00180000,AAPL,2025-11-28,180.00,call,87.46,96.18,94.95,20,97.40,30,0,2,2025-11-24,1.81483,0.9905,0.00049,-0.18580,0.00736,0.01941
28,AAPL251128C00185000,AAPL,2025-11-28,185.00,call,85.67,91.22,90.10,9,92.35,31,0,5,2025-11-24,1.75630,0.98835,0.00060,-0.21232,0.00879,0.01989
30,AAPL251128C00190000,AAPL,2025-11-28,190.00,call,80.15,86.18,84.95,20,87.40,30,0,8,2025-11-24,1.60021,0.98965,0.00059,-0.17853,0.00793,0.02048
32,AAPL251128C00195000,AAPL,2025-11-28,195.00,call,75.43,81.18,79.95,20,82.40,30,0,5,2025-11-24,1.50265,0.98893,0.00067,-0.17836,0.00841,0.02101
34,AAPL251128C00200000,AAPL,2025-11-28,200.00,call,68.77,76.18,74.95,22,77.40,30,0,101,2025-11-24,1.40509,0.98822,0.00076,-0.17685,0.00888,0.02153
36,AAPL251128C00205000,AAPL,2025-11-28,205.00,call,69.20,71.18,69.95,20,72.40,30,1,13,2025-11-24,1.30753,0.98752,0.00086,-0.17392,0.00933,0.02206
38,AAPL251128C00210000,AAPL,2025-11-28,210.00,call,65.41,66.15,65.35,11,66.95,11,3,105,2025-11-24,1.19046,0.98798,0.00091,-0.15643,0.00904,0.02262
40,AAPL251128C00215000,AAPL,2025-11-28,215.00,call,61.07,61.17,59.95,20,62.40,30,4,64,2025-11-24,1.11241,0.98624,0.00109,-0.16361,0.01015,0.02312
42,AAPL251128C00220000,AAPL,2025-11-28,220.00,call,56.45,56.17,54.95,20,57.40,61,12,187,2025-11-24,1.01485,0.9857,0.00124,-0.15612,0.01050,0.02365
44,AAPL251128C00222500,AAPL,2025-11-28,222.50,call,50.35,53.70,52.45,20,54.95,30,0,11,2025-11-24,0.99534,0.98305,0.00146,-0.17423,0.01214,0.02384
46,AAPL251128C00225000,AAPL,2025-11-28,225.00,call,51.13,50.98,50.50,11,51.45,51,1,264,2025-11-24,0.01976,1.0,0.00000,-0.02391,0.00000,0.02465
48,AAPL251128C00227500,AAPL,2025-11-28,227.50,call,44.58,48.70,47.45,20,49.95,30,0,18,2025-11-24,0.89778,0.98234,0.00168,-0.16483,0.01258,0.02437
50,AAPL251128C00230000,AAPL,2025-11-28,230.00,call,45.25,46.23,45.00,53,47.45,58,14,288,2025-11-24,0.87827,0.97884,0.00200,-0.18481,0.01467,0.02453
52,AAPL251128C00232500,AAPL,2025-11-28,232.50,call,39.80,43.73,42.50,23,44.95,35,0,808,2025-11-24,0.83925,0.97712,0.00224,-0.18839,0.01567,0.02475
54,AAPL251128C00235000,AAPL,2025-11-28,235.00,call,41.19,41.27,40.30,39,42.25,52,25,339,2025-11-24,0.81974,0.97248,0.00268,-0.21161,0.01830,0.02488
56,AAPL251128C00237500,AAPL,2025-11-28,237.50,call,37.47,38.78,37.60,20,39.95,134,2,225,2025-11-24,0.78071,0.96999,0.00302,-0.21615,0.01966,0.02508
58,AAPL251128C00240000,AAPL,2025-11-28,240.00,call,36.40,36.05,35.75,26,36.35,132,145,1720,2025-11-24,0.52706,0.99481,0.00098,-0.05378,0.00432,0.02613
60,AAPL251128C00242500,AAPL,2025-11-28,242.50,call,34.06,33.73,32.50,20,34.95,30,15,66,2025-11-24,0.66364,0.97123,0.00343,-0.18235,0.01898,0.02567
62,AAPL251128C00245000,AAPL,2025-11-28,245.00,call,31.65,30.92,30.65,30,31.20,140,159,628,2025-11-24,0.01976,1.0,0.00000,-0.02603,0.00000,0.02684
64,AAPL251128C00247500,AAPL,2025-11-28,247.50,call,28.82,28.75,27.50,21,30.00,55,4,214,2025-11-24,0.58560,0.96491,0.00458,-0.18896,0.02237,0.02602
66,AAPL251128C00250000,AAPL,2025-11-28,250.00,call,27.07,26.00,25.30,36,26.70,55,79,2314,2025-11-24,0.01976,1.0,0.00000,-0.02656,0.00000,0.02739
68,AAPL251128C00252500,AAPL,2025-11-28,252.50,call,23.80,23.77,22.55,25,25.00,55,11,128,2025-11-24,0.48804,0.96164,0.00591,-0.17245,0.02406,0.02648
70,AAPL251128C00255000,AAPL,2025-11-28,255.00,call,21.02,20.95,20.75,55,21.15,52,125,4391,2025-11-24,0.01976,1.0,0.00000,-0.02710,0.00000,0.02793
72,AAPL251128C00257500,AAPL,2025-11-28,257.50,call,18.85,18.80,18.10,15,19.50,11,40,359,2025-11-24,0.40999,0.94962,0.00876,-0.17946,0.02997,0.02666
74,AAPL251128C00260000,AAPL,2025-11-28,260.00,call,16.15,15.97,15.75,18,16.20,82,132,2462,2025-11-24,0.01976,1.0,0.00000,-0.02763,0.00000,0.02848
76,AAPL251128C00262500,AAPL,2025-11-28,262.50,call,13.77,13.52,13.35,19,13.70,56,131,630,2025-11-24,0.01976,1.0,0.00000,-0.02789,0.00000,0.02875
78,AAPL251128C00265000,AAPL,2025-11-28,265.00,call,11.25,11.20,11.15,21,11.25,95,815,4722,2025-11-24,0.25390,0.93926,0.01640,-0.13661,0.03474,0.02717
80,AAPL251128C00267500,AAPL,2025-11-28,267.50,call,8.70,8.78,8.75,44,8.80,54,1003,2311,2025-11-24,0.21487,0.92042,0.02386,-0.14094,0.04277,0.02687
82,AAPL251128C00270000,AAPL,2025-11-28,270.00,call,6.52,6.55,6.50,28,6.60,46,4667,12543,2025-11-24,0.21487,0.83998,0.03921,-0.21272,0.07029,0.02468
84,AAPL251128C00272500,AAPL,2025-11-28,272.50,call,4.70,4.53,4.50,29,4.55,76,11311,9192,2025-11-24,0.21487,0.7206,0.05418,-0.28153,0.09713,0.02128
86,AAPL251128C00275000,AAPL,2025-11-28,275.00,call,2.92,2.87,2.91,1,2.83,26,49210,19067,2025-11-24,0.19536,0.57704,0.06938,-0.29276,0.11308,0.01714
89,AAPL251128P00277500,AAPL,2025-11-28,277.50,put,3.35,3.33,3.35,34,3.30,1,8062,1962,2025-11-24,0.21487,-0.5885,0.06269,-0.28425,0.11239,-0.01815
91,AAPL251128P00280000,AAPL,2025-11-28,280.00,put,4.60,5.03,5.00,46,5.05,23,2535,567,2025-11-24,0.21487,-0.73316,0.05296,-0.23297,0.09494,-0.02271
93,AAPL251128P00282500,AAPL,2025-11-28,282.50,put,6.00,6.95,6.90,46,7.00,19,689,35,2025-11-24,0.21487,-0.84556,0.03830,-0.15888,0.06866,-0.02633
95,AAPL251128P00285000,AAPL,2025-11-28,285.00,put,9.20,9.22,8.95,46,9.50,23,227,91,2025-11-24,0.21487,-0.92062,0.02381,-0.08668,0.04269,-0.02884
97,AAPL251128P00287500,AAPL,2025-11-28,287.50,put,10.70,11.93,11.45,46,12.40,84,60,12,2025-11-24,0.31243,-0.89021,0.02081,-0.18445,0.05424,-0.02823
99,AAPL251128P00290000,AAPL,2025-11-28,290.00,put,14.12,14.25,14.10,38,14.40,29,282,147,2025-11-24,0.31243,-0.9322,0.01452,-0.11893,0.03784,-0.02975
101,AAPL251128P00292500,AAPL,2025-11-28,292.50,put,17.65,16.82,15.75,20,17.90,30,2,1,2025-11-24,0.37097,-0.92952,0.01260,-0.15173,0.03899,-0.02995
103,AAPL251128P00295000,AAPL,2025-11-28,295.00,put,18.75,19.12,18.25,20,20.00,50,5,2,2025-11-24,0.35146,-0.96306,0.00795,-0.07219,0.02333,-0.03121
105,AAPL251128P00297500,AAPL,2025-11-28,297.50,put,0.00,21.82,20.75,6,22.90,30,0,0,2025-11-24,0.46853,-0.93347,0.00954,-0.18870,0.03729,-0.03062
107,AAPL251128P00300000,AAPL,2025-11-28,300.00,put,23.75,24.12,23.25,20,25.00,56,1,0,2025-11-24,0.42950,-0.9663,0.00604,-0.08525,0.02164,-0.03186
109,AAPL251128P00302500,AAPL,2025-11-28,302.50,put,0.00,26.82,25.75,6,27.90,30,0,0,2025-11-24,0.54657,-0.94195,0.00735,-0.19860,0.03353,-0.03142
111,AAPL251128P00305000,AAPL,2025-11-28,305.00,put,28.54,29.27,29.15,10,29.40,23,230,1,2025-11-24,0.56608,-0.95094,0.00621,-0.17662,0.02934,-0.03196
113,AAPL251128P00307500,AAPL,2025-11-28,307.50,put,32.57,31.82,30.75,20,32.90,30,2,0,2025-11-24,0.62462,-0.94717,0.00597,-0.21183,0.03112,-0.03213
115,AAPL251128P00310000,AAPL,2025-11-28,310.00,put,36.62,34.35,33.25,20,35.45,13,5,6,2025-11-24,0.66364,-0.94903,0.00546,-0.21946,0.03025,-0.03246
117,AAPL251128P00312500,AAPL,2025-11-28,312.50,put,0.00,36.85,35.80,17,37.90,30,0,0,2025-11-24,0.70267,-0.95052,0.00504,-0.22770,0.02954,-0.03278
119,AAPL251128P00315000,AAPL,2025-11-28,315.00,put,0.00,39.33,38.25,5,40.40,30,0,0,2025-11-24,0.72218,-0.95625,0.00444,-0.20940,0.02677,-0.03322
121,AAPL251128P00317500,AAPL,2025-11-28,317.50,put,0.00,41.67,40.75,4,42.60,30,0,1,2025-11-24,0.70267,-0.96896,0.00345,-0.14473,0.02022,-0.03387
123,AAPL251128P00320000,AAPL,2025-11-28,320.00,put,0.00,44.30,43.25,5,45.35,30,0,0,2025-11-24,0.78071,-0.96142,0.00371,-0.20298,0.02417,-0.03392
125,AAPL251128P00322500,AAPL,2025-11-28,322.50,put,0.00,46.83,45.75,3,47.90,30,0,0,2025-11-24,0.83925,-0.9579,0.00371,-0.23914,0.02595,-0.03410
127,AAPL251128P00325000,AAPL,2025-11-28,325.00,put,0.00,49.33,48.25,4,50.40,30,0,0,2025-11-24,0.85876,-0.96175,0.00335,-0.22417,0.02400,-0.03449
129,AAPL251128P00330000,AAPL,2025-11-28,330.00,put,0.00,54.27,53.25,6,55.30,30,0,0,2025-11-24,0.89778,-0.96805,0.00276,-0.19820,0.02071,-0.03522
131,AAPL251128P00335000,AAPL,2025-11-28,335.00,put,0.00,59.33,58.25,6,60.40,30,0,0,2025-11-24,0.99534,-0.96453,0.00272,-0.24615,0.02256,-0.03567
133,AAPL251128P00340000,AAPL,2025-11-28,340.00,put,0.00,64.28,63.25,6,65.30,30,0,0,2025-11-24,1.03437,-0.9693,0.00232,-0.22378,0.02004,-0.03635
135,AAPL251128P00345000,AAPL,2025-11-28,345.00,put,0.00,69.33,68.25,7,70.40,30,0,0,2025-11-24,1.11241,-0.96833,0.00221,-0.25006,0.02056,-0.03688
137,AAPL251128P00350000,AAPL,2025-11-28,350.00,put,0.00,74.28,73.25,4,75.30,30,0,0,2025-11-24,1.15144,-0.97188,0.00194,-0.23164,0.01862,-0.03753
139,AAPL251128P00355000,AAPL,2025-11-28,355.00,put,0.00,79.33,78.25,3,80.40,30,0,0,2025-11-24,1.22948,-0.97064,0.00188,-0.25977,0.01930,-0.03804
141,AAPL251128P00360000,AAPL,2025-11-28,360.00,put,0.00,84.28,83.25,3,85.30,50,0,0,2025-11-24,1.26851,-0.97341,0.00168,-0.24434,0.01778,-0.03867
143,AAPL251128P00365000,AAPL,2025-11-28,365.00,put,0.00,89.33,88.25,3,90.40,50,0,0,2025-11-24,1.34655,-0.97202,0.00165,-0.27420,0.01855,-0.03918
145,AAPL251128P00370000,AAPL,2025-11-28,370.00,put,0.00,94.28,93.25,5,95.30,30,0,0,2025-11-24,1.38558,-0.97425,0.00150,-0.26113,0.01731,-0.03979
147,AAPL251128P00375000,AAPL,2025-11-28,375.00,put,0.00,99.33,98.25,3,100.40,50,0,0,2025-11-24,1.46362,-0.97276,0.00149,-0.29269,0.01814,-0.04030
149,AAPL251128P00380000,AAPL,2025-11-28,380.00,put,0.00,104.28,103.25,3,105.30,30,0,0,2025-11-24,1.48313,-0.97621,0.00131,-0.26051,0.01619,-0.04095
151,AAPL251128P00385000,AAPL,2025-11-28,385.00,put,0.00,109.33,108.25,3,110.40,50,0,0,2025-11-24,1.56118,-0.97465,0.00131,-0.29308,0.01708,-0.04145
153,AAPL251128P00390000,AAPL,2025-11-28,390.00,put,0.00,114.28,113.25,5,115.30,50,0,0,2025-11-24,1.58069,-0.97756,0.00117,-0.26372,0.01541,-0.04208
155,AAPL251128P00395000,AAPL,2025-11-28,395.00,put,0.00,119.33,118.25,6,120.40,30,0,0,2025-11-24,1.65874,-0.97597,0.00118,-0.29726,0.01633,-0.04259
157,AAPL251128P00400000,AAPL,2025-11-28,400.00,put,0.00,124.28,123.25,6,125.30,30,0,0,2025-11-24,1.67825,-0.97849,0.00106,-0.27017,0.01488,-0.04321
158,AAPL251205C00110000,AAPL,2025-12-05,110.00,call,160.42,165.97,164.50,20,167.45,50,0,1,2025-11-24,0.01976,1.0,0.00000,-0.01168,0.00000,0.03311
160,AAPL251205C00120000,AAPL,2025-12-05,120.00,call,150.51,155.97,154.50,20,157.45,50,0,1,2025-11-24,0.01976,1.0,0.00000,-0.01274,0.00000,0.03612
162,AAPL251205C00125000,AAPL,2025-12-05,125.00,call,0.00,151.00,149.50,20,152.50,50,0,0,2025-11-24,0.01976,1.0,0.00000,-0.01327,0.00000,0.03763
164,AAPL251205C00130000,AAPL,2025-12-05,130.00,call,140.54,146.00,144.50,20,147.50,50,0,0,2025-11-24,0.01976,1.0,0.00000,-0.01380,0.00000,0.03913
166,AAPL251205C00135000,AAPL,2025-12-05,135.00,call,0.00,141.00,139.50,20,142.50,50,0,0,2025-11-24,0.01976,1.0,0.00000,-0.01433,0.00000,0.04064
168,AAPL251205C00140000,AAPL,2025-12-05,140.00,call,130.59,136.00,134.50,20,137.50,50,0,1,2025-11-24,0.01976,1.0,0.00000,-0.01486,0.00000,0.04214
170,AAPL251205C00145000,AAPL,2025-12-05,145.00,call,0.00,131.00,129.50,20,132.50,50,0,0,2025-11-24,0.01976,1.0,0.00000,-0.01540,0.00000,0.04365
172,AAPL251205C00150000,AAPL,2025-12-05,150.00,call,119.14,125.42,124.50,20,126.35,50,0,3,2025-11-24,0.01976,1.0,0.00000,-0.01593,0.00000,0.04515
174,AAPL251205C00155000,AAPL,2025-12-05,155.00,call,0.00,121.00,119.50,20,122.50,50,0,0,2025-11-24,0.01976,1.0,0.00000,-0.01646,0.00000,0.04666
176,AAPL251205C00160000,AAPL,2025-12-05,160.00,call,111.66,115.95,114.35,20,117.55,50,0,0,2025-11-24,0.01976,1.0,0.00000,-0.01699,0.00000,0.04816
178,AAPL251205C00165000,AAPL,2025-12-05,165.00,call,101.75,111.03,109.50,20,112.55,50,0,2,2025-11-24,0.01976,1.0,0.00000,-0.01752,0.00000,0.04967
180,AAPL251205C00170000,AAPL,2025-12-05,170.00,call,103.03,106.03,104.50,20,107.55,50,0,2,2025-11-24,0.01976,1.0,0.00000,-0.01805,0.00000,0.05117
182,AAPL251205C00175000,AAPL,2025-12-05,175.00,call,93.39,101.03,99.50,20,102.55,50,0,1,2025-11-24,0.01976,1.0,0.00000,-0.01858,0.00000,0.05268
184,AAPL251205C00180000,AAPL,2025-12-05,180.00,call,87.74,96.03,94.50,20,97.55,50,0,1,2025-11-24,0.01976,1.0,0.00000,-0.01911,0.00000,0.05418
186,AAPL251205C00185000,AAPL,2025-12-05,185.00,call,85.83,90.42,89.50,20,91.35,50,0,11,2025-11-24,0.01976,1.0,0.00000,-0.01964,0.00000,0.05569
188,AAPL251205C00190000,AAPL,2025-12-05,190.00,call,84.18,86.03,84.50,20,87.55,50,0,14,2025-11-24,0.01976,1.0,0.00000,-0.02017,0.00000,0.05719
190,AAPL251205C00195000,AAPL,2025-12-05,195.00,call,80.39,81.08,80.20,22,81.95,50,6,8,2025-11-24,0.01976,1.0,0.00000,-0.02070,0.00000,0.05870
192,AAPL251205C00200000,AAPL,2025-12-05,200.00,call,71.00,76.05,74.50,20,77.60,50,0,58,2025-11-24,0.01976,1.0,0.00000,-0.02124,0.00000,0.06020
194,AAPL251205C00205000,AAPL,2025-12-05,205.00,call,66.17,71.03,69.45,20,72.60,50,0,5,2025-11-24,0.01976,1.0,0.00000,-0.02177,0.00000,0.06171
196,AAPL251205C00210000,AAPL,2025-12-05,210.00,call,66.41,66.42,65.55,10,67.30,10,6,53,2025-11-24,0.78071,0.98172,0.00120,-0.09797,0.02148,0.06162
198,AAPL251205C00215000,AAPL,2025-12-05,215.00,call,57.97,61.08,59.50,25,62.65,55,0,184,2025-11-24,0.01976,1.0,0.00000,-0.02283,0.00000,0.06472
200,AAPL251205C00220000,AAPL,2025-12-05,220.00,call,56.75,56.15,54.65,29,57.65,77,2,317,2025-11-24,0.01976,1.0,0.00000,-0.02336,0.00000,0.06622
202,AAPL251205C00225000,AAPL,2025-12-05,225.00,call,46.59,50.75,49.55,25,51.95,55,0,176,2025-11-24,0.01976,1.0,0.00000,-0.02389,0.00000,0.06773
204,AAPL251205C00230000,AAPL,2025-12-05,230.00,call,46.48,46.42,45.15,25,47.70,51,5,167,2025-11-24,0.54657,0.97605,0.00215,-0.09079,0.02701,0.06717
206,AAPL251205C00235000,AAPL,2025-12-05,235.00,call,42.09,41.50,40.90,18,42.10,77,16,313,2025-11-24,0.50755,0.96989,0.00281,-0.09946,0.03269,0.06815
208,AAPL251205C00237500,AAPL,2025-12-05,237.50,call,37.79,38.70,37.10,20,40.30,30,2,0,2025-11-24,0.27341,0.99933,0.00018,-0.02658,0.00111,0.07144
210,AAPL251205C00240000,AAPL,2025-12-05,240.00,call,37.04,36.33,35.85,18,36.80,13,10,540,2025-11-24,0.39048,0.98251,0.00231,-0.06168,0.02069,0.07075
212,AAPL251205C00242500,AAPL,2025-12-05,242.50,call,34.37,33.95,32.95,46,34.95,50,20,0,2025-11-24,0.40999,0.96898,0.00356,-0.08726,0.03351,0.07034
214,AAPL251205C00245000,AAPL,2025-12-05,245.00,call,28.34,31.10,29.95,26,32.25,51,2,321,2025-11-24,0.01976,1.0,0.00000,-0.02601,0.00000,0.07375
216,AAPL251205C00247500,AAPL,2025-12-05,247.50,call,29.55,28.98,28.05,46,29.90,76,11,8,2025-11-24,0.37097,0.95892,0.00496,-0.09617,0.04218,0.07099
218,AAPL251205C00250000,AAPL,2025-12-05,250.00,call,25.89,26.55,25.90,33,27.20,30,33,180,2025-11-24,0.35146,0.9522,0.00591,-0.10124,0.04766,0.07118
220,AAPL251205C00252500,AAPL,2025-12-05,252.50,call,23.45,23.82,22.75,46,24.90,56,19,55,2025-11-24,0.25390,0.98035,0.00392,-0.05259,0.02285,0.07435
222,AAPL251205C00255000,AAPL,2025-12-05,255.00,call,22.10,21.65,20.90,72,22.40,51,42,276,2025-11-24,0.31243,0.9335,0.00862,-0.11286,0.06182,0.07110
224,AAPL251205C00257500,AAPL,2025-12-05,257.50,call,19.07,19.12,18.60,22,19.65,57,172,482,2025-11-24,0.27341,0.93371,0.00983,-0.10199,0.06166,0.07188
226,AAPL251205C00260000,AAPL,2025-12-05,260.00,call,16.95,16.75,16.70,28,16.80,56,369,557,2025-11-24,0.25390,0.91878,0.01237,-0.10830,0.07203,0.07137
228,AAPL251205C00262500,AAPL,2025-12-05,262.50,call,15.07,14.55,14.50,10,14.60,46,11,1661,2025-11-24,0.27341,0.86408,0.01666,-0.15363,0.10448,0.06744
230,AAPL251205C00265000,AAPL,2025-12-05,265.00,call,12.88,12.32,12.20,15,12.45,56,211,996,2025-11-24,0.25390,0.83266,0.02060,-0.16159,0.11999,0.06552
232,AAPL251205C00267500,AAPL,2025-12-05,267.50,call,10.40,10.07,10.05,27,10.10,26,218,779,2025-11-24,0.23438,0.79124,0.02558,-0.16870,0.13757,0.06276
234,AAPL251205C00270000,AAPL,2025-12-05,270.00,call,8.15,8.12,8.10,57,8.15,45,1982,3099,2025-11-24,0.23438,0.71976,0.03000,-0.19209,0.16131,0.05737
236,AAPL251205C00272500,AAPL,2025-12-05,272.50,call,6.32,6.32,6.30,41,6.35,42,2340,1735,2025-11-24,0.21487,0.64964,0.03600,-0.19174,0.17749,0.05215
238,AAPL251205C00275000,AAPL,2025-12-05,275.00,call,4.80,4.78,4.75,50,4.80,133,5759,4676,2025-11-24,0.21487,0.55549,0.03839,-0.20062,0.18924,0.04476
241,AAPL251205P00277500,AAPL,2025-12-05,277.50,put,5.00,4.97,4.95,76,5.00,12,927,115,2025-11-24,0.23438,-0.53635,0.03539,-0.18646,0.19030,-0.04615
243,AAPL251205P00280000,AAPL,2025-12-05,280.00,put,6.55,6.43,6.40,92,6.45,50,2842,732,2025-11-24,0.21487,-0.63439,0.03654,-0.15667,0.18014,-0.05464
245,AAPL251205P00282500,AAPL,2025-12-05,282.50,put,7.15,8.07,8.05,13,8.10,16,204,63,2025-11-24,0.21487,-0.71965,0.03273,-0.13562,0.16134,-0.06225
247,AAPL251205P00285000,AAPL,2025-12-05,285.00,put,10.05,9.95,9.70,46,10.20,30,111,185,2025-11-24,0.21487,-0.79332,0.02774,-0.10924,0.13675,-0.06896
249,AAPL251205P00287500,AAPL,2025-12-05,287.50,put,11.00,11.98,11.80,46,12.15,28,83,21,2025-11-24,0.21487,-0.85363,0.02229,-0.08099,0.10987,-0.07460
251,AAPL251205P00290000,AAPL,2025-12-05,290.00,put,14.13,14.65,14.05,100,15.25,12,251,166,2025-11-24,0.25390,-0.86006,0.01830,-0.09622,0.10658,-0.07592
253,AAPL251205P00292500,AAPL,2025-12-05,292.50,put,16.00,16.43,15.25,20,17.60,50,2,1,2025-11-24,0.19536,-0.95246,0.01059,-0.01246,0.04745,-0.08415
255,AAPL251205P00295000,AAPL,2025-12-05,295.00,put,0.00,19.25,17.85,20,20.65,50,0,6,2025-11-24,0.27341,-0.91315,0.01208,-0.06531,0.07575,-0.08173
257,AAPL251205P00297500,AAPL,2025-12-05,297.50,put,0.00,21.70,20.25,20,23.15,50,0,0,2025-11-24,0.29292,-0.92399,0.01019,-0.06179,0.06850,-0.08337
259,AAPL251205P00300000,AAPL,2025-12-05,300.00,put,25.12,24.27,23.00,46,25.55,76,3,3,2025-11-24,0.33194,-0.91967,0.00938,-0.07822,0.07143,-0.08380
261,AAPL251205P00305000,AAPL,2025-12-05,305.00,put,0.00,29.23,27.80,20,30.65,50,0,0,2025-11-24,0.37097,-0.93391,0.00723,-0.07324,0.06152,-0.08647
263,AAPL251205P00310000,AAPL,2025-12-05,310.00,put,0.00,34.25,32.95,20,35.55,50,0,0,2025-11-24,0.42950,-0.93435,0.00621,-0.08844,0.06121,-0.08803
265,AAPL251205P00315000,AAPL,2025-12-05,315.00,put,0.00,39.23,37.75,20,40.70,50,0,0,2025-11-24,0.46853,-0.9422,0.00515,-0.08620,0.05541,-0.09018
267,AAPL251205P00320000,AAPL,2025-12-05,320.00,put,0.00,44.25,42.95,20,45.55,50,0,0,2025-11-24,0.50755,-0.94789,0.00438,-0.08527,0.05105,-0.09215
269,AAPL251205P00325000,AAPL,2025-12-05,325.00,put,0.00,49.23,47.75,20,50.70,50,0,0,2025-11-24,0.54657,-0.95211,0.00381,-0.08543,0.04773,-0.09400
271,AAPL251205P00330000,AAPL,2025-12-05,330.00,put,53.82,54.25,52.95,46,55.55,56,1,0,2025-11-24,0.60511,-0.94952,0.00359,-0.10331,0.04978,-0.09532
273,AAPL251205P00335000,AAPL,2025-12-05,335.00,put,0.00,59.23,57.75,20,60.70,50,0,0,2025-11-24,0.64413,-0.95241,0.00321,-0.10480,0.04749,-0.09706
275,AAPL251205P00340000,AAPL,2025-12-05,340.00,put,0.00,64.25,62.95,20,65.55,50,0,0,2025-11-24,0.68315,-0.95465,0.00291,-0.10703,0.04568,-0.09875
277,AAPL251205P00345000,AAPL,2025-12-05,345.00,put,0.00,69.22,67.75,20,70.70,50,0,0,2025-11-24,0.70267,-0.96089,0.00251,-0.09391,0.04053,-0.10075
279,AAPL251205P00350000,AAPL,2025-12-05,350.00,put,0.00,74.25,72.95,20,75.55,50,0,0,2025-11-24,0.76120,-0.95772,0.00247,-0.11341,0.04318,-0.10202
281,AAPL251205P00355000,AAPL,2025-12-05,355.00,put,0.00,79.25,77.85,20,80.65,50,0,0,2025-11-24,0.80022,-0.95873,0.00231,-0.11744,0.04233,-0.10361
283,AAPL251205P00360000,AAPL,2025-12-05,360.00,put,0.00,84.00,82.95,20,85.05,50,0,0,2025-11-24,0.76120,-0.97369,0.00167,-0.06362,0.02922,-0.10628
285,AAPL251205P00365000,AAPL,2025-12-05,365.00,put,0.00,89.25,87.85,20,90.65,50,0,0,2025-11-24,0.85876,-0.96362,0.00194,-0.11137,0.03820,-0.10702
287,AAPL251205P00370000,AAPL,2025-12-05,370.00,put,0.00,94.25,92.95,20,95.55,50,0,0,2025-11-24,0.89778,-0.96383,0.00185,-0.11686,0.03802,-0.10855
289,AAPL251205P00375000,AAPL,2025-12-05,375.00,put,0.00,99.25,97.85,20,100.65,50,0,0,2025-11-24,0.93681,-0.96392,0.00177,-0.12277,0.03795,-0.11006
291,AAPL251205P00380000,AAPL,2025-12-05,380.00,put,0.00,104.25,102.95,20,105.55,50,0,0,2025-11-24,0.97583,-0.96389,0.00170,-0.12907,0.03797,-0.11157
293,AAPL251205P00385000,AAPL,2025-12-05,385.00,put,0.00,109.25,107.85,20,110.65,50,0,0,2025-11-24,0.99534,-0.96673,0.00155,-0.12065,0.03550,-0.11330
295,AAPL251205P00390000,AAPL,2025-12-05,390.00,put,0.00,114.25,112.95,20,115.55,50,0,0,2025-11-24,1.03437,-0.96643,0.00151,-0.12765,0.03576,-0.11479
297,AAPL251205P00395000,AAPL,2025-12-05,395.00,put,0.00,119.25,117.85,20,120.65,50,0,0,2025-11-24,1.07339,-0.96607,0.00147,-0.13502,0.03608,-0.11627
299,AAPL251205P00400000,AAPL,2025-12-05,400.00,put,0.00,124.25,122.95,20,125.55,50,0,0,2025-11-24,1.09290,-0.96829,0.00136,-0.12789,0.03412,-0.11795
300,AAPL251212C00110000,AAPL,2025-12-12,110.00,call,0.00,165.98,164.40,15,167.55,45,0,0,2025-11-24,0.01976,1.0,0.00000,-0.01167,0.00000,0.05414
302,AAPL251212C00120000,AAPL,2025-12-12,120.00,call,154.48,156.05,154.50,15,157.60,45,0,1,2025-11-24,0.01976,1.0,0.00000,-0.01273,0.00000,0.05906
304,AAPL251212C00125000,AAPL,2025-12-12,125.00,call,0.00,151.12,149.65,15,152.60,45,0,0,2025-11-24,0.01976,1.0,0.00000,-0.01326,0.00000,0.06153
306,AAPL251212C00130000,AAPL,2025-12-12,130.00,call,0.00,146.05,144.50,15,147.60,45,0,0,2025-11-24,0.01976,1.0,0.00000,-0.01379,0.00000,0.06399
308,AAPL251212C00135000,AAPL,2025-12-12,135.00,call,0.00,141.05,139.50,15,142.60,45,0,0,2025-11-24,0.01976,1.0,0.00000,-0.01432,0.00000,0.06645
310,AAPL251212C00140000,AAPL,2025-12-12,140.00,call,0.00,136.05,134.50,15,137.60,45,0,0,2025-11-24,0.01976,1.0,0.00000,-0.01485,0.00000,0.06891
312,AAPL251212C00145000,AAPL,2025-12-12,145.00,call,0.00,131.07,129.50,15,132.65,25,0,0,2025-11-24,0.01976,1.0,0.00000,-0.01538,0.00000,0.07137
314,AAPL251212C00150000,AAPL,2025-12-12,150.00,call,123.47,126.08,124.50,15,127.65,25,0,1,2025-11-24,0.01976,1.0,0.00000,-0.01591,0.00000,0.07383
316,AAPL251212C00155000,AAPL,2025-12-12,155.00,call,0.00,121.08,119.50,15,122.65,25,0,0,2025-11-24,0.01976,1.0,0.00000,-0.01645,0.00000,0.07629
318,AAPL251212C00160000,AAPL,2025-12-12,160.00,call,112.00,116.20,114.75,15,117.65,25,0,2,2025-11-24,0.01976,1.0,0.00000,-0.01698,0.00000,0.07875
320,AAPL251212C00165000,AAPL,2025-12-12,165.00,call,0.00,111.10,109.50,15,112.70,45,0,0,2025-11-24,0.01976,1.0,0.00000,-0.01751,0.00000,0.08121
322,AAPL251212C00170000,AAPL,2025-12-12,170.00,call,105.25,106.12,104.55,15,107.70,45,0,1,2025-11-24,0.01976,1.0,0.00000,-0.01804,0.00000,0.08368
324,AAPL251212C00175000,AAPL,2025-12-12,175.00,call,0.00,101.12,99.55,15,102.70,45,0,0,2025-11-24,0.01976,1.0,0.00000,-0.01857,0.00000,0.08614
326,AAPL251212C00180000,AAPL,2025-12-12,180.00,call,0.00,96.12,94.55,15,97.70,45,0,0,2025-11-24,0.01976,1.0,0.00000,-0.01910,0.00000,0.08860
328,AAPL251212C00185000,AAPL,2025-12-12,185.00,call,0.00,91.15,89.55,15,92.75,45,0,0,2025-11-24,0.01976,1.0,0.00000,-0.01963,0.00000,0.09106
330,AAPL251212C00190000,AAPL,2025-12-12,190.00,call,85.00,86.17,84.60,15,87.75,45,0,1,2025-11-24,0.01976,1.0,0.00000,-0.02016,0.00000,0.09352
332,AAPL251212C00195000,AAPL,2025-12-12,195.00,call,80.68,81.20,79.60,15,82.80,45,2,3,2025-11-24,0.01976,1.0,0.00000,-0.02069,0.00000,0.09598
334,AAPL251212C00200000,AAPL,2025-12-12,200.00,call,73.95,76.22,74.65,15,77.80,45,0,7,2025-11-24,0.01976,1.0,0.00000,-0.02122,0.00000,0.09844
336,AAPL251212C00205000,AAPL,2025-12-12,205.00,call,65.67,71.25,69.65,15,72.85,25,0,2,2025-11-24,0.01976,1.0,0.00000,-0.02175,0.00000,0.10090
338,AAPL251212C00210000,AAPL,2025-12-12,210.00,call,66.60,66.15,64.75,22,67.55,10,6,127,2025-11-24,0.01976,1.0,0.00000,-0.02228,0.00000,0.10336
340,AAPL251212C00215000,AAPL,2025-12-12,215.00,call,60.37,61.67,60.45,15,62.90,45,1,4,2025-11-24,0.58560,0.97715,0.00151,-0.07612,0.03321,0.10256
342,AAPL251212C00220000,AAPL,2025-12-12,220.00,call,53.00,56.73,55.50,11,57.95,45,0,99,2025-11-24,0.56608,0.96993,0.00197,-0.08811,0.04178,0.10399
344,AAPL251212C00225000,AAPL,2025-12-12,225.00,call,50.00,51.38,49.80,21,52.95,45,1,13,2025-11-24,0.35146,0.99629,0.00051,-0.03038,0.00678,0.11023
346,AAPL251212C00230000,AAPL,2025-12-12,230.00,call,46.62,46.48,45.00,20,47.95,10,8,23,2025-11-24,0.39048,0.98479,0.00160,-0.04941,0.02348,0.11107
348,AAPL251212C00235000,AAPL,2025-12-12,235.00,call,40.28,41.40,40.05,15,42.75,45,1,84,2025-11-24,0.29292,0.99429,0.00091,-0.03287,0.00997,0.11488
350,AAPL251212C00240000,AAPL,2025-12-12,240.00,call,33.70,36.55,35.70,19,37.40,30,0,180,2025-11-24,0.33194,0.9747,0.00290,-0.05805,0.03617,0.11459
352,AAPL251212C00245000,AAPL,2025-12-12,245.00,call,29.25,31.88,30.80,15,32.95,25,2,77,2025-11-24,0.35146,0.94367,0.00526,-0.09209,0.06946,0.11266
354,AAPL251212C00247500,AAPL,2025-12-12,247.50,call,28.37,29.40,28.35,15,30.45,25,1,0,2025-11-24,0.33194,0.93791,0.00602,-0.09351,0.07498,0.11309
356,AAPL251212C00250000,AAPL,2025-12-12,250.00,call,25.10,26.88,26.50,16,27.25,59,35,909,2025-11-24,0.29292,0.94277,0.00639,-0.08202,0.07033,0.11504
358,AAPL251212C00252500,AAPL,2025-12-12,252.50,call,23.91,24.40,23.85,15,24.95,45,1,0,2025-11-24,0.27341,0.93609,0.00747,-0.08310,0.07667,0.11535
360,AAPL251212C00255000,AAPL,2025-12-12,255.00,call,22.70,22.10,21.85,17,22.35,64,21,1884,2025-11-24,0.27341,0.91316,0.00944,-0.09801,0.09688,0.11336
362,AAPL251212C00257500,AAPL,2025-12-12,257.50,call,19.50,19.90,19.55,21,20.25,39,10,0,2025-11-24,0.27341,0.8849,0.01159,-0.11423,0.11901,0.11061
364,AAPL251212C00260000,AAPL,2025-12-12,260.00,call,18.35,17.55,17.40,16,17.70,25,12,379,2025-11-24,0.25390,0.86782,0.01375,-0.11607,0.13112,0.10947
366,AAPL251212C00262500,AAPL,2025-12-12,262.50,call,15.65,15.50,15.25,13,15.75,45,17,0,2025-11-24,0.25390,0.82804,0.01639,-0.13281,0.15620,0.10508
368,AAPL251212C00265000,AAPL,2025-12-12,265.00,call,13.15,13.22,13.20,14,13.25,35,58,1072,2025-11-24,0.23438,0.79915,0.01954,-0.13402,0.17198,0.10229
370,AAPL251212C00267500,AAPL,2025-12-12,267.50,call,11.27,11.30,11.30,1,11.30,52,44,0,2025-11-24,0.23438,0.7448,0.02237,-0.14881,0.19684,0.09583
372,AAPL251212C00270000,AAPL,2025-12-12,270.00,call,9.42,9.43,9.40,48,9.45,129,332,2355,2025-11-24,0.23438,0.6842,0.02476,-0.16093,0.21790,0.08844
374,AAPL251212C00272500,AAPL,2025-12-12,272.50,call,8.36,7.68,7.65,29,7.70,26,589,0,2025-11-24,0.23438,0.61883,0.02654,-0.16935,0.23352,0.08032
376,AAPL251212C00275000,AAPL,2025-12-12,275.00,call,6.20,6.18,6.15,39,6.20,79,1700,2899,2025-11-24,0.21487,0.55328,0.03003,-0.16019,0.24226,0.07233
379,AAPL251212P00277500,AAPL,2025-12-12,277.50,put,6.15,6.12,6.10,80,6.15,26,101,0,2025-11-24,0.23438,-0.51871,0.02775,-0.14309,0.24418,-0.07368
381,AAPL251212P00280000,AAPL,2025-12-12,280.00,put,7.50,7.53,7.50,77,7.55,22,173,602,2025-11-24,0.23438,-0.58676,0.02712,-0.13734,0.23864,-0.08364
383,AAPL251212P00282500,AAPL,2025-12-12,282.50,put,0.00,9.03,9.00,19,9.05,11,0,0,2025-11-24,0.21487,-0.66638,0.02763,-0.11253,0.22287,-0.09505
385,AAPL251212P00285000,AAPL,2025-12-12,285.00,put,10.75,10.78,10.75,19,10.80,62,1047,127,2025-11-24,0.21487,-0.73059,0.02509,-0.09823,0.20238,-0.10466
387,AAPL251212P00287500,AAPL,2025-12-12,287.50,put,12.45,12.82,12.70,31,12.95,13,22,0,2025-11-24,0.23438,-0.76641,0.02133,-0.09833,0.18767,-0.11067
389,AAPL251212P00290000,AAPL,2025-12-12,290.00,put,14.35,14.75,14.30,93,15.20,17,5,31,2025-11-24,0.21487,-0.83623,0.01876,-0.06426,0.15137,-0.12101
391,AAPL251212P00292500,AAPL,2025-12-12,292.50,put,19.15,17.02,16.45,15,17.60,45,3,0,2025-11-24,0.23438,-0.85505,0.01587,-0.06401,0.13963,-0.12476
393,AAPL251212P00295000,AAPL,2025-12-12,295.00,put,0.00,19.12,18.05,15,20.20,45,0,2,2025-11-24,0.21487,-0.90944,0.01239,-0.03096,0.09996,-0.13315
395,AAPL251212P00300000,AAPL,2025-12-12,300.00,put,24.99,24.08,23.05,15,25.10,45,4,7,2025-11-24,0.25390,-0.92247,0.00933,-0.03313,0.08896,-0.13737
397,AAPL251212P00305000,AAPL,2025-12-12,305.00,put,0.00,29.27,28.10,15,30.45,25,0,0,2025-11-24,0.31243,-0.9165,0.00802,-0.05166,0.09408,-0.13911
399,AAPL251212P00310000,AAPL,2025-12-12,310.00,put,0.00,34.27,33.15,15,35.40,45,0,0,2025-11-24,0.35146,-0.92345,0.00668,-0.05529,0.08810,-0.14252
401,AAPL251212P00315000,AAPL,2025-12-12,315.00,put,0.00,39.28,38.10,15,40.45,45,0,0,2025-11-24,0.39048,-0.92815,0.00573,-0.05965,0.08394,-0.14563
403,AAPL251212P00320000,AAPL,2025-12-12,320.00,put,0.00,44.27,43.15,15,45.40,45,0,0,2025-11-24,0.42950,-0.93138,0.00502,-0.06464,0.08102,-0.14855
405,AAPL251212P00325000,AAPL,2025-12-12,325.00,put,0.00,49.28,48.10,15,50.45,45,0,0,2025-11-24,0.46853,-0.93359,0.00449,-0.07019,0.07899,-0.15133
407,AAPL251212P00330000,AAPL,2025-12-12,330.00,put,0.00,54.27,53.15,15,55.40,45,0,0,2025-11-24,0.50755,-0.93507,0.00407,-0.07625,0.07763,-0.15401
409,AAPL251212P00335000,AAPL,2025-12-12,335.00,put,0.00,59.28,58.10,15,60.45,45,0,0,2025-11-24,0.54657,-0.936,0.00374,-0.08278,0.07676,-0.15662
411,AAPL251212P00340000,AAPL,2025-12-12,340.00,put,0.00,64.28,63.15,15,65.40,25,0,0,2025-11-24,0.56608,-0.94331,0.00328,-0.07528,0.06981,-0.16003
413,AAPL251212P00345000,AAPL,2025-12-12,345.00,put,0.00,69.28,68.10,15,70.45,25,0,0,2025-11-24,0.60511,-0.9431,0.00308,-0.08266,0.07002,-0.16249
415,AAPL251212P00350000,AAPL,2025-12-12,350.00,put,0.00,74.28,73.15,15,75.40,25,0,0,2025-11-24,0.64413,-0.94268,0.00291,-0.09044,0.07042,-0.16493
417,AAPL251212P00355000,AAPL,2025-12-12,355.00,put,0.00,79.28,78.10,15,80.45,45,0,0,2025-11-24,0.66364,-0.94774,0.00263,-0.08445,0.06546,-0.16804
419,AAPL251212P00360000,AAPL,2025-12-12,360.00,put,0.00,84.28,83.15,15,85.40,25,0,0,2025-11-24,0.70267,-0.94677,0.00252,-0.09290,0.06642,-0.17040
421,AAPL251212P00365000,AAPL,2025-12-12,365.00,put,0.00,89.28,88.10,15,90.45,25,0,0,2025-11-24,0.72218,-0.95078,0.00230,-0.08782,0.06241,-0.17338
423,AAPL251212P00370000,AAPL,2025-12-12,370.00,put,0.00,94.28,93.15,15,95.40,45,0,0,2025-11-24,0.76120,-0.94948,0.00223,-0.09686,0.06372,-0.17570
425,AAPL251212P00375000,AAPL,2025-12-12,375.00,put,0.00,99.28,98.10,15,100.45,25,0,0,2025-11-24,0.78071,-0.95273,0.00206,-0.09253,0.06042,-0.17858
427,AAPL251212P00380000,AAPL,2025-12-12,380.00,put,0.00,104.28,103.15,15,105.40,25,0,0,2025-11-24,0.81974,-0.95121,0.00201,-0.10213,0.06197,-0.18087
429,AAPL251212P00385000,AAPL,2025-12-12,385.00,put,0.00,109.28,108.10,15,110.45,25,0,0,2025-11-24,0.83925,-0.95391,0.00188,-0.09843,0.05921,-0.18368
431,AAPL251212P00390000,AAPL,2025-12-12,390.00,put,0.00,114.22,113.05,12,115.40,25,0,0,2025-11-24,0.85876,-0.95629,0.00176,-0.09516,0.05674,-0.18645
433,AAPL251212P00395000,AAPL,2025-12-12,395.00,put,0.00,119.28,118.10,15,120.45,45,0,0,2025-11-24,0.89778,-0.95451,0.00174,-0.10543,0.05859,-0.18871
435,AAPL251212P00400000,AAPL,2025-12-12,400.00,put,0.00,124.28,123.15,15,125.40,25,0,0,2025-11-24,0.91729,-0.95653,0.00164,-0.10266,0.05648,-0.19143
436,AAPL251219C00005000,AAPL,2025-12-19,5.00,call,270.20,270.98,269.65,120,272.30,155,2,62,2025-11-24,5.67815,0.99971,0.00000,-0.00922,0.00077,0.00333
438,AAPL251219C00010000,AAPL,2025-12-19,10.00,call,261.50,265.75,264.15,20,267.35,50,0,11,2025-11-24,0.01976,1.0,0.00000,-0.00106,0.00000,0.00683
440,AAPL251219C00015000,AAPL,2025-12-19,15.00,call,253.50,260.77,259.20,20,262.35,50,0,0,2025-11-24,0.01976,1.0,0.00000,-0.00159,0.00000,0.01025
442,AAPL251219C00020000,AAPL,2025-12-19,20.00,call,247.25,256.12,255.00,20,257.25,50,0,10,2025-11-24,4.03917,0.99871,0.00001,-0.02688,0.00307,0.01332
444,AAPL251219C00025000,AAPL,2025-12-19,25.00,call,245.70,250.80,249.20,20,252.40,50,0,3,2025-11-24,0.01976,1.0,0.00000,-0.00265,0.00000,0.01708
446,AAPL251219C00030000,AAPL,2025-12-19,30.00,call,241.24,245.82,244.25,20,247.40,50,0,0,2025-11-24,0.01976,1.0,0.00000,-0.00318,0.00000,0.02049
448,AAPL251219C00035000,AAPL,2025-12-19,35.00,call,236.07,240.82,239.25,20,242.40,50,0,0,2025-11-24,0.01976,1.0,0.00000,-0.00371,0.00000,0.02391
450,AAPL251219C00040000,AAPL,2025-12-19,40.00,call,230.91,235.85,234.25,20,237.45,50,0,4,2025-11-24,0.01976,1.0,0.00000,-0.00424,0.00000,0.02732
452,AAPL251219C00045000,AAPL,2025-12-19,45.00,call,223.70,230.88,229.30,20,232.45,50,0,1,2025-11-24,0.01976,1.0,0.00000,-0.00477,0.00000,0.03074
454,AAPL251219C00050000,AAPL,2025-12-19,50.00,call,220.14,225.97,224.50,20,227.45,50,0,161,2025-11-24,0.01976,1.0,0.00000,-0.00530,0.00000,0.03416
456,AAPL251219C00055000,AAPL,2025-12-19,55.00,call,214.22,221.00,219.50,20,222.50,50,0,80,2025-11-24,0.01976,1.0,0.00000,-0.00583,0.00000,0.03757
458,AAPL251219C00060000,AAPL,2025-12-19,60.00,call,212.15,216.00,214.50,20,217.50,50,0,196,2025-11-24,0.01976,1.0,0.00000,-0.00636,0.00000,0.04099
460,AAPL251219C00065000,AAPL,2025-12-19,65.00,call,206.50,211.00,209.50,20,212.50,50,0,224,2025-11-24,0.01976,1.0,0.00000,-0.00689,0.00000,0.04440
462,AAPL251219C00070000,AAPL,2025-12-19,70.00,call,197.95,206.05,204.60,133,207.50,40,0,824,2025-11-24,0.01976,1.0,0.00000,-0.00742,0.00000,0.04782
464,AAPL251219C00075000,AAPL,2025-12-19,75.00,call,197.59,201.03,199.50,32,202.55,58,0,192,2025-11-24,0.01976,1.0,0.00000,-0.00795,0.00000,0.05123
466,AAPL251219C00080000,AAPL,2025-12-19,80.00,call,190.10,196.03,194.50,24,197.55,55,0,201,2025-11-24,0.01976,1.0,0.00000,-0.00848,0.00000,0.05465
468,AAPL251219C00085000,AAPL,2025-12-19,85.00,call,186.42,191.03,189.50,20,192.55,50,0,382,2025-11-24,0.01976,1.0,0.00000,-0.00901,0.00000,0.05806
470,AAPL251219C00090000,AAPL,2025-12-19,90.00,call,178.29,186.00,184.40,20,187.60,50,0,282,2025-11-24,0.01976,1.0,0.00000,-0.00954,0.00000,0.06148
472,AAPL251219C00095000,AAPL,2025-12-19,95.00,call,173.20,181.05,179.50,24,182.60,55,0,186,2025-11-24,0.01976,1.0,0.00000,-0.01007,0.00000,0.06490
474,AAPL251219C00100000,AAPL,2025-12-19,100.00,call,175.70,176.05,175.65,42,176.45,50,11,2505,2025-11-24,0.01976,1.0,0.00000,-0.01060,0.00000,0.06831
476,AAPL251219C00105000,AAPL,2025-12-19,105.00,call,164.24,171.07,169.50,30,172.65,58,0,139,2025-11-24,0.01976,1.0,0.00000,-0.01113,0.00000,0.07173
478,AAPL251219C00110000,AAPL,2025-12-19,110.00,call,159.59,165.65,165.05,5,166.25,50,0,977,2025-11-24,0.01976,1.0,0.00000,-0.01166,0.00000,0.07514
480,AAPL251219C00115000,AAPL,2025-12-19,115.00,call,154.75,160.47,159.50,25,161.45,50,0,217,2025-11-24,0.01976,1.0,0.00000,-0.01219,0.00000,0.07856
482,AAPL251219C00120000,AAPL,2025-12-19,120.00,call,149.34,156.32,155.00,96,157.65,31,0,1003,2025-11-24,1.22948,0.99708,0.00010,-0.02848,0.00645,0.08136
484,AAPL251219C00125000,AAPL,2025-12-19,125.00,call,147.58,150.85,149.55,25,152.15,35,0,543,2025-11-24,0.01976,1.0,0.00000,-0.01325,0.00000,0.08539
486,AAPL251219C00130000,AAPL,2025-12-19,130.00,call,146.50,145.85,145.25,48,146.45,30,1,2313,2025-11-24,0.01976,1.0,0.00000,-0.01378,0.00000,0.08880
488,AAPL251219C00135000,AAPL,2025-12-19,135.00,call,137.97,140.60,139.55,31,141.65,34,4,768,2025-11-24,0.01976,1.0,0.00000,-0.01431,0.00000,0.09222
490,AAPL251219C00140000,AAPL,2025-12-19,140.00,call,135.00,135.90,134.60,31,137.20,15,5,1448,2025-11-24,0.01976,1.0,0.00000,-0.01484,0.00000,0.09564
492,AAPL251219C00145000,AAPL,2025-12-19,145.00,call,131.08,131.18,130.80,32,131.55,59,8,926,2025-11-24,0.01976,1.0,0.00000,-0.01537,0.00000,0.09905
494,AAPL251219C00150000,AAPL,2025-12-19,150.00,call,126.40,126.30,125.90,52,126.70,36,307,1683,2025-11-24,0.01976,1.0,0.00000,-0.01590,0.00000,0.10247
496,AAPL251219C00155000,AAPL,2025-12-19,155.00,call,121.13,121.62,120.65,10,122.60,35,10,863,2025-11-24,1.01485,0.98967,0.00037,-0.05629,0.01980,0.10374
498,AAPL251219C00160000,AAPL,2025-12-19,160.00,call,117.00,116.90,116.00,14,117.80,52,1,1264,2025-11-24,1.07339,0.98168,0.00058,-0.08603,0.03245,0.10545
500,AAPL251219C00165000,AAPL,2025-12-19,165.00,call,108.27,111.05,110.45,49,111.65,50,0,2454,2025-11-24,0.01976,1.0,0.00000,-0.01749,0.00000,0.11271
502,AAPL251219C00170000,AAPL,2025-12-19,170.00,call,103.75,106.33,106.00,44,106.65,34,1,3993,2025-11-24,0.01976,1.0,0.00000,-0.01802,0.00000,0.11613
504,AAPL251219C00175000,AAPL,2025-12-19,175.00,call,101.65,101.03,100.40,48,101.65,51,2,1733,2025-11-24,0.01976,1.0,0.00000,-0.01855,0.00000,0.11954
506,AAPL251219C00180000,AAPL,2025-12-19,180.00,call,97.05,96.30,95.95,40,96.65,76,8,16119,2025-11-24,0.01976,1.0,0.00000,-0.01908,0.00000,0.12296
508,AAPL251219C00185000,AAPL,2025-12-19,185.00,call,91.40,91.40,90.90,43,91.90,55,185,2510,2025-11-24,0.01976,1.0,0.00000,-0.01961,0.00000,0.12638
510,AAPL251219C00190000,AAPL,2025-12-19,190.00,call,85.54,86.38,86.00,45,86.75,58,4,2927,2025-11-24,0.01976,1.0,0.00000,-0.02014,0.00000,0.12979
512,AAPL251219C00195000,AAPL,2025-12-19,195.00,call,81.83,81.70,81.00,56,82.40,55,11,2656,2025-11-24,0.64413,0.98458,0.00083,-0.05627,0.02800,0.13011
514,AAPL251219C00200000,AAPL,2025-12-19,200.00,call,77.45,76.47,76.15,42,76.80,72,187,7880,2025-11-24,0.44901,0.9976,0.00023,-0.02599,0.00541,0.13615
516,AAPL251219C00205000,AAPL,2025-12-19,205.00,call,71.85,71.50,71.15,45,71.85,55,12,4095,2025-11-24,0.42950,0.99676,0.00032,-0.02771,0.00707,0.13941
518,AAPL251219C00210000,AAPL,2025-12-19,210.00,call,67.15,66.47,66.15,41,66.80,175,28,9238,2025-11-24,0.01976,1.0,0.00000,-0.02226,0.00000,0.14345
520,AAPL251219C00215000,AAPL,2025-12-19,215.00,call,61.60,61.62,61.35,24,61.90,51,46,12170,2025-11-24,0.42950,0.98925,0.00091,-0.04007,0.02049,0.14476
522,AAPL251219C00220000,AAPL,2025-12-19,220.00,call,56.33,56.52,56.30,43,56.75,41,189,18231,2025-11-24,0.31243,0.99777,0.00031,-0.02642,0.00506,0.14985
524,AAPL251219C00225000,AAPL,2025-12-19,225.00,call,52.00,51.67,51.35,42,52.00,125,50,6828,2025-11-24,0.37097,0.98527,0.00139,-0.04338,0.02692,0.15082
526,AAPL251219C00230000,AAPL,2025-12-19,230.00,call,47.64,46.77,46.50,35,47.05,57,30,16139,2025-11-24,0.37097,0.97446,0.00222,-0.05548,0.04296,0.15211
528,AAPL251219C00235000,AAPL,2025-12-19,235.00,call,42.38,41.67,41.65,21,41.70,16,224,12692,2025-11-24,0.29292,0.98488,0.00180,-0.04059,0.02753,0.15759
530,AAPL251219C00240000,AAPL,2025-12-19,240.00,call,37.76,36.83,36.80,24,36.85,25,65,19878,2025-11-24,0.29292,0.97078,0.00315,-0.05273,0.04808,0.15826
532,AAPL251219C00245000,AAPL,2025-12-19,245.00,call,32.23,32.05,32.00,42,32.10,11,296,8469,2025-11-24,0.29292,0.94775,0.00505,-0.06958,0.07714,0.15716
534,AAPL251219C00247500,AAPL,2025-12-19,247.50,call,29.00,29.60,29.50,10,29.70,8,5,0,2025-11-24,0.27341,0.94431,0.00569,-0.06891,0.08112,0.15822
536,AAPL251219C00250000,AAPL,2025-12-19,250.00,call,27.30,27.35,27.35,9,27.35,33,453,31053,2025-11-24,0.29292,0.91306,0.00748,-0.09081,0.11428,0.15375
538,AAPL251219C00252500,AAPL,2025-12-19,252.50,call,25.05,25.02,25.00,10,25.05,57,23,0,2025-11-24,0.27341,0.90533,0.00854,-0.09047,0.12174,0.15398
540,AAPL251219C00255000,AAPL,2025-12-19,255.00,call,22.35,22.73,22.70,20,22.75,25,510,16590,2025-11-24,0.27341,0.87997,0.01013,-0.10239,0.14448,0.15069
542,AAPL251219C00257500,AAPL,2025-12-19,257.50,call,20.20,20.52,20.50,4,20.55,8,23,0,2025-11-24,0.25390,0.86715,0.01171,-0.10201,0.15507,0.14993
544,AAPL251219C00260000,AAPL,2025-12-19,260.00,call,18.70,18.35,18.30,19,18.40,54,646,22891,2025-11-24,0.25390,0.83338,0.01363,-0.11410,0.18039,0.14497
546,AAPL251219C00262500,AAPL,2025-12-19,262.50,call,16.13,16.27,16.25,9,16.30,44,136,0,2025-11-24,0.25390,0.79491,0.01550,-0.12579,0.20522,0.13906
548,AAPL251219C00265000,AAPL,2025-12-19,265.00,call,14.20,14.25,14.20,10,14.30,60,1470,18760,2025-11-24,0.25390,0.75204,0.01726,-0.13654,0.22847,0.13225
550,AAPL251219C00267500,AAPL,2025-12-19,267.50,call,13.16,12.35,12.35,10,12.35,3,16,0,2025-11-24,0.23438,0.71878,0.01993,-0.13398,0.24359,0.12750
552,AAPL251219C00270000,AAPL,2025-12-19,270.00,call,10.53,10.57,10.60,8,10.55,46,4480,30641,2025-11-24,0.23438,0.66552,0.02151,-0.14165,0.26292,0.11858
554,AAPL251219C00272500,AAPL,2025-12-19,272.50,call,9.70,8.88,8.85,22,8.90,71,321,0,2025-11-24,0.23438,0.60923,0.02268,-0.14687,0.27721,0.10899
556,AAPL251219C00275000,AAPL,2025-12-19,275.00,call,7.50,7.32,7.30,34,7.35,7,4279,22584,2025-11-24,0.23438,0.5511,0.02338,-0.14929,0.28572,0.09895
559,AAPL251219P00277500,AAPL,2025-12-19,277.50,put,6.95,7.07,7.05,72,7.10,5,261,0,2025-11-24,0.23438,-0.50762,0.02357,-0.11937,0.28803,-0.10086
561,AAPL251219P00280000,AAPL,2025-12-19,280.00,put,8.30,8.40,8.35,75,8.45,31,1565,909,2025-11-24,0.23438,-0.56565,0.02325,-0.11571,0.28417,-0.11278
563,AAPL251219P00282500,AAPL,2025-12-19,282.50,put,9.14,9.88,9.85,57,9.90,5,46,0,2025-11-24,0.23438,-0.6218,0.02246,-0.10939,0.27455,-0.12445
565,AAPL251219P00285000,AAPL,2025-12-19,285.00,put,11.20,11.53,11.50,42,11.55,24,2252,2157,2025-11-24,0.21487,-0.6916,0.02269,-0.08775,0.25418,-0.13844
567,AAPL251219P00287500,AAPL,2025-12-19,287.50,put,12.40,13.35,13.30,21,13.40,10,16,0,2025-11-24,0.21487,-0.74399,0.02074,-0.07664,0.23236,-0.14960
569,AAPL251219P00290000,AAPL,2025-12-19,290.00,put,14.66,15.32,15.30,12,15.35,24,125,708,2025-11-24,0.23438,-0.76955,0.01796,-0.07868,0.21951,-0.15606
571,AAPL251219P00292500,AAPL,2025-12-19,292.50,put,16.60,17.42,17.40,14,17.45,5,4,0,2025-11-24,0.23438,-0.80984,0.01604,-0.06629,0.19606,-0.16505
573,AAPL251219P00295000,AAPL,2025-12-19,295.00,put,19.35,19.67,19.65,31,19.70,29,284,498,2025-11-24,0.23438,-0.8452,0.01407,-0.05372,0.17193,-0.17317
575,AAPL251219P00300000,AAPL,2025-12-19,300.00,put,25.80,24.48,24.45,8,24.50,10,5,17,2025-11-24,0.27341,-0.86355,0.01108,-0.05842,0.15793,-0.18005
577,AAPL251219P00305000,AAPL,2025-12-19,305.00,put,0.00,29.20,27.90,20,30.50,50,0,0,2025-11-24,0.27341,-0.90782,0.00837,-0.03555,0.11937,-0.19149
579,AAPL251219P00310000,AAPL,2025-12-19,310.00,put,0.00,34.20,33.00,20,35.40,30,0,0,2025-11-24,0.31243,-0.91164,0.00710,-0.04191,0.11567,-0.19568
581,AAPL251219P00315000,AAPL,2025-12-19,315.00,put,0.00,39.27,38.05,20,40.50,30,0,0,2025-11-24,0.35146,-0.91391,0.00619,-0.04877,0.11345,-0.19957
583,AAPL251219P00320000,AAPL,2025-12-19,320.00,put,0.00,44.22,43.05,20,45.40,30,0,1,2025-11-24,0.39048,-0.91515,0.00551,-0.05609,0.11221,-0.20328
585,AAPL251219P00325000,AAPL,2025-12-19,325.00,put,0.00,49.27,48.05,20,50.50,30,0,0,2025-11-24,0.42950,-0.91568,0.00499,-0.06384,0.11169,-0.20686
587,AAPL251219P00330000,AAPL,2025-12-19,330.00,put,0.00,54.25,53.10,20,55.40,30,0,0,2025-11-24,0.44901,-0.92531,0.00435,-0.05860,0.10190,-0.21202
589,AAPL251219P00335000,AAPL,2025-12-19,335.00,put,0.00,59.27,58.05,20,60.50,30,0,0,2025-11-24,0.48804,-0.92427,0.00405,-0.06710,0.10298,-0.21531
591,AAPL251219P00340000,AAPL,2025-12-19,340.00,put,0.00,64.28,63.10,20,65.45,30,0,0,2025-11-24,0.50755,-0.93133,0.00361,-0.06284,0.09554,-0.22000
593,AAPL251219P00345000,AAPL,2025-12-19,345.00,put,0.00,69.28,68.05,20,70.50,30,0,0,2025-11-24,0.54657,-0.92947,0.00342,-0.07197,0.09752,-0.22315
595,AAPL251219P00350000,AAPL,2025-12-19,350.00,put,0.00,74.28,73.10,20,75.45,50,0,0,2025-11-24,0.56608,-0.93489,0.00311,-0.06848,0.09168,-0.22754
597,AAPL251219P00360000,AAPL,2025-12-19,360.00,put,0.00,84.25,83.10,20,85.40,50,0,0,2025-11-24,0.62462,-0.93689,0.00275,-0.07535,0.08948,-0.23479
599,AAPL251219P00370000,AAPL,2025-12-19,370.00,put,97.00,94.22,93.10,20,95.35,50,1,1,2025-11-24,0.66364,-0.94375,0.00236,-0.07083,0.08176,-0.24286
601,AAPL251219P00380000,AAPL,2025-12-19,380.00,put,0.00,104.25,103.10,20,105.40,50,0,0,2025-11-24,0.72218,-0.9435,0.00218,-0.07976,0.08205,-0.24971
603,AAPL251219P00390000,AAPL,2025-12-19,390.00,put,0.00,114.25,113.10,20,115.40,50,0,0,2025-11-24,0.78071,-0.94276,0.00204,-0.08963,0.08289,-0.25647
605,AAPL251219P00400000,AAPL,2025-12-19,400.00,put,0.00,124.25,123.10,20,125.40,50,0,0,2025-11-24,0.81974,-0.94644,0.00184,-0.08798,0.07866,-0.26397
607,AAPL251219P00410000,AAPL,2025-12-19,410.00,put,0.00,134.25,133.10,20,135.40,50,0,0,2025-11-24,0.85876,-0.94929,0.00168,-0.08725,0.07532,-0.27132
609,AAPL251219P00420000,AAPL,2025-12-19,420.00,put,0.00,144.25,143.10,20,145.40,50,0,0,2025-11-24,0.91729,-0.94728,0.00162,-0.09939,0.07768,-0.27787
611,AAPL251219P00430000,AAPL,2025-12-19,430.00,put,0.00,154.25,153.10,20,155.40,50,0,0,2025-11-24,0.95632,-0.94918,0.00151,-0.10006,0.07545,-0.28505
613,AAPL251219P00440000,AAPL,2025-12-19,440.00,put,0.00,164.25,163.10,20,165.40,50,0,0,2025-11-24,0.99534,-0.95063,0.00142,-0.10142,0.07372,-0.29216
615,AAPL251219P00450000,AAPL,2025-12-19,450.00,put,0.00,174.25,173.10,20,175.40,50,0,0,2025-11-24,1.03437,-0.95172,0.00134,-0.10340,0.07243,-0.29921
616,AAPL251226C00110000,AAPL,2025-12-26,110.00,call,0.00,166.40,164.45,9,168.35,9,0,0,2025-11-24,1.22948,0.99671,0.00010,-0.02714,0.00812,0.09522
618,AAPL251226C00120000,AAPL,2025-12-26,120.00,call,0.00,156.45,154.50,9,158.40,9,0,0,2025-11-24,1.13192,0.99612,0.00012,-0.02926,0.00943,0.10380
620,AAPL251226C00125000,AAPL,2025-12-26,125.00,call,0.00,151.47,149.50,10,153.45,10,0,0,2025-11-24,1.07339,0.9961,0.00013,-0.02897,0.00945,0.10817
622,AAPL251226C00130000,AAPL,2025-12-26,130.00,call,0.00,146.50,144.55,9,148.45,9,0,0,2025-11-24,1.05388,0.99504,0.00017,-0.03292,0.01173,0.11226
624,AAPL251226C00135000,AAPL,2025-12-26,135.00,call,0.00,141.50,139.55,10,143.45,10,0,0,2025-11-24,0.97583,0.99573,0.00016,-0.02980,0.01025,0.11682
626,AAPL251226C00140000,AAPL,2025-12-26,140.00,call,0.00,136.53,134.55,19,138.50,9,0,0,2025-11-24,0.95632,0.99461,0.00020,-0.03353,0.01263,0.12089
628,AAPL251226C00145000,AAPL,2025-12-26,145.00,call,0.00,131.55,129.60,10,133.50,10,0,0,2025-11-24,0.89778,0.99486,0.00020,-0.03219,0.01212,0.12533
630,AAPL251226C00150000,AAPL,2025-12-26,150.00,call,0.00,126.52,124.60,9,128.45,1,0,0,2025-11-24,0.81974,0.99593,0.00018,-0.02835,0.00982,0.13000
632,AAPL251226C00155000,AAPL,2025-12-26,155.00,call,0.00,121.58,119.65,10,123.50,2,0,0,2025-11-24,0.81974,0.99399,0.00025,-0.03406,0.01392,0.13385
634,AAPL251226C00160000,AAPL,2025-12-26,160.00,call,0.00,116.58,114.65,9,118.50,2,0,0,2025-11-24,0.76120,0.99455,0.00025,-0.03196,0.01276,0.13838
636,AAPL251226C00165000,AAPL,2025-12-26,165.00,call,0.00,111.60,109.70,10,113.50,2,0,0,2025-11-24,0.72218,0.99425,0.00028,-0.03238,0.01337,0.14267
638,AAPL251226C00170000,AAPL,2025-12-26,170.00,call,102.53,106.60,104.70,9,108.50,2,0,1,2025-11-24,0.68315,0.994,0.00030,-0.03265,0.01389,0.14698
640,AAPL251226C00175000,AAPL,2025-12-26,175.00,call,0.00,101.62,99.75,10,103.50,2,0,0,2025-11-24,0.64413,0.9938,0.00033,-0.03274,0.01430,0.15131
642,AAPL251226C00180000,AAPL,2025-12-26,180.00,call,0.00,96.62,94.75,19,98.50,2,0,0,2025-11-24,0.58560,0.99491,0.00031,-0.02989,0.01200,0.15597
644,AAPL251226C00185000,AAPL,2025-12-26,185.00,call,85.28,91.65,89.80,10,93.50,2,0,2,2025-11-24,0.56608,0.9936,0.00039,-0.03242,0.01472,0.16000
646,AAPL251226C00190000,AAPL,2025-12-26,190.00,call,81.70,86.50,84.85,14,88.15,10,0,22,2025-11-24,0.01976,1.0,0.00000,-0.02013,0.00000,0.16601
648,AAPL251226C00195000,AAPL,2025-12-26,195.00,call,74.52,81.53,79.85,15,83.20,10,0,17,2025-11-24,0.01976,1.0,0.00000,-0.02066,0.00000,0.17038
650,AAPL251226C00200000,AAPL,2025-12-26,200.00,call,70.52,76.22,75.05,3,77.40,10,0,2,2025-11-24,0.01976,1.0,0.00000,-0.02119,0.00000,0.17475
652,AAPL251226C00205000,AAPL,2025-12-26,205.00,call,67.10,71.60,69.95,16,73.25,10,0,3,2025-11-24,0.01976,1.0,0.00000,-0.02172,0.00000,0.17912
654,AAPL251226C00210000,AAPL,2025-12-26,210.00,call,57.52,66.10,65.00,14,67.20,10,0,5,2025-11-24,0.01976,1.0,0.00000,-0.02225,0.00000,0.18348
656,AAPL251226C00215000,AAPL,2025-12-26,215.00,call,58.60,61.72,60.05,16,63.40,10,0,10,2025-11-24,0.35146,0.99347,0.00064,-0.03080,0.01498,0.18622
658,AAPL251226C00220000,AAPL,2025-12-26,220.00,call,57.00,56.70,55.70,1114,57.70,36,1,39,2025-11-24,0.29292,0.99647,0.00044,-0.02716,0.00865,0.19134
660,AAPL251226C00225000,AAPL,2025-12-26,225.00,call,47.57,51.50,50.50,9,52.50,19,0,34,2025-11-24,0.01976,1.0,0.00000,-0.02384,0.00000,0.19659
662,AAPL251226C00230000,AAPL,2025-12-26,230.00,call,47.42,47.42,46.25,9,48.60,19,23,32,2025-11-24,0.39048,0.95171,0.00314,-0.07288,0.08195,0.18869
664,AAPL251226C00235000,AAPL,2025-12-26,235.00,call,43.05,42.17,41.65,34,42.70,50,26,121,2025-11-24,0.33194,0.95701,0.00337,-0.06229,0.07464,0.19450
666,AAPL251226C00240000,AAPL,2025-12-26,240.00,call,38.42,37.85,36.75,7,38.95,23,86,119,2025-11-24,0.35146,0.92292,0.00503,-0.08790,0.11808,0.19014
668,AAPL251226C00245000,AAPL,2025-12-26,245.00,call,33.28,32.20,31.85,9,32.55,19,6,79,2025-11-24,0.25390,0.95192,0.00482,-0.05690,0.08166,0.20206
670,AAPL251226C00250000,AAPL,2025-12-26,250.00,call,28.95,27.88,27.35,23,28.40,43,15,196,2025-11-24,0.27341,0.90339,0.00766,-0.08327,0.13981,0.19414
672,AAPL251226C00255000,AAPL,2025-12-26,255.00,call,23.50,23.32,23.25,3,23.40,25,67,69,2025-11-24,0.25390,0.87111,0.01014,-0.09124,0.17180,0.19041
674,AAPL251226C00260000,AAPL,2025-12-26,260.00,call,19.95,19.10,18.70,7,19.50,25,30,168,2025-11-24,0.25390,0.80877,0.01313,-0.11000,0.22258,0.17892
676,AAPL251226C00265000,AAPL,2025-12-26,265.00,call,15.50,15.05,14.85,21,15.25,34,190,1589,2025-11-24,0.23438,0.74716,0.01669,-0.11599,0.26117,0.16774
678,AAPL251226C00270000,AAPL,2025-12-26,270.00,call,11.35,11.32,11.30,9,11.35,59,328,899,2025-11-24,0.23438,0.65404,0.01926,-0.12832,0.30132,0.14818
680,AAPL251226C00275000,AAPL,2025-12-26,275.00,call,8.18,8.15,8.10,8,8.20,84,926,1367,2025-11-24,0.21487,0.55479,0.02251,-0.12382,0.32285,0.12724
683,AAPL251226P00280000,AAPL,2025-12-26,280.00,put,8.40,8.88,8.85,51,8.90,9,75,54,2025-11-24,0.21487,-0.55782,0.02249,-0.09099,0.32250,-0.14258
685,AAPL251226P00285000,AAPL,2025-12-26,285.00,put,11.35,11.93,11.90,59,11.95,2,40,110,2025-11-24,0.21487,-0.66408,0.02078,-0.07929,0.29796,-0.17106
687,AAPL251226P00290000,AAPL,2025-12-26,290.00,put,15.18,15.72,15.25,35,16.20,10,4,184,2025-11-24,0.21487,-0.7571,0.01782,-0.06197,0.25564,-0.19677
689,AAPL251226P00295000,AAPL,2025-12-26,295.00,put,20.35,20.00,19.40,36,20.60,22,3,30,2025-11-24,0.23438,-0.8105,0.01415,-0.05516,0.22134,-0.21361
691,AAPL251226P00300000,AAPL,2025-12-26,300.00,put,23.40,24.98,24.00,35,25.95,7,3,0,2025-11-24,0.27341,-0.82922,0.01136,-0.06160,0.20735,-0.22253
693,AAPL251226P00305000,AAPL,2025-12-26,305.00,put,0.00,29.10,27.15,15,31.05,15,0,0,2025-11-24,0.25390,-0.89436,0.00881,-0.02987,0.14922,-0.24183
695,AAPL251226P00310000,AAPL,2025-12-26,310.00,put,0.00,33.95,32.15,19,35.75,10,0,0,2025-11-24,0.27341,-0.91247,0.00712,-0.02515,0.12995,-0.25045
697,AAPL251226P00315000,AAPL,2025-12-26,315.00,put,0.00,39.10,37.15,15,41.05,15,0,0,2025-11-24,0.31243,-0.91131,0.00629,-0.03319,0.13123,-0.25466
699,AAPL251226P00320000,AAPL,2025-12-26,320.00,put,0.00,44.10,42.15,14,46.05,14,0,0,2025-11-24,0.35146,-0.9098,0.00567,-0.04160,0.13289,-0.25878
701,AAPL251226P00325000,AAPL,2025-12-26,325.00,put,0.00,49.02,47.15,15,50.90,10,0,0,2025-11-24,0.37097,-0.91993,0.00491,-0.03826,0.12154,-0.26552
703,AAPL251226P00330000,AAPL,2025-12-26,330.00,put,0.00,53.95,52.15,14,55.75,10,0,0,2025-11-24,0.39048,-0.92797,0.00430,-0.03546,0.11213,-0.27176
705,AAPL251226P00335000,AAPL,2025-12-26,335.00,put,0.00,59.02,57.15,15,60.90,10,0,0,2025-11-24,0.42950,-0.9244,0.00406,-0.04469,0.11635,-0.27541
707,AAPL251226P00340000,AAPL,2025-12-26,340.00,put,0.00,64.10,62.15,9,66.05,9,0,0,2025-11-24,0.44901,-0.93039,0.00364,-0.04254,0.10922,-0.28117
709,AAPL251226P00345000,AAPL,2025-12-26,345.00,put,0.00,69.10,67.15,10,71.05,10,0,0,2025-11-24,0.48804,-0.92653,0.00349,-0.05229,0.11384,-0.28475
711,AAPL251226P00350000,AAPL,2025-12-26,350.00,put,0.00,74.10,72.15,9,76.05,9,0,0,2025-11-24,0.50755,-0.93119,0.00320,-0.05066,0.10825,-0.29020
713,AAPL251226P00355000,AAPL,2025-12-26,355.00,put,0.00,79.10,77.15,10,81.05,10,0,0,2025-11-24,0.52706,-0.93511,0.00294,-0.04937,0.10345,-0.29549
715,AAPL251226P00360000,AAPL,2025-12-26,360.00,put,0.00,84.10,82.15,9,86.05,9,0,0,2025-11-24,0.56608,-0.93094,0.00287,-0.05977,0.10856,-0.29900
717,AAPL251226P00365000,AAPL,2025-12-26,365.00,put,0.00,89.10,87.15,10,91.05,10,0,0,2025-11-24,0.58560,-0.93413,0.00268,-0.05889,0.10466,-0.30411
719,AAPL251226P00370000,AAPL,2025-12-26,370.00,put,0.00,94.10,92.15,9,96.05,9,0,0,2025-11-24,0.60511,-0.93686,0.00251,-0.05827,0.10127,-0.30912
721,AAPL251226P00375000,AAPL,2025-12-26,375.00,put,0.00,99.10,97.15,10,101.05,10,0,0,2025-11-24,0.62462,-0.9392,0.00236,-0.05790,0.09834,-0.31404
723,AAPL251226P00380000,AAPL,2025-12-26,380.00,put,0.00,104.10,102.15,9,106.05,9,0,0,2025-11-24,0.64413,-0.9412,0.00223,-0.05774,0.09579,-0.31888
725,AAPL251226P00385000,AAPL,2025-12-26,385.00,put,0.00,109.10,107.15,10,111.05,10,0,0,2025-11-24,0.68315,-0.93686,0.00222,-0.06902,0.10127,-0.32236
727,AAPL251226P00390000,AAPL,2025-12-26,390.00,put,0.00,114.10,112.15,9,116.05,9,0,0,2025-11-24,0.70267,-0.93856,0.00211,-0.06918,0.09914,-0.32713
729,AAPL251226P00395000,AAPL,2025-12-26,395.00,put,0.00,119.10,117.15,10,121.05,10,0,0,2025-11-24,0.72218,-0.94003,0.00202,-0.06954,0.09729,-0.33185
731,AAPL251226P00400000,AAPL,2025-12-26,400.00,put,0.00,124.10,122.15,9,126.05,9,0,0,2025-11-24,0.74169,-0.94129,0.00193,-0.07008,0.09568,-0.33653
732,AAPL260102C00110000,AAPL,2026-01-02,110.00,call,0.00,166.53,164.55,1,168.50,2,0,0,2025-11-24,1.15144,0.99589,0.00012,-0.02768,0.01096,0.11568
734,AAPL260102C00120000,AAPL,2026-01-02,120.00,call,0.00,156.55,154.60,1,158.50,2,0,0,2025-11-24,1.03437,0.9959,0.00013,-0.02705,0.01092,0.12634
736,AAPL260102C00125000,AAPL,2026-01-02,125.00,call,0.00,151.53,149.55,1,153.50,2,0,0,2025-11-24,0.95632,0.99656,0.00012,-0.02457,0.00934,0.13189
738,AAPL260102C00130000,AAPL,2026-01-02,130.00,call,0.00,146.57,144.65,1,148.50,2,0,0,2025-11-24,0.91729,0.99625,0.00014,-0.02551,0.01009,0.13711
740,AAPL260102C00135000,AAPL,2026-01-02,135.00,call,0.00,141.57,139.65,1,143.50,2,0,0,2025-11-24,0.85876,0.99655,0.00013,-0.02448,0.00936,0.14254
742,AAPL260102C00140000,AAPL,2026-01-02,140.00,call,0.00,136.55,134.60,1,138.50,2,0,0,2025-11-24,0.78071,0.99746,0.00011,-0.02184,0.00709,0.14816
744,AAPL260102C00145000,AAPL,2026-01-02,145.00,call,126.05,131.60,129.70,1,133.50,2,0,6,2025-11-24,0.76120,0.9968,0.00014,-0.02378,0.00874,0.15327
746,AAPL260102C00150000,AAPL,2026-01-02,150.00,call,122.36,126.60,124.70,1,128.50,2,0,5,2025-11-24,0.70267,0.99734,0.00013,-0.02248,0.00742,0.15877
748,AAPL260102C00155000,AAPL,2026-01-02,155.00,call,0.00,121.65,119.80,1,123.50,2,0,0,2025-11-24,0.70267,0.9959,0.00019,-0.02612,0.01093,0.16363
750,AAPL260102C00160000,AAPL,2026-01-02,160.00,call,0.00,116.58,114.65,1,118.50,2,0,0,2025-11-24,0.01976,1.0,0.00000,-0.01694,0.00000,0.17025
752,AAPL260102C00165000,AAPL,2026-01-02,165.00,call,0.00,111.80,109.80,1,113.80,1,0,0,2025-11-24,0.70267,0.99114,0.00038,-0.03666,0.02162,0.17274
754,AAPL260102C00170000,AAPL,2026-01-02,170.00,call,101.27,106.88,104.85,1,108.90,1,0,6,2025-11-24,0.68315,0.98925,0.00046,-0.04008,0.02561,0.17746
756,AAPL260102C00175000,AAPL,2026-01-02,175.00,call,0.00,101.85,99.80,1,103.90,1,0,0,2025-11-24,0.62462,0.99068,0.00045,-0.03634,0.02261,0.18326
758,AAPL260102C00180000,AAPL,2026-01-02,180.00,call,0.00,96.95,94.90,1,99.00,3,0,0,2025-11-24,0.62462,0.9866,0.00061,-0.04345,0.03099,0.18728
760,AAPL260102C00185000,AAPL,2026-01-02,185.00,call,0.00,91.90,89.80,1,94.00,2,0,0,2025-11-24,0.56608,0.98856,0.00059,-0.03885,0.02703,0.19325
762,AAPL260102C00190000,AAPL,2026-01-02,190.00,call,78.43,86.72,84.95,1,88.50,10,0,1,2025-11-24,0.39048,0.99873,0.00012,-0.02196,0.00377,0.20179
764,AAPL260102C00195000,AAPL,2026-01-02,195.00,call,72.49,81.78,79.95,5,83.60,10,0,4,2025-11-24,0.42950,0.99495,0.00038,-0.02774,0.01317,0.20594
766,AAPL260102C00200000,AAPL,2026-01-02,200.00,call,0.00,76.85,75.05,5,78.65,10,0,0,2025-11-24,0.42950,0.99162,0.00059,-0.03226,0.02060,0.21022
768,AAPL260102C00205000,AAPL,2026-01-02,205.00,call,70.33,71.88,70.05,5,73.70,10,1,1,2025-11-24,0.39048,0.99232,0.00060,-0.03101,0.01906,0.21577
770,AAPL260102C00210000,AAPL,2026-01-02,210.00,call,64.44,66.95,65.15,5,68.75,10,19,2,2025-11-24,0.39048,0.9873,0.00093,-0.03666,0.02959,0.21954
772,AAPL260102C00215000,AAPL,2026-01-02,215.00,call,59.56,62.03,60.20,5,63.85,8,2,1,2025-11-24,0.37097,0.98431,0.00118,-0.03917,0.03551,0.22394
774,AAPL260102C00220000,AAPL,2026-01-02,220.00,call,52.74,57.35,55.75,9,58.95,19,0,4,2025-11-24,0.40999,0.9631,0.00218,-0.06040,0.07277,0.22261
776,AAPL260102C00225000,AAPL,2026-01-02,225.00,call,45.70,52.52,51.00,9,54.05,19,0,4,2025-11-24,0.39048,0.95493,0.00269,-0.06528,0.08560,0.22540
778,AAPL260102C00230000,AAPL,2026-01-02,230.00,call,42.65,47.60,46.00,14,49.20,19,0,150,2025-11-24,0.37097,0.94475,0.00334,-0.07053,0.10069,0.22757
780,AAPL260102C00235000,AAPL,2026-01-02,235.00,call,41.40,42.80,41.20,26,44.40,36,12,29,2025-11-24,0.35146,0.932,0.00414,-0.07614,0.11843,0.22895
782,AAPL260102C00240000,AAPL,2026-01-02,240.00,call,37.09,38.08,36.50,26,39.65,36,21,21,2025-11-24,0.33194,0.91588,0.00516,-0.08208,0.13926,0.22929
784,AAPL260102C00245000,AAPL,2026-01-02,245.00,call,32.50,33.65,32.35,9,34.95,19,1,105,2025-11-24,0.33194,0.88255,0.00658,-0.09792,0.17770,0.22414
786,AAPL260102C00250000,AAPL,2026-01-02,250.00,call,28.75,28.55,27.95,9,29.15,19,220,50,2025-11-24,0.27341,0.88394,0.00792,-0.08467,0.17621,0.23025
788,AAPL260102C00255000,AAPL,2026-01-02,255.00,call,24.35,23.98,23.50,28,24.45,19,2,43,2025-11-24,0.25390,0.85118,0.01013,-0.09053,0.20919,0.22551
790,AAPL260102C00260000,AAPL,2026-01-02,260.00,call,19.80,20.10,19.75,7,20.45,45,224,173,2025-11-24,0.27341,0.77519,0.01216,-0.11535,0.27037,0.20681
792,AAPL260102C00265000,AAPL,2026-01-02,265.00,call,15.40,15.88,15.35,14,16.40,16,25,175,2025-11-24,0.23438,0.7322,0.01558,-0.10906,0.29699,0.19919
794,AAPL260102C00270000,AAPL,2026-01-02,270.00,call,12.52,12.27,12.10,8,12.45,54,105,405,2025-11-24,0.23438,0.64636,0.01759,-0.11841,0.33532,0.17740
796,AAPL260102C00275000,AAPL,2026-01-02,275.00,call,9.14,9.10,8.90,12,9.30,56,289,334,2025-11-24,0.21487,0.55634,0.02038,-0.11352,0.35622,0.15464
799,AAPL260102P00280000,AAPL,2026-01-02,280.00,put,9.40,9.53,9.30,27,9.75,29,12,33,2025-11-24,0.21487,-0.54572,0.02045,-0.08147,0.35745,-0.17084
801,AAPL260102P00285000,AAPL,2026-01-02,285.00,put,11.90,12.48,12.30,85,12.65,9,7,19,2025-11-24,0.21487,-0.64313,0.01925,-0.07249,0.33640,-0.20287
803,AAPL260102P00290000,AAPL,2026-01-02,290.00,put,0.00,16.08,15.55,10,16.60,22,0,209,2025-11-24,0.21487,-0.73054,0.01704,-0.05895,0.29792,-0.23243
805,AAPL260102P00295000,AAPL,2026-01-02,295.00,put,0.00,20.20,19.60,10,20.80,21,0,0,2025-11-24,0.23438,-0.7824,0.01392,-0.05463,0.26538,-0.25246
807,AAPL260102P00300000,AAPL,2026-01-02,300.00,put,0.00,24.68,24.05,9,25.30,19,0,0,2025-11-24,0.23438,-0.84127,0.01145,-0.03832,0.21831,-0.27424
809,AAPL260102P00305000,AAPL,2026-01-02,305.00,put,0.00,29.10,27.10,5,31.10,5,0,0,2025-11-24,0.23438,-0.8879,0.00902,-0.02254,0.17191,-0.29268
811,AAPL260102P00310000,AAPL,2026-01-02,310.00,put,0.00,33.85,32.05,1,35.65,10,0,0,2025-11-24,0.25390,-0.90521,0.00737,-0.01940,0.15219,-0.30297
813,AAPL260102P00315000,AAPL,2026-01-02,315.00,put,0.00,38.85,37.05,1,40.65,10,0,0,2025-11-24,0.29292,-0.90187,0.00655,-0.02804,0.15612,-0.30751
815,AAPL260102P00320000,AAPL,2026-01-02,320.00,put,0.00,43.85,42.05,1,45.65,10,0,0,2025-11-24,0.31243,-0.91302,0.00562,-0.02576,0.14279,-0.31602
817,AAPL260102P00325000,AAPL,2026-01-02,325.00,put,0.00,48.85,47.05,1,50.65,10,0,0,2025-11-24,0.33194,-0.92166,0.00489,-0.02395,0.13197,-0.32381
819,AAPL260102P00330000,AAPL,2026-01-02,330.00,put,0.00,53.85,52.05,1,55.65,10,0,0,2025-11-24,0.37097,-0.91639,0.00459,-0.03332,0.13862,-0.32780
821,AAPL260102P00335000,AAPL,2026-01-02,335.00,put,0.00,59.00,57.05,1,60.95,10,0,0,2025-11-24,0.40999,-0.91146,0.00434,-0.04304,0.14470,-0.33189
823,AAPL260102P00340000,AAPL,2026-01-02,340.00,put,0.00,64.07,62.05,1,66.10,1,0,0,2025-11-24,0.42950,-0.91739,0.00393,-0.04192,0.13737,-0.33891
825,AAPL260102P00345000,AAPL,2026-01-02,345.00,put,0.00,69.07,67.05,1,71.10,1,0,0,2025-11-24,0.44901,-0.92229,0.00359,-0.04112,0.13116,-0.34563
827,AAPL260102P00350000,AAPL,2026-01-02,350.00,put,0.00,74.07,72.05,1,76.10,1,0,0,2025-11-24,0.48804,-0.91698,0.00347,-0.05149,0.13789,-0.34962
829,AAPL260102P00355000,AAPL,2026-01-02,355.00,put,0.00,79.07,77.05,1,81.10,1,0,0,2025-11-24,0.50755,-0.92088,0.00322,-0.05110,0.13297,-0.35606
831,AAPL260102P00360000,AAPL,2026-01-02,360.00,put,0.00,84.07,82.05,1,86.10,1,0,0,2025-11-24,0.52706,-0.92417,0.00300,-0.05095,0.12874,-0.36233
833,AAPL260102P00365000,AAPL,2026-01-02,365.00,put,0.00,89.07,87.05,1,91.10,1,0,0,2025-11-24,0.54657,-0.92695,0.00281,-0.05102,0.12512,-0.36845
835,AAPL260102P00370000,AAPL,2026-01-02,370.00,put,0.00,94.07,92.05,1,96.10,1,0,0,2025-11-24,0.56608,-0.9293,0.00265,-0.05130,0.12202,-0.37446
837,AAPL260102P00375000,AAPL,2026-01-02,375.00,put,0.00,99.07,97.05,1,101.10,1,0,0,2025-11-24,0.58560,-0.93129,0.00251,-0.05178,0.11937,-0.38036
839,AAPL260102P00380000,AAPL,2026-01-02,380.00,put,0.00,104.07,102.05,1,106.10,1,0,0,2025-11-24,0.60511,-0.93297,0.00238,-0.05244,0.11712,-0.38618
841,AAPL260102P00385000,AAPL,2026-01-02,385.00,put,0.00,109.07,107.05,1,111.10,1,0,0,2025-11-24,0.62462,-0.93438,0.00227,-0.05327,0.11521,-0.39192
843,AAPL260102P00390000,AAPL,2026-01-02,390.00,put,0.00,114.07,112.05,1,116.10,1,0,0,2025-11-24,0.64413,-0.93556,0.00217,-0.05425,0.11360,-0.39760
845,AAPL260102P00395000,AAPL,2026-01-02,395.00,put,0.00,119.07,117.05,1,121.10,1,0,0,2025-11-24,0.66364,-0.93653,0.00208,-0.05540,0.11226,-0.40322
847,AAPL260102P00400000,AAPL,2026-01-02,400.00,put,0.00,124.07,122.05,1,126.10,1,0,0,2025-11-24,0.68315,-0.93733,0.00200,-0.05668,0.11116,-0.40880
848,AAPL260116C00005000,AAPL,2026-01-16,5.00,call,266.45,270.77,269.10,8,272.45,32,0,30,2025-11-24,0.01976,1.0,0.00000,-0.00053,0.00000,0.00722
850,AAPL260116C00010000,AAPL,2026-01-16,10.00,call,264.65,266.07,264.15,15,268.00,2,0,1,2025-11-24,3.39528,0.99935,0.00001,-0.00867,0.00239,0.01404
852,AAPL260116C00015000,AAPL,2026-01-16,15.00,call,252.05,261.10,259.20,15,263.00,2,0,0,2025-11-24,2.96603,0.99917,0.00001,-0.00986,0.00297,0.02118
854,AAPL260116C00020000,AAPL,2026-01-16,20.00,call,247.35,256.10,254.20,6,258.00,2,0,26,2025-11-24,2.55628,0.99928,0.00001,-0.00839,0.00261,0.02849
856,AAPL260116C00025000,AAPL,2026-01-16,25.00,call,250.05,251.12,249.25,15,253.00,2,0,13,2025-11-24,2.30263,0.99927,0.00001,-0.00839,0.00266,0.03571
858,AAPL260116C00030000,AAPL,2026-01-16,30.00,call,239.99,246.15,244.30,15,248.00,2,0,133,2025-11-24,2.12702,0.99918,0.00001,-0.00904,0.00294,0.04290
860,AAPL260116C00035000,AAPL,2026-01-16,35.00,call,221.72,241.15,239.30,15,243.00,2,0,43,2025-11-24,1.85386,0.99949,0.00001,-0.00702,0.00191,0.05028
862,AAPL260116C00040000,AAPL,2026-01-16,40.00,call,223.28,236.18,234.35,15,238.00,2,0,27,2025-11-24,1.75630,0.99938,0.00001,-0.00799,0.00229,0.05745
864,AAPL260116C00045000,AAPL,2026-01-16,45.00,call,197.13,231.20,229.40,15,233.00,2,0,90,2025-11-24,1.60021,0.9995,0.00001,-0.00758,0.00188,0.06473
866,AAPL260116C00050000,AAPL,2026-01-16,50.00,call,223.00,226.38,224.40,15,228.35,13,0,1340,2025-11-24,1.83435,0.99745,0.00004,-0.01955,0.00829,0.07091
868,AAPL260116C00055000,AAPL,2026-01-16,55.00,call,213.39,221.40,219.45,15,223.35,1,0,292,2025-11-24,1.71728,0.99745,0.00004,-0.01919,0.00831,0.07815
870,AAPL260116C00060000,AAPL,2026-01-16,60.00,call,171.17,216.45,214.50,15,218.40,13,0,379,2025-11-24,1.65874,0.99692,0.00005,-0.02166,0.00986,0.08511
872,AAPL260116C00065000,AAPL,2026-01-16,65.00,call,196.60,211.47,209.50,15,213.45,15,0,82,2025-11-24,1.56118,0.9969,0.00006,-0.02135,0.00991,0.09234
874,AAPL260116C00070000,AAPL,2026-01-16,70.00,call,180.48,206.53,204.55,15,208.50,13,0,172,2025-11-24,1.52216,0.99614,0.00007,-0.02457,0.01205,0.09920
876,AAPL260116C00075000,AAPL,2026-01-16,75.00,call,182.23,201.55,199.60,15,203.50,15,0,268,2025-11-24,1.42460,0.99633,0.00007,-0.02328,0.01152,0.10653
878,AAPL260116C00080000,AAPL,2026-01-16,80.00,call,192.28,196.55,194.60,15,198.50,2,0,499,2025-11-24,1.34655,0.99632,0.00008,-0.02300,0.01155,0.11377
880,AAPL260116C00085000,AAPL,2026-01-16,85.00,call,184.00,191.57,189.65,15,193.50,2,0,230,2025-11-24,1.26851,0.99642,0.00008,-0.02236,0.01128,0.12105
882,AAPL260116C00090000,AAPL,2026-01-16,90.00,call,182.30,186.60,184.70,15,188.50,2,0,214,2025-11-24,1.20997,0.99624,0.00009,-0.02285,0.01180,0.12820
884,AAPL260116C00095000,AAPL,2026-01-16,95.00,call,181.50,181.60,179.70,16,183.50,2,0,105,2025-11-24,1.13192,0.99654,0.00009,-0.02160,0.01094,0.13558
886,AAPL260116C00100000,AAPL,2026-01-16,100.00,call,170.00,176.60,175.70,22,177.50,22,0,1950,2025-11-24,1.05388,0.99695,0.00008,-0.02018,0.00977,0.14300
888,AAPL260116C00105000,AAPL,2026-01-16,105.00,call,156.55,171.65,169.80,15,173.50,2,0,200,2025-11-24,1.03437,0.99612,0.00011,-0.02279,0.01211,0.14984
890,AAPL260116C00110000,AAPL,2026-01-16,110.00,call,164.00,166.68,164.85,15,168.50,2,0,353,2025-11-24,0.97583,0.99625,0.00011,-0.02231,0.01174,0.15714
892,AAPL260116C00115000,AAPL,2026-01-16,115.00,call,153.23,161.62,160.05,4,163.20,4,0,290,2025-11-24,0.83925,0.99822,0.00006,-0.01685,0.00601,0.16526
894,AAPL260116C00120000,AAPL,2026-01-16,120.00,call,155.00,156.68,155.10,5,158.25,3,0,798,2025-11-24,0.83925,0.99729,0.00009,-0.01954,0.00877,0.17207
896,AAPL260116C00125000,AAPL,2026-01-16,125.00,call,151.50,151.70,151.15,20,152.25,30,202,721,2025-11-24,0.80022,0.99718,0.00010,-0.02000,0.00911,0.17924
898,AAPL260116C00130000,AAPL,2026-01-16,130.00,call,138.79,147.18,145.45,1,148.90,20,0,616,2025-11-24,0.97583,0.98696,0.00033,-0.04580,0.03529,0.18171
900,AAPL260116C00135000,AAPL,2026-01-16,135.00,call,142.22,141.77,140.20,5,143.35,5,1,297,2025-11-24,0.74169,0.99643,0.00014,-0.02202,0.01124,0.19336
902,AAPL260116C00140000,AAPL,2026-01-16,140.00,call,130.50,136.68,135.10,20,138.25,1,0,955,2025-11-24,0.01976,1.0,0.00000,-0.01480,0.00000,0.20215
904,AAPL260116C00145000,AAPL,2026-01-16,145.00,call,124.64,131.45,130.55,5,132.35,1,0,362,2025-11-24,0.01976,1.0,0.00000,-0.01533,0.00000,0.20937
906,AAPL260116C00150000,AAPL,2026-01-16,150.00,call,126.75,126.97,126.60,20,127.35,11,93,57067,2025-11-24,0.70267,0.99247,0.00028,-0.03009,0.02184,0.21328
908,AAPL260116C00155000,AAPL,2026-01-16,155.00,call,122.22,122.25,121.45,21,123.05,92,7,2246,2025-11-24,0.76120,0.98432,0.00049,-0.04557,0.04135,0.21681
910,AAPL260116C00160000,AAPL,2026-01-16,160.00,call,116.90,117.03,116.60,20,117.45,4,79,10403,2025-11-24,0.64413,0.991,0.00036,-0.03215,0.02554,0.22710
912,AAPL260116C00165000,AAPL,2026-01-16,165.00,call,103.62,112.05,111.65,1,112.45,4,0,6196,2025-11-24,0.60511,0.9911,0.00038,-0.03161,0.02532,0.23438
914,AAPL260116C00170000,AAPL,2026-01-16,170.00,call,108.00,107.12,106.80,15,107.45,7,5,5116,2025-11-24,0.58560,0.98948,0.00045,-0.03382,0.02929,0.24090
916,AAPL260116C00175000,AAPL,2026-01-16,175.00,call,101.62,102.20,101.85,1,102.55,15,3,16742,2025-11-24,0.56608,0.98761,0.00054,-0.03614,0.03377,0.24732
918,AAPL260116C00180000,AAPL,2026-01-16,180.00,call,97.50,97.17,96.80,20,97.55,45,19,43967,2025-11-24,0.52706,0.98794,0.00057,-0.03504,0.03298,0.25471
920,AAPL260116C00185000,AAPL,2026-01-16,185.00,call,92.00,92.25,91.85,19,92.65,25,89,6777,2025-11-24,0.50755,0.98584,0.00068,-0.03726,0.03790,0.26103
922,AAPL260116C00190000,AAPL,2026-01-16,190.00,call,86.50,87.33,86.95,15,87.70,15,12,5464,2025-11-24,0.48804,0.98339,0.00081,-0.03957,0.04345,0.26721
924,AAPL260116C00195000,AAPL,2026-01-16,195.00,call,77.95,82.42,82.05,22,82.80,11,0,8024,2025-11-24,0.46853,0.98054,0.00096,-0.04199,0.04974,0.27322
926,AAPL260116C00200000,AAPL,2026-01-16,200.00,call,78.50,77.45,77.10,98,77.80,26,47,21828,2025-11-24,0.44901,0.97721,0.00115,-0.04451,0.05686,0.27903
928,AAPL260116C00205000,AAPL,2026-01-16,205.00,call,73.00,72.40,72.10,14,72.70,36,2,6516,2025-11-24,0.40999,0.97809,0.00121,-0.04226,0.05499,0.28668
930,AAPL260116C00210000,AAPL,2026-01-16,210.00,call,68.34,67.55,67.35,17,67.75,35,20,14658,2025-11-24,0.39048,0.97423,0.00146,-0.04461,0.06302,0.29228
932,AAPL260116C00215000,AAPL,2026-01-16,215.00,call,63.30,62.73,62.45,17,63.00,65,12,12401,2025-11-24,0.39048,0.96318,0.00196,-0.05277,0.08468,0.29476
934,AAPL260116C00220000,AAPL,2026-01-16,220.00,call,58.50,57.67,57.65,22,57.70,18,226,13984,2025-11-24,0.35146,0.96408,0.00214,-0.04966,0.08299,0.30246
936,AAPL260116C00225000,AAPL,2026-01-16,225.00,call,54.05,52.83,52.80,30,52.85,53,57,25749,2025-11-24,0.33194,0.95734,0.00260,-0.05236,0.09545,0.30686
938,AAPL260116C00230000,AAPL,2026-01-16,230.00,call,49.22,48.05,48.00,8,48.10,53,133,21025,2025-11-24,0.31243,0.94906,0.00319,-0.05518,0.11006,0.31062
940,AAPL260116C00235000,AAPL,2026-01-16,235.00,call,44.54,43.33,43.30,25,43.35,26,62,25719,2025-11-24,0.31243,0.92719,0.00421,-0.06547,0.14550,0.30852
942,AAPL260116C00240000,AAPL,2026-01-16,240.00,call,38.85,38.65,38.60,25,38.70,50,255,28820,2025-11-24,0.29292,0.91242,0.00517,-0.06890,0.16731,0.30956
944,AAPL260116C00245000,AAPL,2026-01-16,245.00,call,35.25,34.08,34.05,27,34.10,24,151,18158,2025-11-24,0.29292,0.87922,0.00653,-0.08054,0.21129,0.30257
946,AAPL260116C00250000,AAPL,2026-01-16,250.00,call,30.80,29.65,29.60,23,29.70,54,755,48710,2025-11-24,0.27341,0.85384,0.00797,-0.08404,0.24093,0.29912
948,AAPL260116C00255000,AAPL,2026-01-16,255.00,call,26.39,25.38,25.35,25,25.40,40,161,33408,2025-11-24,0.27341,0.80592,0.00956,-0.09547,0.28905,0.28572
950,AAPL260116C00260000,AAPL,2026-01-16,260.00,call,21.35,21.33,21.30,21,21.35,46,662,61618,2025-11-24,0.25390,0.7645,0.01152,-0.09765,0.32348,0.27545
952,AAPL260116C00265000,AAPL,2026-01-16,265.00,call,18.51,17.58,17.55,10,17.60,35,2042,33634,2025-11-24,0.25390,0.69986,0.01303,-0.10622,0.36565,0.25460
954,AAPL260116C00270000,AAPL,2026-01-16,270.00,call,14.10,14.10,14.10,3,14.10,97,1888,89202,2025-11-24,0.23438,0.63705,0.01522,-0.10443,0.39445,0.23510
956,AAPL260116C00275000,AAPL,2026-01-16,275.00,call,11.25,10.97,10.95,11,11.00,8,2340,20872,2025-11-24,0.23438,0.5577,0.01602,-0.10696,0.41506,0.20737
959,AAPL260116P00280000,AAPL,2026-01-16,280.00,put,11.05,10.98,10.90,75,11.05,15,273,1801,2025-11-24,0.23438,-0.52257,0.01616,-0.07608,0.41878,-0.22560
961,AAPL260116P00285000,AAPL,2026-01-16,285.00,put,13.35,13.78,13.75,55,13.80,11,116,1031,2025-11-24,0.23438,-0.60055,0.01567,-0.07067,0.40606,-0.26115
963,AAPL260116P00290000,AAPL,2026-01-16,290.00,put,16.25,17.08,17.05,19,17.10,9,37,855,2025-11-24,0.21487,-0.69079,0.01560,-0.05307,0.37052,-0.30108
965,AAPL260116P00295000,AAPL,2026-01-16,295.00,put,20.15,20.88,20.85,28,20.90,2,11,705,2025-11-24,0.23438,-0.73921,0.01318,-0.05160,0.34158,-0.32686
967,AAPL260116P00300000,AAPL,2026-01-16,300.00,put,24.80,25.05,25.00,36,25.10,17,505,684,2025-11-24,0.23438,-0.79647,0.01148,-0.03974,0.29746,-0.35554
969,AAPL260116P00305000,AAPL,2026-01-16,305.00,put,31.95,29.58,29.55,6,29.60,2,1,101,2025-11-24,0.25390,-0.82357,0.00971,-0.03793,0.27243,-0.37323
971,AAPL260116P00310000,AAPL,2026-01-16,310.00,put,0.00,34.48,34.45,1,34.50,1,0,2,2025-11-24,0.27341,-0.84415,0.00832,-0.03642,0.25144,-0.38842
973,AAPL260116P00315000,AAPL,2026-01-16,315.00,put,0.00,39.52,39.40,1,39.65,4,0,0,2025-11-24,0.29292,-0.86003,0.00723,-0.03525,0.23399,-0.40179
975,AAPL260116P00320000,AAPL,2026-01-16,320.00,put,0.00,44.08,42.65,1,45.50,15,0,1,2025-11-24,0.31243,-0.87245,0.00636,-0.03440,0.21951,-0.41383
977,AAPL260116P00325000,AAPL,2026-01-16,325.00,put,0.00,49.02,47.65,5,50.40,10,0,0,2025-11-24,0.33194,-0.88229,0.00565,-0.03387,0.20749,-0.42488
979,AAPL260116P00330000,AAPL,2026-01-16,330.00,put,0.00,54.00,52.65,5,55.35,10,0,0,2025-11-24,0.35146,-0.89016,0.00508,-0.03362,0.19749,-0.43517
981,AAPL260116P00335000,AAPL,2026-01-16,335.00,put,0.00,59.02,57.65,1,60.40,10,0,0,2025-11-24,0.37097,-0.89652,0.00461,-0.03363,0.18917,-0.44488
983,AAPL260116P00340000,AAPL,2026-01-16,340.00,put,0.00,64.00,62.65,5,65.35,10,0,0,2025-11-24,0.39048,-0.90169,0.00422,-0.03388,0.18224,-0.45414
985,AAPL260116P00350000,AAPL,2026-01-16,350.00,put,0.00,74.05,72.75,5,75.35,10,0,0,2025-11-24,0.42950,-0.90936,0.00361,-0.03502,0.17164,-0.47164
987,AAPL260116P00360000,AAPL,2026-01-16,360.00,put,0.00,84.05,82.75,5,85.35,10,0,3,2025-11-24,0.48804,-0.9044,0.00331,-0.04673,0.17854,-0.48460
989,AAPL260116P00370000,AAPL,2026-01-16,370.00,put,0.00,94.05,92.75,5,95.35,10,0,0,2025-11-24,0.52706,-0.90863,0.00296,-0.04919,0.17267,-0.50079
991,AAPL260116P00380000,AAPL,2026-01-16,380.00,put,0.00,104.05,102.75,1,105.35,10,0,0,2025-11-24,0.56608,-0.91146,0.00270,-0.05227,0.16868,-0.51645
993,AAPL260116P00390000,AAPL,2026-01-16,390.00,put,0.00,114.05,112.75,5,115.35,10,0,0,2025-11-24,0.58560,-0.9213,0.00238,-0.04616,0.15438,-0.53451
995,AAPL260116P00400000,AAPL,2026-01-16,400.00,put,0.00,124.05,122.75,1,125.35,10,0,0,2025-11-24,0.62462,-0.92184,0.00222,-0.05029,0.15359,-0.54931
997,AAPL260116P00410000,AAPL,2026-01-16,410.00,put,0.00,134.05,132.75,5,135.35,10,0,0,2025-11-24,0.66364,-0.92181,0.00209,-0.05489,0.15362,-0.56392
999,AAPL260116P00420000,AAPL,2026-01-16,420.00,put,0.00,143.93,142.30,13,145.55,15,0,0,2025-11-24,0.68315,-0.92815,0.00191,-0.05032,0.14403,-0.58067
1001,AAPL260116P00430000,AAPL,2026-01-16,430.00,put,0.00,153.93,152.30,13,155.55,15,0,0,2025-11-24,0.72218,-0.92705,0.00183,-0.05573,0.14572,-0.59488
1003,AAPL260116P00440000,AAPL,2026-01-16,440.00,put,0.00,163.93,162.30,13,165.55,15,0,0,2025-11-24,0.76120,-0.92568,0.00176,-0.06155,0.14780,-0.60900
1005,AAPL260116P00450000,AAPL,2026-01-16,450.00,put,0.00,173.93,172.30,13,175.55,15,0,0,2025-11-24,0.78071,-0.93009,0.00163,-0.05811,0.14103,-0.62504
1006,AAPL260220C00100000,AAPL,2026-02-20,100.00,call,169.59,176.82,175.05,22,178.60,1,0,17,2025-11-24,0.01976,1.0,0.00000,-0.01053,0.00000,0.23885
1008,AAPL260220C00105000,AAPL,2026-02-20,105.00,call,167.74,172.05,170.10,22,174.00,22,0,2,2025-11-24,0.80022,0.99631,0.00010,-0.01772,0.01493,0.24800
1010,AAPL260220C00110000,AAPL,2026-02-20,110.00,call,159.97,167.07,165.15,22,169.00,2,0,61,2025-11-24,0.76120,0.99623,0.00011,-0.01804,0.01521,0.25991
1012,AAPL260220C00115000,AAPL,2026-02-20,115.00,call,157.84,162.10,160.20,17,164.00,2,0,1,2025-11-24,0.70267,0.99689,0.00010,-0.01712,0.01279,0.27237
1014,AAPL260220C00120000,AAPL,2026-02-20,120.00,call,154.80,157.12,155.25,22,159.00,2,0,76,2025-11-24,0.66364,0.99699,0.00010,-0.01723,0.01243,0.28440
1016,AAPL260220C00125000,AAPL,2026-02-20,125.00,call,144.90,152.18,150.35,22,154.00,2,0,36,2025-11-24,0.64413,0.99644,0.00012,-0.01834,0.01446,0.29594
1018,AAPL260220C00130000,AAPL,2026-02-20,130.00,call,135.28,147.35,145.40,22,149.30,22,0,97,2025-11-24,0.66364,0.99381,0.00019,-0.02242,0.02368,0.30591
1020,AAPL260220C00135000,AAPL,2026-02-20,135.00,call,141.10,142.40,140.45,17,144.35,1,0,11,2025-11-24,0.64413,0.99281,0.00023,-0.02387,0.02702,0.31712
1022,AAPL260220C00140000,AAPL,2026-02-20,140.00,call,128.00,137.45,135.50,17,139.40,1,0,141,2025-11-24,0.60511,0.99312,0.00023,-0.02346,0.02600,0.32933
1024,AAPL260220C00145000,AAPL,2026-02-20,145.00,call,126.50,132.23,130.55,22,133.90,30,0,15,2025-11-24,0.01976,1.0,0.00000,-0.01527,0.00000,0.34633
1026,AAPL260220C00150000,AAPL,2026-02-20,150.00,call,122.70,127.38,125.80,1,128.95,33,0,130,2025-11-24,0.48804,0.99656,0.00016,-0.01958,0.01403,0.35581
1028,AAPL260220C00155000,AAPL,2026-02-20,155.00,call,123.22,122.38,120.70,22,124.05,30,5,29,2025-11-24,0.40999,0.9987,0.00008,-0.01763,0.00580,0.36930
1030,AAPL260220C00160000,AAPL,2026-02-20,160.00,call,112.90,117.55,116.00,5,119.10,14,0,167,2025-11-24,0.46853,0.99421,0.00026,-0.02261,0.02233,0.37800
1032,AAPL260220C00165000,AAPL,2026-02-20,165.00,call,104.22,112.53,110.85,22,114.20,10,0,59,2025-11-24,0.40999,0.99655,0.00019,-0.02055,0.01407,0.39166
1034,AAPL260220C00170000,AAPL,2026-02-20,170.00,call,101.76,107.70,106.10,5,109.30,35,0,128,2025-11-24,0.44901,0.9906,0.00042,-0.02633,0.03422,0.39929
1036,AAPL260220C00175000,AAPL,2026-02-20,175.00,call,95.26,102.75,101.10,5,104.40,30,0,96,2025-11-24,0.42950,0.98952,0.00048,-0.02728,0.03760,0.41048
1038,AAPL260220C00180000,AAPL,2026-02-20,180.00,call,95.85,97.90,96.30,5,99.50,35,1,178,2025-11-24,0.42950,0.98519,0.00064,-0.03087,0.05073,0.41929
1040,AAPL260220C00185000,AAPL,2026-02-20,185.00,call,87.42,93.03,91.45,5,94.60,35,0,168,2025-11-24,0.40999,0.98353,0.00074,-0.03191,0.05558,0.43007
1042,AAPL260220C00190000,AAPL,2026-02-20,190.00,call,80.28,88.22,86.70,14,89.75,43,0,190,2025-11-24,0.40999,0.97727,0.00097,-0.03631,0.07309,0.43748
1044,AAPL260220C00195000,AAPL,2026-02-20,195.00,call,78.90,83.45,82.00,14,84.90,44,0,426,2025-11-24,0.40999,0.96935,0.00125,-0.04142,0.09383,0.44366
1046,AAPL260220C00200000,AAPL,2026-02-20,200.00,call,76.81,78.60,77.25,14,79.95,39,1,1417,2025-11-24,0.39048,0.96585,0.00143,-0.04274,0.10259,0.45314
1048,AAPL260220C00205000,AAPL,2026-02-20,205.00,call,74.00,73.80,72.45,60,75.15,46,1,760,2025-11-24,0.39048,0.95489,0.00180,-0.04870,0.12867,0.45709
1050,AAPL260220C00210000,AAPL,2026-02-20,210.00,call,70.00,69.12,68.15,35,70.10,88,21,1110,2025-11-24,0.37097,0.94962,0.00206,-0.05015,0.14057,0.46534
1052,AAPL260220C00215000,AAPL,2026-02-20,215.00,call,65.40,64.42,63.75,9,65.10,80,31,1319,2025-11-24,0.37097,0.93474,0.00253,-0.05689,0.17232,0.46640
1054,AAPL260220C00220000,AAPL,2026-02-20,220.00,call,59.00,59.35,59.10,13,59.60,73,19,2690,2025-11-24,0.33194,0.9368,0.00276,-0.05287,0.16807,0.48025
1056,AAPL260220C00225000,AAPL,2026-02-20,225.00,call,54.30,54.85,54.70,13,55.00,39,4,2871,2025-11-24,0.33194,0.91782,0.00337,-0.05986,0.20554,0.47841
1058,AAPL260220C00230000,AAPL,2026-02-20,230.00,call,51.20,50.20,50.15,9,50.25,55,22,5553,2025-11-24,0.31243,0.90729,0.00392,-0.06122,0.22490,0.48298
1060,AAPL260220C00235000,AAPL,2026-02-20,235.00,call,45.50,45.73,45.70,8,45.75,49,15,4149,2025-11-24,0.31243,0.88181,0.00468,-0.06860,0.26813,0.47635
1062,AAPL260220C00240000,AAPL,2026-02-20,240.00,call,41.55,41.33,41.30,8,41.35,34,215,5703,2025-11-24,0.31243,0.85241,0.00545,-0.07605,0.31248,0.46673
1064,AAPL260220C00245000,AAPL,2026-02-20,245.00,call,37.87,37.08,37.05,10,37.10,39,21,6146,2025-11-24,0.29292,0.8323,0.00632,-0.07704,0.33985,0.46449
1066,AAPL260220C00250000,AAPL,2026-02-20,250.00,call,33.73,32.95,32.90,8,33.00,45,95,5778,2025-11-24,0.29292,0.7947,0.00717,-0.08390,0.38527,0.44870
1068,AAPL260220C00255000,AAPL,2026-02-20,255.00,call,30.00,29.00,28.95,17,29.05,65,184,44922,2025-11-24,0.27341,0.76551,0.00829,-0.08400,0.41584,0.43997
1070,AAPL260220C00260000,AAPL,2026-02-20,260.00,call,25.20,25.17,25.15,8,25.20,73,63,9731,2025-11-24,0.27341,0.71887,0.00911,-0.08938,0.45695,0.41728
1072,AAPL260220C00265000,AAPL,2026-02-20,265.00,call,21.65,21.60,21.55,35,21.65,55,522,7384,2025-11-24,0.27341,0.66916,0.00979,-0.09358,0.49114,0.39192
1074,AAPL260220C00270000,AAPL,2026-02-20,270.00,call,18.40,18.38,18.35,10,18.40,49,846,12342,2025-11-24,0.25390,0.62223,0.01105,-0.09060,0.51492,0.37020
1076,AAPL260220C00275000,AAPL,2026-02-20,275.00,call,15.35,15.38,15.35,10,15.40,52,986,15114,2025-11-24,0.25390,0.5652,0.01144,-0.09186,0.53326,0.33877
1078,AAPL260220C00280000,AAPL,2026-02-20,280.00,call,13.30,12.68,12.65,5,12.70,52,410,7724,2025-11-24,0.25390,0.50783,0.01160,-0.09147,0.54039,0.30642
1081,AAPL260220P00285000,AAPL,2026-02-20,285.00,put,17.03,17.07,17.00,11,17.15,30,8,938,2025-11-24,0.25390,-0.54869,0.01151,-0.05945,0.53646,-0.40677
1083,AAPL260220P00290000,AAPL,2026-02-20,290.00,put,19.60,20.05,19.95,42,20.15,29,71,368,2025-11-24,0.25390,-0.60328,0.01121,-0.05548,0.52227,-0.45054
1085,AAPL260220P00295000,AAPL,2026-02-20,295.00,put,23.75,23.40,23.30,18,23.50,19,9,55,2025-11-24,0.25390,-0.65504,0.01071,-0.05027,0.49914,-0.49304
1087,AAPL260220P00300000,AAPL,2026-02-20,300.00,put,27.15,27.05,26.95,35,27.15,23,95,377,2025-11-24,0.25390,-0.70326,0.01006,-0.04408,0.46872,-0.53374
1089,AAPL260220P00310000,AAPL,2026-02-20,310.00,put,34.45,35.20,34.65,65,35.75,29,6,173,2025-11-24,0.25390,-0.78722,0.00844,-0.02994,0.39348,-0.60834
1091,AAPL260220P00320000,AAPL,2026-02-20,320.00,put,0.00,44.15,42.85,9,45.45,9,0,0,2025-11-24,0.27341,-0.83328,0.00675,-0.02346,0.33857,-0.66087
1093,AAPL260220P00330000,AAPL,2026-02-20,330.00,put,0.00,54.08,52.45,1,55.70,17,0,0,2025-11-24,0.31243,-0.84826,0.00555,-0.02587,0.31831,-0.69479
1095,AAPL260220P00340000,AAPL,2026-02-20,340.00,put,0.00,64.05,62.40,5,65.70,17,0,0,2025-11-24,0.35146,-0.85761,0.00473,-0.02894,0.30503,-0.72514
1097,AAPL260220P00350000,AAPL,2026-02-20,350.00,put,0.00,74.10,72.50,1,75.70,17,0,0,2025-11-24,0.39048,-0.8634,0.00414,-0.03258,0.29653,-0.75325
1099,AAPL260220P00360000,AAPL,2026-02-20,360.00,put,0.00,84.10,82.50,1,85.70,17,0,0,2025-11-24,0.42950,-0.86682,0.00370,-0.03673,0.29143,-0.77988
1101,AAPL260220P00370000,AAPL,2026-02-20,370.00,put,0.00,94.10,92.50,1,95.70,17,0,0,2025-11-24,0.44901,-0.88062,0.00328,-0.03308,0.27003,-0.81219
1103,AAPL260220P00380000,AAPL,2026-02-20,380.00,put,0.00,104.08,102.40,5,105.75,17,0,0,2025-11-24,0.48804,-0.88036,0.00302,-0.03811,0.27045,-0.83654
1105,AAPL260220P00390000,AAPL,2026-02-20,390.00,put,0.00,114.08,112.40,5,115.75,17,0,0,2025-11-24,0.52706,-0.87931,0.00281,-0.04355,0.27211,-0.86044
1107,AAPL260220P00400000,AAPL,2026-02-20,400.00,put,0.00,124.12,122.50,1,125.75,17,0,0,2025-11-24,0.54657,-0.88775,0.00258,-0.04105,0.25847,-0.88945
1109,AAPL260220P00410000,AAPL,2026-02-20,410.00,put,0.00,134.07,132.40,5,135.75,17,0,0,2025-11-24,0.58560,-0.88514,0.00244,-0.04719,0.26275,-0.91241
1111,AAPL260220P00420000,AAPL,2026-02-20,420.00,put,0.00,144.07,142.40,5,145.75,17,0,0,2025-11-24,0.60511,-0.8914,0.00227,-0.04533,0.25241,-0.94011
1113,AAPL260220P00430000,AAPL,2026-02-20,430.00,put,0.00,154.07,152.40,5,155.75,17,0,0,2025-11-24,0.64413,-0.88783,0.00219,-0.05211,0.25834,-0.96252
1115,AAPL260220P00440000,AAPL,2026-02-20,440.00,put,0.00,164.12,162.50,1,165.75,17,0,0,2025-11-24,0.66364,-0.8926,0.00206,-0.05080,0.25041,-0.98932
1117,AAPL260220P00450000,AAPL,2026-02-20,450.00,put,0.00,174.07,172.40,5,175.75,17,0,0,2025-11-24,0.68315,-0.89663,0.00194,-0.04976,0.24357,-1.01569
1118,AAPL260320C00090000,AAPL,2026-03-20,90.00,call,183.54,186.90,185.30,5,188.50,5,0,134,2025-11-24,0.01976,1.0,0.00000,-0.00945,0.00000,0.28252
1120,AAPL260320C00095000,AAPL,2026-03-20,95.00,call,118.29,182.12,180.25,26,184.00,2,0,8,2025-11-24,0.66364,0.99893,0.00003,-0.01153,0.00557,0.29717
1122,AAPL260320C00100000,AAPL,2026-03-20,100.00,call,173.28,177.15,175.30,26,179.00,2,0,52,2025-11-24,0.54657,0.99976,0.00001,-0.01083,0.00142,0.31368
1124,AAPL260320C00105000,AAPL,2026-03-20,105.00,call,170.67,172.35,170.40,26,174.30,26,0,30,2025-11-24,0.70267,0.99619,0.00010,-0.01624,0.01765,0.32581
1126,AAPL260320C00110000,AAPL,2026-03-20,110.00,call,163.39,167.43,165.50,26,169.35,1,0,21,2025-11-24,0.68315,0.99551,0.00012,-0.01742,0.02045,0.34083
1128,AAPL260320C00115000,AAPL,2026-03-20,115.00,call,156.58,162.12,160.70,4,163.55,1,0,189,2025-11-24,0.01976,1.0,0.00000,-0.01207,0.00000,0.36100
1130,AAPL260320C00120000,AAPL,2026-03-20,120.00,call,150.25,157.57,155.65,26,159.50,2,0,78,2025-11-24,0.62462,0.995,0.00015,-0.01849,0.02250,0.37176
1132,AAPL260320C00125000,AAPL,2026-03-20,125.00,call,144.32,152.48,150.90,4,154.05,4,0,129,2025-11-24,0.48804,0.99889,0.00005,-0.01430,0.00574,0.39134
1134,AAPL260320C00130000,AAPL,2026-03-20,130.00,call,141.04,147.57,146.00,15,149.15,10,0,226,2025-11-24,0.50755,0.99757,0.00010,-0.01614,0.01176,0.40576
1136,AAPL260320C00135000,AAPL,2026-03-20,135.00,call,134.05,142.35,141.05,5,143.65,13,0,338,2025-11-24,0.01976,1.0,0.00000,-0.01417,0.00000,0.42378
1138,AAPL260320C00140000,AAPL,2026-03-20,140.00,call,131.01,137.75,136.15,5,139.35,15,0,337,2025-11-24,0.48804,0.99596,0.00016,-0.01848,0.01861,0.43560
1140,AAPL260320C00145000,AAPL,2026-03-20,145.00,call,131.78,132.85,131.25,5,134.45,12,0,228,2025-11-24,0.48804,0.99415,0.00022,-0.02048,0.02587,0.44955
1142,AAPL260320C00150000,AAPL,2026-03-20,150.00,call,126.20,128.03,126.50,5,129.55,13,0,580,2025-11-24,0.50755,0.98973,0.00035,-0.02470,0.04244,0.46090
1144,AAPL260320C00155000,AAPL,2026-03-20,155.00,call,122.50,123.05,121.45,5,124.65,10,0,218,2025-11-24,0.46853,0.99091,0.00034,-0.02368,0.03812,0.47783
1146,AAPL260320C00160000,AAPL,2026-03-20,160.00,call,116.80,118.15,116.55,5,119.75,10,1,391,2025-11-24,0.44901,0.99005,0.00038,-0.02447,0.04129,0.49272
1148,AAPL260320C00165000,AAPL,2026-03-20,165.00,call,110.43,113.28,111.70,5,114.85,10,2,275,2025-11-24,0.44901,0.98633,0.00050,-0.02741,0.05439,0.50481
1150,AAPL260320C00170000,AAPL,2026-03-20,170.00,call,99.85,108.50,107.00,21,110.00,10,0,779,2025-11-24,0.44901,0.98163,0.00064,-0.03082,0.07007,0.51593
1152,AAPL260320C00175000,AAPL,2026-03-20,175.00,call,101.96,103.55,101.95,5,105.15,14,2,448,2025-11-24,0.42950,0.97994,0.00073,-0.03171,0.07551,0.53006
1154,AAPL260320C00180000,AAPL,2026-03-20,180.00,call,99.00,98.47,97.35,9,99.60,14,4,724,2025-11-24,0.37097,0.98631,0.00061,-0.02717,0.05445,0.55210
1156,AAPL260320C00185000,AAPL,2026-03-20,185.00,call,92.00,93.97,92.50,9,95.45,14,0,615,2025-11-24,0.40999,0.97118,0.00103,-0.03659,0.10236,0.55303
1158,AAPL260320C00190000,AAPL,2026-03-20,190.00,call,83.04,89.08,87.50,9,90.65,14,0,695,2025-11-24,0.39048,0.96862,0.00116,-0.03743,0.10985,0.56636
1160,AAPL260320C00195000,AAPL,2026-03-20,195.00,call,82.66,84.35,83.55,55,85.15,115,2,1821,2025-11-24,0.39048,0.95933,0.00144,-0.04203,0.13587,0.57301
1162,AAPL260320C00200000,AAPL,2026-03-20,200.00,call,80.50,79.53,79.30,30,79.75,38,35,5668,2025-11-24,0.37097,0.95565,0.00162,-0.04288,0.14573,0.58532
1164,AAPL260320C00210000,AAPL,2026-03-20,210.00,call,70.86,70.10,69.90,28,70.30,39,9,4456,2025-11-24,0.35146,0.93812,0.00223,-0.04882,0.18981,0.59992
1166,AAPL260320C00220000,AAPL,2026-03-20,220.00,call,61.00,60.85,60.70,12,61.00,56,21,5424,2025-11-24,0.33194,0.91462,0.00302,-0.05511,0.24286,0.60879
1168,AAPL260320C00230000,AAPL,2026-03-20,230.00,call,52.80,51.83,51.80,4,51.85,27,27,6592,2025-11-24,0.31243,0.88329,0.00404,-0.06150,0.30511,0.61013
1170,AAPL260320C00240000,AAPL,2026-03-20,240.00,call,43.49,43.23,43.20,8,43.25,30,46,12220,2025-11-24,0.29292,0.84179,0.00530,-0.06756,0.37569,0.60168
1172,AAPL260320C00250000,AAPL,2026-03-20,250.00,call,35.37,35.12,35.10,10,35.15,40,85,13543,2025-11-24,0.29292,0.77477,0.00659,-0.07789,0.46678,0.56680
1174,AAPL260320C00260000,AAPL,2026-03-20,260.00,call,27.55,27.58,27.55,13,27.60,13,341,10379,2025-11-24,0.27341,0.70631,0.00810,-0.08090,0.53559,0.53148
1176,AAPL260320C00270000,AAPL,2026-03-20,270.00,call,21.10,20.92,20.90,10,20.95,33,286,11602,2025-11-24,0.25390,0.62143,0.00963,-0.08079,0.59157,0.47969
1178,AAPL260320C00280000,AAPL,2026-03-20,280.00,call,15.40,15.25,15.25,1,15.25,31,382,28240,2025-11-24,0.25390,0.522,0.01009,-0.08148,0.61961,0.40867
1181,AAPL260320P00290000,AAPL,2026-03-20,290.00,put,21.05,21.58,21.55,45,21.60,7,3,274,2025-11-24,0.25390,-0.57535,0.00992,-0.04750,0.60945,-0.57396
1183,AAPL260320P00300000,AAPL,2026-03-20,300.00,put,27.90,28.32,28.20,4,28.45,4,21,570,2025-11-24,0.25390,-0.66526,0.00922,-0.03946,0.56651,-0.67396
1185,AAPL260320P00310000,AAPL,2026-03-20,310.00,put,35.48,36.17,35.60,30,36.75,30,18,304,2025-11-24,0.25390,-0.74407,0.00815,-0.02912,0.50043,-0.76671
1187,AAPL260320P00320000,AAPL,2026-03-20,320.00,put,0.00,44.90,44.30,4,45.50,4,0,45,2025-11-24,0.27341,-0.78945,0.00679,-0.02499,0.44898,-0.83489
1189,AAPL260320P00330000,AAPL,2026-03-20,330.00,put,55.00,54.15,52.35,1,55.95,21,1,1,2025-11-24,0.29292,-0.82294,0.00570,-0.02112,0.40395,-0.89351
1191,AAPL260320P00340000,AAPL,2026-03-20,340.00,put,0.00,64.10,62.25,1,65.95,21,0,0,2025-11-24,0.33194,-0.83059,0.00489,-0.02500,0.39274,-0.93241
1193,AAPL260320P00350000,AAPL,2026-03-20,350.00,put,0.00,74.10,72.30,1,75.90,21,0,0,2025-11-24,0.37097,-0.83489,0.00430,-0.02937,0.38629,-0.96856
1195,AAPL260320P00360000,AAPL,2026-03-20,360.00,put,0.00,84.10,82.30,1,85.90,21,0,0,2025-11-24,0.39048,-0.85135,0.00382,-0.02678,0.36048,-1.01323
1197,AAPL260320P00370000,AAPL,2026-03-20,370.00,put,0.00,94.05,92.20,5,95.90,21,0,0,2025-11-24,0.42950,-0.85077,0.00348,-0.03195,0.36144,-1.04539
1199,AAPL260320P00380000,AAPL,2026-03-20,380.00,put,0.00,104.08,102.20,5,105.95,21,0,0,2025-11-24,0.44901,-0.86195,0.00316,-0.03005,0.34292,-1.08580
1201,AAPL260320P00390000,AAPL,2026-03-20,390.00,put,0.00,114.08,112.20,5,115.95,21,0,0,2025-11-24,0.48804,-0.85889,0.00295,-0.03589,0.34808,-1.11600
1203,AAPL260320P00400000,AAPL,2026-03-20,400.00,put,0.00,124.08,122.20,5,125.95,21,0,0,2025-11-24,0.50755,-0.86687,0.00272,-0.03459,0.33451,-1.15384
1205,AAPL260320P00410000,AAPL,2026-03-20,410.00,put,0.00,134.12,132.30,1,135.95,21,0,0,2025-11-24,0.54657,-0.86242,0.00259,-0.04103,0.34213,-1.18299
1207,AAPL260320P00420000,AAPL,2026-03-20,420.00,put,0.00,144.05,142.15,21,145.95,21,0,0,2025-11-24,0.56608,-0.86829,0.00242,-0.04024,0.33204,-1.21917
1209,AAPL260320P00430000,AAPL,2026-03-20,430.00,put,0.00,154.07,152.20,5,155.95,21,0,0,2025-11-24,0.58560,-0.87318,0.00228,-0.03968,0.32345,-1.25459
1211,AAPL260320P00440000,AAPL,2026-03-20,440.00,put,0.00,164.07,162.20,5,165.95,21,0,0,2025-11-24,0.62462,-0.8674,0.00221,-0.04690,0.33358,-1.28276
1213,AAPL260320P00450000,AAPL,2026-03-20,450.00,put,0.00,174.10,172.25,1,175.95,21,0,0,2025-11-24,0.64413,-0.87108,0.00210,-0.04677,0.32716,-1.31725
1214,AAPL260417C00120000,AAPL,2026-04-17,120.00,call,150.73,158.05,156.10,21,160.00,21,0,2,2025-11-24,0.60511,0.99226,0.00020,-0.02006,0.03690,0.45661
1216,AAPL260417C00125000,AAPL,2026-04-17,125.00,call,130.76,153.10,151.20,21,155.00,2,0,6,2025-11-24,0.56608,0.99281,0.00020,-0.01964,0.03457,0.47681
1218,AAPL260417C00130000,AAPL,2026-04-17,130.00,call,143.71,148.15,146.30,21,150.00,2,0,80,2025-11-24,0.54657,0.99199,0.00023,-0.02056,0.03804,0.49526
1220,AAPL260417C00135000,AAPL,2026-04-17,135.00,call,136.61,143.07,141.40,21,144.75,30,0,132,2025-11-24,0.46853,0.99571,0.00016,-0.01755,0.02187,0.51937
1222,AAPL260417C00140000,AAPL,2026-04-17,140.00,call,133.61,138.50,136.55,21,140.45,21,0,94,2025-11-24,0.52706,0.98813,0.00034,-0.02408,0.05363,0.52936
1224,AAPL260417C00145000,AAPL,2026-04-17,145.00,call,124.95,133.32,131.65,26,135.00,30,0,27,2025-11-24,0.44901,0.99337,0.00024,-0.01999,0.03220,0.55542
1226,AAPL260417C00150000,AAPL,2026-04-17,150.00,call,122.48,128.45,126.80,26,130.10,30,0,39,2025-11-24,0.44901,0.99077,0.00032,-0.02212,0.04306,0.57170
1228,AAPL260417C00155000,AAPL,2026-04-17,155.00,call,116.44,123.65,122.05,8,125.25,52,0,578,2025-11-24,0.44901,0.98746,0.00042,-0.02459,0.05625,0.58709
1230,AAPL260417C00160000,AAPL,2026-04-17,160.00,call,118.00,118.72,117.05,26,120.40,30,0,1,2025-11-24,0.42950,0.9865,0.00046,-0.02525,0.05993,0.60543
1232,AAPL260417C00165000,AAPL,2026-04-17,165.00,call,96.40,113.88,112.20,26,115.55,30,0,5,2025-11-24,0.40999,0.98555,0.00052,-0.02586,0.06356,0.62378
1234,AAPL260417C00170000,AAPL,2026-04-17,170.00,call,97.45,109.12,107.55,4,110.70,34,0,8,2025-11-24,0.40999,0.98072,0.00066,-0.02875,0.08133,0.63735
1236,AAPL260417C00175000,AAPL,2026-04-17,175.00,call,97.50,104.45,103.00,4,105.90,34,0,5,2025-11-24,0.42950,0.96991,0.00092,-0.03497,0.11822,0.64339
1238,AAPL260417C00180000,AAPL,2026-04-17,180.00,call,98.45,99.50,97.90,4,101.10,34,0,11,2025-11-24,0.39048,0.97299,0.00092,-0.03262,0.10806,0.66694
1240,AAPL260417C00185000,AAPL,2026-04-17,185.00,call,93.50,94.75,93.15,4,96.35,34,50,79,2025-11-24,0.39048,0.96523,0.00114,-0.03630,0.13318,0.67691
1242,AAPL260417C00190000,AAPL,2026-04-17,190.00,call,86.65,90.10,88.60,4,91.60,34,0,69,2025-11-24,0.39048,0.95602,0.00138,-0.04032,0.16128,0.68504
1244,AAPL260417C00195000,AAPL,2026-04-17,195.00,call,81.20,85.32,83.80,9,86.85,39,0,230,2025-11-24,0.37097,0.95273,0.00153,-0.04089,0.17090,0.70074
1246,AAPL260417C00200000,AAPL,2026-04-17,200.00,call,75.55,80.70,79.35,9,82.05,31,0,265,2025-11-24,0.37097,0.941,0.00183,-0.04526,0.20374,0.70578
1248,AAPL260417C00205000,AAPL,2026-04-17,205.00,call,76.40,75.88,74.60,9,77.15,39,1,168,2025-11-24,0.35146,0.93644,0.00205,-0.04575,0.21594,0.72004
1250,AAPL260417C00210000,AAPL,2026-04-17,210.00,call,73.10,70.90,70.15,67,71.65,61,1,242,2025-11-24,0.33194,0.9315,0.00230,-0.04615,0.22885,0.73389
1252,AAPL260417C00215000,AAPL,2026-04-17,215.00,call,67.28,66.75,66.20,4,67.30,5,2,173,2025-11-24,0.33194,0.91531,0.00270,-0.05076,0.26894,0.73353
1254,AAPL260417C00220000,AAPL,2026-04-17,220.00,call,62.61,62.23,61.70,5,62.75,14,8,380,2025-11-24,0.33194,0.89687,0.00312,-0.05553,0.31105,0.73030
1256,AAPL260417C00225000,AAPL,2026-04-17,225.00,call,58.50,57.75,57.30,40,58.20,32,103,820,2025-11-24,0.31243,0.88795,0.00352,-0.05575,0.33021,0.73957
1258,AAPL260417C00230000,AAPL,2026-04-17,230.00,call,49.83,53.45,53.05,7,53.85,17,0,572,2025-11-24,0.31243,0.86514,0.00401,-0.06048,0.37601,0.73091
1260,AAPL260417C00235000,AAPL,2026-04-17,235.00,call,46.36,49.23,48.85,7,49.60,14,0,731,2025-11-24,0.31243,0.83992,0.00450,-0.06513,0.42182,0.71905
1262,AAPL260417C00240000,AAPL,2026-04-17,240.00,call,44.60,45.02,45.00,6,45.05,14,2,3185,2025-11-24,0.29292,0.82465,0.00508,-0.06492,0.44730,0.72094
1264,AAPL260417C00245000,AAPL,2026-04-17,245.00,call,41.33,41.05,40.65,45,41.45,10,5,1400,2025-11-24,0.29292,0.79423,0.00561,-0.06912,0.49351,0.70250
1266,AAPL260417C00250000,AAPL,2026-04-17,250.00,call,37.92,37.20,36.85,27,37.55,30,29,1287,2025-11-24,0.29292,0.76157,0.00610,-0.07295,0.53683,0.68093
1268,AAPL260417C00255000,AAPL,2026-04-17,255.00,call,33.74,33.25,33.15,4,33.35,43,10,847,2025-11-24,0.27341,0.737,0.00689,-0.07178,0.56547,0.67183
1270,AAPL260417C00260000,AAPL,2026-04-17,260.00,call,29.80,29.77,29.75,9,29.80,56,24,4688,2025-11-24,0.27341,0.69884,0.00735,-0.07463,0.60363,0.64306
1272,AAPL260417C00265000,AAPL,2026-04-17,265.00,call,26.75,26.38,26.35,2,26.40,56,39,1458,2025-11-24,0.27341,0.65915,0.00774,-0.07683,0.63562,0.61181
1274,AAPL260417C00270000,AAPL,2026-04-17,270.00,call,23.49,23.20,23.15,11,23.25,57,49,3138,2025-11-24,0.25390,0.62238,0.00864,-0.07390,0.65861,0.58798
1276,AAPL260417C00275000,AAPL,2026-04-17,275.00,call,20.25,20.25,20.20,10,20.30,74,267,2793,2025-11-24,0.25390,0.57796,0.00889,-0.07461,0.67816,0.55007
1278,AAPL260417C00280000,AAPL,2026-04-17,280.00,call,17.45,17.52,17.50,12,17.55,76,98,2700,2025-11-24,0.25390,0.53334,0.00903,-0.07451,0.68898,0.51108
1281,AAPL260417P00285000,AAPL,2026-04-17,285.00,put,19.65,20.27,20.15,30,20.40,8,2,234,2025-11-24,0.25390,-0.51089,0.00906,-0.04380,0.69114,-0.63569
1283,AAPL260417P00290000,AAPL,2026-04-17,290.00,put,0.00,22.98,22.95,12,23.00,1,0,170,2025-11-24,0.25390,-0.55423,0.00898,-0.04168,0.68500,-0.69443
1285,AAPL260417P00295000,AAPL,2026-04-17,295.00,put,0.00,26.15,26.00,8,26.30,8,0,255,2025-11-24,0.25390,-0.59621,0.00880,-0.03890,0.67119,-0.75249
1287,AAPL260417P00300000,AAPL,2026-04-17,300.00,put,28.90,29.38,29.35,12,29.40,1,1,318,2025-11-24,0.25390,-0.63644,0.00853,-0.03554,0.65056,-0.80940
1289,AAPL260417P00305000,AAPL,2026-04-17,305.00,put,0.00,33.10,32.95,5,33.25,7,0,179,2025-11-24,0.25390,-0.67458,0.00818,-0.03172,0.62409,-0.86476
1291,AAPL260417P00310000,AAPL,2026-04-17,310.00,put,36.20,36.95,36.80,30,37.10,33,1,392,2025-11-24,0.25390,-0.7104,0.00777,-0.02752,0.59285,-0.91826
1293,AAPL260417P00315000,AAPL,2026-04-17,315.00,put,0.00,41.10,40.50,5,41.70,4,0,187,2025-11-24,0.25390,-0.74373,0.00732,-0.02306,0.55795,-0.96964
1295,AAPL260417P00320000,AAPL,2026-04-17,320.00,put,45.43,45.08,44.80,7,45.35,30,100,143,2025-11-24,0.27341,-0.75429,0.00664,-0.02483,0.54567,-1.00090
1297,AAPL260417P00325000,AAPL,2026-04-17,325.00,put,49.93,49.65,49.30,49,50.00,28,101,32,2025-11-24,0.27341,-0.78181,0.00622,-0.02028,0.51072,-1.04674
1299,AAPL260417P00330000,AAPL,2026-04-17,330.00,put,0.00,54.30,52.80,4,55.80,4,0,0,2025-11-24,0.29292,-0.78745,0.00572,-0.02225,0.50302,-1.07296
1301,AAPL260417P00340000,AAPL,2026-04-17,340.00,put,0.00,64.08,62.15,26,66.00,21,0,0,2025-11-24,0.31243,-0.81274,0.00497,-0.01992,0.46610,-1.13722
1303,AAPL260417P00350000,AAPL,2026-04-17,350.00,put,0.00,74.08,72.15,26,76.00,21,0,0,2025-11-24,0.35146,-0.8153,0.00438,-0.02458,0.46214,-1.18075
1305,AAPL260417P00360000,AAPL,2026-04-17,360.00,put,0.00,84.08,82.15,26,86.00,21,0,0,2025-11-24,0.37097,-0.83131,0.00392,-0.02292,0.43638,-1.23567
1307,AAPL260417P00370000,AAPL,2026-04-17,370.00,put,0.00,94.08,92.15,26,96.00,21,0,0,2025-11-24,0.40999,-0.82922,0.00357,-0.02827,0.43984,-1.27453
1309,AAPL260417P00380000,AAPL,2026-04-17,380.00,put,0.00,104.08,102.15,20,106.00,21,0,0,2025-11-24,0.42950,-0.84008,0.00327,-0.02718,0.42155,-1.32431
1311,AAPL260417P00390000,AAPL,2026-04-17,390.00,put,0.00,114.08,112.15,26,116.00,21,0,0,2025-11-24,0.46853,-0.83564,0.00305,-0.03314,0.42913,-1.36090
1313,AAPL260417P00400000,AAPL,2026-04-17,400.00,put,0.00,124.08,122.15,26,126.00,21,0,0,2025-11-24,0.48804,-0.84333,0.00284,-0.03255,0.41590,-1.40757
1315,AAPL260417P00410000,AAPL,2026-04-17,410.00,put,0.00,134.10,132.20,1,136.00,21,0,0,2025-11-24,0.50755,-0.84964,0.00265,-0.03218,0.40472,-1.45292
1317,AAPL260417P00420000,AAPL,2026-04-17,420.00,put,0.00,144.10,142.15,21,146.05,21,0,0,2025-11-24,0.54657,-0.84317,0.00254,-0.03890,0.41618,-1.48762
1319,AAPL260417P00430000,AAPL,2026-04-17,430.00,put,0.00,154.10,152.15,26,156.05,26,0,0,2025-11-24,0.56608,-0.84778,0.00240,-0.03894,0.40804,-1.53133
1321,AAPL260417P00440000,AAPL,2026-04-17,440.00,put,0.00,164.10,162.15,26,166.05,26,0,0,2025-11-24,0.58560,-0.85157,0.00228,-0.03917,0.40124,-1.57427
1323,AAPL260417P00450000,AAPL,2026-04-17,450.00,put,0.00,174.10,172.15,26,176.05,26,0,0,2025-11-24,0.60511,-0.85466,0.00218,-0.03957,0.39563,-1.61655
1324,AAPL260515C00005000,AAPL,2026-05-15,5.00,call,270.38,271.07,269.15,21,273.00,4,1,12,2025-11-24,2.24409,0.99964,0.00000,-0.00210,0.00245,0.02238
1326,AAPL260515C00010000,AAPL,2026-05-15,10.00,call,265.39,266.10,264.20,21,268.00,2,2,2,2025-11-24,0.01976,1.0,0.00000,-0.00104,0.00000,0.04627
1328,AAPL260515C00015000,AAPL,2026-05-15,15.00,call,253.05,261.12,259.25,21,263.00,2,0,2,2025-11-24,0.01976,1.0,0.00000,-0.00157,0.00000,0.06940
1330,AAPL260515C00020000,AAPL,2026-05-15,20.00,call,0.00,256.15,254.30,21,258.00,2,0,0,2025-11-24,0.01976,1.0,0.00000,-0.00209,0.00000,0.09254
1332,AAPL260515C00025000,AAPL,2026-05-15,25.00,call,0.00,251.35,249.40,21,253.30,1,0,0,2025-11-24,0.01976,1.0,0.00000,-0.00261,0.00000,0.11567
1334,AAPL260515C00030000,AAPL,2026-05-15,30.00,call,179.90,246.45,244.50,21,248.40,1,0,1,2025-11-24,0.01976,1.0,0.00000,-0.00313,0.00000,0.13881
1336,AAPL260515C00035000,AAPL,2026-05-15,35.00,call,0.00,241.55,239.60,21,243.50,3,0,0,2025-11-24,0.01976,1.0,0.00000,-0.00365,0.00000,0.16194
1338,AAPL260515C00040000,AAPL,2026-05-15,40.00,call,0.00,236.60,234.70,21,238.50,2,0,0,2025-11-24,0.01976,1.0,0.00000,-0.00418,0.00000,0.18508
1340,AAPL260515C00045000,AAPL,2026-05-15,45.00,call,0.00,231.65,229.80,21,233.50,2,0,0,2025-11-24,0.01976,1.0,0.00000,-0.00470,0.00000,0.20821
1342,AAPL260515C00050000,AAPL,2026-05-15,50.00,call,225.95,226.85,224.90,21,228.80,1,1,1,2025-11-24,0.83925,0.99949,0.00001,-0.00604,0.00343,0.23057
1344,AAPL260515C00060000,AAPL,2026-05-15,60.00,call,146.61,217.05,215.10,21,219.00,3,0,20,2025-11-24,0.78071,0.99918,0.00002,-0.00744,0.00531,0.27637
1346,AAPL260515C00070000,AAPL,2026-05-15,70.00,call,179.25,207.15,205.30,21,209.00,2,0,1,2025-11-24,0.01976,1.0,0.00000,-0.00731,0.00000,0.32389
1348,AAPL260515C00080000,AAPL,2026-05-15,80.00,call,189.64,197.48,195.55,21,199.40,1,0,1,2025-11-24,0.70267,0.99779,0.00005,-0.01097,0.01317,0.36681
1350,AAPL260515C00085000,AAPL,2026-05-15,85.00,call,184.72,192.57,190.65,21,194.50,2,0,1,2025-11-24,0.68315,0.99732,0.00006,-0.01189,0.01567,0.38924
1352,AAPL260515C00090000,AAPL,2026-05-15,90.00,call,182.21,187.62,185.75,26,189.50,2,0,33,2025-11-24,0.62462,0.99795,0.00005,-0.01156,0.01230,0.41338
1354,AAPL260515C00095000,AAPL,2026-05-15,95.00,call,177.32,182.68,180.85,26,184.50,2,0,2,2025-11-24,0.54657,0.99896,0.00003,-0.01093,0.00662,0.43805
1356,AAPL260515C00100000,AAPL,2026-05-15,100.00,call,168.00,177.93,175.95,21,179.90,21,0,3,2025-11-24,0.62462,0.99566,0.00011,-0.01468,0.02416,0.45618
1358,AAPL260515C00105000,AAPL,2026-05-15,105.00,call,146.38,173.05,171.10,21,175.00,21,0,1,2025-11-24,0.60511,0.99503,0.00013,-0.01559,0.02726,0.47840
1360,AAPL260515C00110000,AAPL,2026-05-15,110.00,call,0.00,168.10,166.20,21,170.00,2,0,0,2025-11-24,0.56608,0.99544,0.00012,-0.01548,0.02520,0.50223
1362,AAPL260515C00115000,AAPL,2026-05-15,115.00,call,157.28,162.98,161.30,26,164.65,30,0,2,2025-11-24,0.01976,1.0,0.00000,-0.01200,0.00000,0.53210
1364,AAPL260515C00120000,AAPL,2026-05-15,120.00,call,158.40,158.10,156.45,26,159.75,30,1,32,2025-11-24,0.37097,0.99974,0.00001,-0.01272,0.00184,0.55487
1366,AAPL260515C00125000,AAPL,2026-05-15,125.00,call,145.67,153.23,151.55,26,154.90,30,0,76,2025-11-24,0.42950,0.9981,0.00007,-0.01441,0.01144,0.57567
1368,AAPL260515C00130000,AAPL,2026-05-15,130.00,call,141.27,148.38,146.70,21,150.05,30,0,74,2025-11-24,0.44901,0.99603,0.00014,-0.01635,0.02226,0.59581
1370,AAPL260515C00135000,AAPL,2026-05-15,135.00,call,97.70,143.68,141.85,21,145.50,2,0,2,2025-11-24,0.48804,0.99076,0.00027,-0.02047,0.04712,0.61111
1372,AAPL260515C00140000,AAPL,2026-05-15,140.00,call,132.79,138.93,136.95,22,140.90,21,0,7,2025-11-24,0.48804,0.98769,0.00035,-0.02279,0.06049,0.62969
1374,AAPL260515C00145000,AAPL,2026-05-15,145.00,call,112.84,133.85,132.10,26,135.60,30,0,14,2025-11-24,0.44901,0.9893,0.00033,-0.02178,0.05356,0.65537
1376,AAPL260515C00150000,AAPL,2026-05-15,150.00,call,126.30,129.03,127.45,5,130.60,30,0,123,2025-11-24,0.42950,0.98859,0.00037,-0.02235,0.05661,0.67756
1378,AAPL260515C00155000,AAPL,2026-05-15,155.00,call,119.27,124.28,122.75,24,125.80,35,0,483,2025-11-24,0.42950,0.98482,0.00047,-0.02473,0.07247,0.69516
1380,AAPL260515C00160000,AAPL,2026-05-15,160.00,call,119.72,119.35,117.70,5,121.00,30,5,20,2025-11-24,0.40999,0.9839,0.00052,-0.02526,0.07622,0.71706
1382,AAPL260515C00165000,AAPL,2026-05-15,165.00,call,109.73,114.68,113.15,19,116.20,52,0,729,2025-11-24,0.42950,0.97461,0.00073,-0.03039,0.11215,0.72634
1384,AAPL260515C00170000,AAPL,2026-05-15,170.00,call,105.15,109.90,108.40,4,111.40,34,0,22,2025-11-24,0.40999,0.97298,0.00080,-0.03094,0.11814,0.74727
1386,AAPL260515C00175000,AAPL,2026-05-15,175.00,call,99.45,105.10,103.55,4,106.65,34,0,31,2025-11-24,0.39048,0.97134,0.00089,-0.03141,0.12407,0.76822
1388,AAPL260515C00180000,AAPL,2026-05-15,180.00,call,100.25,100.45,99.00,4,101.90,34,1,55,2025-11-24,0.39048,0.96374,0.00108,-0.03470,0.15067,0.78014
1390,AAPL260515C00185000,AAPL,2026-05-15,185.00,call,94.30,96.00,94.80,7,97.20,39,11,119,2025-11-24,0.40999,0.94803,0.00137,-0.04159,0.20145,0.77948
1392,AAPL260515C00190000,AAPL,2026-05-15,190.00,call,91.05,91.00,89.55,4,92.45,34,1,47,2025-11-24,0.37097,0.95196,0.00142,-0.03866,0.18920,0.80937
1394,AAPL260515C00195000,AAPL,2026-05-15,195.00,call,85.20,86.28,84.90,9,87.65,39,2,197,2025-11-24,0.37097,0.94088,0.00168,-0.04246,0.22304,0.81608
1396,AAPL260515C00200000,AAPL,2026-05-15,200.00,call,77.23,81.62,80.35,9,82.90,39,0,369,2025-11-24,0.35146,0.93702,0.00186,-0.04276,0.23434,0.83405
1398,AAPL260515C00210000,AAPL,2026-05-15,210.00,call,72.22,72.38,71.95,49,72.80,14,16,1082,2025-11-24,0.33194,0.91808,0.00241,-0.04691,0.28668,0.85299
1400,AAPL260515C00220000,AAPL,2026-05-15,220.00,call,64.55,63.85,63.50,7,64.20,40,30,910,2025-11-24,0.33194,0.8826,0.00313,-0.05509,0.37307,0.84644
1402,AAPL260515C00230000,AAPL,2026-05-15,230.00,call,56.00,55.28,54.95,7,55.60,30,189,1137,2025-11-24,0.31243,0.85111,0.00392,-0.05902,0.43943,0.84690
1404,AAPL260515C00240000,AAPL,2026-05-15,240.00,call,47.91,47.17,46.90,7,47.45,72,128,4787,2025-11-24,0.31243,0.80033,0.00473,-0.06653,0.52975,0.81631
1406,AAPL260515C00250000,AAPL,2026-05-15,250.00,call,39.82,39.33,39.30,8,39.35,21,10,2676,2025-11-24,0.29292,0.7524,0.00570,-0.06886,0.59881,0.79206
1408,AAPL260515C00260000,AAPL,2026-05-15,260.00,call,33.17,32.27,32.25,10,32.30,69,90,2912,2025-11-24,0.27341,0.69424,0.00677,-0.06977,0.66419,0.75260
1410,AAPL260515C00270000,AAPL,2026-05-15,270.00,call,26.60,25.85,25.80,7,25.90,65,55,2981,2025-11-24,0.27341,0.62051,0.00735,-0.07272,0.72089,0.68387
1412,AAPL260515C00280000,AAPL,2026-05-15,280.00,call,20.94,20.23,20.20,30,20.25,55,71,2399,2025-11-24,0.25390,0.54293,0.00825,-0.06929,0.75125,0.61345
1415,AAPL260515P00290000,AAPL,2026-05-15,290.00,put,25.40,24.98,24.85,35,25.10,1,3,82,2025-11-24,0.27341,-0.52946,0.00768,-0.04164,0.75357,-0.80937
1417,AAPL260515P00300000,AAPL,2026-05-15,300.00,put,30.80,31.15,31.00,27,31.30,3,10,112,2025-11-24,0.25390,-0.61333,0.00796,-0.03227,0.72493,-0.94122
1419,AAPL260515P00310000,AAPL,2026-05-15,310.00,put,40.65,38.28,38.10,7,38.45,7,24,131,2025-11-24,0.27341,-0.66613,0.00703,-0.03111,0.68913,-1.04903
1421,AAPL260515P00320000,AAPL,2026-05-15,320.00,put,45.68,46.23,45.70,9,46.75,16,19,61,2025-11-24,0.27341,-0.72522,0.00644,-0.02402,0.63176,-1.16095
1423,AAPL260515P00330000,AAPL,2026-05-15,330.00,put,54.34,55.08,54.40,30,55.75,30,4,35,2025-11-24,0.29292,-0.75761,0.00563,-0.02231,0.59200,-1.24574
1425,AAPL260515P00340000,AAPL,2026-05-15,340.00,put,63.85,64.12,62.15,21,66.10,21,4,0,2025-11-24,0.31243,-0.78266,0.00497,-0.02076,0.55691,-1.32193
1427,AAPL260515P00350000,AAPL,2026-05-15,350.00,put,0.00,74.10,72.15,26,76.05,26,0,0,2025-11-24,0.33194,-0.8022,0.00442,-0.01944,0.52675,-1.39165
1429,AAPL260515P00360000,AAPL,2026-05-15,360.00,put,0.00,84.10,82.15,26,86.05,26,0,0,2025-11-24,0.37097,-0.80106,0.00397,-0.02452,0.52859,-1.43974
1431,AAPL260515P00370000,AAPL,2026-05-15,370.00,put,0.00,94.10,92.15,26,96.05,26,0,0,2025-11-24,0.39048,-0.81389,0.00362,-0.02373,0.50748,-1.50148
1433,AAPL260515P00380000,AAPL,2026-05-15,380.00,put,0.00,104.10,102.15,26,106.05,26,0,0,2025-11-24,0.40999,-0.82421,0.00333,-0.02316,0.48965,-1.56031
1435,AAPL260515P00390000,AAPL,2026-05-15,390.00,put,0.00,114.10,112.15,26,116.05,26,0,0,2025-11-24,0.44901,-0.81838,0.00310,-0.02908,0.49981,-1.60292
1437,AAPL260515P00400000,AAPL,2026-05-15,400.00,put,0.00,124.10,122.15,26,126.05,26,0,0,2025-11-24,0.46853,-0.82561,0.00290,-0.02895,0.48717,-1.65813
1439,AAPL260515P00410000,AAPL,2026-05-15,410.00,put,0.00,134.10,132.15,26,136.05,26,0,0,2025-11-24,0.48804,-0.83149,0.00272,-0.02900,0.47660,-1.71181
1441,AAPL260515P00420000,AAPL,2026-05-15,420.00,put,0.00,144.10,142.15,22,146.05,26,0,0,2025-11-24,0.50755,-0.83626,0.00257,-0.02923,0.46785,-1.76423
1443,AAPL260515P00430000,AAPL,2026-05-15,430.00,put,0.00,154.10,152.15,21,156.05,26,0,0,2025-11-24,0.54657,-0.82797,0.00246,-0.03604,0.48297,-1.80418
1445,AAPL260515P00440000,AAPL,2026-05-15,440.00,put,0.00,164.10,162.15,26,166.05,26,0,0,2025-11-24,0.56608,-0.83136,0.00235,-0.03662,0.47684,-1.85506
1447,AAPL260515P00450000,AAPL,2026-05-15,450.00,put,0.00,174.10,172.15,26,176.05,26,0,0,2025-11-24,0.58560,-0.83405,0.00225,-0.03736,0.47192,-1.90518
1448,AAPL260618C00005000,AAPL,2026-06-18,5.00,call,262.55,271.07,269.15,19,273.00,2,0,0,2025-11-24,1.97093,0.99973,0.00000,-0.00149,0.00205,0.02695
1450,AAPL260618C00010000,AAPL,2026-06-18,10.00,call,160.95,266.10,264.20,19,268.00,2,0,0,2025-11-24,0.01976,1.0,0.00000,-0.00104,0.00000,0.05522
1452,AAPL260618C00015000,AAPL,2026-06-18,15.00,call,195.15,261.12,259.25,19,263.00,2,0,3,2025-11-24,0.01976,1.0,0.00000,-0.00156,0.00000,0.08282
1454,AAPL260618C00020000,AAPL,2026-06-18,20.00,call,178.50,256.15,254.30,19,258.00,2,0,7,2025-11-24,0.01976,1.0,0.00000,-0.00208,0.00000,0.11043
1456,AAPL260618C00025000,AAPL,2026-06-18,25.00,call,185.35,251.15,250.50,25,251.80,3,0,3174,2025-11-24,0.01976,1.0,0.00000,-0.00260,0.00000,0.13804
1458,AAPL260618C00030000,AAPL,2026-06-18,30.00,call,198.12,246.45,244.50,19,248.40,1,0,4,2025-11-24,0.01976,1.0,0.00000,-0.00312,0.00000,0.16565
1460,AAPL260618C00035000,AAPL,2026-06-18,35.00,call,235.42,241.55,239.60,19,243.50,3,0,3,2025-11-24,0.01976,1.0,0.00000,-0.00364,0.00000,0.19326
1462,AAPL260618C00040000,AAPL,2026-06-18,40.00,call,157.25,236.60,234.70,19,238.50,2,0,1,2025-11-24,0.01976,1.0,0.00000,-0.00416,0.00000,0.22086
1464,AAPL260618C00045000,AAPL,2026-06-18,45.00,call,209.45,231.65,229.80,19,233.50,2,0,3,2025-11-24,0.01976,1.0,0.00000,-0.00468,0.00000,0.24847
1466,AAPL260618C00050000,AAPL,2026-06-18,50.00,call,226.47,226.90,224.95,19,228.85,19,0,627,2025-11-24,0.01976,1.0,0.00000,-0.00520,0.00000,0.27608
1468,AAPL260618C00055000,AAPL,2026-06-18,55.00,call,213.72,222.00,220.05,11,223.95,1,0,152,2025-11-24,0.01976,1.0,0.00000,-0.00572,0.00000,0.30369
1470,AAPL260618C00060000,AAPL,2026-06-18,60.00,call,209.20,217.10,215.20,19,219.00,2,0,142,2025-11-24,0.01976,1.0,0.00000,-0.00624,0.00000,0.33130
1472,AAPL260618C00065000,AAPL,2026-06-18,65.00,call,205.20,212.15,210.30,11,214.00,2,0,52,2025-11-24,0.01976,1.0,0.00000,-0.00676,0.00000,0.35890
1474,AAPL260618C00070000,AAPL,2026-06-18,70.00,call,200.54,207.40,205.45,19,209.35,19,0,431,2025-11-24,0.01976,1.0,0.00000,-0.00728,0.00000,0.38651
1476,AAPL260618C00075000,AAPL,2026-06-18,75.00,call,194.37,202.53,200.55,19,204.50,3,0,306,2025-11-24,0.01976,1.0,0.00000,-0.00780,0.00000,0.41412
1478,AAPL260618C00080000,AAPL,2026-06-18,80.00,call,189.20,197.60,195.70,19,199.50,2,0,306,2025-11-24,0.01976,1.0,0.00000,-0.00832,0.00000,0.44173
1480,AAPL260618C00085000,AAPL,2026-06-18,85.00,call,186.37,192.68,190.85,19,194.50,2,0,140,2025-11-24,0.01976,1.0,0.00000,-0.00884,0.00000,0.46934
1482,AAPL260618C00090000,AAPL,2026-06-18,90.00,call,182.16,187.68,186.00,19,189.35,35,0,1726,2025-11-24,0.01976,1.0,0.00000,-0.00936,0.00000,0.49694
1484,AAPL260618C00095000,AAPL,2026-06-18,95.00,call,176.95,182.85,181.25,5,184.45,5,0,311,2025-11-24,0.01976,1.0,0.00000,-0.00988,0.00000,0.52455
1486,AAPL260618C00100000,AAPL,2026-06-18,100.00,call,176.10,178.00,176.65,25,179.35,26,0,2241,2025-11-24,0.01976,1.0,0.00000,-0.01040,0.00000,0.55216
1488,AAPL260618C00105000,AAPL,2026-06-18,105.00,call,170.05,173.12,171.55,5,174.70,4,0,196,2025-11-24,0.01976,1.0,0.00000,-0.01092,0.00000,0.57977
1490,AAPL260618C00110000,AAPL,2026-06-18,110.00,call,161.94,168.20,166.55,19,169.85,10,0,232,2025-11-24,0.01976,1.0,0.00000,-0.01144,0.00000,0.60737
1492,AAPL260618C00115000,AAPL,2026-06-18,115.00,call,151.50,163.60,161.70,19,165.50,2,0,228,2025-11-24,0.50755,0.99451,0.00015,-0.01579,0.03257,0.62526
1494,AAPL260618C00120000,AAPL,2026-06-18,120.00,call,151.07,158.57,157.00,5,160.15,13,0,415,2025-11-24,0.40999,0.9983,0.00006,-0.01356,0.01136,0.65968
1496,AAPL260618C00125000,AAPL,2026-06-18,125.00,call,147.53,153.73,152.15,5,155.30,13,0,236,2025-11-24,0.42950,0.99635,0.00012,-0.01524,0.02260,0.68390
1498,AAPL260618C00130000,AAPL,2026-06-18,130.00,call,143.07,148.90,147.30,4,150.50,10,0,200,2025-11-24,0.42950,0.99479,0.00017,-0.01659,0.03109,0.70878
1500,AAPL260618C00135000,AAPL,2026-06-18,135.00,call,139.69,144.07,142.50,5,145.65,13,0,699,2025-11-24,0.42950,0.99275,0.00023,-0.01815,0.04167,0.73280
1502,AAPL260618C00140000,AAPL,2026-06-18,140.00,call,139.50,139.32,138.65,25,140.00,24,26,460,2025-11-24,0.42950,0.99015,0.00030,-0.01992,0.05454,0.75582
1504,AAPL260618C00145000,AAPL,2026-06-18,145.00,call,135.40,134.43,132.85,26,136.00,41,1,262,2025-11-24,0.40999,0.98966,0.00032,-0.02040,0.05686,0.78267
1506,AAPL260618C00150000,AAPL,2026-06-18,150.00,call,127.00,129.70,128.15,49,131.25,41,0,901,2025-11-24,0.42950,0.98292,0.00048,-0.02418,0.08776,0.79818
1508,AAPL260618C00155000,AAPL,2026-06-18,155.00,call,121.90,124.97,123.50,5,126.45,10,0,553,2025-11-24,0.40999,0.98202,0.00052,-0.02465,0.09167,0.82437
1510,AAPL260618C00160000,AAPL,2026-06-18,160.00,call,116.58,120.00,118.50,9,121.50,19,0,1076,2025-11-24,0.39048,0.98119,0.00057,-0.02505,0.09527,0.85070
1512,AAPL260618C00165000,AAPL,2026-06-18,165.00,call,113.25,115.47,114.00,4,116.95,14,1,560,2025-11-24,0.40999,0.97092,0.00078,-0.02987,0.13746,0.85975
1514,AAPL260618C00170000,AAPL,2026-06-18,170.00,call,107.32,110.75,109.75,62,111.75,35,0,2063,2025-11-24,0.39048,0.96942,0.00085,-0.03025,0.14331,0.88500
1516,AAPL260618C00175000,AAPL,2026-06-18,175.00,call,107.00,106.00,104.50,30,107.50,40,6,459,2025-11-24,0.39048,0.96193,0.00102,-0.03320,0.17159,0.89920
1518,AAPL260618C00180000,AAPL,2026-06-18,180.00,call,100.55,101.28,99.85,30,102.70,8,2,1673,2025-11-24,0.37097,0.96,0.00112,-0.03348,0.17864,0.92380
1520,AAPL260618C00185000,AAPL,2026-06-18,185.00,call,96.78,96.18,95.15,7,97.20,7,1,1005,2025-11-24,0.35146,0.95809,0.00123,-0.03369,0.18550,0.94849
1522,AAPL260618C00190000,AAPL,2026-06-18,190.00,call,92.00,91.95,91.70,13,92.20,14,3,5091,2025-11-24,0.35146,0.94824,0.00146,-0.03680,0.21977,0.95857
1524,AAPL260618C00195000,AAPL,2026-06-18,195.00,call,87.60,87.47,86.75,37,88.20,37,4,2778,2025-11-24,0.35146,0.93694,0.00170,-0.04009,0.25670,0.96599
1526,AAPL260618C00200000,AAPL,2026-06-18,200.00,call,84.00,82.90,82.70,22,83.10,40,3,6694,2025-11-24,0.35146,0.92417,0.00196,-0.04352,0.29589,0.97063
1528,AAPL260618C00205000,AAPL,2026-06-18,205.00,call,74.60,78.35,78.10,32,78.60,14,1,3915,2025-11-24,0.33194,0.91982,0.00216,-0.04354,0.30868,0.99140
1530,AAPL260618C00210000,AAPL,2026-06-18,210.00,call,74.33,73.93,73.70,13,74.15,14,26,5539,2025-11-24,0.33194,0.90444,0.00247,-0.04702,0.35188,0.99134
1532,AAPL260618C00215000,AAPL,2026-06-18,215.00,call,70.29,69.53,69.50,7,69.55,73,17,3784,2025-11-24,0.33194,0.88742,0.00278,-0.05054,0.39631,0.98813
1534,AAPL260618C00220000,AAPL,2026-06-18,220.00,call,66.05,65.22,65.20,2,65.25,38,40,5944,2025-11-24,0.31243,0.88012,0.00309,-0.05034,0.41437,1.00413
1536,AAPL260618C00225000,AAPL,2026-06-18,225.00,call,60.65,61.00,60.95,10,61.05,14,5,3668,2025-11-24,0.31243,0.85989,0.00344,-0.05375,0.46161,0.99510
1538,AAPL260618C00230000,AAPL,2026-06-18,230.00,call,57.05,56.88,56.85,8,56.90,31,27,12594,2025-11-24,0.31243,0.83798,0.00379,-0.05707,0.50850,0.98272
1540,AAPL260618C00235000,AAPL,2026-06-18,235.00,call,53.36,52.88,52.85,7,52.90,23,13,6585,2025-11-24,0.31243,0.81449,0.00413,-0.06025,0.55425,0.96712
1542,AAPL260618C00240000,AAPL,2026-06-18,240.00,call,48.96,48.92,48.90,8,48.95,14,24,6435,2025-11-24,0.29292,0.80048,0.00460,-0.05951,0.57948,0.97195
1544,AAPL260618C00245000,AAPL,2026-06-18,245.00,call,43.67,45.12,45.10,10,45.15,14,0,3026,2025-11-24,0.29292,0.77326,0.00496,-0.06227,0.62439,0.94939
1546,AAPL260618C00250000,AAPL,2026-06-18,250.00,call,41.75,41.40,41.35,12,41.45,27,37,18051,2025-11-24,0.29292,0.74468,0.00529,-0.06475,0.66606,0.92380
1548,AAPL260618C00255000,AAPL,2026-06-18,255.00,call,37.75,37.85,37.80,11,37.90,52,103,3138,2025-11-24,0.27341,0.72347,0.00590,-0.06329,0.69354,0.91649
1550,AAPL260618C00260000,AAPL,2026-06-18,260.00,call,34.49,34.48,34.45,11,34.50,55,31,6275,2025-11-24,0.27341,0.69099,0.00622,-0.06510,0.73028,0.88338
1552,AAPL260618C00265000,AAPL,2026-06-18,265.00,call,32.10,31.23,31.20,17,31.25,39,26,4809,2025-11-24,0.27341,0.6576,0.00648,-0.06651,0.76156,0.84788
1554,AAPL260618C00270000,AAPL,2026-06-18,270.00,call,28.90,28.17,28.15,11,28.20,18,139,10421,2025-11-24,0.27341,0.62358,0.00670,-0.06749,0.78695,0.81041
1556,AAPL260618C00275000,AAPL,2026-06-18,275.00,call,25.50,25.27,25.25,17,25.30,49,409,4519,2025-11-24,0.27341,0.58923,0.00686,-0.06803,0.80618,0.77144
1558,AAPL260618C00280000,AAPL,2026-06-18,280.00,call,22.60,22.58,22.55,9,22.60,86,119,13671,2025-11-24,0.25390,0.55299,0.00751,-0.06440,0.81965,0.73756
1560,AAPL260618C00285000,AAPL,2026-06-18,285.00,call,20.52,20.08,20.05,11,20.10,81,14,5124,2025-11-24,0.25390,0.51612,0.00757,-0.06397,0.82628,0.69281
1563,AAPL260618P00290000,AAPL,2026-06-18,290.00,put,0.00,26.40,26.25,12,26.55,11,0,54,2025-11-24,0.27341,-0.51316,0.00704,-0.03693,0.82650,-0.95149
1565,AAPL260618P00300000,AAPL,2026-06-18,300.00,put,31.90,32.45,32.30,14,32.60,19,13,132,2025-11-24,0.27341,-0.5785,0.00690,-0.03332,0.81089,-1.08779
1567,AAPL260618P00310000,AAPL,2026-06-18,310.00,put,0.00,39.33,39.15,8,39.50,4,0,127,2025-11-24,0.27341,-0.63971,0.00660,-0.02848,0.77571,-1.22097
1569,AAPL260618P00320000,AAPL,2026-06-18,320.00,put,46.65,47.03,46.85,1,47.20,11,11,83,2025-11-24,0.27341,-0.69577,0.00617,-0.02272,0.72527,-1.34906
1571,AAPL260618P00330000,AAPL,2026-06-18,330.00,put,54.80,55.50,54.85,7,56.15,30,30,27,2025-11-24,0.29292,-0.72701,0.00548,-0.02171,0.68915,-1.44857
1573,AAPL260618P00340000,AAPL,2026-06-18,340.00,put,0.00,64.80,63.55,4,66.05,4,0,10,2025-11-24,0.31243,-0.75146,0.00489,-0.02082,0.65666,-1.53865
1575,AAPL260618P00350000,AAPL,2026-06-18,350.00,put,0.00,74.12,72.15,19,76.10,19,0,0,2025-11-24,0.33194,-0.77071,0.00441,-0.02008,0.62834,-1.62151
1577,AAPL260618P00360000,AAPL,2026-06-18,360.00,put,0.00,84.15,82.20,1,86.10,24,0,0,2025-11-24,0.35146,-0.78596,0.00400,-0.01954,0.60410,-1.69881
1579,AAPL260618P00370000,AAPL,2026-06-18,370.00,put,0.00,94.10,92.15,24,96.05,24,0,0,2025-11-24,0.37097,-0.79809,0.00366,-0.01918,0.58363,-1.77180
1581,AAPL260618P00380000,AAPL,2026-06-18,380.00,put,0.00,104.10,102.15,24,106.05,24,0,0,2025-11-24,0.40999,-0.79219,0.00337,-0.02474,0.59373,-1.82350
1583,AAPL260618P00390000,AAPL,2026-06-18,390.00,put,0.00,114.10,112.15,24,116.05,24,0,0,2025-11-24,0.42950,-0.80045,0.00314,-0.02480,0.57954,-1.89107
1585,AAPL260618P00400000,AAPL,2026-06-18,400.00,put,0.00,124.10,122.15,19,126.05,24,0,0,2025-11-24,0.44901,-0.80711,0.00294,-0.02502,0.56773,-1.95647
1587,AAPL260618P00410000,AAPL,2026-06-18,410.00,put,0.00,134.10,132.15,24,136.05,24,0,0,2025-11-24,0.46853,-0.81246,0.00277,-0.02541,0.55801,-2.02008
1589,AAPL260618P00420000,AAPL,2026-06-18,420.00,put,0.00,144.10,142.15,24,146.05,24,0,0,2025-11-24,0.48804,-0.81671,0.00262,-0.02595,0.55013,-2.08223
1591,AAPL260618P00430000,AAPL,2026-06-18,430.00,put,0.00,154.10,152.15,24,156.05,24,0,0,2025-11-24,0.52706,-0.80709,0.00251,-0.03253,0.56776,-2.12911
1593,AAPL260618P00440000,AAPL,2026-06-18,440.00,put,0.00,164.10,162.15,24,166.05,24,0,0,2025-11-24,0.54657,-0.80999,0.00240,-0.03339,0.56252,-2.18949
1595,AAPL260618P00450000,AAPL,2026-06-18,450.00,put,0.00,174.10,172.15,24,176.05,24,0,0,2025-11-24,0.56608,-0.8122,0.00230,-0.03437,0.55848,-2.24898
1596,AAPL260717C00160000,AAPL,2026-07-17,160.00,call,0.00,120.70,119.05,4,122.35,34,0,0,2025-11-24,0.39048,0.9759,0.00066,-0.02621,0.12547,0.95627
1598,AAPL260717C00165000,AAPL,2026-07-17,165.00,call,0.00,116.08,114.50,4,117.65,34,0,0,2025-11-24,0.39048,0.96977,0.00079,-0.02869,0.15160,0.97510
1600,AAPL260717C00170000,AAPL,2026-07-17,170.00,call,0.00,111.50,110.00,4,113.00,34,0,0,2025-11-24,0.39048,0.96264,0.00094,-0.03137,0.18047,0.99179
1602,AAPL260717C00175000,AAPL,2026-07-17,175.00,call,0.00,106.78,105.20,4,108.35,34,0,0,2025-11-24,0.37097,0.961,0.00103,-0.03160,0.18689,1.02035
1604,AAPL260717C00180000,AAPL,2026-07-17,180.00,call,0.00,102.12,100.50,4,103.75,34,0,0,2025-11-24,0.37097,0.95232,0.00121,-0.03442,0.21983,1.03387
1606,AAPL260717C00185000,AAPL,2026-07-17,185.00,call,89.93,97.58,96.00,4,99.15,34,0,1,2025-11-24,0.37097,0.94246,0.00140,-0.03740,0.25522,1.04483
1608,AAPL260717C00190000,AAPL,2026-07-17,190.00,call,0.00,93.08,91.50,4,94.65,34,0,0,2025-11-24,0.35146,0.93974,0.00154,-0.03748,0.26464,1.07148
1610,AAPL260717C00195000,AAPL,2026-07-17,195.00,call,0.00,88.58,87.00,4,90.15,34,0,0,2025-11-24,0.35146,0.92792,0.00176,-0.04054,0.30403,1.07841
1612,AAPL260717C00200000,AAPL,2026-07-17,200.00,call,0.00,84.10,82.50,4,85.70,34,0,0,2025-11-24,0.35146,0.91476,0.00200,-0.04369,0.34523,1.08240
1614,AAPL260717C00205000,AAPL,2026-07-17,205.00,call,0.00,79.65,78.00,4,81.30,14,0,0,2025-11-24,0.33194,0.91027,0.00220,-0.04359,0.35872,1.10586
1616,AAPL260717C00210000,AAPL,2026-07-17,210.00,call,0.00,75.22,73.50,8,76.95,19,0,0,2025-11-24,0.33194,0.89471,0.00248,-0.04673,0.40339,1.10485
1618,AAPL260717C00215000,AAPL,2026-07-17,215.00,call,0.00,70.97,69.30,10,72.65,15,0,0,2025-11-24,0.33194,0.87771,0.00276,-0.04987,0.44882,1.10061
1620,AAPL260717C00220000,AAPL,2026-07-17,220.00,call,65.40,66.80,65.15,10,68.45,20,2,0,2025-11-24,0.31243,0.87043,0.00305,-0.04954,0.46728,1.11895
1622,AAPL260717C00225000,AAPL,2026-07-17,225.00,call,58.35,62.72,61.15,10,64.30,14,0,9,2025-11-24,0.31243,0.85055,0.00336,-0.05254,0.51495,1.10866
1624,AAPL260717C00230000,AAPL,2026-07-17,230.00,call,59.05,58.73,57.20,10,60.25,17,1,0,2025-11-24,0.31243,0.82922,0.00367,-0.05543,0.56189,1.09501
1626,AAPL260717C00235000,AAPL,2026-07-17,235.00,call,0.00,54.62,53.00,10,56.25,14,0,0,2025-11-24,0.31243,0.80657,0.00397,-0.05818,0.60742,1.07813
1628,AAPL260717C00240000,AAPL,2026-07-17,240.00,call,51.04,51.08,49.80,10,52.35,14,2,2,2025-11-24,0.31243,0.7827,0.00425,-0.06074,0.65090,1.05823
1630,AAPL260717C00245000,AAPL,2026-07-17,245.00,call,45.15,47.38,46.15,4,48.60,14,2,0,2025-11-24,0.29292,0.76715,0.00471,-0.05970,0.67691,1.06079
1632,AAPL260717C00250000,AAPL,2026-07-17,250.00,call,38.65,43.17,41.45,12,44.90,14,0,2,2025-11-24,0.29292,0.74006,0.00500,-0.06182,0.71805,1.03383
1634,AAPL260717C00255000,AAPL,2026-07-17,255.00,call,37.13,39.67,38.00,12,41.35,18,0,10,2025-11-24,0.27341,0.72004,0.00556,-0.06032,0.74522,1.02789
1636,AAPL260717C00260000,AAPL,2026-07-17,260.00,call,36.05,36.33,34.65,10,38.00,20,15,84,2025-11-24,0.27341,0.68951,0.00583,-0.06187,0.78161,0.99327
1638,AAPL260717C00265000,AAPL,2026-07-17,265.00,call,33.55,33.15,31.90,30,34.40,40,62,174,2025-11-24,0.27341,0.65823,0.00607,-0.06307,0.81283,0.95627
1640,AAPL260717C00270000,AAPL,2026-07-17,270.00,call,30.00,30.52,29.30,6,31.75,14,300,35,2025-11-24,0.27341,0.62643,0.00626,-0.06392,0.83851,0.91731
1642,AAPL260717C00275000,AAPL,2026-07-17,275.00,call,27.39,27.00,26.70,8,27.30,19,2,13,2025-11-24,0.27341,0.59436,0.00641,-0.06441,0.85842,0.87680
1644,AAPL260717C00280000,AAPL,2026-07-17,280.00,call,25.00,24.30,24.00,10,24.60,19,2,9,2025-11-24,0.25390,0.56058,0.00702,-0.06108,0.87304,0.84317
1646,AAPL260717C00285000,AAPL,2026-07-17,285.00,call,22.37,21.77,21.50,9,22.05,12,55,1,2025-11-24,0.25390,0.52613,0.00708,-0.06076,0.88135,0.79649
1649,AAPL260717P00290000,AAPL,2026-07-17,290.00,put,0.00,27.45,27.10,9,27.80,2,0,0,2025-11-24,0.27341,-0.50132,0.00659,-0.03370,0.88324,-1.07098
1651,AAPL260717P00295000,AAPL,2026-07-17,295.00,put,0.00,30.35,30.00,9,30.70,2,0,0,2025-11-24,0.27341,-0.53237,0.00657,-0.03230,0.88034,-1.14508
1653,AAPL260717P00300000,AAPL,2026-07-17,300.00,put,0.00,33.40,33.00,6,33.80,4,0,0,2025-11-24,0.27341,-0.56271,0.00651,-0.03062,0.87231,-1.21884
1655,AAPL260717P00305000,AAPL,2026-07-17,305.00,put,0.00,36.73,34.95,6,38.50,6,0,0,2025-11-24,0.27341,-0.59219,0.00641,-0.02867,0.85955,-1.29197
1657,AAPL260717P00310000,AAPL,2026-07-17,310.00,put,0.00,40.02,38.40,8,41.65,13,0,0,2025-11-24,0.27341,-0.62069,0.00629,-0.02649,0.84251,-1.36420
1659,AAPL260717P00315000,AAPL,2026-07-17,315.00,put,0.00,43.67,42.05,8,45.30,6,0,0,2025-11-24,0.27341,-0.64812,0.00613,-0.02410,0.82165,-1.43531
1661,AAPL260717P00320000,AAPL,2026-07-17,320.00,put,0.00,47.58,45.85,4,49.30,4,0,0,2025-11-24,0.27341,-0.67437,0.00595,-0.02154,0.79747,-1.50511
1663,AAPL260717P00325000,AAPL,2026-07-17,325.00,put,0.00,51.50,49.90,6,53.10,5,0,0,2025-11-24,0.27341,-0.69941,0.00575,-0.01884,0.77047,-1.57345
1665,AAPL260717P00330000,AAPL,2026-07-17,330.00,put,0.00,55.70,54.05,6,57.35,6,0,0,2025-11-24,0.27341,-0.72317,0.00553,-0.01603,0.74115,-1.64020
1667,AAPL260717P00335000,AAPL,2026-07-17,335.00,put,0.00,60.08,58.40,7,61.75,7,0,0,2025-11-24,0.29292,-0.72631,0.00513,-0.01819,0.73700,-1.68002
1669,AAPL260717P00340000,AAPL,2026-07-17,340.00,put,0.00,64.58,62.95,4,66.20,4,0,0,2025-11-24,0.29292,-0.74688,0.00493,-0.01538,0.70817,-1.74192
1671,AAPL260717P00345000,AAPL,2026-07-17,345.00,put,0.00,69.40,67.70,4,71.10,4,0,0,2025-11-24,0.31243,-0.74738,0.00462,-0.01768,0.70743,-1.77738
1673,AAPL260717P00350000,AAPL,2026-07-17,350.00,put,0.00,74.15,72.05,1,76.25,1,0,0,2025-11-24,0.31243,-0.76536,0.00444,-0.01489,0.67977,-1.83532
1675,AAPL260717P00355000,AAPL,2026-07-17,355.00,put,0.00,79.12,77.05,1,81.20,1,0,0,2025-11-24,0.33194,-0.76399,0.00419,-0.01733,0.68197,-1.86769
1677,AAPL260717P00360000,AAPL,2026-07-17,360.00,put,0.00,84.07,82.05,1,86.10,1,0,0,2025-11-24,0.35146,-0.76227,0.00397,-0.01984,0.68469,-1.89957
1679,AAPL260717P00365000,AAPL,2026-07-17,365.00,put,0.00,89.07,87.05,1,91.10,1,0,0,2025-11-24,0.35146,-0.77713,0.00383,-0.01715,0.66041,-1.95254
1681,AAPL260717P00370000,AAPL,2026-07-17,370.00,put,0.00,94.07,92.05,1,96.10,1,0,0,2025-11-24,0.37097,-0.77425,0.00366,-0.01978,0.66526,-1.98251
1683,AAPL260717P00380000,AAPL,2026-07-17,380.00,put,0.00,104.07,102.05,1,106.10,1,0,0,2025-11-24,0.39048,-0.78381,0.00339,-0.01988,0.64897,-2.06168
1685,AAPL260717P00390000,AAPL,2026-07-17,390.00,put,0.00,114.07,112.05,1,116.10,1,0,0,2025-11-24,0.40999,-0.79144,0.00316,-0.02014,0.63548,-2.13785
1687,AAPL260717P00400000,AAPL,2026-07-17,400.00,put,0.00,124.07,122.05,1,126.10,1,0,0,2025-11-24,0.44901,-0.78267,0.00296,-0.02598,0.65095,-2.19324
1688,AAPL260821C00110000,AAPL,2026-08-21,110.00,call,168.90,168.93,167.25,24,170.60,10,0,5,2025-11-24,0.01976,1.0,0.00000,-0.01136,0.00000,0.79068
1690,AAPL260821C00115000,AAPL,2026-08-21,115.00,call,118.75,164.20,162.60,5,165.80,15,0,116,2025-11-24,0.35146,0.99916,0.00003,-0.01230,0.00681,0.82475
1692,AAPL260821C00120000,AAPL,2026-08-21,120.00,call,154.92,159.30,157.65,29,160.95,10,0,50,2025-11-24,0.01976,1.0,0.00000,-0.01240,0.00000,0.86256
1694,AAPL260821C00125000,AAPL,2026-08-21,125.00,call,139.53,154.55,152.90,5,156.20,10,0,10,2025-11-24,0.37097,0.99684,0.00011,-0.01437,0.02272,0.89137
1696,AAPL260821C00130000,AAPL,2026-08-21,130.00,call,131.02,149.73,148.05,29,151.40,10,0,87,2025-11-24,0.37097,0.99545,0.00015,-0.01545,0.03155,0.92412
1698,AAPL260821C00135000,AAPL,2026-08-21,135.00,call,118.10,144.95,143.30,29,146.60,10,0,6,2025-11-24,0.37097,0.99361,0.00020,-0.01667,0.04265,0.95585
1700,AAPL260821C00140000,AAPL,2026-08-21,140.00,call,132.45,140.20,138.55,5,141.85,10,0,68,2025-11-24,0.37097,0.99125,0.00027,-0.01804,0.05629,0.98634
1702,AAPL260821C00145000,AAPL,2026-08-21,145.00,call,124.17,135.45,133.80,24,137.10,10,0,18,2025-11-24,0.37097,0.98827,0.00035,-0.01958,0.07265,1.01539
1704,AAPL260821C00150000,AAPL,2026-08-21,150.00,call,124.50,130.80,129.20,4,132.40,14,0,73,2025-11-24,0.39048,0.98069,0.00051,-0.02291,0.11154,1.03333
1706,AAPL260821C00155000,AAPL,2026-08-21,155.00,call,118.33,126.10,124.50,4,127.70,14,0,20,2025-11-24,0.37097,0.98015,0.00055,-0.02319,0.11415,1.06833
1708,AAPL260821C00160000,AAPL,2026-08-21,160.00,call,116.05,121.50,120.00,4,123.00,14,0,80,2025-11-24,0.37097,0.97485,0.00067,-0.02526,0.13938,1.09180
1710,AAPL260821C00165000,AAPL,2026-08-21,165.00,call,91.22,116.82,115.30,4,118.35,14,0,43,2025-11-24,0.37097,0.96863,0.00080,-0.02751,0.16756,1.11302
1712,AAPL260821C00170000,AAPL,2026-08-21,170.00,call,108.55,112.10,110.50,4,113.70,14,0,76,2025-11-24,0.37097,0.96142,0.00095,-0.02991,0.19857,1.13183
1714,AAPL260821C00175000,AAPL,2026-08-21,175.00,call,106.25,107.53,105.95,4,109.10,14,0,20,2025-11-24,0.35146,0.96015,0.00103,-0.03002,0.20389,1.16542
1716,AAPL260821C00180000,AAPL,2026-08-21,180.00,call,102.70,103.03,101.50,4,104.55,14,0,27,2025-11-24,0.35146,0.95146,0.00121,-0.03252,0.23902,1.18075
1718,AAPL260821C00185000,AAPL,2026-08-21,185.00,call,90.50,98.53,97.00,4,100.05,14,0,44,2025-11-24,0.35146,0.94163,0.00140,-0.03515,0.27667,1.19320
1720,AAPL260821C00190000,AAPL,2026-08-21,190.00,call,86.15,94.03,92.50,4,95.55,14,0,75,2025-11-24,0.35146,0.93061,0.00160,-0.03788,0.31650,1.20267
1722,AAPL260821C00195000,AAPL,2026-08-21,195.00,call,86.85,89.38,88.75,4,90.00,14,15,77,2025-11-24,0.33194,0.92773,0.00175,-0.03779,0.32653,1.23307
1724,AAPL260821C00200000,AAPL,2026-08-21,200.00,call,77.57,85.00,84.35,8,85.65,5,0,154,2025-11-24,0.33194,0.91472,0.00198,-0.04054,0.37018,1.23780
1726,AAPL260821C00210000,AAPL,2026-08-21,210.00,call,72.65,76.53,76.05,10,77.00,14,0,287,2025-11-24,0.33194,0.88484,0.00247,-0.04612,0.46109,1.23724
1728,AAPL260821C00220000,AAPL,2026-08-21,220.00,call,68.98,68.20,67.85,8,68.55,14,1,239,2025-11-24,0.31243,0.86082,0.00299,-0.04845,0.52610,1.25330
1730,AAPL260821C00230000,AAPL,2026-08-21,230.00,call,60.60,60.20,59.85,7,60.55,14,4,682,2025-11-24,0.31243,0.82084,0.00353,-0.05355,0.62087,1.22688
1732,AAPL260821C00240000,AAPL,2026-08-21,240.00,call,47.70,52.60,52.25,8,52.95,14,0,542,2025-11-24,0.29292,0.78626,0.00419,-0.05499,0.69104,1.21783
1734,AAPL260821C00250000,AAPL,2026-08-21,250.00,call,46.30,45.45,45.15,7,45.75,31,14,1579,2025-11-24,0.29292,0.73613,0.00470,-0.05880,0.77561,1.16419
1736,AAPL260821C00260000,AAPL,2026-08-21,260.00,call,38.13,38.67,38.35,10,39.00,116,91,1148,2025-11-24,0.27341,0.68877,0.00545,-0.05862,0.83866,1.12411
1738,AAPL260821C00270000,AAPL,2026-08-21,270.00,call,32.90,32.40,32.00,77,32.80,106,29,1415,2025-11-24,0.27341,0.63,0.00582,-0.06039,0.89601,1.04514
1740,AAPL260821C00280000,AAPL,2026-08-21,280.00,call,27.61,26.85,26.80,10,26.90,38,442,2131,2025-11-24,0.27341,0.57033,0.00605,-0.06098,0.93199,0.95982
1742,AAPL260821C00290000,AAPL,2026-08-21,290.00,call,22.20,21.98,21.90,1,22.05,80,34,983,2025-11-24,0.25390,0.50507,0.00662,-0.05705,0.94666,0.87242
1745,AAPL260821P00300000,AAPL,2026-08-21,300.00,put,34.59,34.90,34.70,37,35.10,15,2,34,2025-11-24,0.27341,-0.54625,0.00611,-0.02786,0.94037,-1.37434
1747,AAPL260821P00310000,AAPL,2026-08-21,310.00,put,0.00,41.52,41.05,7,42.00,4,0,75,2025-11-24,0.27341,-0.60088,0.00595,-0.02436,0.91630,-1.53352
1749,AAPL260821P00320000,AAPL,2026-08-21,320.00,put,48.00,48.83,48.25,5,49.40,8,4,68,2025-11-24,0.27341,-0.65197,0.00570,-0.02014,0.87719,-1.68894
1751,AAPL260821P00330000,AAPL,2026-08-21,330.00,put,0.00,56.70,56.00,8,57.40,5,0,50,2025-11-24,0.29292,-0.68102,0.00514,-0.01990,0.84752,-1.81460
1753,AAPL260821P00340000,AAPL,2026-08-21,340.00,put,64.25,65.35,64.65,35,66.05,30,15,24,2025-11-24,0.29292,-0.72208,0.00483,-0.01509,0.79595,-1.95468
1755,AAPL260821P00350000,AAPL,2026-08-21,350.00,put,0.00,74.40,72.80,4,76.00,4,0,0,2025-11-24,0.31243,-0.74017,0.00437,-0.01490,0.76950,-2.06111
1757,AAPL260821P00360000,AAPL,2026-08-21,360.00,put,0.00,84.12,82.15,24,86.10,29,0,0,2025-11-24,0.33194,-0.7544,0.00400,-0.01487,0.74700,-2.16057
1759,AAPL260821P00370000,AAPL,2026-08-21,370.00,put,0.00,94.12,92.15,24,96.10,24,0,1,2025-11-24,0.35146,-0.76563,0.00368,-0.01499,0.72819,-2.25461
1761,AAPL260821P00380000,AAPL,2026-08-21,380.00,put,0.00,104.10,102.15,24,106.05,24,0,0,2025-11-24,0.39048,-0.75792,0.00337,-0.02024,0.74120,-2.32110
1763,AAPL260821P00390000,AAPL,2026-08-21,390.00,put,0.00,114.10,112.15,24,116.05,24,0,0,2025-11-24,0.40999,-0.76535,0.00316,-0.02071,0.72866,-2.40829
1765,AAPL260821P00400000,AAPL,2026-08-21,400.00,put,0.00,124.10,122.15,29,126.05,29,0,0,2025-11-24,0.42950,-0.77122,0.00297,-0.02132,0.71844,-2.49276
1767,AAPL260821P00410000,AAPL,2026-08-21,410.00,put,0.00,134.10,132.15,29,136.05,29,0,0,2025-11-24,0.44901,-0.77581,0.00281,-0.02206,0.71027,-2.57501
1769,AAPL260821P00420000,AAPL,2026-08-21,420.00,put,0.00,144.10,142.15,29,146.05,29,0,0,2025-11-24,0.46853,-0.77933,0.00267,-0.02291,0.70390,-2.65540
1771,AAPL260821P00430000,AAPL,2026-08-21,430.00,put,0.00,154.10,152.15,24,156.05,24,0,0,2025-11-24,0.48804,-0.78194,0.00254,-0.02389,0.69910,-2.73426
1773,AAPL260821P00440000,AAPL,2026-08-21,440.00,put,0.00,164.10,162.15,24,166.05,24,0,0,2025-11-24,0.50755,-0.78378,0.00243,-0.02498,0.69568,-2.81184
1775,AAPL260821P00450000,AAPL,2026-08-21,450.00,put,0.00,174.10,172.15,24,176.05,24,0,0,2025-11-24,0.52706,-0.78496,0.00234,-0.02618,0.69347,-2.88832
1776,AAPL260918C00050000,AAPL,2026-09-18,50.00,call,213.00,227.15,225.30,22,229.00,2,0,21,2025-11-24,0.01976,1.0,0.00000,-0.00515,0.00000,0.39549
1778,AAPL260918C00055000,AAPL,2026-09-18,55.00,call,218.01,222.45,220.50,22,224.40,22,0,115,2025-11-24,0.01976,1.0,0.00000,-0.00566,0.00000,0.43504
1780,AAPL260918C00060000,AAPL,2026-09-18,60.00,call,204.30,217.57,215.65,22,219.50,2,0,13,2025-11-24,0.01976,1.0,0.00000,-0.00618,0.00000,0.47459
1782,AAPL260918C00065000,AAPL,2026-09-18,65.00,call,164.78,212.68,210.85,22,214.50,2,0,1,2025-11-24,0.01976,1.0,0.00000,-0.00669,0.00000,0.51414
1784,AAPL260918C00070000,AAPL,2026-09-18,70.00,call,168.21,208.00,206.05,22,209.95,22,0,3,2025-11-24,0.01976,1.0,0.00000,-0.00721,0.00000,0.55369
1786,AAPL260918C00075000,AAPL,2026-09-18,75.00,call,202.50,203.10,201.20,22,205.00,2,0,102,2025-11-24,0.01976,1.0,0.00000,-0.00772,0.00000,0.59324
1788,AAPL260918C00080000,AAPL,2026-09-18,80.00,call,197.30,198.20,196.40,22,200.00,1,0,125,2025-11-24,0.01976,1.0,0.00000,-0.00824,0.00000,0.63278
1790,AAPL260918C00085000,AAPL,2026-09-18,85.00,call,158.77,193.50,191.60,22,195.40,1,0,29,2025-11-24,0.01976,1.0,0.00000,-0.00875,0.00000,0.67233
1792,AAPL260918C00090000,AAPL,2026-09-18,90.00,call,185.16,188.62,186.75,22,190.50,2,0,26,2025-11-24,0.01976,1.0,0.00000,-0.00927,0.00000,0.71188
1794,AAPL260918C00095000,AAPL,2026-09-18,95.00,call,178.65,183.93,181.95,22,185.90,22,0,12,2025-11-24,0.42950,0.99875,0.00004,-0.01049,0.01031,0.74827
1796,AAPL260918C00100000,AAPL,2026-09-18,100.00,call,171.50,179.07,177.15,23,181.00,2,0,108,2025-11-24,0.39048,0.99916,0.00003,-0.01074,0.00713,0.78890
1798,AAPL260918C00105000,AAPL,2026-09-18,105.00,call,172.50,174.02,172.35,22,175.70,10,0,13,2025-11-24,0.01976,1.0,0.00000,-0.01081,0.00000,0.83053
1800,AAPL260918C00110000,AAPL,2026-09-18,110.00,call,154.15,169.53,167.55,23,171.50,22,0,32,2025-11-24,0.42950,0.99592,0.00011,-0.01336,0.03007,0.85964
1802,AAPL260918C00115000,AAPL,2026-09-18,115.00,call,117.50,164.65,162.80,22,166.50,2,0,28,2025-11-24,0.40999,0.99577,0.00012,-0.01384,0.03105,0.89887
1804,AAPL260918C00120000,AAPL,2026-09-18,120.00,call,153.80,159.68,158.00,22,161.35,10,0,31,2025-11-24,0.31243,0.99932,0.00003,-0.01265,0.00589,0.94752
1806,AAPL260918C00125000,AAPL,2026-09-18,125.00,call,150.38,154.95,153.30,1,156.60,10,0,671,2025-11-24,0.37097,0.99566,0.00014,-0.01471,0.03178,0.97781
1808,AAPL260918C00130000,AAPL,2026-09-18,130.00,call,131.35,150.18,148.50,22,151.85,30,0,14,2025-11-24,0.37097,0.99392,0.00019,-0.01586,0.04291,1.01293
1810,AAPL260918C00135000,AAPL,2026-09-18,135.00,call,141.91,145.43,143.75,22,147.10,10,0,12,2025-11-24,0.37097,0.99168,0.00025,-0.01715,0.05655,1.04676
1812,AAPL260918C00140000,AAPL,2026-09-18,140.00,call,126.66,140.70,139.05,22,142.35,30,0,36,2025-11-24,0.37097,0.98888,0.00032,-0.01859,0.07289,1.07910
1814,AAPL260918C00145000,AAPL,2026-09-18,145.00,call,131.10,136.07,134.50,4,137.65,34,0,28,2025-11-24,0.39048,0.98168,0.00046,-0.02166,0.11205,1.09966
1816,AAPL260918C00150000,AAPL,2026-09-18,150.00,call,131.77,131.50,130.00,29,133.00,55,5,83,2025-11-24,0.39048,0.9769,0.00056,-0.02360,0.13633,1.12665
1818,AAPL260918C00155000,AAPL,2026-09-18,155.00,call,120.15,126.70,125.10,4,128.30,34,0,73,2025-11-24,0.37097,0.97629,0.00060,-0.02384,0.13936,1.16504
1820,AAPL260918C00160000,AAPL,2026-09-18,160.00,call,120.74,122.10,120.50,9,123.70,39,0,101,2025-11-24,0.37097,0.97048,0.00073,-0.02590,0.16740,1.18931
1822,AAPL260918C00165000,AAPL,2026-09-18,165.00,call,116.98,117.45,115.85,4,119.05,34,10,91,2025-11-24,0.37097,0.96376,0.00086,-0.02811,0.19824,1.21111
1824,AAPL260918C00170000,AAPL,2026-09-18,170.00,call,106.00,113.00,111.50,9,114.50,39,0,153,2025-11-24,0.37097,0.95609,0.00100,-0.03044,0.23171,1.23028
1826,AAPL260918C00175000,AAPL,2026-09-18,175.00,call,104.90,108.33,106.70,9,109.95,39,0,176,2025-11-24,0.35146,0.95471,0.00109,-0.03051,0.23754,1.26711
1828,AAPL260918C00180000,AAPL,2026-09-18,180.00,call,97.43,103.80,102.20,9,105.40,39,0,214,2025-11-24,0.35146,0.9456,0.00126,-0.03291,0.27494,1.28251
1830,AAPL260918C00185000,AAPL,2026-09-18,185.00,call,93.35,99.30,97.70,4,100.90,34,0,92,2025-11-24,0.35146,0.93541,0.00144,-0.03541,0.31456,1.29487
1832,AAPL260918C00190000,AAPL,2026-09-18,190.00,call,93.20,94.97,93.45,4,96.50,39,1,364,2025-11-24,0.35146,0.92412,0.00163,-0.03798,0.35605,1.30411
1834,AAPL260918C00195000,AAPL,2026-09-18,195.00,call,91.43,90.35,89.80,7,90.90,17,1,863,2025-11-24,0.33194,0.92115,0.00178,-0.03783,0.36659,1.33748
1836,AAPL260918C00200000,AAPL,2026-09-18,200.00,call,83.28,86.00,85.45,6,86.55,6,0,1547,2025-11-24,0.33194,0.90799,0.00199,-0.04039,0.41156,1.34174
1838,AAPL260918C00205000,AAPL,2026-09-18,205.00,call,83.00,81.85,81.40,8,82.30,39,6,1292,2025-11-24,0.33194,0.89364,0.00222,-0.04296,0.45757,1.34257
1840,AAPL260918C00210000,AAPL,2026-09-18,210.00,call,71.70,77.62,77.45,8,77.80,18,0,2075,2025-11-24,0.31243,0.88885,0.00243,-0.04262,0.47231,1.37188
1842,AAPL260918C00215000,AAPL,2026-09-18,215.00,call,69.45,73.47,73.10,7,73.85,28,0,533,2025-11-24,0.31243,0.87224,0.00268,-0.04511,0.52108,1.36671
1844,AAPL260918C00220000,AAPL,2026-09-18,220.00,call,69.00,69.38,68.95,10,69.80,48,5,1505,2025-11-24,0.31243,0.85443,0.00293,-0.04755,0.56974,1.35791
1846,AAPL260918C00225000,AAPL,2026-09-18,225.00,call,58.55,65.35,64.85,2,65.85,16,0,669,2025-11-24,0.31243,0.83547,0.00318,-0.04990,0.61772,1.34559
1848,AAPL260918C00230000,AAPL,2026-09-18,230.00,call,62.43,61.50,61.35,9,61.65,41,11,2031,2025-11-24,0.31243,0.81545,0.00342,-0.05215,0.66448,1.32989
1850,AAPL260918C00235000,AAPL,2026-09-18,235.00,call,58.07,57.77,57.40,9,58.15,34,8,1723,2025-11-24,0.29292,0.8047,0.00378,-0.05133,0.68802,1.34521
1852,AAPL260918C00240000,AAPL,2026-09-18,240.00,call,52.90,53.95,53.90,10,54.00,49,16,3186,2025-11-24,0.29292,0.782,0.00403,-0.05331,0.73432,1.32217
1854,AAPL260918C00245000,AAPL,2026-09-18,245.00,call,51.07,50.33,49.85,23,50.80,26,11,1135,2025-11-24,0.29292,0.75837,0.00427,-0.05511,0.77790,1.29593
1856,AAPL260918C00250000,AAPL,2026-09-18,250.00,call,47.00,46.90,46.75,7,47.05,40,18,3047,2025-11-24,0.29292,0.73393,0.00449,-0.05671,0.81828,1.26676
1858,AAPL260918C00255000,AAPL,2026-09-18,255.00,call,44.23,43.45,43.00,2,43.90,86,6,1155,2025-11-24,0.27341,0.71597,0.00497,-0.05523,0.84504,1.26462
1860,AAPL260918C00260000,AAPL,2026-09-18,260.00,call,40.93,40.23,40.20,11,40.25,50,14,3608,2025-11-24,0.27341,0.68875,0.00518,-0.05640,0.88110,1.22750
1862,AAPL260918C00265000,AAPL,2026-09-18,265.00,call,37.05,37.08,36.90,7,37.25,104,4,2369,2025-11-24,0.27341,0.661,0.00537,-0.05733,0.91247,1.18801
1864,AAPL260918C00270000,AAPL,2026-09-18,270.00,call,33.95,34.12,34.00,11,34.25,87,5,2094,2025-11-24,0.27341,0.6329,0.00552,-0.05800,0.93890,1.14652
1866,AAPL260918C00275000,AAPL,2026-09-18,275.00,call,31.90,31.23,31.20,10,31.25,37,39,2709,2025-11-24,0.27341,0.6046,0.00565,-0.05842,0.96023,1.10341
1868,AAPL260918C00280000,AAPL,2026-09-18,280.00,call,29.06,28.55,28.50,12,28.60,41,73,3097,2025-11-24,0.27341,0.57626,0.00575,-0.05858,0.97639,1.05906
1870,AAPL260918C00285000,AAPL,2026-09-18,285.00,call,26.69,26.02,26.00,12,26.05,71,253,2724,2025-11-24,0.25390,0.54445,0.00626,-0.05541,0.98843,1.02149
1872,AAPL260918C00290000,AAPL,2026-09-18,290.00,call,23.99,23.62,23.60,14,23.65,40,61,4215,2025-11-24,0.25390,0.5143,0.00630,-0.05498,0.99398,0.97088
1875,AAPL260918P00295000,AAPL,2026-09-18,295.00,put,0.00,32.72,32.65,19,32.80,1,0,37,2025-11-24,0.27341,-0.50754,0.00585,-0.02724,0.99444,-1.41138
1877,AAPL260918P00300000,AAPL,2026-09-18,300.00,put,0.00,35.80,35.60,8,36.00,12,0,514,2025-11-24,0.27341,-0.53464,0.00583,-0.02597,0.99086,-1.49686
1879,AAPL260918P00310000,AAPL,2026-09-18,310.00,put,0.00,42.25,41.85,27,42.65,22,0,21,2025-11-24,0.27341,-0.58694,0.00571,-0.02284,0.97090,-1.66652
1881,AAPL260918P00320000,AAPL,2026-09-18,320.00,put,49.05,49.42,49.00,16,49.85,16,2,70,2025-11-24,0.27341,-0.63615,0.00551,-0.01908,0.93612,-1.83294
1883,AAPL260918P00330000,AAPL,2026-09-18,330.00,put,56.81,57.25,56.65,19,57.85,19,8,154,2025-11-24,0.29292,-0.66429,0.00499,-0.01903,0.90903,-1.96956
1885,AAPL260918P00340000,AAPL,2026-09-18,340.00,put,65.34,65.75,65.15,7,66.35,22,27,258,2025-11-24,0.29292,-0.70437,0.00473,-0.01470,0.86106,-2.12089
1887,AAPL260918P00350000,AAPL,2026-09-18,350.00,put,73.65,74.92,74.35,30,75.50,30,32,75,2025-11-24,0.31243,-0.72209,0.00431,-0.01470,0.83619,-2.23752
1889,AAPL260918P00360000,AAPL,2026-09-18,360.00,put,0.00,84.12,82.15,22,86.10,22,0,0,2025-11-24,0.33194,-0.73606,0.00395,-0.01483,0.81494,-2.34671
1891,AAPL260918P00370000,AAPL,2026-09-18,370.00,put,0.00,94.12,92.15,27,96.10,27,0,0,2025-11-24,0.35146,-0.74709,0.00365,-0.01511,0.79713,-2.45010
1893,AAPL260918P00380000,AAPL,2026-09-18,380.00,put,103.77,104.40,102.70,26,106.10,27,1,3,2025-11-24,0.37097,-0.75577,0.00339,-0.01551,0.78243,-2.54889
1895,AAPL260918P00390000,AAPL,2026-09-18,390.00,put,0.00,114.15,112.20,1,116.10,27,0,0,2025-11-24,0.39048,-0.76256,0.00317,-0.01606,0.77051,-2.64401
1897,AAPL260918P00400000,AAPL,2026-09-18,400.00,put,0.00,124.10,122.15,27,126.05,27,0,0,2025-11-24,0.42950,-0.75213,0.00295,-0.02151,0.78865,-2.71317
1899,AAPL260918P00410000,AAPL,2026-09-18,410.00,put,0.00,134.10,132.15,27,136.05,27,0,0,2025-11-24,0.44901,-0.75654,0.00280,-0.02234,0.78108,-2.80372
1901,AAPL260918P00420000,AAPL,2026-09-18,420.00,put,0.00,144.10,142.15,27,146.05,27,0,0,2025-11-24,0.46853,-0.75989,0.00266,-0.02329,0.77525,-2.89227
1903,AAPL260918P00430000,AAPL,2026-09-18,430.00,put,0.00,154.10,152.15,27,156.05,27,0,0,2025-11-24,0.48804,-0.76232,0.00254,-0.02434,0.77093,-2.97915
1905,AAPL260918P00440000,AAPL,2026-09-18,440.00,put,0.00,164.10,162.15,27,166.05,27,0,0,2025-11-24,0.50755,-0.76399,0.00243,-0.02550,0.76796,-3.06463
1907,AAPL260918P00450000,AAPL,2026-09-18,450.00,put,0.00,174.10,172.15,27,176.05,27,0,0,2025-11-24,0.52706,-0.76499,0.00234,-0.02675,0.76616,-3.14893
1909,AAPL260918P00460000,AAPL,2026-09-18,460.00,put,0.00,184.10,182.15,22,186.05,22,0,0,2025-11-24,0.54657,-0.76542,0.00225,-0.02811,0.76538,-3.23221
1911,AAPL260918P00470000,AAPL,2026-09-18,470.00,put,0.00,194.10,192.15,22,196.05,22,0,0,2025-11-24,0.56608,-0.76535,0.00218,-0.02955,0.76551,-3.31465
1913,AAPL260918P00480000,AAPL,2026-09-18,480.00,put,0.00,204.10,202.15,22,206.05,22,0,0,2025-11-24,0.56608,-0.7778,0.00211,-0.02607,0.74242,-3.41351
1915,AAPL260918P00490000,AAPL,2026-09-18,490.00,put,0.00,214.10,212.15,22,216.05,22,0,0,2025-11-24,0.58560,-0.77665,0.00205,-0.02767,0.74460,-3.49398
1917,AAPL260918P00500000,AAPL,2026-09-18,500.00,put,0.00,224.10,222.15,22,226.05,22,0,0,2025-11-24,0.60511,-0.77518,0.00199,-0.02935,0.74739,-3.57393
1919,AAPL260918P00510000,AAPL,2026-09-18,510.00,put,0.00,234.10,232.15,22,236.05,22,0,0,2025-11-24,0.62462,-0.77341,0.00193,-0.03111,0.75071,-3.65344
1921,AAPL260918P00520000,AAPL,2026-09-18,520.00,put,0.00,244.10,242.15,27,246.05,27,0,0,2025-11-24,0.64413,-0.77138,0.00188,-0.03294,0.75449,-3.73257
1923,AAPL260918P00530000,AAPL,2026-09-18,530.00,put,0.00,254.10,252.15,27,256.05,27,0,0,2025-11-24,0.66364,-0.76911,0.00184,-0.03485,0.75866,-3.81136
1924,AAPL261218C00005000,AAPL,2026-12-18,5.00,call,264.64,271.07,269.15,19,273.00,2,0,2,2025-11-24,0.01976,1.0,0.00000,-0.00051,0.00000,0.05113
1926,AAPL261218C00010000,AAPL,2026-12-18,10.00,call,245.23,266.10,264.20,19,268.00,2,0,0,2025-11-24,0.01976,1.0,0.00000,-0.00102,0.00000,0.10226
1928,AAPL261218C00015000,AAPL,2026-12-18,15.00,call,186.06,261.15,259.30,19,263.00,2,0,5,2025-11-24,0.01976,1.0,0.00000,-0.00153,0.00000,0.15339
1930,AAPL261218C00020000,AAPL,2026-12-18,20.00,call,240.80,256.40,254.45,19,258.35,19,0,5,2025-11-24,0.01976,1.0,0.00000,-0.00204,0.00000,0.20452
1932,AAPL261218C00025000,AAPL,2026-12-18,25.00,call,184.65,251.57,249.65,19,253.50,2,0,2,2025-11-24,0.01976,1.0,0.00000,-0.00255,0.00000,0.25565
1934,AAPL261218C00030000,AAPL,2026-12-18,30.00,call,199.10,246.80,244.85,19,248.75,19,0,10,2025-11-24,0.01976,1.0,0.00000,-0.00306,0.00000,0.30677
1936,AAPL261218C00035000,AAPL,2026-12-18,35.00,call,146.20,242.00,240.05,19,243.95,19,0,3,2025-11-24,0.01976,1.0,0.00000,-0.00357,0.00000,0.35790
1938,AAPL261218C00040000,AAPL,2026-12-18,40.00,call,161.68,237.12,235.25,19,239.00,2,0,5,2025-11-24,0.01976,1.0,0.00000,-0.00408,0.00000,0.40903
1940,AAPL261218C00045000,AAPL,2026-12-18,45.00,call,156.53,232.40,230.45,19,234.35,19,0,57,2025-11-24,0.01976,1.0,0.00000,-0.00459,0.00000,0.46016
1942,AAPL261218C00050000,AAPL,2026-12-18,50.00,call,219.15,227.57,225.65,19,229.50,2,0,1982,2025-11-24,0.01976,1.0,0.00000,-0.00510,0.00000,0.51129
1944,AAPL261218C00060000,AAPL,2026-12-18,60.00,call,211.70,217.85,216.25,4,219.45,3,0,289,2025-11-24,0.01976,1.0,0.00000,-0.00612,0.00000,0.61355
1946,AAPL261218C00070000,AAPL,2026-12-18,70.00,call,203.00,208.38,206.75,30,210.00,24,0,2524,2025-11-24,0.01976,1.0,0.00000,-0.00714,0.00000,0.71581
1948,AAPL261218C00080000,AAPL,2026-12-18,80.00,call,195.28,198.80,197.20,4,200.40,4,0,394,2025-11-24,0.01976,1.0,0.00000,-0.00816,0.00000,0.81807
1950,AAPL261218C00085000,AAPL,2026-12-18,85.00,call,189.43,194.05,192.45,4,195.65,3,0,615,2025-11-24,0.01976,1.0,0.00000,-0.00867,0.00000,0.86919
1952,AAPL261218C00090000,AAPL,2026-12-18,90.00,call,180.50,189.50,187.55,19,191.45,19,0,478,2025-11-24,0.01976,1.0,0.00000,-0.00918,0.00000,0.92032
1954,AAPL261218C00095000,AAPL,2026-12-18,95.00,call,179.30,184.55,182.95,5,186.15,30,0,101,2025-11-24,0.01976,1.0,0.00000,-0.00969,0.00000,0.97145
1956,AAPL261218C00100000,AAPL,2026-12-18,100.00,call,180.30,179.88,179.15,26,180.60,32,1,3217,2025-11-24,0.01976,1.0,0.00000,-0.01020,0.00000,1.02258
1958,AAPL261218C00105000,AAPL,2026-12-18,105.00,call,168.76,175.07,173.50,3,176.65,33,0,176,2025-11-24,0.01976,1.0,0.00000,-0.01071,0.00000,1.07371
1960,AAPL261218C00110000,AAPL,2026-12-18,110.00,call,171.40,170.35,168.75,5,171.95,10,1,484,2025-11-24,0.01976,1.0,0.00000,-0.01122,0.00000,1.12484
1962,AAPL261218C00115000,AAPL,2026-12-18,115.00,call,158.14,165.65,164.05,3,167.25,30,0,238,2025-11-24,0.33194,0.99779,0.00007,-0.01250,0.01981,1.16873
1964,AAPL261218C00120000,AAPL,2026-12-18,120.00,call,158.22,160.77,159.35,5,162.20,34,0,1158,2025-11-24,0.01976,1.0,0.00000,-0.01224,0.00000,1.22710
1966,AAPL261218C00125000,AAPL,2026-12-18,125.00,call,152.00,156.25,154.65,5,157.85,33,0,418,2025-11-24,0.35146,0.99339,0.00019,-0.01491,0.05278,1.25622
1968,AAPL261218C00130000,AAPL,2026-12-18,130.00,call,143.00,151.60,150.00,4,153.20,30,0,1421,2025-11-24,0.37097,0.98823,0.00029,-0.01703,0.08748,1.28955
1970,AAPL261218C00135000,AAPL,2026-12-18,135.00,call,139.75,147.03,145.50,9,148.55,34,0,659,2025-11-24,0.37097,0.98485,0.00036,-0.01845,0.10883,1.32901
1972,AAPL261218C00140000,AAPL,2026-12-18,140.00,call,136.70,142.32,140.75,7,143.90,91,0,1019,2025-11-24,0.37097,0.98082,0.00044,-0.01997,0.13308,1.36619
1974,AAPL261218C00145000,AAPL,2026-12-18,145.00,call,132.31,137.70,136.10,7,139.30,14,0,479,2025-11-24,0.35146,0.98071,0.00047,-0.02018,0.13375,1.41747
1976,AAPL261218C00150000,AAPL,2026-12-18,150.00,call,133.42,133.15,131.55,9,134.75,14,6,473,2025-11-24,0.35146,0.97588,0.00057,-0.02178,0.16157,1.45190
1978,AAPL261218C00155000,AAPL,2026-12-18,155.00,call,127.05,128.60,127.00,9,130.20,14,0,295,2025-11-24,0.35146,0.97027,0.00067,-0.02349,0.19235,1.48355
1980,AAPL261218C00160000,AAPL,2026-12-18,160.00,call,119.30,124.10,122.55,53,125.65,55,0,1051,2025-11-24,0.35146,0.96386,0.00079,-0.02529,0.22598,1.51225
1982,AAPL261218C00165000,AAPL,2026-12-18,165.00,call,119.25,119.58,118.00,9,121.15,34,1,486,2025-11-24,0.35146,0.9566,0.00092,-0.02719,0.26224,1.53784
1984,AAPL261218C00170000,AAPL,2026-12-18,170.00,call,110.00,115.10,113.50,9,116.70,34,0,1155,2025-11-24,0.35146,0.94847,0.00106,-0.02915,0.30090,1.56019
1986,AAPL261218C00175000,AAPL,2026-12-18,175.00,call,109.00,110.67,109.05,9,112.30,34,1,849,2025-11-24,0.33194,0.94746,0.00113,-0.02909,0.30559,1.60946
1988,AAPL261218C00180000,AAPL,2026-12-18,180.00,call,105.00,106.45,105.00,9,107.90,34,1,988,2025-11-24,0.33194,0.93804,0.00129,-0.03108,0.34796,1.62735
1990,AAPL261218C00185000,AAPL,2026-12-18,185.00,call,99.35,101.72,101.15,7,102.30,8,15,1316,2025-11-24,0.33194,0.92766,0.00146,-0.03311,0.39225,1.64161
1992,AAPL261218C00190000,AAPL,2026-12-18,190.00,call,93.77,97.40,96.80,26,98.00,32,0,1018,2025-11-24,0.33194,0.91632,0.00163,-0.03517,0.43807,1.65220
1994,AAPL261218C00195000,AAPL,2026-12-18,195.00,call,93.70,93.28,92.75,7,93.80,14,2,1081,2025-11-24,0.31243,0.91398,0.00176,-0.03490,0.44724,1.69803
1996,AAPL261218C00200000,AAPL,2026-12-18,200.00,call,89.85,89.25,89.20,2,89.30,45,314,24031,2025-11-24,0.31243,0.90098,0.00196,-0.03692,0.49631,1.70287
1998,AAPL261218C00210000,AAPL,2026-12-18,210.00,call,79.25,81.07,81.05,2,81.10,14,475,5739,2025-11-24,0.31243,0.872,0.00235,-0.04090,0.59614,1.70074
2000,AAPL261218C00220000,AAPL,2026-12-18,220.00,call,73.72,73.22,73.20,2,73.25,13,9,3512,2025-11-24,0.31243,0.83932,0.00274,-0.04470,0.69499,1.68342
2002,AAPL261218C00230000,AAPL,2026-12-18,230.00,call,66.75,65.68,65.65,2,65.70,34,16,5213,2025-11-24,0.29292,0.81324,0.00322,-0.04572,0.76481,1.69709
2004,AAPL261218C00240000,AAPL,2026-12-18,240.00,call,59.36,58.48,58.45,7,58.50,34,8,5814,2025-11-24,0.29292,0.77312,0.00361,-0.04878,0.85832,1.65040
2006,AAPL261218C00250000,AAPL,2026-12-18,250.00,call,52.05,51.67,51.65,7,51.70,18,71,9660,2025-11-24,0.29292,0.73045,0.00396,-0.05130,0.94105,1.59112
2008,AAPL261218C00260000,AAPL,2026-12-18,260.00,call,45.91,45.27,45.25,7,45.30,51,28,4470,2025-11-24,0.27341,0.69082,0.00452,-0.05080,1.00376,1.55662
2010,AAPL261218C00270000,AAPL,2026-12-18,270.00,call,39.96,39.38,39.35,10,39.40,40,132,5692,2025-11-24,0.27341,0.64225,0.00479,-0.05204,1.06335,1.47095
2012,AAPL261218C00280000,AAPL,2026-12-18,280.00,call,33.95,33.90,33.85,4,33.95,49,102,4622,2025-11-24,0.27341,0.59314,0.00498,-0.05259,1.10526,1.37837
2014,AAPL261218C00290000,AAPL,2026-12-18,290.00,call,29.25,28.98,28.95,8,29.00,35,42,6576,2025-11-24,0.27341,0.54431,0.00509,-0.05247,1.12936,1.28148
2017,AAPL261218P00300000,AAPL,2026-12-18,300.00,put,38.60,38.78,38.70,32,38.85,10,5,5231,2025-11-24,0.27341,-0.50351,0.00512,-0.02113,1.13633,-1.88513
2019,AAPL261218P00310000,AAPL,2026-12-18,310.00,put,44.65,44.98,44.75,20,45.20,2,2,56,2025-11-24,0.27341,-0.54973,0.00508,-0.01882,1.12753,-2.08612
2021,AAPL261218P00320000,AAPL,2026-12-18,320.00,put,0.00,51.75,51.30,19,52.20,4,0,67,2025-11-24,0.29292,-0.58011,0.00468,-0.01930,1.11339,-2.26791
2023,AAPL261218P00330000,AAPL,2026-12-18,330.00,put,0.00,59.15,58.70,5,59.60,4,0,88,2025-11-24,0.29292,-0.61941,0.00457,-0.01636,1.08508,-2.45615
2025,AAPL261218P00340000,AAPL,2026-12-18,340.00,put,0.00,67.08,66.45,6,67.70,4,0,209,2025-11-24,0.29292,-0.6564,0.00441,-0.01311,1.04789,-2.64100
2027,AAPL261218P00350000,AAPL,2026-12-18,350.00,put,0.00,75.62,74.95,5,76.30,4,0,74,2025-11-24,0.31243,-0.67288,0.00405,-0.01345,1.02793,-2.78975
2029,AAPL261218P00360000,AAPL,2026-12-18,360.00,put,0.00,84.80,84.15,4,85.45,4,0,67,2025-11-24,0.33194,-0.68588,0.00375,-0.01390,1.01068,-2.92975
2031,AAPL261218P00370000,AAPL,2026-12-18,370.00,put,0.00,94.15,92.20,24,96.10,24,0,0,2025-11-24,0.33194,-0.71367,0.00360,-0.01049,0.96919,-3.09401
2033,AAPL261218P00380000,AAPL,2026-12-18,380.00,put,0.00,104.15,102.20,24,106.10,24,0,0,2025-11-24,0.37097,-0.70412,0.00327,-0.01511,0.98417,-3.19031
2035,AAPL261218P00390000,AAPL,2026-12-18,390.00,put,0.00,114.12,112.15,24,116.10,24,0,0,2025-11-24,0.39048,-0.7103,0.00308,-0.01587,0.97456,-3.31334
2037,AAPL261218P00400000,AAPL,2026-12-18,400.00,put,0.00,124.12,122.15,24,126.10,24,0,0,2025-11-24,0.40999,-0.715,0.00291,-0.01672,0.96706,-3.43273
2039,AAPL261218P00410000,AAPL,2026-12-18,410.00,put,0.00,134.15,132.20,1,136.10,24,0,0,2025-11-24,0.42950,-0.71845,0.00276,-0.01768,0.96142,-3.54913
2041,AAPL261218P00420000,AAPL,2026-12-18,420.00,put,0.00,144.10,142.15,1,146.05,24,0,0,2025-11-24,0.44901,-0.72086,0.00263,-0.01872,0.95743,-3.66306
2043,AAPL261218P00430000,AAPL,2026-12-18,430.00,put,0.00,154.10,152.15,24,156.05,24,0,0,2025-11-24,0.46853,-0.72239,0.00251,-0.01985,0.95487,-3.77494
2045,AAPL261218P00440000,AAPL,2026-12-18,440.00,put,0.00,164.10,162.15,20,166.05,24,0,0,2025-11-24,0.48804,-0.72316,0.00241,-0.02107,0.95357,-3.88510
2047,AAPL261218P00450000,AAPL,2026-12-18,450.00,put,0.00,174.10,172.15,20,176.05,24,0,0,2025-11-24,0.48804,-0.73789,0.00234,-0.01813,0.92779,-4.01721
2049,AAPL261218P00460000,AAPL,2026-12-18,460.00,put,0.00,184.10,182.15,24,186.05,24,0,0,2025-11-24,0.50755,-0.73714,0.00226,-0.01948,0.92914,-4.12378
2051,AAPL261218P00470000,AAPL,2026-12-18,470.00,put,0.00,194.10,192.15,24,196.05,24,0,0,2025-11-24,0.52706,-0.73592,0.00218,-0.02091,0.93134,-4.22935
2053,AAPL261218P00480000,AAPL,2026-12-18,480.00,put,0.00,204.10,202.15,24,206.05,24,0,0,2025-11-24,0.54657,-0.73429,0.00211,-0.02241,0.93427,-4.33409
2055,AAPL261218P00490000,AAPL,2026-12-18,490.00,put,0.00,214.10,212.15,24,216.05,24,0,0,2025-11-24,0.56608,-0.73229,0.00204,-0.02397,0.93781,-4.43811
2057,AAPL261218P00500000,AAPL,2026-12-18,500.00,put,0.00,224.10,222.15,20,226.05,24,0,0,2025-11-24,0.58560,-0.72997,0.00198,-0.02560,0.94189,-4.54152
2059,AAPL261218P00510000,AAPL,2026-12-18,510.00,put,0.00,234.10,232.15,24,236.05,24,0,0,2025-11-24,0.58560,-0.74069,0.00194,-0.02293,0.92268,-4.66420
2061,AAPL261218P00520000,AAPL,2026-12-18,520.00,put,0.00,244.10,242.15,24,246.05,24,0,0,2025-11-24,0.60511,-0.73759,0.00189,-0.02467,0.92834,-4.76588
2063,AAPL261218P00530000,AAPL,2026-12-18,530.00,put,0.00,254.10,252.15,24,256.05,24,0,0,2025-11-24,0.62462,-0.73427,0.00184,-0.02646,0.93431,-4.86722
2064,AAPL270115C00005000,AAPL,2027-01-15,5.00,call,262.50,270.88,269.15,20,272.60,21,0,20,2025-11-24,0.01976,1.0,0.00000,-0.00051,0.00000,0.05465
2066,AAPL270115C00010000,AAPL,2027-01-15,10.00,call,259.68,266.10,264.20,20,268.00,2,0,56,2025-11-24,0.01976,1.0,0.00000,-0.00102,0.00000,0.10929
2068,AAPL270115C00015000,AAPL,2027-01-15,15.00,call,252.65,261.27,259.30,20,263.25,20,0,188,2025-11-24,0.01976,1.0,0.00000,-0.00153,0.00000,0.16394
2070,AAPL270115C00020000,AAPL,2027-01-15,20.00,call,240.33,256.45,254.50,20,258.40,20,0,29,2025-11-24,0.01976,1.0,0.00000,-0.00203,0.00000,0.21859
2072,AAPL270115C00025000,AAPL,2027-01-15,25.00,call,172.10,251.60,249.70,20,253.50,2,0,5,2025-11-24,0.01976,1.0,0.00000,-0.00254,0.00000,0.27323
2074,AAPL270115C00030000,AAPL,2027-01-15,30.00,call,192.40,246.90,244.95,20,248.85,20,0,4,2025-11-24,0.01976,1.0,0.00000,-0.00305,0.00000,0.32788
2076,AAPL270115C00035000,AAPL,2027-01-15,35.00,call,165.98,242.10,240.20,20,244.00,2,0,5,2025-11-24,0.01976,1.0,0.00000,-0.00356,0.00000,0.38253
2078,AAPL270115C00040000,AAPL,2027-01-15,40.00,call,233.10,237.38,235.40,12,239.35,20,0,29,2025-11-24,0.01976,1.0,0.00000,-0.00407,0.00000,0.43717
2080,AAPL270115C00045000,AAPL,2027-01-15,45.00,call,213.40,232.57,230.65,20,234.50,2,0,2,2025-11-24,0.01976,1.0,0.00000,-0.00458,0.00000,0.49182
2082,AAPL270115C00050000,AAPL,2027-01-15,50.00,call,226.80,227.85,225.90,20,229.80,20,0,65,2025-11-24,0.01976,1.0,0.00000,-0.00508,0.00000,0.54646
2084,AAPL270115C00060000,AAPL,2027-01-15,60.00,call,203.25,218.07,216.40,25,219.75,3,0,123,2025-11-24,0.01976,1.0,0.00000,-0.00610,0.00000,0.65576
2086,AAPL270115C00070000,AAPL,2027-01-15,70.00,call,185.20,208.57,206.90,28,210.25,3,0,162,2025-11-24,0.01976,1.0,0.00000,-0.00712,0.00000,0.76505
2088,AAPL270115C00080000,AAPL,2027-01-15,80.00,call,172.80,199.20,197.40,20,201.00,1,0,333,2025-11-24,0.01976,1.0,0.00000,-0.00814,0.00000,0.87434
2090,AAPL270115C00085000,AAPL,2027-01-15,85.00,call,191.00,194.57,192.65,20,196.50,2,0,160,2025-11-24,0.01976,1.0,0.00000,-0.00864,0.00000,0.92899
2092,AAPL270115C00090000,AAPL,2027-01-15,90.00,call,188.50,189.90,187.95,20,191.85,20,0,307,2025-11-24,0.40999,0.99799,0.00005,-0.01001,0.01878,0.97638
2094,AAPL270115C00095000,AAPL,2027-01-15,95.00,call,178.00,184.88,183.20,20,186.55,30,0,15,2025-11-24,0.01976,1.0,0.00000,-0.00966,0.00000,1.03828
2096,AAPL270115C00100000,AAPL,2027-01-15,100.00,call,173.90,180.23,178.65,3,181.80,33,0,509,2025-11-24,0.01976,1.0,0.00000,-0.01017,0.00000,1.09293
2098,AAPL270115C00105000,AAPL,2027-01-15,105.00,call,168.92,175.43,173.75,20,177.10,10,0,65,2025-11-24,0.01976,1.0,0.00000,-0.01068,0.00000,1.14758
2100,AAPL270115C00110000,AAPL,2027-01-15,110.00,call,169.73,171.03,169.05,20,173.00,20,0,37,2025-11-24,0.40999,0.99221,0.00018,-0.01402,0.06312,1.17359
2102,AAPL270115C00115000,AAPL,2027-01-15,115.00,call,164.50,166.35,164.40,20,168.30,20,0,51,2025-11-24,0.40999,0.98976,0.00023,-0.01529,0.08026,1.21902
2104,AAPL270115C00120000,AAPL,2027-01-15,120.00,call,155.47,161.38,159.70,20,163.05,10,0,567,2025-11-24,0.35146,0.99417,0.00016,-0.01407,0.04888,1.29065
2106,AAPL270115C00125000,AAPL,2027-01-15,125.00,call,152.80,157.00,155.05,20,158.95,20,0,248,2025-11-24,0.39048,0.98652,0.00030,-0.01702,0.10189,1.31649
2108,AAPL270115C00130000,AAPL,2027-01-15,130.00,call,143.99,152.38,150.40,20,154.35,20,0,416,2025-11-24,0.39048,0.98291,0.00037,-0.01848,0.12487,1.35758
2110,AAPL270115C00135000,AAPL,2027-01-15,135.00,call,143.00,147.60,146.05,45,149.15,66,0,1575,2025-11-24,0.37097,0.98269,0.00039,-0.01875,0.12625,1.41194
2112,AAPL270115C00140000,AAPL,2027-01-15,140.00,call,139.08,143.03,141.50,51,144.55,67,0,1567,2025-11-24,0.37097,0.97837,0.00047,-0.02028,0.15260,1.45035
2114,AAPL270115C00145000,AAPL,2027-01-15,145.00,call,134.40,138.43,137.60,36,139.25,39,0,6389,2025-11-24,0.37097,0.97336,0.00056,-0.02191,0.18178,1.48609
2116,AAPL270115C00150000,AAPL,2027-01-15,150.00,call,128.69,133.80,132.20,60,135.40,45,0,1715,2025-11-24,0.35146,0.97309,0.00060,-0.02206,0.18333,1.54060
2118,AAPL270115C00155000,AAPL,2027-01-15,155.00,call,125.40,129.30,127.70,9,130.90,14,0,135,2025-11-24,0.35146,0.96719,0.00071,-0.02374,0.21611,1.57305
2120,AAPL270115C00160000,AAPL,2027-01-15,160.00,call,117.00,124.80,123.20,9,126.40,14,0,654,2025-11-24,0.35146,0.96049,0.00082,-0.02551,0.25159,1.60237
2122,AAPL270115C00165000,AAPL,2027-01-15,165.00,call,118.13,120.47,119.00,9,121.95,14,0,325,2025-11-24,0.35146,0.95299,0.00095,-0.02735,0.28955,1.62842
2124,AAPL270115C00170000,AAPL,2027-01-15,170.00,call,108.25,116.00,114.50,50,117.50,48,0,853,2025-11-24,0.35146,0.94465,0.00108,-0.02926,0.32971,1.65111
2126,AAPL270115C00175000,AAPL,2027-01-15,175.00,call,103.61,111.58,110.00,55,113.15,53,0,1532,2025-11-24,0.35146,0.93548,0.00122,-0.03121,0.37179,1.67034
2128,AAPL270115C00180000,AAPL,2027-01-15,180.00,call,107.56,107.17,105.55,62,108.80,49,2,888,2025-11-24,0.33194,0.934,0.00131,-0.03108,0.37840,1.72181
2130,AAPL270115C00185000,AAPL,2027-01-15,185.00,call,102.52,102.80,102.20,30,103.40,40,2,734,2025-11-24,0.33194,0.9235,0.00147,-0.03302,0.42381,1.73610
2132,AAPL270115C00190000,AAPL,2027-01-15,190.00,call,96.40,98.55,97.95,8,99.15,14,1,923,2025-11-24,0.33194,0.91211,0.00163,-0.03498,0.47053,1.74664
2134,AAPL270115C00195000,AAPL,2027-01-15,195.00,call,95.15,94.43,93.90,8,94.95,40,1,682,2025-11-24,0.33194,0.89984,0.00179,-0.03694,0.51817,1.75343
2136,AAPL270115C00200000,AAPL,2027-01-15,200.00,call,91.43,90.30,90.30,1,90.30,60,38,12846,2025-11-24,0.31243,0.89676,0.00195,-0.03660,0.52973,1.80039
2138,AAPL270115C00210000,AAPL,2027-01-15,210.00,call,82.25,82.20,81.70,9,82.70,34,38,2101,2025-11-24,0.31243,0.86805,0.00232,-0.04034,0.63034,1.79771
2140,AAPL270115C00220000,AAPL,2027-01-15,220.00,call,75.30,74.43,74.40,7,74.45,43,38,4638,2025-11-24,0.31243,0.83594,0.00268,-0.04388,0.72938,1.77977
2142,AAPL270115C00230000,AAPL,2027-01-15,230.00,call,67.50,66.93,66.90,9,66.95,41,71,8963,2025-11-24,0.29292,0.81044,0.00314,-0.04478,0.79916,1.79594
2144,AAPL270115C00240000,AAPL,2027-01-15,240.00,call,60.18,59.83,59.80,2,59.85,10,6,7934,2025-11-24,0.29292,0.77144,0.00350,-0.04761,0.89237,1.74847
2146,AAPL270115C00250000,AAPL,2027-01-15,250.00,call,53.68,53.08,53.05,2,53.10,23,34,8797,2025-11-24,0.29292,0.73013,0.00383,-0.04995,0.97490,1.68846
2148,AAPL270115C00260000,AAPL,2027-01-15,260.00,call,47.30,46.75,46.70,7,46.80,39,21,14324,2025-11-24,0.27341,0.69187,0.00436,-0.04943,1.03771,1.65594
2150,AAPL270115C00270000,AAPL,2027-01-15,270.00,call,40.91,40.88,40.85,7,40.90,40,171,7329,2025-11-24,0.27341,0.64506,0.00462,-0.05059,1.09790,1.56928
2152,AAPL270115C00280000,AAPL,2027-01-15,280.00,call,35.65,35.45,35.40,8,35.50,57,44,10072,2025-11-24,0.27341,0.59777,0.00480,-0.05114,1.14105,1.47559
2154,AAPL270115C00290000,AAPL,2027-01-15,290.00,call,30.95,30.50,30.45,10,30.55,35,74,2947,2025-11-24,0.27341,0.55073,0.00491,-0.05107,1.16704,1.37738
2159,AAPL270115P00310000,AAPL,2027-01-15,310.00,put,45.19,45.75,45.50,30,46.00,16,14,164,2025-11-24,0.29292,-0.52943,0.00461,-0.02070,1.17336,-2.20428
2161,AAPL270115P00320000,AAPL,2027-01-15,320.00,put,51.92,52.40,51.85,12,52.95,35,12,213,2025-11-24,0.29292,-0.56956,0.00455,-0.01833,1.15863,-2.40391
2163,AAPL270115P00330000,AAPL,2027-01-15,330.00,put,59.39,59.73,59.20,17,60.25,4,12,128,2025-11-24,0.29292,-0.60778,0.00445,-0.01560,1.13336,-2.60139
2165,AAPL270115P00340000,AAPL,2027-01-15,340.00,put,66.77,67.55,67.05,30,68.05,20,70,206,2025-11-24,0.29292,-0.64389,0.00431,-0.01259,1.09917,-2.79578
2167,AAPL270115P00350000,AAPL,2027-01-15,350.00,put,74.85,76.12,75.50,30,76.75,30,68,181,2025-11-24,0.31243,-0.65999,0.00398,-0.01299,1.08063,-2.95418
2169,AAPL270115P00360000,AAPL,2027-01-15,360.00,put,84.45,85.03,84.40,4,85.65,17,18,111,2025-11-24,0.33194,-0.67269,0.00369,-0.01349,1.06453,-3.10345
2171,AAPL270115P00370000,AAPL,2027-01-15,370.00,put,0.00,94.15,92.20,25,96.10,25,0,0,2025-11-24,0.33194,-0.70006,0.00355,-0.01032,1.02532,-3.27714
2173,AAPL270115P00380000,AAPL,2027-01-15,380.00,put,0.00,104.15,102.20,25,106.10,25,0,0,2025-11-24,0.35146,-0.70753,0.00332,-0.01096,1.01354,-3.41259
2175,AAPL270115P00390000,AAPL,2027-01-15,390.00,put,0.00,114.12,112.15,25,116.10,25,0,0,2025-11-24,0.37097,-0.71316,0.00311,-0.01170,1.00432,-3.54319
2177,AAPL270115P00400000,AAPL,2027-01-15,400.00,put,0.00,124.15,122.20,1,126.10,25,0,0,2025-11-24,0.39048,-0.71731,0.00294,-0.01255,0.99737,-3.66987
2179,AAPL270115P00410000,AAPL,2027-01-15,410.00,put,0.00,134.15,132.20,1,136.10,25,0,0,2025-11-24,0.40999,-0.72022,0.00278,-0.01349,0.99240,-3.79336
2181,AAPL270115P00420000,AAPL,2027-01-15,420.00,put,0.00,144.12,142.20,1,146.05,1,0,0,2025-11-24,0.42950,-0.7221,0.00265,-0.01452,0.98914,-3.91424
2183,AAPL270115P00430000,AAPL,2027-01-15,430.00,put,0.00,154.10,152.15,25,156.05,25,0,0,2025-11-24,0.44901,-0.72311,0.00253,-0.01563,0.98737,-4.03297
2185,AAPL270115P00440000,AAPL,2027-01-15,440.00,put,0.00,164.10,162.15,25,166.05,25,0,0,2025-11-24,0.46853,-0.72339,0.00242,-0.01683,0.98689,-4.14990
2187,AAPL270115P00450000,AAPL,2027-01-15,450.00,put,0.00,174.10,172.15,25,176.05,25,0,0,2025-11-24,0.48804,-0.72304,0.00233,-0.01810,0.98751,-4.26534
2189,AAPL270115P00460000,AAPL,2027-01-15,460.00,put,0.00,184.10,182.15,21,186.05,25,0,0,2025-11-24,0.50755,-0.72213,0.00224,-0.01944,0.98908,-4.37952
2191,AAPL270115P00470000,AAPL,2027-01-15,470.00,put,0.00,194.10,192.15,21,196.05,25,0,0,2025-11-24,0.52706,-0.72075,0.00216,-0.02086,0.99147,-4.49265
2193,AAPL270115P00480000,AAPL,2027-01-15,480.00,put,0.00,204.10,202.15,21,206.05,25,0,0,2025-11-24,0.54657,-0.71896,0.00209,-0.02233,0.99456,-4.60489
2195,AAPL270115P00490000,AAPL,2027-01-15,490.00,put,0.00,214.10,212.15,25,216.05,25,0,0,2025-11-24,0.56608,-0.7168,0.00203,-0.02387,0.99823,-4.71638
2197,AAPL270115P00500000,AAPL,2027-01-15,500.00,put,0.00,224.10,222.15,25,226.05,25,0,0,2025-11-24,0.56608,-0.72799,0.00199,-0.02132,0.97876,-4.84827
2199,AAPL270115P00510000,AAPL,2027-01-15,510.00,put,0.00,234.10,232.15,25,236.05,25,0,0,2025-11-24,0.58560,-0.72496,0.00193,-0.02297,0.98413,-4.95770
2201,AAPL270115P00520000,AAPL,2027-01-15,520.00,put,0.00,244.10,242.15,21,246.05,25,0,0,2025-11-24,0.60511,-0.7217,0.00188,-0.02467,0.98984,-5.06672
2203,AAPL270115P00530000,AAPL,2027-01-15,530.00,put,0.00,254.10,252.15,25,256.05,25,0,0,2025-11-24,0.62462,-0.71821,0.00183,-0.02643,0.99584,-5.17540
2204,AAPL270617C00005000,AAPL,2027-06-17,5.00,call,0.00,271.07,269.15,19,273.00,2,0,0,2025-11-24,0.01976,1.0,0.00000,-0.00050,0.00000,0.07349
2206,AAPL270617C00010000,AAPL,2027-06-17,10.00,call,0.00,266.12,264.25,19,268.00,2,0,0,2025-11-24,0.01976,1.0,0.00000,-0.00100,0.00000,0.14698
2208,AAPL270617C00015000,AAPL,2027-06-17,15.00,call,0.00,261.35,259.40,19,263.30,19,0,0,2025-11-24,0.01976,1.0,0.00000,-0.00150,0.00000,0.22047
2210,AAPL270617C00020000,AAPL,2027-06-17,20.00,call,0.00,256.57,254.65,19,258.50,2,0,0,2025-11-24,0.01976,1.0,0.00000,-0.00200,0.00000,0.29397
2212,AAPL270617C00025000,AAPL,2027-06-17,25.00,call,0.00,251.88,249.90,19,253.85,19,0,0,2025-11-24,0.01976,1.0,0.00000,-0.00250,0.00000,0.36746
2214,AAPL270617C00030000,AAPL,2027-06-17,30.00,call,0.00,247.10,245.20,19,249.00,2,0,0,2025-11-24,0.01976,1.0,0.00000,-0.00300,0.00000,0.44095
2216,AAPL270617C00035000,AAPL,2027-06-17,35.00,call,0.00,242.45,240.50,19,244.40,19,0,0,2025-11-24,0.01976,1.0,0.00000,-0.00350,0.00000,0.51444
2218,AAPL270617C00040000,AAPL,2027-06-17,40.00,call,0.00,237.65,235.80,19,239.50,2,0,0,2025-11-24,0.01976,1.0,0.00000,-0.00400,0.00000,0.58793
2220,AAPL270617C00045000,AAPL,2027-06-17,45.00,call,0.00,233.05,231.10,19,235.00,19,0,0,2025-11-24,0.01976,1.0,0.00000,-0.00450,0.00000,0.66142
2222,AAPL270617C00050000,AAPL,2027-06-17,50.00,call,223.45,228.35,226.40,19,230.30,19,1,10,2025-11-24,0.01976,1.0,0.00000,-0.00500,0.00000,0.73492
2224,AAPL270617C00055000,AAPL,2027-06-17,55.00,call,214.68,223.60,221.70,19,225.50,2,0,4,2025-11-24,0.01976,1.0,0.00000,-0.00550,0.00000,0.80841
2226,AAPL270617C00060000,AAPL,2027-06-17,60.00,call,213.00,218.97,217.00,19,220.95,19,0,16,2025-11-24,0.01976,1.0,0.00000,-0.00600,0.00000,0.88190
2228,AAPL270617C00065000,AAPL,2027-06-17,65.00,call,193.00,214.18,212.35,24,216.00,1,0,4,2025-11-24,0.01976,1.0,0.00000,-0.00650,0.00000,0.95539
2230,AAPL270617C00070000,AAPL,2027-06-17,70.00,call,116.00,209.57,207.65,19,211.50,2,0,0,2025-11-24,0.01976,1.0,0.00000,-0.00700,0.00000,1.02888
2232,AAPL270617C00075000,AAPL,2027-06-17,75.00,call,143.00,204.97,203.00,19,206.95,19,0,42,2025-11-24,0.01976,1.0,0.00000,-0.00750,0.00000,1.10237
2234,AAPL270617C00080000,AAPL,2027-06-17,80.00,call,184.62,200.32,198.35,19,202.30,19,0,232,2025-11-24,0.01976,1.0,0.00000,-0.00800,0.00000,1.17586
2236,AAPL270617C00085000,AAPL,2027-06-17,85.00,call,193.50,195.45,193.70,19,197.20,10,0,99,2025-11-24,0.01976,1.0,0.00000,-0.00850,0.00000,1.24936
2238,AAPL270617C00090000,AAPL,2027-06-17,90.00,call,124.80,190.82,189.10,24,192.55,10,0,15,2025-11-24,0.01976,1.0,0.00000,-0.00900,0.00000,1.32285
2240,AAPL270617C00095000,AAPL,2027-06-17,95.00,call,165.15,186.20,184.45,24,187.95,10,0,40,2025-11-24,0.01976,1.0,0.00000,-0.00950,0.00000,1.39634
2242,AAPL270617C00100000,AAPL,2027-06-17,100.00,call,181.80,181.62,179.90,1,183.35,10,0,121,2025-11-24,0.01976,1.0,0.00000,-0.01001,0.00000,1.46983
2244,AAPL270617C00105000,AAPL,2027-06-17,105.00,call,177.00,177.00,175.25,19,178.75,10,0,31,2025-11-24,0.01976,1.0,0.00000,-0.01051,0.00000,1.54332
2246,AAPL270617C00110000,AAPL,2027-06-17,110.00,call,168.53,172.43,170.70,19,174.15,10,0,43,2025-11-24,0.27341,0.99882,0.00004,-0.01129,0.01355,1.61118
2248,AAPL270617C00115000,AAPL,2027-06-17,115.00,call,162.00,167.85,166.10,19,169.60,10,0,99,2025-11-24,0.31243,0.99523,0.00013,-0.01266,0.04782,1.66690
2250,AAPL270617C00120000,AAPL,2027-06-17,120.00,call,157.02,163.32,161.60,19,165.05,10,0,73,2025-11-24,0.33194,0.99088,0.00021,-0.01417,0.08479,1.71823
2252,AAPL270617C00125000,AAPL,2027-06-17,125.00,call,157.00,158.88,157.20,5,160.55,14,0,111,2025-11-24,0.33194,0.98816,0.00027,-0.01520,0.10645,1.77787
2254,AAPL270617C00130000,AAPL,2027-06-17,130.00,call,150.35,154.38,152.70,9,156.05,14,0,227,2025-11-24,0.33194,0.98491,0.00033,-0.01631,0.13125,1.83471
2256,AAPL270617C00135000,AAPL,2027-06-17,135.00,call,144.30,149.88,148.25,4,151.50,14,0,89,2025-11-24,0.33194,0.98109,0.00040,-0.01749,0.15921,1.88850
2258,AAPL270617C00140000,AAPL,2027-06-17,140.00,call,140.63,145.53,144.00,8,147.05,14,0,234,2025-11-24,0.35146,0.97144,0.00054,-0.01995,0.22524,1.91019
2260,AAPL270617C00145000,AAPL,2027-06-17,145.00,call,135.86,141.07,139.50,9,142.65,14,0,124,2025-11-24,0.33194,0.97158,0.00057,-0.02005,0.22433,1.98599
2262,AAPL270617C00150000,AAPL,2027-06-17,150.00,call,132.05,136.60,135.00,6,138.20,14,0,142,2025-11-24,0.33194,0.96583,0.00066,-0.02142,0.26124,2.02930
2264,AAPL270617C00155000,AAPL,2027-06-17,155.00,call,127.58,132.43,131.00,8,133.85,14,0,141,2025-11-24,0.33194,0.95939,0.00076,-0.02284,0.30078,2.06877
2266,AAPL270617C00160000,AAPL,2027-06-17,160.00,call,127.35,127.50,127.20,1,127.80,2,7,265,2025-11-24,0.31243,0.95961,0.00081,-0.02281,0.29951,2.14572
2268,AAPL270617C00165000,AAPL,2027-06-17,165.00,call,124.30,123.25,123.00,2,123.50,10,24,167,2025-11-24,0.31243,0.95227,0.00092,-0.02423,0.34263,2.18071
2270,AAPL270617C00170000,AAPL,2027-06-17,170.00,call,116.50,119.03,118.75,1,119.30,11,27,235,2025-11-24,0.31243,0.94418,0.00104,-0.02569,0.38808,2.21139
2272,AAPL270617C00175000,AAPL,2027-06-17,175.00,call,114.30,114.85,114.55,1,115.15,6,3,251,2025-11-24,0.31243,0.93532,0.00117,-0.02717,0.43553,2.23770
2274,AAPL270617C00180000,AAPL,2027-06-17,180.00,call,106.35,110.72,110.45,11,111.00,10,0,963,2025-11-24,0.31243,0.9257,0.00130,-0.02866,0.48463,2.25960
2276,AAPL270617C00185000,AAPL,2027-06-17,185.00,call,100.86,106.65,106.40,3,106.90,15,0,156,2025-11-24,0.31243,0.91532,0.00144,-0.03016,0.53502,2.27706
2278,AAPL270617C00190000,AAPL,2027-06-17,190.00,call,102.20,102.65,102.40,17,102.90,6,3,675,2025-11-24,0.31243,0.90422,0.00158,-0.03166,0.58630,2.29013
2280,AAPL270617C00195000,AAPL,2027-06-17,195.00,call,98.70,98.65,98.40,4,98.90,14,3,355,2025-11-24,0.31243,0.89241,0.00172,-0.03314,0.63811,2.29885
2282,AAPL270617C00200000,AAPL,2027-06-17,200.00,call,94.75,94.95,94.90,8,95.00,18,8,7144,2025-11-24,0.31243,0.87992,0.00186,-0.03459,0.69006,2.30331
2284,AAPL270617C00210000,AAPL,2027-06-17,210.00,call,87.80,87.32,87.30,8,87.35,23,14,4160,2025-11-24,0.29292,0.8631,0.00217,-0.03553,0.75583,2.36681
2286,AAPL270617C00220000,AAPL,2027-06-17,220.00,call,79.06,79.97,79.95,6,80.00,17,2,3952,2025-11-24,0.29292,0.8333,0.00247,-0.03812,0.86162,2.34812
2288,AAPL270617C00230000,AAPL,2027-06-17,230.00,call,73.65,72.93,72.90,6,72.95,19,7,3491,2025-11-24,0.29292,0.80118,0.00276,-0.04046,0.96189,2.31339
2290,AAPL270617C00240000,AAPL,2027-06-17,240.00,call,66.95,66.12,66.00,2,66.25,7,7,1073,2025-11-24,0.29292,0.76717,0.00303,-0.04250,1.05415,2.26434
2292,AAPL270617C00250000,AAPL,2027-06-17,250.00,call,60.20,59.62,59.40,6,59.85,32,14,2194,2025-11-24,0.27341,0.73791,0.00345,-0.04234,1.12305,2.26389
2294,AAPL270617C00260000,AAPL,2027-06-17,260.00,call,53.70,53.60,53.40,54,53.80,33,35,1398,2025-11-24,0.27341,0.6992,0.00369,-0.04366,1.20030,2.18440
2296,AAPL270617C00270000,AAPL,2027-06-17,270.00,call,48.05,48.05,48.00,7,48.10,15,54,3945,2025-11-24,0.27341,0.6597,0.00389,-0.04457,1.26382,2.09499
2298,AAPL270617C00280000,AAPL,2027-06-17,280.00,call,42.65,42.75,42.70,2,42.80,28,110,4732,2025-11-24,0.27341,0.6199,0.00404,-0.04509,1.31297,1.99793
2300,AAPL270617C00290000,AAPL,2027-06-17,290.00,call,37.95,37.88,37.75,1,38.00,82,49,895,2025-11-24,0.27341,0.58024,0.00415,-0.04522,1.34766,1.89538
2302,AAPL270617C00300000,AAPL,2027-06-17,300.00,call,33.40,33.40,33.35,6,33.45,39,95,3926,2025-11-24,0.27341,0.54113,0.00421,-0.04500,1.36826,1.78934
2307,AAPL270617P00320000,AAPL,2027-06-17,320.00,put,56.44,55.92,55.60,33,56.25,15,1,37,2025-11-24,0.29292,-0.52246,0.00394,-0.01404,1.37339,-3.12135
2309,AAPL270617P00330000,AAPL,2027-06-17,330.00,put,63.25,62.78,62.45,27,63.10,4,1,64,2025-11-24,0.29292,-0.55583,0.00391,-0.01209,1.36208,-3.36490
2311,AAPL270617P00340000,AAPL,2027-06-17,340.00,put,70.51,70.15,69.80,5,70.50,4,1,21,2025-11-24,0.31243,-0.57318,0.00364,-0.01266,1.35237,-3.58476
2313,AAPL270617P00350000,AAPL,2027-06-17,350.00,put,78.30,77.95,77.60,8,78.30,4,1,10,2025-11-24,0.31243,-0.60207,0.00358,-0.01048,1.33030,-3.81653
2315,AAPL270617P00360000,AAPL,2027-06-17,360.00,put,86.65,86.30,85.95,5,86.65,7,1,68,2025-11-24,0.31243,-0.62963,0.00351,-0.00815,1.30230,-4.04600
2317,AAPL270617P00370000,AAPL,2027-06-17,370.00,put,95.60,95.12,94.80,8,95.45,1,1,35,2025-11-24,0.33194,-0.63826,0.00327,-0.00879,1.29212,-4.23617
2319,AAPL270617P00380000,AAPL,2027-06-17,380.00,put,0.00,104.53,104.20,7,104.85,7,0,0,2025-11-24,0.35146,-0.64475,0.00307,-0.00951,1.28401,-4.41879
2321,AAPL270617P00390000,AAPL,2027-06-17,390.00,put,0.00,114.55,114.25,3,114.85,3,0,0,2025-11-24,0.37097,-0.64949,0.00290,-0.01030,1.27783,-4.59533
2323,AAPL270617P00400000,AAPL,2027-06-17,400.00,put,0.00,124.55,124.25,3,124.85,3,0,0,2025-11-24,0.39048,-0.65279,0.00274,-0.01117,1.27341,-4.76693
2325,AAPL270617P00410000,AAPL,2027-06-17,410.00,put,0.00,134.55,134.25,1,134.85,1,0,0,2025-11-24,0.40999,-0.65489,0.00261,-0.01210,1.27054,-4.93452
2327,AAPL270617P00420000,AAPL,2027-06-17,420.00,put,0.00,144.55,144.25,1,144.85,1,0,0,2025-11-24,0.42950,-0.65598,0.00249,-0.01310,1.26904,-5.09879
2329,AAPL270617P00430000,AAPL,2027-06-17,430.00,put,0.00,154.52,154.20,1,154.85,1,0,0,2025-11-24,0.42950,-0.67197,0.00244,-0.01092,1.24570,-5.28991
2331,AAPL270617P00440000,AAPL,2027-06-17,440.00,put,0.00,164.55,164.25,1,164.85,1,0,0,2025-11-24,0.44901,-0.67117,0.00234,-0.01203,1.24693,-5.44782
2333,AAPL270617P00450000,AAPL,2027-06-17,450.00,put,0.00,174.55,174.25,1,174.85,1,0,0,2025-11-24,0.46853,-0.66974,0.00224,-0.01319,1.24911,-5.60387
2335,AAPL270617P00460000,AAPL,2027-06-17,460.00,put,0.00,184.55,184.20,1,184.90,1,0,0,2025-11-24,0.48804,-0.66777,0.00216,-0.01440,1.25206,-5.75837
2337,AAPL270617P00470000,AAPL,2027-06-17,470.00,put,0.00,194.52,194.20,1,194.85,1,0,0,2025-11-24,0.50755,-0.66534,0.00208,-0.01566,1.25567,-5.91159
2339,AAPL270617P00480000,AAPL,2027-06-17,480.00,put,203.65,204.52,204.20,1,204.85,1,1,0,2025-11-24,0.52706,-0.66251,0.00201,-0.01697,1.25981,-6.06374
2341,AAPL270617P00490000,AAPL,2027-06-17,490.00,put,0.00,214.55,214.20,1,214.90,1,0,0,2025-11-24,0.52706,-0.67387,0.00198,-0.01498,1.24277,-6.23954
2343,AAPL270617P00500000,AAPL,2027-06-17,500.00,put,0.00,224.10,222.15,24,226.05,24,0,0,2025-11-24,0.54657,-0.67009,0.00192,-0.01637,1.24857,-6.38877
2345,AAPL270617P00510000,AAPL,2027-06-17,510.00,put,0.00,234.10,232.15,20,236.05,24,0,0,2025-11-24,0.56608,-0.66605,0.00186,-0.01780,1.25463,-6.53747
2347,AAPL270617P00520000,AAPL,2027-06-17,520.00,put,0.00,244.10,242.15,24,246.05,24,0,0,2025-11-24,0.56608,-0.67597,0.00184,-0.01588,1.23948,-6.70885
2349,AAPL270617P00530000,AAPL,2027-06-17,530.00,put,0.00,254.10,252.15,20,256.05,24,0,0,2025-11-24,0.58560,-0.67123,0.00179,-0.01738,1.24684,-6.85548
2350,AAPL271217C00005000,AAPL,2027-12-17,5.00,call,0.00,270.75,268.50,2,273.00,2,0,0,2025-11-24,0.01976,1.0,0.00000,-0.00049,0.00000,0.09522
2352,AAPL271217C00010000,AAPL,2027-12-17,10.00,call,0.00,265.75,263.50,2,268.00,2,0,0,2025-11-24,0.01976,1.0,0.00000,-0.00098,0.00000,0.19043
2354,AAPL271217C00015000,AAPL,2027-12-17,15.00,call,251.55,261.25,259.00,2,263.50,2,0,26,2025-11-24,0.01976,1.0,0.00000,-0.00147,0.00000,0.28565
2356,AAPL271217C00020000,AAPL,2027-12-17,20.00,call,0.00,256.25,254.00,2,258.50,2,0,0,2025-11-24,0.01976,1.0,0.00000,-0.00196,0.00000,0.38086
2358,AAPL271217C00025000,AAPL,2027-12-17,25.00,call,0.00,251.75,249.50,2,254.00,2,0,0,2025-11-24,0.01976,1.0,0.00000,-0.00245,0.00000,0.47608
2360,AAPL271217C00030000,AAPL,2027-12-17,30.00,call,0.00,247.25,245.00,2,249.50,2,0,0,2025-11-24,0.01976,1.0,0.00000,-0.00294,0.00000,0.57129
2362,AAPL271217C00035000,AAPL,2027-12-17,35.00,call,0.00,242.50,240.00,2,245.00,2,0,0,2025-11-24,0.01976,1.0,0.00000,-0.00343,0.00000,0.66651
2364,AAPL271217C00040000,AAPL,2027-12-17,40.00,call,0.00,237.75,235.50,2,240.00,2,0,0,2025-11-24,0.01976,1.0,0.00000,-0.00392,0.00000,0.76173
2366,AAPL271217C00045000,AAPL,2027-12-17,45.00,call,0.00,233.25,231.00,2,235.50,2,0,0,2025-11-24,0.01976,1.0,0.00000,-0.00442,0.00000,0.85694
2368,AAPL271217C00050000,AAPL,2027-12-17,50.00,call,228.00,228.75,226.50,2,231.00,2,1,1497,2025-11-24,0.01976,1.0,0.00000,-0.00491,0.00000,0.95216
2370,AAPL271217C00055000,AAPL,2027-12-17,55.00,call,216.40,224.25,222.00,1,226.50,2,0,420,2025-11-24,0.01976,1.0,0.00000,-0.00540,0.00000,1.04737
2372,AAPL271217C00060000,AAPL,2027-12-17,60.00,call,217.90,219.50,217.00,2,222.00,2,0,362,2025-11-24,0.01976,1.0,0.00000,-0.00589,0.00000,1.14259
2374,AAPL271217C00065000,AAPL,2027-12-17,65.00,call,214.50,214.75,212.50,3,217.00,1,0,155,2025-11-24,0.01976,1.0,0.00000,-0.00638,0.00000,1.23781
2376,AAPL271217C00070000,AAPL,2027-12-17,70.00,call,210.00,210.25,208.00,2,212.50,2,0,225,2025-11-24,0.01976,1.0,0.00000,-0.00687,0.00000,1.33302
2378,AAPL271217C00075000,AAPL,2027-12-17,75.00,call,197.36,205.75,203.50,2,208.00,2,0,128,2025-11-24,0.01976,1.0,0.00000,-0.00736,0.00000,1.42824
2380,AAPL271217C00080000,AAPL,2027-12-17,80.00,call,196.00,201.25,199.00,2,203.50,2,0,201,2025-11-24,0.01976,1.0,0.00000,-0.00785,0.00000,1.52345
2382,AAPL271217C00085000,AAPL,2027-12-17,85.00,call,166.75,196.75,194.50,2,199.00,2,0,286,2025-11-24,0.01976,1.0,0.00000,-0.00834,0.00000,1.61867
2384,AAPL271217C00090000,AAPL,2027-12-17,90.00,call,188.30,192.25,190.00,2,194.50,11,0,118,2025-11-24,0.01976,1.0,0.00000,-0.00883,0.00000,1.71388
2386,AAPL271217C00095000,AAPL,2027-12-17,95.00,call,139.75,187.75,185.50,2,190.00,12,0,70,2025-11-24,0.01976,1.0,0.00000,-0.00932,0.00000,1.80910
2388,AAPL271217C00100000,AAPL,2027-12-17,100.00,call,176.25,183.00,181.00,2,185.00,1,0,395,2025-11-24,0.01976,1.0,0.00000,-0.00981,0.00000,1.90432
2390,AAPL271217C00105000,AAPL,2027-12-17,105.00,call,160.50,178.75,176.50,2,181.00,11,0,62,2025-11-24,0.01976,1.0,0.00000,-0.01030,0.00000,1.99953
2392,AAPL271217C00110000,AAPL,2027-12-17,110.00,call,154.85,174.75,172.50,1,177.00,12,0,175,2025-11-24,0.31243,0.9929,0.00016,-0.01217,0.07822,2.04746
2394,AAPL271217C00115000,AAPL,2027-12-17,115.00,call,167.26,170.25,168.00,8,172.50,16,1,390,2025-11-24,0.31243,0.99069,0.00020,-0.01302,0.09924,2.12768
2396,AAPL271217C00120000,AAPL,2027-12-17,120.00,call,164.53,165.75,163.50,8,168.00,16,0,296,2025-11-24,0.31243,0.98803,0.00025,-0.01392,0.12349,2.20476
2398,AAPL271217C00125000,AAPL,2027-12-17,125.00,call,152.77,161.25,159.00,4,163.50,16,0,443,2025-11-24,0.31243,0.98489,0.00031,-0.01487,0.15103,2.27838
2400,AAPL271217C00130000,AAPL,2027-12-17,130.00,call,155.50,157.00,155.00,8,159.00,18,0,367,2025-11-24,0.31243,0.98123,0.00037,-0.01587,0.18183,2.34826
2402,AAPL271217C00135000,AAPL,2027-12-17,135.00,call,148.75,152.75,150.50,8,155.00,16,0,133,2025-11-24,0.31243,0.97702,0.00044,-0.01692,0.21582,2.41416
2404,AAPL271217C00140000,AAPL,2027-12-17,140.00,call,141.50,148.25,146.00,9,150.50,16,0,510,2025-11-24,0.31243,0.97223,0.00052,-0.01800,0.25288,2.47585
2406,AAPL271217C00145000,AAPL,2027-12-17,145.00,call,139.55,144.25,142.00,8,146.50,16,0,587,2025-11-24,0.31243,0.96685,0.00060,-0.01913,0.29282,2.53314
2408,AAPL271217C00150000,AAPL,2027-12-17,150.00,call,135.40,139.75,137.50,10,142.00,14,0,795,2025-11-24,0.31243,0.96087,0.00068,-0.02028,0.33544,2.58587
2410,AAPL271217C00155000,AAPL,2027-12-17,155.00,call,130.90,136.00,134.00,7,138.00,16,0,171,2025-11-24,0.31243,0.95428,0.00078,-0.02147,0.38048,2.63392
2412,AAPL271217C00160000,AAPL,2027-12-17,160.00,call,127.00,131.75,129.50,8,134.00,16,0,354,2025-11-24,0.31243,0.94707,0.00087,-0.02267,0.42767,2.67721
2414,AAPL271217C00165000,AAPL,2027-12-17,165.00,call,123.50,127.40,126.40,4,128.40,14,0,365,2025-11-24,0.31243,0.93925,0.00097,-0.02388,0.47670,2.71568
2416,AAPL271217C00170000,AAPL,2027-12-17,170.00,call,121.00,123.32,122.35,4,124.30,14,0,738,2025-11-24,0.31243,0.93083,0.00107,-0.02510,0.52726,2.74932
2418,AAPL271217C00175000,AAPL,2027-12-17,175.00,call,114.66,119.40,118.40,4,120.40,5,0,437,2025-11-24,0.31243,0.92182,0.00118,-0.02633,0.57902,2.77815
2420,AAPL271217C00180000,AAPL,2027-12-17,180.00,call,116.32,115.53,114.65,30,116.40,40,7,944,2025-11-24,0.31243,0.91223,0.00129,-0.02754,0.63166,2.80219
2422,AAPL271217C00185000,AAPL,2027-12-17,185.00,call,109.60,111.50,110.60,10,112.40,15,1,2702,2025-11-24,0.31243,0.90209,0.00140,-0.02875,0.68484,2.82153
2424,AAPL271217C00190000,AAPL,2027-12-17,190.00,call,103.80,107.78,106.80,10,108.75,15,0,1131,2025-11-24,0.31243,0.89142,0.00150,-0.02993,0.73826,2.83626
2426,AAPL271217C00195000,AAPL,2027-12-17,195.00,call,99.55,104.03,103.05,4,105.00,5,0,594,2025-11-24,0.29292,0.88983,0.00162,-0.02962,0.74601,2.93199
2428,AAPL271217C00200000,AAPL,2027-12-17,200.00,call,100.60,100.35,99.45,11,101.25,16,10,4558,2025-11-24,0.29292,0.87809,0.00174,-0.03074,0.80166,2.93945
2430,AAPL271217C00205000,AAPL,2027-12-17,205.00,call,94.65,96.75,95.85,4,97.65,8,0,1152,2025-11-24,0.29292,0.86581,0.00186,-0.03183,0.85693,2.94217
2432,AAPL271217C00210000,AAPL,2027-12-17,210.00,call,94.20,93.17,92.30,30,94.05,40,4,1159,2025-11-24,0.29292,0.85303,0.00198,-0.03288,0.91152,2.94032
2434,AAPL271217C00215000,AAPL,2027-12-17,215.00,call,89.28,89.57,88.60,12,90.55,22,1,1181,2025-11-24,0.29292,0.83979,0.00210,-0.03389,0.96511,2.93407
2436,AAPL271217C00220000,AAPL,2027-12-17,220.00,call,86.25,86.15,85.20,24,87.10,35,14,1562,2025-11-24,0.29292,0.82612,0.00221,-0.03485,1.01744,2.92361
2438,AAPL271217C00225000,AAPL,2027-12-17,225.00,call,82.95,82.50,81.80,10,83.20,14,1,2327,2025-11-24,0.29292,0.81206,0.00232,-0.03577,1.06824,2.90915
2440,AAPL271217C00230000,AAPL,2027-12-17,230.00,call,79.92,79.45,78.50,10,80.40,14,5,1806,2025-11-24,0.29292,0.79766,0.00243,-0.03663,1.11729,2.89089
2442,AAPL271217C00235000,AAPL,2027-12-17,235.00,call,76.85,76.22,75.30,10,77.15,14,9,595,2025-11-24,0.29292,0.78294,0.00253,-0.03743,1.16439,2.86907
2444,AAPL271217C00240000,AAPL,2027-12-17,240.00,call,73.92,73.12,72.30,14,73.95,21,10,714,2025-11-24,0.29292,0.76795,0.00263,-0.03818,1.20935,2.84390
2446,AAPL271217C00245000,AAPL,2027-12-17,245.00,call,70.71,69.97,69.05,4,70.90,14,2,732,2025-11-24,0.27341,0.75892,0.00288,-0.03737,1.23503,2.90092
2448,AAPL271217C00250000,AAPL,2027-12-17,250.00,call,67.10,67.00,66.25,4,67.75,14,9,5202,2025-11-24,0.27341,0.7426,0.00298,-0.03799,1.27881,2.86629
2450,AAPL271217C00255000,AAPL,2027-12-17,255.00,call,61.40,64.05,63.20,10,64.90,13,0,593,2025-11-24,0.27341,0.72607,0.00307,-0.03854,1.31984,2.82857
2452,AAPL271217C00260000,AAPL,2027-12-17,260.00,call,60.35,61.33,60.75,4,61.90,14,7,2802,2025-11-24,0.27341,0.70936,0.00316,-0.03902,1.35798,2.78800
2454,AAPL271217C00265000,AAPL,2027-12-17,265.00,call,56.23,58.40,57.70,4,59.10,5,0,866,2025-11-24,0.27341,0.69252,0.00324,-0.03944,1.39316,2.74485
2456,AAPL271217C00270000,AAPL,2027-12-17,270.00,call,56.45,55.75,55.00,30,56.50,30,6,2931,2025-11-24,0.27341,0.67559,0.00332,-0.03978,1.42531,2.69938
2458,AAPL271217C00275000,AAPL,2027-12-17,275.00,call,53.67,53.05,52.40,30,53.70,30,31,573,2025-11-24,0.27341,0.65862,0.00339,-0.04007,1.45437,2.65183
2460,AAPL271217C00280000,AAPL,2027-12-17,280.00,call,50.90,50.67,50.15,2,51.20,2,10,2032,2025-11-24,0.27341,0.64162,0.00345,-0.04028,1.48034,2.60245
2462,AAPL271217C00285000,AAPL,2027-12-17,285.00,call,48.75,48.15,47.50,4,48.80,4,6,636,2025-11-24,0.27341,0.62466,0.00350,-0.04044,1.50322,2.55148
2464,AAPL271217C00290000,AAPL,2027-12-17,290.00,call,45.95,45.75,45.50,4,46.00,3,10,2008,2025-11-24,0.27341,0.60774,0.00355,-0.04053,1.52303,2.49914
2466,AAPL271217C00295000,AAPL,2027-12-17,295.00,call,41.63,43.42,43.15,8,43.70,8,0,282,2025-11-24,0.27341,0.59092,0.00359,-0.04056,1.53981,2.44564
2468,AAPL271217C00300000,AAPL,2027-12-17,300.00,call,41.60,41.27,41.05,13,41.50,12,26,5659,2025-11-24,0.27341,0.57422,0.00362,-0.04053,1.55361,2.39120
2470,AAPL271217C00305000,AAPL,2027-12-17,305.00,call,37.15,39.17,38.90,11,39.45,17,0,737,2025-11-24,0.27341,0.55765,0.00364,-0.04044,1.56451,2.33600
2472,AAPL271217C00310000,AAPL,2027-12-17,310.00,call,37.85,37.15,36.90,37,37.40,28,1,633,2025-11-24,0.25390,0.53287,0.00395,-0.03839,1.57568,2.29580
2474,AAPL271217C00315000,AAPL,2027-12-17,315.00,call,34.08,35.25,35.00,9,35.50,6,0,1064,2025-11-24,0.25390,0.5154,0.00396,-0.03814,1.57987,2.23258
2483,AAPL271217P00335000,AAPL,2027-12-17,335.00,put,0.00,69.72,69.30,4,70.15,8,0,11,2025-11-24,0.31243,-0.51181,0.00322,-0.01031,1.58035,-4.36229
2485,AAPL271217P00340000,AAPL,2027-12-17,340.00,put,0.00,73.15,72.85,7,73.45,1,0,2,2025-11-24,0.31243,-0.52497,0.00322,-0.00953,1.57795,-4.50284
2487,AAPL271217P00345000,AAPL,2027-12-17,345.00,put,76.52,76.90,76.50,4,77.30,4,2,2,2025-11-24,0.31243,-0.5379,0.00321,-0.00873,1.57390,-4.64324
2489,AAPL271217P00350000,AAPL,2027-12-17,350.00,put,0.00,80.67,79.80,3,81.55,4,0,69,2025-11-24,0.31243,-0.55062,0.00320,-0.00789,1.56830,-4.78342
2491,AAPL271217P00355000,AAPL,2027-12-17,355.00,put,0.00,84.62,83.70,3,85.55,5,0,43,2025-11-24,0.31243,-0.5631,0.00318,-0.00702,1.56123,-4.92331
2493,AAPL271217P00360000,AAPL,2027-12-17,360.00,put,0.00,88.55,87.65,3,89.45,5,0,14,2025-11-24,0.33194,-0.56026,0.00300,-0.00848,1.56298,-5.03970
2495,AAPL271217P00365000,AAPL,2027-12-17,365.00,put,0.00,92.70,91.75,3,93.65,4,0,25,2025-11-24,0.33194,-0.57164,0.00298,-0.00762,1.55548,-5.17494
2497,AAPL271217P00370000,AAPL,2027-12-17,370.00,put,0.00,96.88,95.90,4,97.85,4,0,20,2025-11-24,0.33194,-0.58281,0.00297,-0.00673,1.54686,-5.30985
2499,AAPL271217P00375000,AAPL,2027-12-17,375.00,put,0.00,101.18,100.20,4,102.15,4,0,9,2025-11-24,0.33194,-0.59377,0.00295,-0.00583,1.53717,-5.44439
2501,AAPL271217P00380000,AAPL,2027-12-17,380.00,put,0.00,105.68,104.65,5,106.70,5,0,52,2025-11-24,0.35146,-0.58826,0.00279,-0.00740,1.54220,-5.54780
2503,AAPL271217P00385000,AAPL,2027-12-17,385.00,put,0.00,110.18,109.20,4,111.15,4,0,24,2025-11-24,0.35146,-0.5983,0.00278,-0.00651,1.53280,-5.67836
2505,AAPL271217P00390000,AAPL,2027-12-17,390.00,put,0.00,114.82,113.85,4,115.80,4,0,0,2025-11-24,0.35146,-0.60816,0.00276,-0.00560,1.52258,-5.80856
2507,AAPL271217P00395000,AAPL,2027-12-17,395.00,put,0.00,119.25,117.00,2,121.50,2,0,0,2025-11-24,0.37097,-0.6013,0.00263,-0.00725,1.52980,-5.90555
2509,AAPL271217P00400000,AAPL,2027-12-17,400.00,put,0.00,124.28,122.05,1,126.50,2,0,0,2025-11-24,0.37097,-0.61038,0.00261,-0.00636,1.52014,-6.03234
2511,AAPL271217P00405000,AAPL,2027-12-17,405.00,put,0.00,129.25,127.00,2,131.50,2,0,0,2025-11-24,0.39048,-0.603,0.00249,-0.00805,1.52805,-6.12722
2513,AAPL271217P00410000,AAPL,2027-12-17,410.00,put,0.00,134.25,132.00,2,136.50,2,0,0,2025-11-24,0.39048,-0.61141,0.00248,-0.00717,1.51898,-6.25104
2515,AAPL271217P00415000,AAPL,2027-12-17,415.00,put,0.00,139.25,137.00,2,141.50,2,0,0,2025-11-24,0.39048,-0.61967,0.00246,-0.00629,1.50937,-6.37456
2517,AAPL271217P00420000,AAPL,2027-12-17,420.00,put,0.00,144.25,142.00,2,146.50,2,0,0,2025-11-24,0.40999,-0.61145,0.00236,-0.00804,1.51894,-6.46560
2519,AAPL271217P00425000,AAPL,2027-12-17,425.00,put,0.00,149.25,147.00,2,151.50,2,0,0,2025-11-24,0.40999,-0.61913,0.00234,-0.00717,1.51002,-6.58655
2521,AAPL271217P00430000,AAPL,2027-12-17,430.00,put,0.00,154.25,152.00,2,156.50,2,0,0,2025-11-24,0.42950,-0.61064,0.00225,-0.00894,1.51984,-6.67678
2523,AAPL271217P00435000,AAPL,2027-12-17,435.00,put,0.00,159.25,157.00,2,161.50,2,0,0,2025-11-24,0.42950,-0.61781,0.00224,-0.00809,1.51160,-6.79545
2525,AAPL271217P00440000,AAPL,2027-12-17,440.00,put,0.00,164.25,162.00,2,166.50,2,0,0,2025-11-24,0.44901,-0.60912,0.00216,-0.00989,1.52153,-6.88519
2527,AAPL271217P00450000,AAPL,2027-12-17,450.00,put,0.00,174.25,172.00,2,176.50,2,0,0,2025-11-24,0.44901,-0.62243,0.00214,-0.00822,1.50600,-7.11830
2529,AAPL271217P00460000,AAPL,2027-12-17,460.00,put,0.00,184.25,182.00,2,186.50,2,0,0,2025-11-24,0.46853,-0.61947,0.00205,-0.00924,1.50961,-7.32084
2531,AAPL271217P00470000,AAPL,2027-12-17,470.00,put,0.00,194.25,192.00,2,196.50,2,0,0,2025-11-24,0.48804,-0.61606,0.00197,-0.01029,1.51366,-7.52187
2533,AAPL271217P00480000,AAPL,2027-12-17,480.00,put,0.00,204.25,202.00,2,206.50,2,0,0,2025-11-24,0.50755,-0.61225,0.00190,-0.01137,1.51804,-7.72167
2535,AAPL271217P00490000,AAPL,2027-12-17,490.00,put,0.00,214.25,212.00,2,216.50,2,0,0,2025-11-24,0.50755,-0.62304,0.00189,-0.00979,1.50524,-7.94459
2537,AAPL271217P00500000,AAPL,2027-12-17,500.00,put,0.00,224.25,222.00,2,226.50,2,0,0,2025-11-24,0.52706,-0.61831,0.00183,-0.01093,1.51100,-8.14087
2539,AAPL271217P00510000,AAPL,2027-12-17,510.00,put,0.00,234.25,232.00,2,236.50,2,0,0,2025-11-24,0.54657,-0.61333,0.00177,-0.01209,1.51681,-8.33658
2541,AAPL271217P00520000,AAPL,2027-12-17,520.00,put,0.00,244.25,242.00,2,246.50,2,0,0,2025-11-24,0.54657,-0.62276,0.00175,-0.01056,1.50559,-8.55426
2543,AAPL271217P00530000,AAPL,2027-12-17,530.00,put,0.00,254.25,252.00,2,256.50,2,0,0,2025-11-24,0.56608,-0.61709,0.00170,-0.01178,1.51245,-8.74749
2544,AAPL280121C00005000,AAPL,2028-01-21,5.00,call,270.52,270.75,268.50,2,273.00,2,0,21,2025-11-24,0.01976,1.0,0.00000,-0.00049,0.00000,0.09927
2546,AAPL280121C00010000,AAPL,2028-01-21,10.00,call,265.00,265.75,263.50,2,268.00,2,0,20,2025-11-24,0.01976,1.0,0.00000,-0.00098,0.00000,0.19854
2548,AAPL280121C00015000,AAPL,2028-01-21,15.00,call,261.05,261.25,259.00,2,263.50,2,0,45,2025-11-24,0.01976,1.0,0.00000,-0.00147,0.00000,0.29781
2550,AAPL280121C00020000,AAPL,2028-01-21,20.00,call,255.78,256.50,254.00,2,259.00,2,1,0,2025-11-24,0.01976,1.0,0.00000,-0.00196,0.00000,0.39709
2552,AAPL280121C00025000,AAPL,2028-01-21,25.00,call,247.40,251.75,249.50,2,254.00,2,0,2,2025-11-24,0.01976,1.0,0.00000,-0.00244,0.00000,0.49636
2554,AAPL280121C00030000,AAPL,2028-01-21,30.00,call,0.00,247.25,245.00,2,249.50,2,0,0,2025-11-24,0.01976,1.0,0.00000,-0.00293,0.00000,0.59563
2556,AAPL280121C00035000,AAPL,2028-01-21,35.00,call,0.00,242.75,240.50,2,245.00,2,0,0,2025-11-24,0.01976,1.0,0.00000,-0.00342,0.00000,0.69490
2558,AAPL280121C00040000,AAPL,2028-01-21,40.00,call,229.85,238.25,236.00,1,240.50,2,0,2,2025-11-24,0.01976,1.0,0.00000,-0.00391,0.00000,0.79417
2560,AAPL280121C00045000,AAPL,2028-01-21,45.00,call,224.43,233.50,231.00,2,236.00,2,0,5,2025-11-24,0.01976,1.0,0.00000,-0.00440,0.00000,0.89344
2562,AAPL280121C00050000,AAPL,2028-01-21,50.00,call,230.72,228.75,226.50,2,231.00,2,1,44,2025-11-24,0.01976,1.0,0.00000,-0.00489,0.00000,0.99271
2564,AAPL280121C00060000,AAPL,2028-01-21,60.00,call,214.33,219.75,217.50,2,222.00,2,0,4,2025-11-24,0.01976,1.0,0.00000,-0.00587,0.00000,1.19126
2566,AAPL280121C00070000,AAPL,2028-01-21,70.00,call,204.00,210.75,208.50,2,213.00,2,0,4,2025-11-24,0.01976,1.0,0.00000,-0.00684,0.00000,1.38980
2568,AAPL280121C00080000,AAPL,2028-01-21,80.00,call,201.11,201.75,199.50,2,204.00,32,0,117,2025-11-24,0.01976,1.0,0.00000,-0.00782,0.00000,1.58834
2570,AAPL280121C00090000,AAPL,2028-01-21,90.00,call,192.99,192.75,190.50,2,195.00,32,0,96,2025-11-24,0.01976,1.0,0.00000,-0.00880,0.00000,1.78689
2572,AAPL280121C00100000,AAPL,2028-01-21,100.00,call,183.70,183.75,181.50,6,186.00,20,0,26,2025-11-24,0.01976,1.0,0.00000,-0.00978,0.00000,1.98543
2574,AAPL280121C00110000,AAPL,2028-01-21,110.00,call,171.26,175.25,173.00,6,177.50,32,1,32,2025-11-24,0.33194,0.98931,0.00021,-0.01279,0.11454,2.10779
2576,AAPL280121C00120000,AAPL,2028-01-21,120.00,call,158.97,166.35,164.20,7,168.50,35,0,44,2025-11-24,0.31243,0.98698,0.00026,-0.01397,0.13586,2.29045
2578,AAPL280121C00130000,AAPL,2028-01-21,130.00,call,156.02,157.75,155.50,4,160.00,36,0,58,2025-11-24,0.33194,0.97492,0.00044,-0.01681,0.23757,2.39868
2580,AAPL280121C00135000,AAPL,2028-01-21,135.00,call,149.46,153.25,151.00,4,155.50,35,0,9,2025-11-24,0.31243,0.97553,0.00045,-0.01695,0.23270,2.50475
2582,AAPL280121C00140000,AAPL,2028-01-21,140.00,call,146.50,149.25,147.00,4,151.50,35,0,48,2025-11-24,0.33194,0.96459,0.00058,-0.01907,0.31624,2.51945
2584,AAPL280121C00145000,AAPL,2028-01-21,145.00,call,141.31,144.75,142.50,8,147.00,36,0,7,2025-11-24,0.31243,0.96512,0.00061,-0.01912,0.31236,2.62611
2586,AAPL280121C00150000,AAPL,2028-01-21,150.00,call,141.25,140.75,138.50,8,143.00,35,4,62,2025-11-24,0.31243,0.95904,0.00069,-0.02026,0.35615,2.67983
2588,AAPL280121C00155000,AAPL,2028-01-21,155.00,call,134.90,136.50,134.50,8,138.50,34,0,75,2025-11-24,0.31243,0.95236,0.00078,-0.02141,0.40225,2.72875
2590,AAPL280121C00160000,AAPL,2028-01-21,160.00,call,132.51,132.50,130.50,7,134.50,34,2,752,2025-11-24,0.31243,0.9451,0.00088,-0.02258,0.45036,2.77280
2592,AAPL280121C00165000,AAPL,2028-01-21,165.00,call,127.34,128.18,127.15,4,129.20,4,7,18,2025-11-24,0.31243,0.93724,0.00097,-0.02376,0.50019,2.81195
2594,AAPL280121C00170000,AAPL,2028-01-21,170.00,call,123.42,124.18,123.15,27,125.20,30,8,109,2025-11-24,0.31243,0.92881,0.00107,-0.02495,0.55142,2.84619
2596,AAPL280121C00175000,AAPL,2028-01-21,175.00,call,121.44,120.33,119.40,30,121.25,33,16,53,2025-11-24,0.31243,0.91982,0.00118,-0.02613,0.60374,2.87556
2598,AAPL280121C00180000,AAPL,2028-01-21,180.00,call,117.22,116.40,115.50,4,117.30,34,4,193,2025-11-24,0.31243,0.91028,0.00128,-0.02730,0.65682,2.90011
2600,AAPL280121C00185000,AAPL,2028-01-21,185.00,call,105.74,112.53,111.50,10,113.55,4,0,449,2025-11-24,0.31243,0.90022,0.00138,-0.02846,0.71035,2.91992
2602,AAPL280121C00190000,AAPL,2028-01-21,190.00,call,108.15,108.72,107.70,5,109.75,4,0,112,2025-11-24,0.29292,0.89914,0.00149,-0.02819,0.71595,3.02276
2604,AAPL280121C00195000,AAPL,2028-01-21,195.00,call,100.50,105.08,104.15,7,106.00,5,0,61,2025-11-24,0.29292,0.88807,0.00160,-0.02929,0.77189,3.03550
2606,AAPL280121C00200000,AAPL,2028-01-21,200.00,call,102.35,101.30,100.30,14,102.30,36,52,817,2025-11-24,0.29292,0.87646,0.00172,-0.03037,0.82771,3.04334
2608,AAPL280121C00210000,AAPL,2028-01-21,210.00,call,94.74,94.25,93.35,27,95.15,27,5,138,2025-11-24,0.29292,0.85179,0.00195,-0.03242,0.93772,3.04494
2610,AAPL280121C00220000,AAPL,2028-01-21,220.00,call,87.70,87.30,86.40,16,88.20,18,23,552,2025-11-24,0.29292,0.82538,0.00217,-0.03431,1.04364,3.02895
2612,AAPL280121C00230000,AAPL,2028-01-21,230.00,call,81.10,80.67,79.80,16,81.55,14,4,301,2025-11-24,0.29292,0.79751,0.00238,-0.03601,1.14345,2.99696
2614,AAPL280121C00240000,AAPL,2028-01-21,240.00,call,74.20,74.15,73.85,7,74.45,2,72,618,2025-11-24,0.27341,0.77534,0.00270,-0.03606,1.21484,3.04316
2616,AAPL280121C00250000,AAPL,2028-01-21,250.00,call,69.00,68.10,67.80,14,68.40,18,11,1591,2025-11-24,0.27341,0.74375,0.00290,-0.03731,1.30516,2.97790
2618,AAPL280121C00260000,AAPL,2028-01-21,260.00,call,62.33,62.40,62.10,18,62.70,51,22,1414,2025-11-24,0.27341,0.71134,0.00308,-0.03830,1.38473,2.90019
2620,AAPL280121C00270000,AAPL,2028-01-21,270.00,call,57.90,57.02,56.75,53,57.30,65,31,1905,2025-11-24,0.27341,0.67845,0.00323,-0.03905,1.45274,2.81207
2622,AAPL280121C00280000,AAPL,2028-01-21,280.00,call,52.68,51.97,51.80,1,52.15,51,55,1853,2025-11-24,0.27341,0.64537,0.00336,-0.03955,1.50878,2.71555
2624,AAPL280121C00290000,AAPL,2028-01-21,290.00,call,47.31,47.10,46.80,4,47.40,4,38,1032,2025-11-24,0.27341,0.61236,0.00346,-0.03980,1.55279,2.61247
2626,AAPL280121C00300000,AAPL,2028-01-21,300.00,call,42.71,42.67,42.40,34,42.95,63,500,3410,2025-11-24,0.27341,0.57969,0.00353,-0.03983,1.58500,2.50459
2628,AAPL280121C00310000,AAPL,2028-01-21,310.00,call,38.82,38.52,38.25,22,38.80,31,9,506,2025-11-24,0.25390,0.53938,0.00386,-0.03781,1.60948,2.41255
2630,AAPL280121C00320000,AAPL,2028-01-21,320.00,call,35.00,34.75,34.50,8,35.00,48,57,873,2025-11-24,0.25390,0.5055,0.00388,-0.03731,1.61722,2.28527
2635,AAPL280121P00340000,AAPL,2028-01-21,340.00,put,0.00,73.72,73.30,1,74.15,2,0,15,2025-11-24,0.31243,-0.51711,0.00315,-0.00903,1.61588,-4.67238
2637,AAPL280121P00350000,AAPL,2028-01-21,350.00,put,81.74,81.10,80.65,16,81.55,2,2,121,2025-11-24,0.31243,-0.54223,0.00313,-0.00745,1.60830,-4.96162
2639,AAPL280121P00360000,AAPL,2028-01-21,360.00,put,88.23,88.88,88.40,4,89.35,3,10,9,2025-11-24,0.33194,-0.55162,0.00294,-0.00803,1.60381,-5.22874
2641,AAPL280121P00370000,AAPL,2028-01-21,370.00,put,0.00,97.10,96.60,5,97.60,6,0,29,2025-11-24,0.33194,-0.57375,0.00291,-0.00636,1.58965,-5.50764
2643,AAPL280121P00380000,AAPL,2028-01-21,380.00,put,0.00,105.72,105.25,4,106.20,4,0,17,2025-11-24,0.35146,-0.57902,0.00274,-0.00702,1.58554,-5.75608
2645,AAPL280121P00390000,AAPL,2028-01-21,390.00,put,0.00,114.83,114.40,7,115.25,2,0,0,2025-11-24,0.35146,-0.59858,0.00271,-0.00529,1.56774,-6.02563
2647,AAPL280121P00400000,AAPL,2028-01-21,400.00,put,0.00,124.55,124.15,3,124.95,3,0,0,2025-11-24,0.37097,-0.60067,0.00257,-0.00603,1.56560,-6.25957
2649,AAPL280121P00410000,AAPL,2028-01-21,410.00,put,0.00,134.25,132.00,2,136.50,2,0,0,2025-11-24,0.39048,-0.60157,0.00244,-0.00682,1.56466,-6.48826
2651,AAPL280121P00420000,AAPL,2028-01-21,420.00,put,0.00,144.25,142.00,2,146.50,2,0,1,2025-11-24,0.40999,-0.60148,0.00232,-0.00765,1.56476,-6.71268
2653,AAPL280121P00430000,AAPL,2028-01-21,430.00,put,0.00,154.25,152.00,2,156.50,2,0,0,2025-11-24,0.42950,-0.60055,0.00222,-0.00853,1.56572,-6.93361
2655,AAPL280121P00440000,AAPL,2028-01-21,440.00,put,0.00,164.25,162.00,2,166.50,2,0,0,2025-11-24,0.42950,-0.61455,0.00220,-0.00690,1.55023,-7.17922
2657,AAPL280121P00450000,AAPL,2028-01-21,450.00,put,0.00,174.25,172.00,2,176.50,2,0,0,2025-11-24,0.44901,-0.61201,0.00210,-0.00785,1.55320,-7.39319
2659,AAPL280121P00460000,AAPL,2028-01-21,460.00,put,0.00,184.25,182.00,2,186.50,2,0,0,2025-11-24,0.46853,-0.60894,0.00202,-0.00883,1.55668,-7.60524
2661,AAPL280121P00470000,AAPL,2028-01-21,470.00,put,0.00,194.25,192.00,2,196.50,2,0,0,2025-11-24,0.48804,-0.60542,0.00195,-0.00984,1.56057,-7.81573
2663,AAPL280121P00480000,AAPL,2028-01-21,480.00,put,0.00,204.25,202.00,2,206.50,2,0,0,2025-11-24,0.50755,-0.6015,0.00188,-0.01088,1.56474,-8.02495
2665,AAPL280121P00490000,AAPL,2028-01-21,490.00,put,0.00,214.25,212.00,2,216.50,2,0,0,2025-11-24,0.50755,-0.61214,0.00186,-0.00936,1.55305,-8.25613
2667,AAPL280121P00500000,AAPL,2028-01-21,500.00,put,0.00,224.25,222.00,2,226.50,2,0,0,2025-11-24,0.52706,-0.6073,0.00180,-0.01046,1.55851,-8.46174
2669,AAPL280121P00510000,AAPL,2028-01-21,510.00,put,0.00,234.25,232.00,2,236.50,2,0,0,2025-11-24,0.54657,-0.60221,0.00174,-0.01157,1.56400,-8.66677
2671,AAPL280121P00520000,AAPL,2028-01-21,520.00,put,0.00,244.25,242.00,2,246.50,2,0,0,2025-11-24,0.54657,-0.61151,0.00173,-0.01010,1.55377,-8.89263
2673,AAPL280121P00530000,AAPL,2028-01-21,530.00,put,0.00,254.25,252.00,2,256.50,2,0,0,2025-11-24,0.56608,-0.60573,0.00168,-0.01126,1.56023,-9.09513
