2025-01-30 12:26:17.223 | SUCCESS  | nonebot:load_plugin:186 - Succeeded to load plugin "nonebot_plugin_logpile"
2025-01-30 12:26:17.224 | WARNING  | __main__:<module>:16 - Always use `nb run` to start the bot instead of manually running!
2025-01-30 12:26:17.224 | SUCCESS  | nonebot:run:334 - Running NoneBot...
2025-01-30 12:26:17.224 | DEBUG    | nonebot:run:111 - Loaded adapters: Telegram
2025-01-30 12:26:17.249 | INFO     | uvicorn:_serve:83 - Started server process [8891]
2025-01-30 12:26:17.249 | INFO     | uvicorn:startup:48 - Waiting for application startup.
2025-01-30 12:26:17.250 | DEBUG    | nonebot:log:310 - Telegram | Calling API getMe
2025-01-30 12:26:17.250 | DEBUG    | nonebot:log:310 - Telegram | Calling API {}
2025-01-30 12:26:17.270 | INFO     | uvicorn:startup:62 - Application startup complete.
2025-01-30 12:26:17.271 | INFO     | uvicorn:_log_started_message:215 - Uvicorn running on http://127.0.0.1:8080 (Press CTRL+C to quit)
2025-01-30 12:26:17.647 | INFO     | nonebot:log:310 - Telegram | Delete old webhook
2025-01-30 12:26:17.648 | DEBUG    | nonebot:log:310 - Telegram | Calling API deleteWebhook
2025-01-30 12:26:17.649 | DEBUG    | nonebot:log:310 - Telegram | Calling API {}
2025-01-30 12:26:18.050 | INFO     | nonebot:log:310 - Telegram | Start poll
2025-01-30 12:26:18.066 | DEBUG    | nonebot:log:310 - Telegram | Calling API getUpdates
2025-01-30 12:26:18.066 | DEBUG    | nonebot:log:310 - Telegram | Calling API {'timeout': '30'}
2025-01-30 12:26:29.860 | DEBUG    | nonebot:log:310 - Telegram | Calling API getUpdates
2025-01-30 12:26:29.860 | DEBUG    | nonebot:log:310 - Telegram | Calling API {'offset': '997538857', 'timeout': '30'}
2025-01-30 12:26:30.242 | DEBUG    | nonebot:log:310 - Telegram | Calling API getUpdates
2025-01-30 12:26:30.242 | DEBUG    | nonebot:log:310 - Telegram | Calling API {'offset': '997538858', 'timeout': '30'}
2025-01-30 12:26:30.264 | DEBUG    | nonebot:log:310 - Telegram | {'message_id': 29, 'date': 1738257989, 'chat': {'id': 7525835156, 'type': 'private', 'first_name': '?NepElder?'}, 'message': [{'type': 'bot_command', 'data': {'text': '/echo'}}, {'type': 'text', 'data': {'text': ' 1'}}], 'original_message': [{'type': 'bot_command', 'data': {'text': '/echo'}}, {'type': 'text', 'data': {'text': ' 1'}}], 'from_': {'id': 7525835156, 'is_bot': False, 'first_name': '?NepElder?', 'language_code': 'en'}}
2025-01-30 12:26:30.264 | SUCCESS  | nonebot:handle_event:506 - Telegram 8186306331 | [message.private]: Message 29 from 7525835156: /echo 1
2025-01-30 12:26:30.264 | DEBUG    | nonebot:handle_event:537 - Checking for matchers in priority 1...
2025-01-30 12:26:30.268 | INFO     | nonebot:_run_matcher:406 - Event will be handled by Matcher(type='message', module=nonebot.plugins.echo, lineno=17)
2025-01-30 12:26:30.268 | DEBUG    | nonebot:_run_matcher:427 - Running Matcher(type='message', module=nonebot.plugins.echo, lineno=17)
2025-01-30 12:26:30.268 | TRACE    | nonebot:simple_run:810 - Matcher(type='message', module=nonebot.plugins.echo, lineno=17) run with incoming args: bot=Bot(type='Telegram', self_id='8186306331'), event=PrivateMessageEvent(telegram_model=Update(update_id=997538857, message=Message(message_id=29, message_thread_id=None, from_=User(id=7525835156, is_bot=False, first_name='?NepElder?', last_name=None, username=None, language_code='en', is_premium=None, added_to_attachment_menu=None, can_join_groups=None, can_read_all_group_messages=None, supports_inline_queries=None, can_connect_to_business=None, has_main_web_app=None), sender_chat=None, sender_boost_count=None, sender_business_bot=None, date=1738257989, business_connection_id=None, chat=Chat(id=7525835156, type='private', title=None, username=None, first_name='?NepElder?', last_name=None, is_forum=None), forward_origin=None, is_topic_message=None, is_automatic_forward=None, reply_to_message=None, external_reply=None, quote=None, reply_to_story=None, via_bot=None, edit_date=None, has_protected_content=None, is_from_offline=None, media_group_id=None, author_signature=None, text=None, entities=None, link_preview_options=None, effect_id=None, animation=None, audio=None, document=None, paid_media=None, photo=None, sticker=None, story=None, video=None, video_note=None, voice=None, caption=None, caption_entities=None, show_caption_above_media=None, has_media_spoiler=None, contact=None, dice=None, game=None, poll=None, venue=None, location=None, new_chat_members=None, left_chat_member=None, new_chat_title=None, new_chat_photo=None, delete_chat_photo=None, group_chat_created=None, supergroup_chat_created=None, channel_chat_created=None, message_auto_delete_timer_changed=None, migrate_to_chat_id=None, migrate_from_chat_id=None, pinned_message=None, invoice=None, successful_payment=None, refunded_payment=None, users_shared=None, chat_shared=None, connected_website=None, write_access_allowed=None, passport_data=None, proximity_alert_triggered=None, boost_added=None, chat_background_set=None, forum_topic_created=None, forum_topic_edited=None, forum_topic_closed=None, forum_topic_reopened=None, general_forum_topic_hidden=None, general_forum_topic_unhidden=None, giveaway_created=None, giveaway=None, giveaway_winners=None, giveaway_completed=None, video_chat_scheduled=None, video_chat_started=None, video_chat_ended=None, video_chat_participants_invited=None, web_app_data=None, reply_markup=None), edited_message=None, channel_post=None, edited_channel_post=None, business_connection=None, business_message=None, edited_business_message=None, deleted_business_messages=None, message_reaction=None, message_reaction_count=None, inline_query=None, chosen_inline_result=None, callback_query=None, shipping_query=None, pre_checkout_query=None, purchased_paid_media=None, poll=None, poll_answer=None, my_chat_member=None, chat_member=None, chat_join_request=None, chat_boost=None, removed_chat_boost=None), message_id=29, date=1738257989, chat=Chat(id=7525835156, type='private', title=None, username=None, first_name='?NepElder?', last_name=None, is_forum=None), forward_from=None, forward_from_chat=None, forward_from_message_id=None, forward_signature=None, forward_sender_name=None, forward_date=None, via_bot=None, has_protected_content=None, media_group_id=None, author_signature=None, reply_to_message=None, message=/echo 1, original_message=/echo 1, from_=User(id=7525835156, is_bot=False, first_name='?NepElder?', last_name=None, username=None, language_code='en', is_premium=None, added_to_attachment_menu=None, can_join_groups=None, can_read_all_group_messages=None, supports_inline_queries=None, can_connect_to_business=None, has_main_web_app=None)), state={'_prefix': {'command': ('echo',), 'raw_command': '/echo', 'command_arg': 1, 'command_start': '/', 'command_whitespace': ' '}}
2025-01-30 12:26:30.268 | DEBUG    | nonebot:simple_run:823 - Running handler Dependent(call=handle_echo)
2025-01-30 12:26:30.270 | DEBUG    | nonebot:log:310 - Telegram | Calling API sendMessage
2025-01-30 12:26:30.270 | DEBUG    | nonebot:log:310 - Telegram | Calling API {'chat_id': '7525835156', 'text': '1'}
2025-01-30 12:26:30.743 | INFO     | nonebot:simple_run:838 - Matcher(type='message', module=nonebot.plugins.echo, lineno=17) running complete
2025-01-30 12:26:30.744 | DEBUG    | nonebot:handle_event:537 - Checking for matchers in priority 10...
2025-01-30 12:26:30.750 | TRACE    | nonebot:__call__:98 - Dependent(call=_poke) skipped due to TypeMisMatch(param=event, type=PrivateMessageEvent, value=PrivateMessageEvent(telegram_model=Update(update_id=997538857, message=Message(message_id=29, message_thread_id=None, from_=User(id=7525835156, is_bot=False, first_name='?NepElder?', last_name=None, username=None, language_code='en', is_premium=None, added_to_attachment_menu=None, can_join_groups=None, can_read_all_group_messages=None, supports_inline_queries=None, can_connect_to_business=None, has_main_web_app=None), sender_chat=None, sender_boost_count=None, sender_business_bot=None, date=1738257989, business_connection_id=None, chat=Chat(id=7525835156, type='private', title=None, username=None, first_name='?NepElder?', last_name=None, is_forum=None), forward_origin=None, is_topic_message=None, is_automatic_forward=None, reply_to_message=None, external_reply=None, quote=None, reply_to_story=None, via_bot=None, edit_date=None, has_protected_content=None, is_from_offline=None, media_group_id=None, author_signature=None, text=None, entities=None, link_preview_options=None, effect_id=None, animation=None, audio=None, document=None, paid_media=None, photo=None, sticker=None, story=None, video=None, video_note=None, voice=None, caption=None, caption_entities=None, show_caption_above_media=None, has_media_spoiler=None, contact=None, dice=None, game=None, poll=None, venue=None, location=None, new_chat_members=None, left_chat_member=None, new_chat_title=None, new_chat_photo=None, delete_chat_photo=None, group_chat_created=None, supergroup_chat_created=None, channel_chat_created=None, message_auto_delete_timer_changed=None, migrate_to_chat_id=None, migrate_from_chat_id=None, pinned_message=None, invoice=None, successful_payment=None, refunded_payment=None, users_shared=None, chat_shared=None, connected_website=None, write_access_allowed=None, passport_data=None, proximity_alert_triggered=None, boost_added=None, chat_background_set=None, forum_topic_created=None, forum_topic_edited=None, forum_topic_closed=None, forum_topic_reopened=None, general_forum_topic_hidden=None, general_forum_topic_unhidden=None, giveaway_created=None, giveaway=None, giveaway_winners=None, giveaway_completed=None, video_chat_scheduled=None, video_chat_started=None, video_chat_ended=None, video_chat_participants_invited=None, web_app_data=None, reply_markup=None), edited_message=None, channel_post=None, edited_channel_post=None, business_connection=None, business_message=None, edited_business_message=None, deleted_business_messages=None, message_reaction=None, message_reaction_count=None, inline_query=None, chosen_inline_result=None, callback_query=None, shipping_query=None, pre_checkout_query=None, purchased_paid_media=None, poll=None, poll_answer=None, my_chat_member=None, chat_member=None, chat_join_request=None, chat_boost=None, removed_chat_boost=None), message_id=29, date=1738257989, chat=Chat(id=7525835156, type='private', title=None, username=None, first_name='?NepElder?', last_name=None, is_forum=None), forward_from=None, forward_from_chat=None, forward_from_message_id=None, forward_signature=None, forward_sender_name=None, forward_date=None, via_bot=None, has_protected_content=None, media_group_id=None, author_signature=None, reply_to_message=None, message=/echo 1, original_message=/echo 1, from_=User(id=7525835156, is_bot=False, first_name='?NepElder?', last_name=None, username=None, language_code='en', is_premium=None, added_to_attachment_menu=None, can_join_groups=None, can_read_all_group_messages=None, supports_inline_queries=None, can_connect_to_business=None, has_main_web_app=None))>
2025-01-30 12:26:30.752 | TRACE    | nonebot:_check_matcher:372 - Rule conditions not met for Matcher(type='message', module=nonebot_plugin_status.onebot_v11, lineno=38)
2025-01-30 12:26:30.756 | TRACE    | nonebot:_check_matcher:372 - Rule conditions not met for Matcher(type='message', module=nonebot_plugin_status.common, lineno=17)
2025-01-30 12:26:30.756 | TRACE    | nonebot:_check_matcher:372 - Rule conditions not met for Matcher(type='', module=nonebot_plugin_status.onebot_v11, lineno=19)
2025-01-30 12:26:30.758 | TRACE    | nonebot:_check_matcher:372 - Rule conditions not met for Matcher(type='message', module=plugins.shutdown, lineno=17)
2025-01-30 12:26:30.758 | DEBUG    | nonebot:handle_event:558 - Checking for matchers completed
2025-01-30 12:27:00.647 | DEBUG    | nonebot:log:310 - Telegram | Calling API getUpdates
2025-01-30 12:27:00.647 | DEBUG    | nonebot:log:310 - Telegram | Calling API {'offset': '997538858', 'timeout': '30'}
2025-01-30 12:27:31.189 | DEBUG    | nonebot:log:310 - Telegram | Calling API getUpdates
2025-01-30 12:27:31.189 | DEBUG    | nonebot:log:310 - Telegram | Calling API {'offset': '997538858', 'timeout': '30'}
2025-01-30 12:28:01.655 | DEBUG    | nonebot:log:310 - Telegram | Calling API getUpdates
2025-01-30 12:28:01.655 | DEBUG    | nonebot:log:310 - Telegram | Calling API {'offset': '997538858', 'timeout': '30'}
2025-01-30 12:28:32.111 | DEBUG    | nonebot:log:310 - Telegram | Calling API getUpdates
2025-01-30 12:28:32.111 | DEBUG    | nonebot:log:310 - Telegram | Calling API {'offset': '997538858', 'timeout': '30'}
2025-01-30 12:29:02.685 | DEBUG    | nonebot:log:310 - Telegram | Calling API getUpdates
2025-01-30 12:29:02.685 | DEBUG    | nonebot:log:310 - Telegram | Calling API {'offset': '997538858', 'timeout': '30'}
2025-01-30 12:29:33.100 | DEBUG    | nonebot:log:310 - Telegram | Calling API getUpdates
2025-01-30 12:29:33.100 | DEBUG    | nonebot:log:310 - Telegram | Calling API {'offset': '997538858', 'timeout': '30'}
2025-01-30 12:30:03.449 | DEBUG    | nonebot:log:310 - Telegram | Calling API getUpdates
2025-01-30 12:30:03.449 | DEBUG    | nonebot:log:310 - Telegram | Calling API {'offset': '997538858', 'timeout': '30'}
2025-01-30 12:30:33.924 | DEBUG    | nonebot:log:310 - Telegram | Calling API getUpdates
2025-01-30 12:30:33.924 | DEBUG    | nonebot:log:310 - Telegram | Calling API {'offset': '997538858', 'timeout': '30'}
2025-01-30 12:30:58.091 | INFO     | uvicorn:shutdown:263 - Shutting down
2025-01-30 12:30:58.193 | INFO     | uvicorn:shutdown:67 - Waiting for application shutdown.
2025-01-30 12:30:58.197 | INFO     | uvicorn:shutdown:76 - Application shutdown complete.
2025-01-30 12:32:12.390 | SUCCESS  | nonebot:load_plugin:188 - Succeeded to load plugin "nonebot_plugin_logpile"
2025-01-30 12:32:12.391 | ERROR    | nonebot:load_plugin:198 - Failed to import "nonebot_plugin_YetAnotherPicSearch"
Traceback (most recent call last):

  File "/Users/sean/workspace/testbot_tg/bot.py", line 14, in <module>
    nonebot.load_plugin("nonebot_plugin_YetAnotherPicSearch")
    │       └ <function load_plugin at 0x104a48160>
    └ <module 'nonebot' from '/Users/sean/workspace/testbot_tg/.venv/lib/python3.10/site-packages/nonebot/__init__.py'>

  File "/Users/sean/workspace/testbot_tg/.venv/lib/python3.10/site-packages/nonebot/plugin/load.py", line 42, in load_plugin
    return manager.load_plugin(module_path)
           │       │           └ 'nonebot_plugin_YetAnotherPicSearch'
           │       └ <function PluginManager.load_plugin at 0x1048b6320>
           └ PluginManager(available_plugins={'nonebot_plugin_YetAnotherPicSearch': 'nonebot_plugin_YetAnotherPicSearch'})
> File "/Users/sean/workspace/testbot_tg/.venv/lib/python3.10/site-packages/nonebot/plugin/manager.py", line 169, in load_plugin
    module = importlib.import_module(self._third_party_plugin_ids[name])
             │         │             │    │                       └ 'nonebot_plugin_YetAnotherPicSearch'
             │         │             │    └ {'nonebot_plugin_YetAnotherPicSearch': 'nonebot_plugin_YetAnotherPicSearch'}
             │         │             └ PluginManager(available_plugins={'nonebot_plugin_YetAnotherPicSearch': 'nonebot_plugin_YetAnotherPicSearch'})
             │         └ <function import_module at 0x1030b4550>
             └ <module 'importlib' from '/Users/sean/workspace/testbot_tg/.venv/lib/python3.10/importlib/__init__.py'>
  File "/Users/sean/workspace/testbot_tg/.venv/lib/python3.10/importlib/__init__.py", line 126, in import_module
    return _bootstrap._gcd_import(name[level:], package, level)
           │          │           │    │        │        └ 0
           │          │           │    │        └ None
           │          │           │    └ 0
           │          │           └ 'nonebot_plugin_YetAnotherPicSearch'
           │          └ <function _gcd_import at 0x102ec7400>
           └ <module '_frozen_importlib' (frozen)>
  File "<frozen importlib._bootstrap>", line 1050, in _gcd_import
  File "<frozen importlib._bootstrap>", line 1027, in _find_and_load
  File "<frozen importlib._bootstrap>", line 1004, in _find_and_load_unlocked

ModuleNotFoundError: No module named 'nonebot_plugin_YetAnotherPicSearch'
2025-01-30 12:32:12.393 | WARNING  | __main__:<module>:17 - Always use `nb run` to start the bot instead of manually running!
2025-01-30 12:32:12.393 | SUCCESS  | nonebot:run:336 - Running NoneBot...
2025-01-30 12:32:12.393 | SUCCESS  | nonebot:run:117 - Loaded adapters: Telegram
2025-01-30 12:32:12.411 | INFO     | uvicorn:_serve:83 - Started server process [9173]
2025-01-30 12:32:12.412 | INFO     | uvicorn:startup:48 - Waiting for application startup.
2025-01-30 12:32:12.413 | DEBUG    | nonebot:log:336 - Telegram | Calling API getMe
2025-01-30 12:32:12.413 | DEBUG    | nonebot:log:336 - Telegram | Calling API {}
2025-01-30 12:32:12.443 | INFO     | uvicorn:startup:62 - Application startup complete.
2025-01-30 12:32:12.444 | INFO     | uvicorn:_log_started_message:215 - Uvicorn running on http://127.0.0.1:8080 (Press CTRL+C to quit)
2025-01-30 12:32:12.852 | INFO     | nonebot:log:336 - Telegram | Delete old webhook
2025-01-30 12:32:12.854 | DEBUG    | nonebot:log:336 - Telegram | Calling API deleteWebhook
2025-01-30 12:32:12.854 | DEBUG    | nonebot:log:336 - Telegram | Calling API {}
2025-01-30 12:32:13.246 | INFO     | nonebot:log:336 - Telegram | Start poll
2025-01-30 12:32:13.264 | DEBUG    | nonebot:log:336 - Telegram | Calling API getUpdates
2025-01-30 12:32:13.264 | DEBUG    | nonebot:log:336 - Telegram | Calling API {'timeout': '30'}
2025-01-30 12:32:21.269 | INFO     | uvicorn:shutdown:263 - Shutting down
2025-01-30 12:32:21.371 | INFO     | uvicorn:shutdown:67 - Waiting for application shutdown.
2025-01-30 12:32:22.981 | SUCCESS  | nonebot:load_plugin:188 - Succeeded to load plugin "nonebot_plugin_logpile"
2025-01-30 12:32:22.985 | SUCCESS  | nonebot:load_plugin:188 - Succeeded to load plugin "nonebot_plugin_waiter"
2025-01-30 12:32:23.310 | SUCCESS  | nonebot:load_plugin:188 - Succeeded to load plugin "nonebot_plugin_alconna:uniseg" from "nonebot_plugin_alconna.uniseg"
2025-01-30 12:32:23.340 | SUCCESS  | nonebot:load_plugin:188 - Succeeded to load plugin "nonebot_plugin_alconna"
2025-01-30 12:32:23.709 | ERROR    | nonebot:load_plugin:198 - Failed to import "YetAnotherPicSearch"
Traceback (most recent call last):

  File "/Users/sean/workspace/testbot_tg/bot.py", line 14, in <module>
    nonebot.load_plugin("YetAnotherPicSearch")
    │       └ <function load_plugin at 0x102018160>
    └ <module 'nonebot' from '/Users/sean/workspace/testbot_tg/.venv/lib/python3.10/site-packages/nonebot/__init__.py'>

  File "/Users/sean/workspace/testbot_tg/.venv/lib/python3.10/site-packages/nonebot/plugin/load.py", line 42, in load_plugin
    return manager.load_plugin(module_path)
           │       │           └ 'YetAnotherPicSearch'
           │       └ <function PluginManager.load_plugin at 0x101e86320>
           └ PluginManager(available_plugins={'YetAnotherPicSearch': 'YetAnotherPicSearch'})
> File "/Users/sean/workspace/testbot_tg/.venv/lib/python3.10/site-packages/nonebot/plugin/manager.py", line 169, in load_plugin
    module = importlib.import_module(self._third_party_plugin_ids[name])
             │         │             │    │                       └ 'YetAnotherPicSearch'
             │         │             │    └ {'YetAnotherPicSearch': 'YetAnotherPicSearch'}
             │         │             └ PluginManager(available_plugins={'YetAnotherPicSearch': 'YetAnotherPicSearch'})
             │         └ <function import_module at 0x1006f8550>
             └ <module 'importlib' from '/Users/sean/workspace/testbot_tg/.venv/lib/python3.10/importlib/__init__.py'>
  File "/Users/sean/workspace/testbot_tg/.venv/lib/python3.10/importlib/__init__.py", line 126, in import_module
    return _bootstrap._gcd_import(name[level:], package, level)
           │          │           │    │        │        └ 0
           │          │           │    │        └ None
           │          │           │    └ 0
           │          │           └ 'YetAnotherPicSearch'
           │          └ <function _gcd_import at 0x100497400>
           └ <module '_frozen_importlib' (frozen)>
  File "<frozen importlib._bootstrap>", line 1050, in _gcd_import
  File "<frozen importlib._bootstrap>", line 1027, in _find_and_load
  File "<frozen importlib._bootstrap>", line 1006, in _find_and_load_unlocked
  File "<frozen importlib._bootstrap>", line 688, in _load_unlocked
  File "/Users/sean/workspace/testbot_tg/.venv/lib/python3.10/site-packages/nonebot/plugin/manager.py", line 257, in exec_module
    super().exec_module(module)
                        └ <module 'YetAnotherPicSearch' from '/Users/sean/workspace/testbot_tg/.venv/lib/python3.10/site-packages/YetAnotherPicSearch/_...
  File "<frozen importlib._bootstrap_external>", line 883, in exec_module
  File "<frozen importlib._bootstrap>", line 241, in _call_with_frames_removed
  File "/Users/sean/workspace/testbot_tg/.venv/lib/python3.10/site-packages/YetAnotherPicSearch/__init__.py", line 8, in <module>
    from . import __main__ as __main__
  File "/Users/sean/workspace/testbot_tg/.venv/lib/python3.10/site-packages/YetAnotherPicSearch/__main__.py", line 36, in <module>
    from .cache import msg_cache
  File "/Users/sean/workspace/testbot_tg/.venv/lib/python3.10/site-packages/YetAnotherPicSearch/cache.py", line 11, in <module>
    from .config import config
  File "/Users/sean/workspace/testbot_tg/.venv/lib/python3.10/site-packages/YetAnotherPicSearch/config.py", line 63, in <module>
    config = get_plugin_config(ConfigModel)
             │                 └ <class 'YetAnotherPicSearch.config.ConfigModel'>
             └ <function get_plugin_config at 0x101fffe20>
  File "/Users/sean/workspace/testbot_tg/.venv/lib/python3.10/site-packages/nonebot/plugin/__init__.py", line 175, in get_plugin_config
    return type_validate_python(config, model_dump(get_driver().config))
           │                    │       │          └ <function get_driver at 0x101fff5b0>
           │                    │       └ <function model_dump at 0x1017e6710>
           │                    └ <class 'YetAnotherPicSearch.config.ConfigModel'>
           └ <function type_validate_python at 0x1017e67a0>
  File "/Users/sean/workspace/testbot_tg/.venv/lib/python3.10/site-packages/nonebot/compat.py", line 227, in type_validate_python
    return TypeAdapter(type_).validate_python(data)
           │           │                      └ {'driver': '~fastapi+~httpx', 'host': IPv4Address('127.0.0.1'), 'port': 8080, 'log_level': 'INFO', 'api_timeout': 30.0, 'supe...
           │           └ <class 'YetAnotherPicSearch.config.ConfigModel'>
           └ <class 'pydantic.type_adapter.TypeAdapter'>
  File "/Users/sean/workspace/testbot_tg/.venv/lib/python3.10/site-packages/pydantic/type_adapter.py", line 412, in validate_python
    return self.validator.validate_python(
           │    │         └ <method 'validate_python' of 'pydantic_core._pydantic_core.SchemaValidator' objects>
           │    └ SchemaValidator(title="ConfigModel", validator=Model(
           │          ModelValidator {
           │              revalidate: Never,
           │              validator: Mode...
           └ TypeAdapter(ConfigModel)

pydantic_core._pydantic_core.ValidationError: 1 validation error for ConfigModel
saucenao_api_key
  Field required [type=missing, input_value={'driver': '~fastapi+~htt...logpile_level': 'TRACE'}, input_type=dict]
    For further information visit https://errors.pydantic.dev/2.10/v/missing
2025-01-30 12:32:23.714 | WARNING  | __main__:<module>:17 - Always use `nb run` to start the bot instead of manually running!
2025-01-30 12:32:23.714 | SUCCESS  | nonebot:run:336 - Running NoneBot...
2025-01-30 12:32:23.714 | SUCCESS  | nonebot:run:117 - Loaded adapters: Telegram
2025-01-30 12:32:23.729 | INFO     | uvicorn:_serve:83 - Started server process [9196]
2025-01-30 12:32:23.729 | INFO     | uvicorn:startup:48 - Waiting for application startup.
2025-01-30 12:32:23.732 | DEBUG    | nonebot:log:336 - Telegram | Calling API getMe
2025-01-30 12:32:23.732 | DEBUG    | nonebot:log:336 - Telegram | Calling API {}
2025-01-30 12:32:23.793 | INFO     | uvicorn:startup:62 - Application startup complete.
2025-01-30 12:32:23.793 | INFO     | uvicorn:_log_started_message:215 - Uvicorn running on http://127.0.0.1:8080 (Press CTRL+C to quit)
2025-01-30 12:32:24.135 | INFO     | nonebot:log:336 - Telegram | Delete old webhook
2025-01-30 12:32:24.137 | DEBUG    | nonebot:log:336 - Telegram | Calling API deleteWebhook
2025-01-30 12:32:24.137 | DEBUG    | nonebot:log:336 - Telegram | Calling API {}
2025-01-30 12:32:24.505 | INFO     | nonebot:log:336 - Telegram | Start poll
2025-01-30 12:32:24.521 | DEBUG    | nonebot:log:336 - Telegram | Calling API getUpdates
2025-01-30 12:32:24.522 | DEBUG    | nonebot:log:336 - Telegram | Calling API {'timeout': '30'}
2025-01-30 12:32:31.578 | INFO     | uvicorn:shutdown:263 - Shutting down
2025-01-30 12:32:31.680 | INFO     | uvicorn:shutdown:67 - Waiting for application shutdown.
2025-01-30 12:33:11.113 | SUCCESS  | nonebot:load_plugin:188 - Succeeded to load plugin "nonebot_plugin_logpile"
2025-01-30 12:33:11.116 | SUCCESS  | nonebot:load_plugin:188 - Succeeded to load plugin "nonebot_plugin_waiter"
2025-01-30 12:33:11.134 | SUCCESS  | nonebot:load_plugin:188 - Succeeded to load plugin "nonebot_plugin_alconna:uniseg" from "nonebot_plugin_alconna.uniseg"
2025-01-30 12:33:11.156 | SUCCESS  | nonebot:load_plugin:188 - Succeeded to load plugin "nonebot_plugin_alconna"
2025-01-30 12:33:12.061 | TRACE    | nonebot:new:323 - Define new matcher Matcher(type='message', module=YetAnotherPicSearch.__main__, lineno=330)
2025-01-30 12:33:12.062 | TRACE    | nonebot:new:323 - Define new matcher Matcher(type='message', module=YetAnotherPicSearch.__main__, lineno=333)
2025-01-30 12:33:12.064 | SUCCESS  | nonebot:load_plugin:188 - Succeeded to load plugin "YetAnotherPicSearch"
2025-01-30 12:33:12.064 | WARNING  | __main__:<module>:17 - Always use `nb run` to start the bot instead of manually running!
2025-01-30 12:33:12.064 | SUCCESS  | nonebot:run:336 - Running NoneBot...
2025-01-30 12:33:12.064 | SUCCESS  | nonebot:run:117 - Loaded adapters: Telegram
2025-01-30 12:33:12.078 | INFO     | uvicorn:_serve:83 - Started server process [9270]
2025-01-30 12:33:12.078 | INFO     | uvicorn:startup:48 - Waiting for application startup.
2025-01-30 12:33:12.081 | DEBUG    | nonebot:log:336 - Telegram | Calling API getMe
2025-01-30 12:33:12.081 | DEBUG    | nonebot:log:336 - Telegram | Calling API {}
2025-01-30 12:33:12.114 | INFO     | uvicorn:startup:62 - Application startup complete.
2025-01-30 12:33:12.115 | INFO     | uvicorn:_log_started_message:215 - Uvicorn running on http://127.0.0.1:8080 (Press CTRL+C to quit)
2025-01-30 12:33:12.514 | INFO     | nonebot:log:336 - Telegram | Delete old webhook
2025-01-30 12:33:12.515 | DEBUG    | nonebot:log:336 - Telegram | Calling API deleteWebhook
2025-01-30 12:33:12.515 | DEBUG    | nonebot:log:336 - Telegram | Calling API {}
2025-01-30 12:33:12.915 | INFO     | nonebot:log:336 - Telegram | Start poll
2025-01-30 12:33:12.935 | DEBUG    | nonebot:log:336 - Telegram | Calling API getUpdates
2025-01-30 12:33:12.935 | DEBUG    | nonebot:log:336 - Telegram | Calling API {'timeout': '30'}
2025-01-30 12:33:43.335 | DEBUG    | nonebot:log:336 - Telegram | Calling API getUpdates
2025-01-30 12:33:43.335 | DEBUG    | nonebot:log:336 - Telegram | Calling API {'timeout': '30'}
2025-01-30 12:34:13.747 | DEBUG    | nonebot:log:336 - Telegram | Calling API getUpdates
2025-01-30 12:34:13.747 | DEBUG    | nonebot:log:336 - Telegram | Calling API {'timeout': '30'}
2025-01-30 12:34:44.197 | DEBUG    | nonebot:log:336 - Telegram | Calling API getUpdates
2025-01-30 12:34:44.197 | DEBUG    | nonebot:log:336 - Telegram | Calling API {'timeout': '30'}
2025-01-30 12:35:14.606 | DEBUG    | nonebot:log:336 - Telegram | Calling API getUpdates
2025-01-30 12:35:14.607 | DEBUG    | nonebot:log:336 - Telegram | Calling API {'timeout': '30'}
2025-01-30 12:35:45.036 | DEBUG    | nonebot:log:336 - Telegram | Calling API getUpdates
2025-01-30 12:35:45.037 | DEBUG    | nonebot:log:336 - Telegram | Calling API {'timeout': '30'}
2025-01-30 12:36:15.434 | DEBUG    | nonebot:log:336 - Telegram | Calling API getUpdates
2025-01-30 12:36:15.434 | DEBUG    | nonebot:log:336 - Telegram | Calling API {'timeout': '30'}
2025-01-30 12:36:45.801 | DEBUG    | nonebot:log:336 - Telegram | Calling API getUpdates
2025-01-30 12:36:45.802 | DEBUG    | nonebot:log:336 - Telegram | Calling API {'timeout': '30'}
2025-01-30 12:37:16.260 | DEBUG    | nonebot:log:336 - Telegram | Calling API getUpdates
2025-01-30 12:37:16.260 | DEBUG    | nonebot:log:336 - Telegram | Calling API {'timeout': '30'}
2025-01-30 12:37:25.942 | INFO     | uvicorn:shutdown:263 - Shutting down
2025-01-30 12:37:26.044 | INFO     | uvicorn:shutdown:67 - Waiting for application shutdown.
2025-01-30 12:37:27.778 | SUCCESS  | nonebot:load_plugin:188 - Succeeded to load plugin "nonebot_plugin_logpile"
2025-01-30 12:37:27.782 | SUCCESS  | nonebot:load_plugin:188 - Succeeded to load plugin "nonebot_plugin_waiter"
2025-01-30 12:37:27.811 | SUCCESS  | nonebot:load_plugin:188 - Succeeded to load plugin "nonebot_plugin_alconna:uniseg" from "nonebot_plugin_alconna.uniseg"
2025-01-30 12:37:27.839 | SUCCESS  | nonebot:load_plugin:188 - Succeeded to load plugin "nonebot_plugin_alconna"
2025-01-30 12:37:27.948 | TRACE    | nonebot:new:323 - Define new matcher Matcher(type='message', module=YetAnotherPicSearch.__main__, lineno=330)
2025-01-30 12:37:27.948 | TRACE    | nonebot:new:323 - Define new matcher Matcher(type='message', module=YetAnotherPicSearch.__main__, lineno=333)
2025-01-30 12:37:27.950 | SUCCESS  | nonebot:load_plugin:188 - Succeeded to load plugin "YetAnotherPicSearch"
2025-01-30 12:37:27.951 | WARNING  | __main__:<module>:17 - Always use `nb run` to start the bot instead of manually running!
2025-01-30 12:37:27.951 | SUCCESS  | nonebot:run:336 - Running NoneBot...
2025-01-30 12:37:27.951 | SUCCESS  | nonebot:run:117 - Loaded adapters: Telegram
2025-01-30 12:37:27.966 | INFO     | uvicorn:_serve:83 - Started server process [9410]
2025-01-30 12:37:27.966 | INFO     | uvicorn:startup:48 - Waiting for application startup.
2025-01-30 12:37:27.968 | DEBUG    | nonebot:log:336 - Telegram | Calling API getMe
2025-01-30 12:37:27.968 | DEBUG    | nonebot:log:336 - Telegram | Calling API {}
2025-01-30 12:37:28.001 | INFO     | uvicorn:startup:62 - Application startup complete.
2025-01-30 12:37:28.002 | INFO     | uvicorn:_log_started_message:215 - Uvicorn running on http://127.0.0.1:8080 (Press CTRL+C to quit)
2025-01-30 12:37:28.384 | INFO     | nonebot:log:336 - Telegram | Delete old webhook
2025-01-30 12:37:28.385 | DEBUG    | nonebot:log:336 - Telegram | Calling API deleteWebhook
2025-01-30 12:37:28.386 | DEBUG    | nonebot:log:336 - Telegram | Calling API {}
2025-01-30 12:37:28.790 | INFO     | nonebot:log:336 - Telegram | Start poll
2025-01-30 12:37:28.809 | DEBUG    | nonebot:log:336 - Telegram | Calling API getUpdates
2025-01-30 12:37:28.809 | DEBUG    | nonebot:log:336 - Telegram | Calling API {'timeout': '30'}
2025-01-30 12:37:52.657 | DEBUG    | nonebot:log:336 - Telegram | Calling API getUpdates
2025-01-30 12:37:52.657 | DEBUG    | nonebot:log:336 - Telegram | Calling API {'offset': '997538858', 'timeout': '30'}
2025-01-30 12:37:53.046 | DEBUG    | nonebot:log:336 - Telegram | Calling API getUpdates
2025-01-30 12:37:53.046 | DEBUG    | nonebot:log:336 - Telegram | Calling API {'offset': '997538859', 'timeout': '30'}
2025-01-30 12:37:53.068 | DEBUG    | nonebot:log:336 - Telegram | {'message_id': 31, 'date': 1738258672, 'chat': {'id': 7525835156, 'type': 'private', 'first_name': '?NepElder?'}, 'message': [{'type': 'text', 'data': {'text': '/搜图'}}], 'original_message': [{'type': 'text', 'data': {'text': '/搜图'}}], 'from_': {'id': 7525835156, 'is_bot': False, 'first_name': '?NepElder?', 'language_code': 'en'}}
2025-01-30 12:37:53.068 | SUCCESS  | nonebot:handle_event:535 - Telegram 8186306331 | [message.private]: Message 31 from 7525835156: /搜图
2025-01-30 12:37:53.068 | DEBUG    | nonebot:handle_event:573 - Checking for matchers in priority 1...
2025-01-30 12:37:53.072 | TRACE    | nonebot:_check_matcher:401 - Rule conditions not met for Matcher(type='message', module=nonebot.plugins.echo, lineno=17)
2025-01-30 12:37:53.073 | INFO     | nonebot:_run_matcher:435 - Event will be handled by Matcher(type='message', module=YetAnotherPicSearch.__main__, lineno=330)
2025-01-30 12:37:53.073 | DEBUG    | nonebot:_run_matcher:455 - Running Matcher(type='message', module=YetAnotherPicSearch.__main__, lineno=330)
2025-01-30 12:37:53.073 | TRACE    | nonebot:simple_run:838 - Matcher(type='message', module=YetAnotherPicSearch.__main__, lineno=330) run with incoming args: bot=Bot(type='Telegram', self_id='8186306331'), event=PrivateMessageEvent(telegram_model=Update(update_id=997538858, message=Message(message_id=31, message_thread_id=None, from_=User(id=7525835156, is_bot=False, first_name='?NepElder?', last_name=None, username=None, language_code='en', is_premium=None, added_to_attachment_menu=None, can_join_groups=None, can_read_all_group_messages=None, supports_inline_queries=None, can_connect_to_business=None, has_main_web_app=None), sender_chat=None, sender_boost_count=None, sender_business_bot=None, date=1738258672, business_connection_id=None, chat=Chat(id=7525835156, type='private', title=None, username=None, first_name='?NepElder?', last_name=None, is_forum=None), forward_origin=None, is_topic_message=None, is_automatic_forward=None, reply_to_message=None, external_reply=None, quote=None, reply_to_story=None, via_bot=None, edit_date=None, has_protected_content=None, is_from_offline=None, media_group_id=None, author_signature=None, text=None, entities=None, link_preview_options=None, effect_id=None, animation=None, audio=None, document=None, paid_media=None, photo=None, sticker=None, story=None, video=None, video_note=None, voice=None, caption=None, caption_entities=None, show_caption_above_media=None, has_media_spoiler=None, contact=None, dice=None, game=None, poll=None, venue=None, location=None, new_chat_members=None, left_chat_member=None, new_chat_title=None, new_chat_photo=None, delete_chat_photo=None, group_chat_created=None, supergroup_chat_created=None, channel_chat_created=None, message_auto_delete_timer_changed=None, migrate_to_chat_id=None, migrate_from_chat_id=None, pinned_message=None, invoice=None, successful_payment=None, refunded_payment=None, users_shared=None, chat_shared=None, connected_website=None, write_access_allowed=None, passport_data=None, proximity_alert_triggered=None, boost_added=None, chat_background_set=None, forum_topic_created=None, forum_topic_edited=None, forum_topic_closed=None, forum_topic_reopened=None, general_forum_topic_hidden=None, general_forum_topic_unhidden=None, giveaway_created=None, giveaway=None, giveaway_winners=None, giveaway_completed=None, video_chat_scheduled=None, video_chat_started=None, video_chat_ended=None, video_chat_participants_invited=None, web_app_data=None, reply_markup=None), edited_message=None, channel_post=None, edited_channel_post=None, business_connection=None, business_message=None, edited_business_message=None, deleted_business_messages=None, message_reaction=None, message_reaction_count=None, inline_query=None, chosen_inline_result=None, callback_query=None, shipping_query=None, pre_checkout_query=None, purchased_paid_media=None, poll=None, poll_answer=None, my_chat_member=None, chat_member=None, chat_join_request=None, chat_boost=None, removed_chat_boost=None), message_id=31, date=1738258672, chat=Chat(id=7525835156, type='private', title=None, username=None, first_name='?NepElder?', last_name=None, is_forum=None), forward_from=None, forward_from_chat=None, forward_from_message_id=None, forward_signature=None, forward_sender_name=None, forward_date=None, via_bot=None, has_protected_content=None, media_group_id=None, author_signature=None, reply_to_message=None, message=/搜图, original_message=/搜图, from_=User(id=7525835156, is_bot=False, first_name='?NepElder?', last_name=None, username=None, language_code='en', is_premium=None, added_to_attachment_menu=None, can_join_groups=None, can_read_all_group_messages=None, supports_inline_queries=None, can_connect_to_business=None, has_main_web_app=None)), state={'_prefix': {'command': ('搜图',), 'raw_command': '/搜图', 'command_arg': , 'command_start': '/', 'command_whitespace': None}}
2025-01-30 12:37:53.073 | DEBUG    | nonebot:simple_run:855 - Running handler Dependent(call=search_handler)
2025-01-30 12:37:53.076 | TRACE    | nonebot:new:323 - Define new matcher Matcher(type='message', module=nonebot_plugin_waiter, lineno=239)
2025-01-30 12:37:53.077 | DEBUG    | nonebot:log:336 - Telegram | Calling API sendMessage
2025-01-30 12:37:53.077 | DEBUG    | nonebot:log:336 - Telegram | Calling API {'chat_id': '7525835156', 'text': '请在 180 秒内发送你要搜索的图片，发送其他内容取消搜索'}
2025-01-30 12:38:08.823 | DEBUG    | nonebot:log:336 - Telegram | Calling API getUpdates
2025-01-30 12:38:08.824 | DEBUG    | nonebot:log:336 - Telegram | Calling API {'offset': '997538860', 'timeout': '30'}
2025-01-30 12:38:08.843 | DEBUG    | nonebot:log:336 - Telegram | {'message_id': 33, 'date': 1738258688, 'chat': {'id': 7525835156, 'type': 'private', 'first_name': '?NepElder?'}, 'message': [{'type': 'document', 'data': {'file': 'BQACAgEAAxkBAAMhZ5u5AAHwOwEGfW6_uA9TZcKYhgP5AAKiBQACU57gRFvJR5CZZEHDNgQ', 'thumbnail': 'AAMCAQADGQEAAyFnm7kAAfA7AQZ9br-4D1NlwpiGA_kAAqIFAAJTnuBEW8lHkJlkQcMBAAdtAAM2BA'}}], 'original_message': [{'type': 'document', 'data': {'file': 'BQACAgEAAxkBAAMhZ5u5AAHwOwEGfW6_uA9TZcKYhgP5AAKiBQACU57gRFvJR5CZZEHDNgQ', 'thumbnail': 'AAMCAQADGQEAAyFnm7kAAfA7AQZ9br-4D1NlwpiGA_kAAqIFAAJTnuBEW8lHkJlkQcMBAAdtAAM2BA'}}], 'from_': {'id': 7525835156, 'is_bot': False, 'first_name': '?NepElder?', 'language_code': 'en'}}
2025-01-30 12:38:08.843 | SUCCESS  | nonebot:handle_event:535 - Telegram 8186306331 | [message.private]: Message 33 from 7525835156: [document:BQACAgEAAxkBAAMhZ5u5AAHwOwEGfW6_uA9TZcKYhgP5AAKiBQACU57gRFvJR5CZZEHDNgQ, AAMCAQADGQEAAyFnm7kAAfA7AQZ9br-4D1NlwpiGA_kAAqIFAAJTnuBEW8lHkJlkQcMBAAdtAAM2BA]
2025-01-30 12:38:08.844 | DEBUG    | nonebot:handle_event:573 - Checking for matchers in priority 0...
2025-01-30 12:38:08.845 | INFO     | nonebot:_run_matcher:435 - Event will be handled by Matcher(type='message', module=nonebot_plugin_waiter, lineno=239)
2025-01-30 12:38:08.845 | DEBUG    | nonebot:_run_matcher:455 - Running Matcher(type='message', module=nonebot_plugin_waiter, lineno=239)
2025-01-30 12:38:08.845 | TRACE    | nonebot:simple_run:838 - Matcher(type='message', module=nonebot_plugin_waiter, lineno=239) run with incoming args: bot=Bot(type='Telegram', self_id='8186306331'), event=PrivateMessageEvent(telegram_model=Update(update_id=997538859, message=Message(message_id=33, message_thread_id=None, from_=User(id=7525835156, is_bot=False, first_name='?NepElder?', last_name=None, username=None, language_code='en', is_premium=None, added_to_attachment_menu=None, can_join_groups=None, can_read_all_group_messages=None, supports_inline_queries=None, can_connect_to_business=None, has_main_web_app=None), sender_chat=None, sender_boost_count=None, sender_business_bot=None, date=1738258688, business_connection_id=None, chat=Chat(id=7525835156, type='private', title=None, username=None, first_name='?NepElder?', last_name=None, is_forum=None), forward_origin=None, is_topic_message=None, is_automatic_forward=None, reply_to_message=None, external_reply=None, quote=None, reply_to_story=None, via_bot=None, edit_date=None, has_protected_content=None, is_from_offline=None, media_group_id=None, author_signature=None, text=None, entities=None, link_preview_options=None, effect_id=None, animation=None, audio=None, document=None, paid_media=None, photo=None, sticker=None, story=None, video=None, video_note=None, voice=None, caption=None, caption_entities=None, show_caption_above_media=None, has_media_spoiler=None, contact=None, dice=None, game=None, poll=None, venue=None, location=None, new_chat_members=None, left_chat_member=None, new_chat_title=None, new_chat_photo=None, delete_chat_photo=None, group_chat_created=None, supergroup_chat_created=None, channel_chat_created=None, message_auto_delete_timer_changed=None, migrate_to_chat_id=None, migrate_from_chat_id=None, pinned_message=None, invoice=None, successful_payment=None, refunded_payment=None, users_shared=None, chat_shared=None, connected_website=None, write_access_allowed=None, passport_data=None, proximity_alert_triggered=None, boost_added=None, chat_background_set=None, forum_topic_created=None, forum_topic_edited=None, forum_topic_closed=None, forum_topic_reopened=None, general_forum_topic_hidden=None, general_forum_topic_unhidden=None, giveaway_created=None, giveaway=None, giveaway_winners=None, giveaway_completed=None, video_chat_scheduled=None, video_chat_started=None, video_chat_ended=None, video_chat_participants_invited=None, web_app_data=None, reply_markup=None), edited_message=None, channel_post=None, edited_channel_post=None, business_connection=None, business_message=None, edited_business_message=None, deleted_business_messages=None, message_reaction=None, message_reaction_count=None, inline_query=None, chosen_inline_result=None, callback_query=None, shipping_query=None, pre_checkout_query=None, purchased_paid_media=None, poll=None, poll_answer=None, my_chat_member=None, chat_member=None, chat_join_request=None, chat_boost=None, removed_chat_boost=None), message_id=33, date=1738258688, chat=Chat(id=7525835156, type='private', title=None, username=None, first_name='?NepElder?', last_name=None, is_forum=None), forward_from=None, forward_from_chat=None, forward_from_message_id=None, forward_signature=None, forward_sender_name=None, forward_date=None, via_bot=None, has_protected_content=None, media_group_id=None, author_signature=None, reply_to_message=None, message=[document:BQACAgEAAxkBAAMhZ5u5AAHwOwEGfW6_uA9TZcKYhgP5AAKiBQACU57gRFvJR5CZZEHDNgQ, AAMCAQADGQEAAyFnm7kAAfA7AQZ9br-4D1NlwpiGA_kAAqIFAAJTnuBEW8lHkJlkQcMBAAdtAAM2BA], original_message=[document:BQACAgEAAxkBAAMhZ5u5AAHwOwEGfW6_uA9TZcKYhgP5AAKiBQACU57gRFvJR5CZZEHDNgQ, AAMCAQADGQEAAyFnm7kAAfA7AQZ9br-4D1NlwpiGA_kAAqIFAAJTnuBEW8lHkJlkQcMBAAdtAAM2BA], from_=User(id=7525835156, is_bot=False, first_name='?NepElder?', last_name=None, username=None, language_code='en', is_premium=None, added_to_attachment_menu=None, can_join_groups=None, can_read_all_group_messages=None, supports_inline_queries=None, can_connect_to_business=None, has_main_web_app=None)), state={'_prefix': {'command': None, 'raw_command': None, 'command_arg': None, 'command_start': None, 'command_whitespace': None}}
2025-01-30 12:38:08.845 | DEBUG    | nonebot:simple_run:855 - Running handler Dependent(call=wrapper)
2025-01-30 12:38:08.847 | INFO     | nonebot:simple_run:872 - Matcher(type='message', module=nonebot_plugin_waiter, lineno=239) running complete
2025-01-30 12:38:08.848 | DEBUG    | nonebot:log:336 - Telegram | Calling API sendMessage
2025-01-30 12:38:08.848 | DEBUG    | nonebot:log:336 - Telegram | Calling API {'chat_id': '7525835156', 'text': '无效输入，退出搜图'}
2025-01-30 12:38:08.865 | TRACE    | nonebot:_handle_skipped:102 - Dependent(call=_exit_executor) skipped due to [TypeMisMatch(param=matcher, type=AlconnaMatcher, value=Matcher(type='message', module=nonebot_plugin_waiter, lineno=239)>]
2025-01-30 12:38:08.865 | DEBUG    | nonebot:_handle_stop_propagation:565 - Stop event propagation
2025-01-30 12:38:08.865 | DEBUG    | nonebot:handle_event:601 - Checking for matchers completed
2025-01-30 12:38:09.311 | INFO     | nonebot:simple_run:872 - Matcher(type='message', module=YetAnotherPicSearch.__main__, lineno=330) running complete
2025-01-30 12:38:09.311 | TRACE    | nonebot:_handle_skipped:102 - Dependent(call=_exit_executor) skipped due to [TypeMisMatch(param=matcher, type=AlconnaMatcher, value=Matcher(type='message', module=YetAnotherPicSearch.__main__, lineno=330)>]
2025-01-30 12:38:09.312 | DEBUG    | nonebot:_handle_stop_propagation:565 - Stop event propagation
2025-01-30 12:38:09.312 | DEBUG    | nonebot:handle_event:601 - Checking for matchers completed
2025-01-30 12:38:16.667 | DEBUG    | nonebot:log:336 - Telegram | Calling API getUpdates
2025-01-30 12:38:16.667 | DEBUG    | nonebot:log:336 - Telegram | Calling API {'offset': '997538861', 'timeout': '30'}
2025-01-30 12:38:16.681 | DEBUG    | nonebot:log:336 - Telegram | {'message_id': 35, 'date': 1738258696, 'chat': {'id': 7525835156, 'type': 'private', 'first_name': '?NepElder?'}, 'message': [{'type': 'text', 'data': {'text': '/搜图'}}], 'original_message': [{'type': 'text', 'data': {'text': '/搜图'}}], 'from_': {'id': 7525835156, 'is_bot': False, 'first_name': '?NepElder?', 'language_code': 'en'}}
2025-01-30 12:38:16.681 | SUCCESS  | nonebot:handle_event:535 - Telegram 8186306331 | [message.private]: Message 35 from 7525835156: /搜图
2025-01-30 12:38:16.681 | DEBUG    | nonebot:handle_event:573 - Checking for matchers in priority 0...
2025-01-30 12:38:16.681 | DEBUG    | nonebot:handle_event:573 - Checking for matchers in priority 1...
2025-01-30 12:38:16.683 | TRACE    | nonebot:_check_matcher:401 - Rule conditions not met for Matcher(type='message', module=nonebot.plugins.echo, lineno=17)
2025-01-30 12:38:16.683 | INFO     | nonebot:_run_matcher:435 - Event will be handled by Matcher(type='message', module=YetAnotherPicSearch.__main__, lineno=330)
2025-01-30 12:38:16.683 | DEBUG    | nonebot:_run_matcher:455 - Running Matcher(type='message', module=YetAnotherPicSearch.__main__, lineno=330)
2025-01-30 12:38:16.684 | TRACE    | nonebot:simple_run:838 - Matcher(type='message', module=YetAnotherPicSearch.__main__, lineno=330) run with incoming args: bot=Bot(type='Telegram', self_id='8186306331'), event=PrivateMessageEvent(telegram_model=Update(update_id=997538860, message=Message(message_id=35, message_thread_id=None, from_=User(id=7525835156, is_bot=False, first_name='?NepElder?', last_name=None, username=None, language_code='en', is_premium=None, added_to_attachment_menu=None, can_join_groups=None, can_read_all_group_messages=None, supports_inline_queries=None, can_connect_to_business=None, has_main_web_app=None), sender_chat=None, sender_boost_count=None, sender_business_bot=None, date=1738258696, business_connection_id=None, chat=Chat(id=7525835156, type='private', title=None, username=None, first_name='?NepElder?', last_name=None, is_forum=None), forward_origin=None, is_topic_message=None, is_automatic_forward=None, reply_to_message=None, external_reply=None, quote=None, reply_to_story=None, via_bot=None, edit_date=None, has_protected_content=None, is_from_offline=None, media_group_id=None, author_signature=None, text=None, entities=None, link_preview_options=None, effect_id=None, animation=None, audio=None, document=None, paid_media=None, photo=None, sticker=None, story=None, video=None, video_note=None, voice=None, caption=None, caption_entities=None, show_caption_above_media=None, has_media_spoiler=None, contact=None, dice=None, game=None, poll=None, venue=None, location=None, new_chat_members=None, left_chat_member=None, new_chat_title=None, new_chat_photo=None, delete_chat_photo=None, group_chat_created=None, supergroup_chat_created=None, channel_chat_created=None, message_auto_delete_timer_changed=None, migrate_to_chat_id=None, migrate_from_chat_id=None, pinned_message=None, invoice=None, successful_payment=None, refunded_payment=None, users_shared=None, chat_shared=None, connected_website=None, write_access_allowed=None, passport_data=None, proximity_alert_triggered=None, boost_added=None, chat_background_set=None, forum_topic_created=None, forum_topic_edited=None, forum_topic_closed=None, forum_topic_reopened=None, general_forum_topic_hidden=None, general_forum_topic_unhidden=None, giveaway_created=None, giveaway=None, giveaway_winners=None, giveaway_completed=None, video_chat_scheduled=None, video_chat_started=None, video_chat_ended=None, video_chat_participants_invited=None, web_app_data=None, reply_markup=None), edited_message=None, channel_post=None, edited_channel_post=None, business_connection=None, business_message=None, edited_business_message=None, deleted_business_messages=None, message_reaction=None, message_reaction_count=None, inline_query=None, chosen_inline_result=None, callback_query=None, shipping_query=None, pre_checkout_query=None, purchased_paid_media=None, poll=None, poll_answer=None, my_chat_member=None, chat_member=None, chat_join_request=None, chat_boost=None, removed_chat_boost=None), message_id=35, date=1738258696, chat=Chat(id=7525835156, type='private', title=None, username=None, first_name='?NepElder?', last_name=None, is_forum=None), forward_from=None, forward_from_chat=None, forward_from_message_id=None, forward_signature=None, forward_sender_name=None, forward_date=None, via_bot=None, has_protected_content=None, media_group_id=None, author_signature=None, reply_to_message=None, message=/搜图, original_message=/搜图, from_=User(id=7525835156, is_bot=False, first_name='?NepElder?', last_name=None, username=None, language_code='en', is_premium=None, added_to_attachment_menu=None, can_join_groups=None, can_read_all_group_messages=None, supports_inline_queries=None, can_connect_to_business=None, has_main_web_app=None)), state={'_prefix': {'command': ('搜图',), 'raw_command': '/搜图', 'command_arg': , 'command_start': '/', 'command_whitespace': None}}
2025-01-30 12:38:16.684 | DEBUG    | nonebot:simple_run:855 - Running handler Dependent(call=search_handler)
2025-01-30 12:38:16.685 | TRACE    | nonebot:new:323 - Define new matcher Matcher(type='message', module=nonebot_plugin_waiter, lineno=239)
2025-01-30 12:38:16.685 | DEBUG    | nonebot:log:336 - Telegram | Calling API sendMessage
2025-01-30 12:38:16.685 | DEBUG    | nonebot:log:336 - Telegram | Calling API {'chat_id': '7525835156', 'text': '请在 180 秒内发送你要搜索的图片，发送其他内容取消搜索'}
2025-01-30 12:38:25.526 | DEBUG    | nonebot:log:336 - Telegram | Calling API getUpdates
2025-01-30 12:38:25.527 | DEBUG    | nonebot:log:336 - Telegram | Calling API {'offset': '997538862', 'timeout': '30'}
2025-01-30 12:38:25.548 | DEBUG    | nonebot:log:336 - Telegram | {'message_id': 37, 'date': 1738258705, 'chat': {'id': 7525835156, 'type': 'private', 'first_name': '?NepElder?'}, 'message': [{'type': 'photo', 'data': {'file': 'AgACAgEAAxkBAAMlZ5u5EUgZP0_A_PGO5dupSQwrUQQAAiauMRtTnuBESCI2paVDDFQBAAMCAAN5AAM2BA'}}], 'original_message': [{'type': 'photo', 'data': {'file': 'AgACAgEAAxkBAAMlZ5u5EUgZP0_A_PGO5dupSQwrUQQAAiauMRtTnuBESCI2paVDDFQBAAMCAAN5AAM2BA'}}], 'from_': {'id': 7525835156, 'is_bot': False, 'first_name': '?NepElder?', 'language_code': 'en'}}
2025-01-30 12:38:25.548 | SUCCESS  | nonebot:handle_event:535 - Telegram 8186306331 | [message.private]: Message 37 from 7525835156: [photo:AgACAgEAAxkBAAMlZ5u5EUgZP0_A_PGO5dupSQwrUQQAAiauMRtTnuBESCI2paVDDFQBAAMCAAN5AAM2BA]
2025-01-30 12:38:25.548 | DEBUG    | nonebot:handle_event:573 - Checking for matchers in priority 0...
2025-01-30 12:38:25.549 | INFO     | nonebot:_run_matcher:435 - Event will be handled by Matcher(type='message', module=nonebot_plugin_waiter, lineno=239)
2025-01-30 12:38:25.549 | DEBUG    | nonebot:_run_matcher:455 - Running Matcher(type='message', module=nonebot_plugin_waiter, lineno=239)
2025-01-30 12:38:25.550 | TRACE    | nonebot:simple_run:838 - Matcher(type='message', module=nonebot_plugin_waiter, lineno=239) run with incoming args: bot=Bot(type='Telegram', self_id='8186306331'), event=PrivateMessageEvent(telegram_model=Update(update_id=997538861, message=Message(message_id=37, message_thread_id=None, from_=User(id=7525835156, is_bot=False, first_name='?NepElder?', last_name=None, username=None, language_code='en', is_premium=None, added_to_attachment_menu=None, can_join_groups=None, can_read_all_group_messages=None, supports_inline_queries=None, can_connect_to_business=None, has_main_web_app=None), sender_chat=None, sender_boost_count=None, sender_business_bot=None, date=1738258705, business_connection_id=None, chat=Chat(id=7525835156, type='private', title=None, username=None, first_name='?NepElder?', last_name=None, is_forum=None), forward_origin=None, is_topic_message=None, is_automatic_forward=None, reply_to_message=None, external_reply=None, quote=None, reply_to_story=None, via_bot=None, edit_date=None, has_protected_content=None, is_from_offline=None, media_group_id=None, author_signature=None, text=None, entities=None, link_preview_options=None, effect_id=None, animation=None, audio=None, document=None, paid_media=None, photo=None, sticker=None, story=None, video=None, video_note=None, voice=None, caption=None, caption_entities=None, show_caption_above_media=None, has_media_spoiler=None, contact=None, dice=None, game=None, poll=None, venue=None, location=None, new_chat_members=None, left_chat_member=None, new_chat_title=None, new_chat_photo=None, delete_chat_photo=None, group_chat_created=None, supergroup_chat_created=None, channel_chat_created=None, message_auto_delete_timer_changed=None, migrate_to_chat_id=None, migrate_from_chat_id=None, pinned_message=None, invoice=None, successful_payment=None, refunded_payment=None, users_shared=None, chat_shared=None, connected_website=None, write_access_allowed=None, passport_data=None, proximity_alert_triggered=None, boost_added=None, chat_background_set=None, forum_topic_created=None, forum_topic_edited=None, forum_topic_closed=None, forum_topic_reopened=None, general_forum_topic_hidden=None, general_forum_topic_unhidden=None, giveaway_created=None, giveaway=None, giveaway_winners=None, giveaway_completed=None, video_chat_scheduled=None, video_chat_started=None, video_chat_ended=None, video_chat_participants_invited=None, web_app_data=None, reply_markup=None), edited_message=None, channel_post=None, edited_channel_post=None, business_connection=None, business_message=None, edited_business_message=None, deleted_business_messages=None, message_reaction=None, message_reaction_count=None, inline_query=None, chosen_inline_result=None, callback_query=None, shipping_query=None, pre_checkout_query=None, purchased_paid_media=None, poll=None, poll_answer=None, my_chat_member=None, chat_member=None, chat_join_request=None, chat_boost=None, removed_chat_boost=None), message_id=37, date=1738258705, chat=Chat(id=7525835156, type='private', title=None, username=None, first_name='?NepElder?', last_name=None, is_forum=None), forward_from=None, forward_from_chat=None, forward_from_message_id=None, forward_signature=None, forward_sender_name=None, forward_date=None, via_bot=None, has_protected_content=None, media_group_id=None, author_signature=None, reply_to_message=None, message=[photo:AgACAgEAAxkBAAMlZ5u5EUgZP0_A_PGO5dupSQwrUQQAAiauMRtTnuBESCI2paVDDFQBAAMCAAN5AAM2BA], original_message=[photo:AgACAgEAAxkBAAMlZ5u5EUgZP0_A_PGO5dupSQwrUQQAAiauMRtTnuBESCI2paVDDFQBAAMCAAN5AAM2BA], from_=User(id=7525835156, is_bot=False, first_name='?NepElder?', last_name=None, username=None, language_code='en', is_premium=None, added_to_attachment_menu=None, can_join_groups=None, can_read_all_group_messages=None, supports_inline_queries=None, can_connect_to_business=None, has_main_web_app=None)), state={'_prefix': {'command': None, 'raw_command': None, 'command_arg': None, 'command_start': None, 'command_whitespace': None}}
2025-01-30 12:38:25.550 | DEBUG    | nonebot:simple_run:855 - Running handler Dependent(call=wrapper)
2025-01-30 12:38:25.552 | INFO     | nonebot:simple_run:872 - Matcher(type='message', module=nonebot_plugin_waiter, lineno=239) running complete
2025-01-30 12:38:25.553 | DEBUG    | nonebot:log:336 - Telegram | Calling API sendMessage
2025-01-30 12:38:25.553 | DEBUG    | nonebot:log:336 - Telegram | Calling API {'chat_id': '7525835156', 'text': '正在进行搜索，请稍候', 'reply_parameters': '{"message_id": 35}'}
2025-01-30 12:38:25.574 | TRACE    | nonebot:_handle_skipped:102 - Dependent(call=_exit_executor) skipped due to [TypeMisMatch(param=matcher, type=AlconnaMatcher, value=Matcher(type='message', module=nonebot_plugin_waiter, lineno=239)>]
2025-01-30 12:38:25.575 | DEBUG    | nonebot:_handle_stop_propagation:565 - Stop event propagation
2025-01-30 12:38:25.575 | DEBUG    | nonebot:handle_event:601 - Checking for matchers completed
2025-01-30 12:38:26.045 | DEBUG    | nonebot:log:336 - Telegram | Calling API getFile
2025-01-30 12:38:26.045 | DEBUG    | nonebot:log:336 - Telegram | Calling API {'file_id': 'AgACAgEAAxkBAAMlZ5u5EUgZP0_A_PGO5dupSQwrUQQAAiauMRtTnuBESCI2paVDDFQBAAMCAAN5AAM2BA'}
2025-01-30 12:38:31.604 | DEBUG    | nonebot:log:336 - Telegram | Calling API sendPhoto
2025-01-30 12:38:31.604 | DEBUG    | nonebot:log:336 - Telegram | Calling API {'chat_id': '7525835156', 'caption': 'SauceNAO (86.09%)\n\n[はまけん。]ギガップ少女\n来源：反差少女 _ ギガップ少女[无糖·漫画组]\n搜索页面：https://saucenao.com/search.php?url=https://saucenao.com/userdata/x6Jma02lU.jpg.png', 'reply_parameters': '{"message_id": 35}', 'photo': 'attach://raster-image.jpg'}
2025-01-30 12:38:32.351 | DEBUG    | nonebot:log:336 - Telegram | Calling API sendPhoto
2025-01-30 12:38:32.352 | DEBUG    | nonebot:log:336 - Telegram | Calling API {'chat_id': '7525835156', 'caption': 'EHentai 搜索结果\n\n[Hamaken.] GiGap Shoujo | 反差少女 [Chinese] [无糖·漫画组]\n类型：Manga\n日期：2023-05-20 20:20\n来源：https://e-hentai.org/g/2558270/db2e97f9c7/\n搜索页面：https://yww.uy/S6zZ5c', 'reply_parameters': '{"message_id": 35}', 'photo': 'attach://raster-image.jpg'}
2025-01-30 12:38:33.377 | INFO     | nonebot:simple_run:872 - Matcher(type='message', module=YetAnotherPicSearch.__main__, lineno=330) running complete
2025-01-30 12:38:33.378 | DEBUG    | nonebot:log:336 - Telegram | Calling API deleteMessage
2025-01-30 12:38:33.379 | DEBUG    | nonebot:log:336 - Telegram | Calling API {'chat_id': '7525835156', 'message_id': '38'}
2025-01-30 12:38:33.402 | TRACE    | nonebot:_handle_skipped:102 - Dependent(call=_exit_executor) skipped due to [TypeMisMatch(param=matcher, type=AlconnaMatcher, value=Matcher(type='message', module=YetAnotherPicSearch.__main__, lineno=330)>]
2025-01-30 12:38:33.403 | DEBUG    | nonebot:_handle_stop_propagation:565 - Stop event propagation
2025-01-30 12:38:33.403 | DEBUG    | nonebot:handle_event:601 - Checking for matchers completed
2025-01-30 12:38:49.425 | DEBUG    | nonebot:log:336 - Telegram | Calling API getUpdates
2025-01-30 12:38:49.425 | DEBUG    | nonebot:log:336 - Telegram | Calling API {'offset': '997538863', 'timeout': '30'}
2025-01-30 12:38:49.441 | DEBUG    | nonebot:log:336 - Telegram | {'message_id': 3926, 'date': 1738258729, 'chat': {'id': -1002494975373, 'type': 'supergroup', 'title': 'Happy Sleepy Gentleman'}, 'message': [{'type': 'bot_command', 'data': {'text': '/echo'}}, {'type': 'text', 'data': {'text': ' 1'}}], 'original_message': [{'type': 'bot_command', 'data': {'text': '/echo'}}, {'type': 'text', 'data': {'text': ' 1'}}], 'from_': {'id': 7525835156, 'is_bot': False, 'first_name': '?NepElder?', 'language_code': 'en'}}
2025-01-30 12:38:49.442 | SUCCESS  | nonebot:handle_event:535 - Telegram 8186306331 | [message.group]: Message 3926 from 7525835156@[Chat -1002494975373]: /echo 1
2025-01-30 12:38:49.442 | DEBUG    | nonebot:handle_event:573 - Checking for matchers in priority 0...
2025-01-30 12:38:49.442 | DEBUG    | nonebot:handle_event:573 - Checking for matchers in priority 1...
2025-01-30 12:38:49.444 | TRACE    | nonebot:_check_matcher:401 - Rule conditions not met for Matcher(type='message', module=nonebot.plugins.echo, lineno=17)
2025-01-30 12:38:49.444 | TRACE    | nonebot:_check_matcher:401 - Rule conditions not met for Matcher(type='message', module=YetAnotherPicSearch.__main__, lineno=330)
2025-01-30 12:38:49.444 | DEBUG    | nonebot:handle_event:573 - Checking for matchers in priority 2...
2025-01-30 12:38:49.447 | TRACE    | nonebot:_check_matcher:401 - Rule conditions not met for Matcher(type='message', module=YetAnotherPicSearch.__main__, lineno=333)
2025-01-30 12:38:49.447 | DEBUG    | nonebot:handle_event:573 - Checking for matchers in priority 10...
2025-01-30 12:38:49.448 | TRACE    | nonebot:_handle_skipped:102 - Dependent(call=_poke) skipped due to [TypeMisMatch(param=event, type=PrivateMessageEvent, value=GroupMessageEvent(telegram_model=Update(update_id=997538862, message=Message(message_id=3926, message_thread_id=None, from_=User(id=7525835156, is_bot=False, first_name='?NepElder?', last_name=None, username=None, language_code='en', is_premium=None, added_to_attachment_menu=None, can_join_groups=None, can_read_all_group_messages=None, supports_inline_queries=None, can_connect_to_business=None, has_main_web_app=None), sender_chat=None, sender_boost_count=None, sender_business_bot=None, date=1738258729, business_connection_id=None, chat=Chat(id=-1002494975373, type='supergroup', title='Happy Sleepy Gentleman', username=None, first_name=None, last_name=None, is_forum=None), forward_origin=None, is_topic_message=None, is_automatic_forward=None, reply_to_message=None, external_reply=None, quote=None, reply_to_story=None, via_bot=None, edit_date=None, has_protected_content=None, is_from_offline=None, media_group_id=None, author_signature=None, text=None, entities=None, link_preview_options=None, effect_id=None, animation=None, audio=None, document=None, paid_media=None, photo=None, sticker=None, story=None, video=None, video_note=None, voice=None, caption=None, caption_entities=None, show_caption_above_media=None, has_media_spoiler=None, contact=None, dice=None, game=None, poll=None, venue=None, location=None, new_chat_members=None, left_chat_member=None, new_chat_title=None, new_chat_photo=None, delete_chat_photo=None, group_chat_created=None, supergroup_chat_created=None, channel_chat_created=None, message_auto_delete_timer_changed=None, migrate_to_chat_id=None, migrate_from_chat_id=None, pinned_message=None, invoice=None, successful_payment=None, refunded_payment=None, users_shared=None, chat_shared=None, connected_website=None, write_access_allowed=None, passport_data=None, proximity_alert_triggered=None, boost_added=None, chat_background_set=None, forum_topic_created=None, forum_topic_edited=None, forum_topic_closed=None, forum_topic_reopened=None, general_forum_topic_hidden=None, general_forum_topic_unhidden=None, giveaway_created=None, giveaway=None, giveaway_winners=None, giveaway_completed=None, video_chat_scheduled=None, video_chat_started=None, video_chat_ended=None, video_chat_participants_invited=None, web_app_data=None, reply_markup=None), edited_message=None, channel_post=None, edited_channel_post=None, business_connection=None, business_message=None, edited_business_message=None, deleted_business_messages=None, message_reaction=None, message_reaction_count=None, inline_query=None, chosen_inline_result=None, callback_query=None, shipping_query=None, pre_checkout_query=None, purchased_paid_media=None, poll=None, poll_answer=None, my_chat_member=None, chat_member=None, chat_join_request=None, chat_boost=None, removed_chat_boost=None), message_id=3926, date=1738258729, chat=Chat(id=-1002494975373, type='supergroup', title='Happy Sleepy Gentleman', username=None, first_name=None, last_name=None, is_forum=None), forward_from=None, forward_from_chat=None, forward_from_message_id=None, forward_signature=None, forward_sender_name=None, forward_date=None, via_bot=None, has_protected_content=None, media_group_id=None, author_signature=None, reply_to_message=None, message=/echo 1, original_message=/echo 1, from_=User(id=7525835156, is_bot=False, first_name='?NepElder?', last_name=None, username=None, language_code='en', is_premium=None, added_to_attachment_menu=None, can_join_groups=None, can_read_all_group_messages=None, supports_inline_queries=None, can_connect_to_business=None, has_main_web_app=None), sender_chat=None)>]
2025-01-30 12:38:49.449 | TRACE    | nonebot:_check_matcher:401 - Rule conditions not met for Matcher(type='message', module=nonebot_plugin_status.onebot_v11, lineno=38)
2025-01-30 12:38:49.451 | TRACE    | nonebot:_check_matcher:401 - Rule conditions not met for Matcher(type='message', module=nonebot_plugin_status.common, lineno=17)
2025-01-30 12:38:49.451 | TRACE    | nonebot:_check_matcher:401 - Rule conditions not met for Matcher(type='', module=nonebot_plugin_status.onebot_v11, lineno=19)
2025-01-30 12:38:49.453 | TRACE    | nonebot:_check_matcher:401 - Rule conditions not met for Matcher(type='message', module=plugins.shutdown, lineno=17)
2025-01-30 12:38:49.453 | DEBUG    | nonebot:handle_event:601 - Checking for matchers completed
2025-01-30 12:39:19.781 | DEBUG    | nonebot:log:336 - Telegram | Calling API getUpdates
2025-01-30 12:39:19.781 | DEBUG    | nonebot:log:336 - Telegram | Calling API {'offset': '997538863', 'timeout': '30'}
2025-01-30 12:39:50.202 | DEBUG    | nonebot:log:336 - Telegram | Calling API getUpdates
2025-01-30 12:39:50.202 | DEBUG    | nonebot:log:336 - Telegram | Calling API {'offset': '997538863', 'timeout': '30'}
2025-01-30 12:40:20.686 | DEBUG    | nonebot:log:336 - Telegram | Calling API getUpdates
2025-01-30 12:40:20.687 | DEBUG    | nonebot:log:336 - Telegram | Calling API {'offset': '997538863', 'timeout': '30'}
2025-01-30 12:40:51.074 | DEBUG    | nonebot:log:336 - Telegram | Calling API getUpdates
2025-01-30 12:40:51.074 | DEBUG    | nonebot:log:336 - Telegram | Calling API {'offset': '997538863', 'timeout': '30'}
2025-01-30 12:41:21.455 | DEBUG    | nonebot:log:336 - Telegram | Calling API getUpdates
2025-01-30 12:41:21.455 | DEBUG    | nonebot:log:336 - Telegram | Calling API {'offset': '997538863', 'timeout': '30'}
2025-01-30 12:41:37.613 | DEBUG    | nonebot:log:336 - Telegram | Calling API getUpdates
2025-01-30 12:41:37.614 | DEBUG    | nonebot:log:336 - Telegram | Calling API {'offset': '997538864', 'timeout': '30'}
2025-01-30 12:41:37.633 | DEBUG    | nonebot:log:336 - Telegram | {'chat': {'id': -1002494975373, 'type': 'supergroup', 'title': 'Happy Sleepy Gentleman'}, 'from_': {'id': 7525835156, 'is_bot': False, 'first_name': '?NepElder?', 'language_code': 'en'}, 'date': 1738258897, 'old_chat_member': {'status': 'member', 'user': {'id': 8186306331, 'is_bot': True, 'first_name': 'testbot', 'username': 'LothricGreatSword_test_001_bot'}}, 'new_chat_member': {'status': 'administrator', 'user': {'id': 8186306331, 'is_bot': True, 'first_name': 'testbot', 'username': 'LothricGreatSword_test_001_bot'}, 'can_be_edited': False, 'is_anonymous': False, 'can_manage_chat': True, 'can_delete_messages': True, 'can_manage_video_chats': True, 'can_restrict_members': True, 'can_promote_members': False, 'can_change_info': True, 'can_invite_users': True, 'can_post_stories': True, 'can_edit_stories': True, 'can_delete_stories': True, 'can_pin_messages': True, 'can_manage_topics': False}}
2025-01-30 12:41:37.634 | SUCCESS  | nonebot:handle_event:535 - Telegram 8186306331 | [notice.chat_member.updated]: {'chat': {'id': -1002494975373, 'type': 'supergroup', 'title': 'Happy Sleepy Gentleman'}, 'from': {'id': 7525835156, 'is_bot': False, 'first_name': '?NepElder?', 'language_code': 'en'}, 'date': 1738258897, 'old_chat_member': {'status': 'member', 'user': {'id': 8186306331, 'is_bot': True, 'first_name': 'testbot', 'username': 'LothricGreatSword_test_001_bot'}}, 'new_chat_member': {'status': 'administrator', 'user': {'id': 8186306331, 'is_bot': True, 'first_name': 'testbot', 'username': 'LothricGreatSword_test_001_bot'}, 'can_be_edited': False, 'is_anonymous': False, 'can_manage_chat': True, 'can_delete_messages': True, 'can_manage_video_chats': True, 'can_restrict_members': True, 'can_promote_members': False, 'can_change_info': True, 'can_invite_users': True, 'can_post_stories': True, 'can_edit_stories': True, 'can_delete_stories': True, 'can_pin_messages': True, 'can_manage_topics': False}}
2025-01-30 12:41:37.634 | DEBUG    | nonebot:handle_event:573 - Checking for matchers in priority 0...
2025-01-30 12:41:37.634 | DEBUG    | nonebot:handle_event:573 - Checking for matchers in priority 1...
2025-01-30 12:41:37.634 | TRACE    | nonebot:_check_matcher:391 - Permission conditions not met for Matcher(type='message', module=nonebot.plugins.echo, lineno=17)
2025-01-30 12:41:37.634 | TRACE    | nonebot:_check_matcher:391 - Permission conditions not met for Matcher(type='message', module=YetAnotherPicSearch.__main__, lineno=330)
2025-01-30 12:41:37.635 | DEBUG    | nonebot:handle_event:573 - Checking for matchers in priority 2...
2025-01-30 12:41:37.635 | TRACE    | nonebot:_check_matcher:391 - Permission conditions not met for Matcher(type='message', module=YetAnotherPicSearch.__main__, lineno=333)
2025-01-30 12:41:37.635 | DEBUG    | nonebot:handle_event:573 - Checking for matchers in priority 10...
2025-01-30 12:41:37.635 | TRACE    | nonebot:_check_matcher:391 - Permission conditions not met for Matcher(type='message', module=plugins.shutdown, lineno=17)
2025-01-30 12:41:37.635 | TRACE    | nonebot:_check_matcher:391 - Permission conditions not met for Matcher(type='message', module=nonebot_plugin_status.common, lineno=17)
2025-01-30 12:41:37.635 | TRACE    | nonebot:_check_matcher:391 - Permission conditions not met for Matcher(type='message', module=nonebot_plugin_status.onebot_v11, lineno=38)
2025-01-30 12:41:37.636 | TRACE    | nonebot:_check_matcher:401 - Rule conditions not met for Matcher(type='', module=nonebot_plugin_status.onebot_v11, lineno=19)
2025-01-30 12:41:37.636 | DEBUG    | nonebot:handle_event:601 - Checking for matchers completed
2025-01-30 12:42:00.955 | DEBUG    | nonebot:log:336 - Telegram | Calling API getUpdates
2025-01-30 12:42:00.955 | DEBUG    | nonebot:log:336 - Telegram | Calling API {'offset': '997538865', 'timeout': '30'}
2025-01-30 12:42:00.975 | DEBUG    | nonebot:log:336 - Telegram | {'message_id': 3927, 'date': 1738258920, 'chat': {'id': -1002494975373, 'type': 'supergroup', 'title': 'Happy Sleepy Gentleman'}, 'message': [{'type': 'mention', 'data': {'text': '@LothricGreatSword_test_001_bot'}}, {'type': 'text', 'data': {'text': ' '}}, {'type': 'bot_command', 'data': {'text': '/echo'}}, {'type': 'text', 'data': {'text': ' 1'}}], 'original_message': [{'type': 'mention', 'data': {'text': '@LothricGreatSword_test_001_bot'}}, {'type': 'text', 'data': {'text': ' '}}, {'type': 'bot_command', 'data': {'text': '/echo'}}, {'type': 'text', 'data': {'text': ' 1'}}], 'from_': {'id': 7525835156, 'is_bot': False, 'first_name': '?NepElder?', 'language_code': 'en'}}
2025-01-30 12:42:00.975 | SUCCESS  | nonebot:handle_event:535 - Telegram 8186306331 | [message.group]: Message 3927 from 7525835156@[Chat -1002494975373]: /echo 1
2025-01-30 12:42:00.976 | DEBUG    | nonebot:handle_event:573 - Checking for matchers in priority 0...
2025-01-30 12:42:00.976 | DEBUG    | nonebot:handle_event:573 - Checking for matchers in priority 1...
2025-01-30 12:42:00.977 | INFO     | nonebot:_run_matcher:435 - Event will be handled by Matcher(type='message', module=nonebot.plugins.echo, lineno=17)
2025-01-30 12:42:00.978 | DEBUG    | nonebot:_run_matcher:455 - Running Matcher(type='message', module=nonebot.plugins.echo, lineno=17)
2025-01-30 12:42:00.978 | TRACE    | nonebot:simple_run:838 - Matcher(type='message', module=nonebot.plugins.echo, lineno=17) run with incoming args: bot=Bot(type='Telegram', self_id='8186306331'), event=GroupMessageEvent(telegram_model=Update(update_id=997538864, message=Message(message_id=3927, message_thread_id=None, from_=User(id=7525835156, is_bot=False, first_name='?NepElder?', last_name=None, username=None, language_code='en', is_premium=None, added_to_attachment_menu=None, can_join_groups=None, can_read_all_group_messages=None, supports_inline_queries=None, can_connect_to_business=None, has_main_web_app=None), sender_chat=None, sender_boost_count=None, sender_business_bot=None, date=1738258920, business_connection_id=None, chat=Chat(id=-1002494975373, type='supergroup', title='Happy Sleepy Gentleman', username=None, first_name=None, last_name=None, is_forum=None), forward_origin=None, is_topic_message=None, is_automatic_forward=None, reply_to_message=None, external_reply=None, quote=None, reply_to_story=None, via_bot=None, edit_date=None, has_protected_content=None, is_from_offline=None, media_group_id=None, author_signature=None, text=None, entities=None, link_preview_options=None, effect_id=None, animation=None, audio=None, document=None, paid_media=None, photo=None, sticker=None, story=None, video=None, video_note=None, voice=None, caption=None, caption_entities=None, show_caption_above_media=None, has_media_spoiler=None, contact=None, dice=None, game=None, poll=None, venue=None, location=None, new_chat_members=None, left_chat_member=None, new_chat_title=None, new_chat_photo=None, delete_chat_photo=None, group_chat_created=None, supergroup_chat_created=None, channel_chat_created=None, message_auto_delete_timer_changed=None, migrate_to_chat_id=None, migrate_from_chat_id=None, pinned_message=None, invoice=None, successful_payment=None, refunded_payment=None, users_shared=None, chat_shared=None, connected_website=None, write_access_allowed=None, passport_data=None, proximity_alert_triggered=None, boost_added=None, chat_background_set=None, forum_topic_created=None, forum_topic_edited=None, forum_topic_closed=None, forum_topic_reopened=None, general_forum_topic_hidden=None, general_forum_topic_unhidden=None, giveaway_created=None, giveaway=None, giveaway_winners=None, giveaway_completed=None, video_chat_scheduled=None, video_chat_started=None, video_chat_ended=None, video_chat_participants_invited=None, web_app_data=None, reply_markup=None), edited_message=None, channel_post=None, edited_channel_post=None, business_connection=None, business_message=None, edited_business_message=None, deleted_business_messages=None, message_reaction=None, message_reaction_count=None, inline_query=None, chosen_inline_result=None, callback_query=None, shipping_query=None, pre_checkout_query=None, purchased_paid_media=None, poll=None, poll_answer=None, my_chat_member=None, chat_member=None, chat_join_request=None, chat_boost=None, removed_chat_boost=None), message_id=3927, date=1738258920, chat=Chat(id=-1002494975373, type='supergroup', title='Happy Sleepy Gentleman', username=None, first_name=None, last_name=None, is_forum=None), forward_from=None, forward_from_chat=None, forward_from_message_id=None, forward_signature=None, forward_sender_name=None, forward_date=None, via_bot=None, has_protected_content=None, media_group_id=None, author_signature=None, reply_to_message=None, message=/echo 1, original_message=@LothricGreatSword_test_001_bot /echo 1, from_=User(id=7525835156, is_bot=False, first_name='?NepElder?', last_name=None, username=None, language_code='en', is_premium=None, added_to_attachment_menu=None, can_join_groups=None, can_read_all_group_messages=None, supports_inline_queries=None, can_connect_to_business=None, has_main_web_app=None), sender_chat=None), state={'_prefix': {'command': ('echo',), 'raw_command': '/echo', 'command_arg': 1, 'command_start': '/', 'command_whitespace': ' '}}
2025-01-30 12:42:00.978 | DEBUG    | nonebot:simple_run:855 - Running handler Dependent(call=handle_echo)
2025-01-30 12:42:00.978 | TRACE    | nonebot:_check_matcher:401 - Rule conditions not met for Matcher(type='message', module=YetAnotherPicSearch.__main__, lineno=330)
2025-01-30 12:42:00.979 | DEBUG    | nonebot:log:336 - Telegram | Calling API sendMessage
2025-01-30 12:42:00.979 | DEBUG    | nonebot:log:336 - Telegram | Calling API {'chat_id': '-1002494975373', 'text': '1'}
2025-01-30 12:42:01.477 | INFO     | nonebot:simple_run:872 - Matcher(type='message', module=nonebot.plugins.echo, lineno=17) running complete
2025-01-30 12:42:01.479 | TRACE    | nonebot:_handle_skipped:102 - Dependent(call=_exit_executor) skipped due to [TypeMisMatch(param=matcher, type=AlconnaMatcher, value=Matcher(type='message', module=nonebot.plugins.echo, lineno=17)>]
2025-01-30 12:42:01.479 | DEBUG    | nonebot:handle_event:573 - Checking for matchers in priority 2...
2025-01-30 12:42:01.481 | TRACE    | nonebot:_check_matcher:401 - Rule conditions not met for Matcher(type='message', module=YetAnotherPicSearch.__main__, lineno=333)
2025-01-30 12:42:01.481 | DEBUG    | nonebot:handle_event:573 - Checking for matchers in priority 10...
2025-01-30 12:42:01.484 | TRACE    | nonebot:_handle_skipped:102 - Dependent(call=_poke) skipped due to [TypeMisMatch(param=event, type=PrivateMessageEvent, value=GroupMessageEvent(telegram_model=Update(update_id=997538864, message=Message(message_id=3927, message_thread_id=None, from_=User(id=7525835156, is_bot=False, first_name='?NepElder?', last_name=None, username=None, language_code='en', is_premium=None, added_to_attachment_menu=None, can_join_groups=None, can_read_all_group_messages=None, supports_inline_queries=None, can_connect_to_business=None, has_main_web_app=None), sender_chat=None, sender_boost_count=None, sender_business_bot=None, date=1738258920, business_connection_id=None, chat=Chat(id=-1002494975373, type='supergroup', title='Happy Sleepy Gentleman', username=None, first_name=None, last_name=None, is_forum=None), forward_origin=None, is_topic_message=None, is_automatic_forward=None, reply_to_message=None, external_reply=None, quote=None, reply_to_story=None, via_bot=None, edit_date=None, has_protected_content=None, is_from_offline=None, media_group_id=None, author_signature=None, text=None, entities=None, link_preview_options=None, effect_id=None, animation=None, audio=None, document=None, paid_media=None, photo=None, sticker=None, story=None, video=None, video_note=None, voice=None, caption=None, caption_entities=None, show_caption_above_media=None, has_media_spoiler=None, contact=None, dice=None, game=None, poll=None, venue=None, location=None, new_chat_members=None, left_chat_member=None, new_chat_title=None, new_chat_photo=None, delete_chat_photo=None, group_chat_created=None, supergroup_chat_created=None, channel_chat_created=None, message_auto_delete_timer_changed=None, migrate_to_chat_id=None, migrate_from_chat_id=None, pinned_message=None, invoice=None, successful_payment=None, refunded_payment=None, users_shared=None, chat_shared=None, connected_website=None, write_access_allowed=None, passport_data=None, proximity_alert_triggered=None, boost_added=None, chat_background_set=None, forum_topic_created=None, forum_topic_edited=None, forum_topic_closed=None, forum_topic_reopened=None, general_forum_topic_hidden=None, general_forum_topic_unhidden=None, giveaway_created=None, giveaway=None, giveaway_winners=None, giveaway_completed=None, video_chat_scheduled=None, video_chat_started=None, video_chat_ended=None, video_chat_participants_invited=None, web_app_data=None, reply_markup=None), edited_message=None, channel_post=None, edited_channel_post=None, business_connection=None, business_message=None, edited_business_message=None, deleted_business_messages=None, message_reaction=None, message_reaction_count=None, inline_query=None, chosen_inline_result=None, callback_query=None, shipping_query=None, pre_checkout_query=None, purchased_paid_media=None, poll=None, poll_answer=None, my_chat_member=None, chat_member=None, chat_join_request=None, chat_boost=None, removed_chat_boost=None), message_id=3927, date=1738258920, chat=Chat(id=-1002494975373, type='supergroup', title='Happy Sleepy Gentleman', username=None, first_name=None, last_name=None, is_forum=None), forward_from=None, forward_from_chat=None, forward_from_message_id=None, forward_signature=None, forward_sender_name=None, forward_date=None, via_bot=None, has_protected_content=None, media_group_id=None, author_signature=None, reply_to_message=None, message=/echo 1, original_message=@LothricGreatSword_test_001_bot /echo 1, from_=User(id=7525835156, is_bot=False, first_name='?NepElder?', last_name=None, username=None, language_code='en', is_premium=None, added_to_attachment_menu=None, can_join_groups=None, can_read_all_group_messages=None, supports_inline_queries=None, can_connect_to_business=None, has_main_web_app=None), sender_chat=None)>]
2025-01-30 12:42:01.485 | TRACE    | nonebot:_check_matcher:401 - Rule conditions not met for Matcher(type='message', module=nonebot_plugin_status.onebot_v11, lineno=38)
2025-01-30 12:42:01.486 | TRACE    | nonebot:_check_matcher:401 - Rule conditions not met for Matcher(type='message', module=nonebot_plugin_status.common, lineno=17)
2025-01-30 12:42:01.486 | TRACE    | nonebot:_check_matcher:401 - Rule conditions not met for Matcher(type='', module=nonebot_plugin_status.onebot_v11, lineno=19)
2025-01-30 12:42:01.487 | TRACE    | nonebot:_check_matcher:401 - Rule conditions not met for Matcher(type='message', module=plugins.shutdown, lineno=17)
2025-01-30 12:42:01.487 | DEBUG    | nonebot:handle_event:601 - Checking for matchers completed
2025-01-30 12:42:09.565 | DEBUG    | nonebot:log:336 - Telegram | Calling API getUpdates
2025-01-30 12:42:09.566 | DEBUG    | nonebot:log:336 - Telegram | Calling API {'offset': '997538866', 'timeout': '30'}
2025-01-30 12:42:09.581 | DEBUG    | nonebot:log:336 - Telegram | {'message_id': 3929, 'date': 1738258929, 'chat': {'id': -1002494975373, 'type': 'supergroup', 'title': 'Happy Sleepy Gentleman'}, 'message': [{'type': 'mention', 'data': {'text': '@LothricGreatSword_test_001_bot'}}, {'type': 'text', 'data': {'text': ' /搜图'}}], 'original_message': [{'type': 'mention', 'data': {'text': '@LothricGreatSword_test_001_bot'}}, {'type': 'text', 'data': {'text': ' /搜图'}}], 'from_': {'id': 7525835156, 'is_bot': False, 'first_name': '?NepElder?', 'language_code': 'en'}}
2025-01-30 12:42:09.581 | SUCCESS  | nonebot:handle_event:535 - Telegram 8186306331 | [message.group]: Message 3929 from 7525835156@[Chat -1002494975373]: /搜图
2025-01-30 12:42:09.582 | DEBUG    | nonebot:handle_event:573 - Checking for matchers in priority 0...
2025-01-30 12:42:09.582 | DEBUG    | nonebot:handle_event:573 - Checking for matchers in priority 1...
2025-01-30 12:42:09.583 | TRACE    | nonebot:_check_matcher:401 - Rule conditions not met for Matcher(type='message', module=nonebot.plugins.echo, lineno=17)
2025-01-30 12:42:09.584 | INFO     | nonebot:_run_matcher:435 - Event will be handled by Matcher(type='message', module=YetAnotherPicSearch.__main__, lineno=330)
2025-01-30 12:42:09.584 | DEBUG    | nonebot:_run_matcher:455 - Running Matcher(type='message', module=YetAnotherPicSearch.__main__, lineno=330)
2025-01-30 12:42:09.584 | TRACE    | nonebot:simple_run:838 - Matcher(type='message', module=YetAnotherPicSearch.__main__, lineno=330) run with incoming args: bot=Bot(type='Telegram', self_id='8186306331'), event=GroupMessageEvent(telegram_model=Update(update_id=997538865, message=Message(message_id=3929, message_thread_id=None, from_=User(id=7525835156, is_bot=False, first_name='?NepElder?', last_name=None, username=None, language_code='en', is_premium=None, added_to_attachment_menu=None, can_join_groups=None, can_read_all_group_messages=None, supports_inline_queries=None, can_connect_to_business=None, has_main_web_app=None), sender_chat=None, sender_boost_count=None, sender_business_bot=None, date=1738258929, business_connection_id=None, chat=Chat(id=-1002494975373, type='supergroup', title='Happy Sleepy Gentleman', username=None, first_name=None, last_name=None, is_forum=None), forward_origin=None, is_topic_message=None, is_automatic_forward=None, reply_to_message=None, external_reply=None, quote=None, reply_to_story=None, via_bot=None, edit_date=None, has_protected_content=None, is_from_offline=None, media_group_id=None, author_signature=None, text=None, entities=None, link_preview_options=None, effect_id=None, animation=None, audio=None, document=None, paid_media=None, photo=None, sticker=None, story=None, video=None, video_note=None, voice=None, caption=None, caption_entities=None, show_caption_above_media=None, has_media_spoiler=None, contact=None, dice=None, game=None, poll=None, venue=None, location=None, new_chat_members=None, left_chat_member=None, new_chat_title=None, new_chat_photo=None, delete_chat_photo=None, group_chat_created=None, supergroup_chat_created=None, channel_chat_created=None, message_auto_delete_timer_changed=None, migrate_to_chat_id=None, migrate_from_chat_id=None, pinned_message=None, invoice=None, successful_payment=None, refunded_payment=None, users_shared=None, chat_shared=None, connected_website=None, write_access_allowed=None, passport_data=None, proximity_alert_triggered=None, boost_added=None, chat_background_set=None, forum_topic_created=None, forum_topic_edited=None, forum_topic_closed=None, forum_topic_reopened=None, general_forum_topic_hidden=None, general_forum_topic_unhidden=None, giveaway_created=None, giveaway=None, giveaway_winners=None, giveaway_completed=None, video_chat_scheduled=None, video_chat_started=None, video_chat_ended=None, video_chat_participants_invited=None, web_app_data=None, reply_markup=None), edited_message=None, channel_post=None, edited_channel_post=None, business_connection=None, business_message=None, edited_business_message=None, deleted_business_messages=None, message_reaction=None, message_reaction_count=None, inline_query=None, chosen_inline_result=None, callback_query=None, shipping_query=None, pre_checkout_query=None, purchased_paid_media=None, poll=None, poll_answer=None, my_chat_member=None, chat_member=None, chat_join_request=None, chat_boost=None, removed_chat_boost=None), message_id=3929, date=1738258929, chat=Chat(id=-1002494975373, type='supergroup', title='Happy Sleepy Gentleman', username=None, first_name=None, last_name=None, is_forum=None), forward_from=None, forward_from_chat=None, forward_from_message_id=None, forward_signature=None, forward_sender_name=None, forward_date=None, via_bot=None, has_protected_content=None, media_group_id=None, author_signature=None, reply_to_message=None, message=/搜图, original_message=@LothricGreatSword_test_001_bot /搜图, from_=User(id=7525835156, is_bot=False, first_name='?NepElder?', last_name=None, username=None, language_code='en', is_premium=None, added_to_attachment_menu=None, can_join_groups=None, can_read_all_group_messages=None, supports_inline_queries=None, can_connect_to_business=None, has_main_web_app=None), sender_chat=None), state={'_prefix': {'command': ('搜图',), 'raw_command': '/搜图', 'command_arg': , 'command_start': '/', 'command_whitespace': None}}
2025-01-30 12:42:09.584 | DEBUG    | nonebot:simple_run:855 - Running handler Dependent(call=search_handler)
2025-01-30 12:42:09.585 | TRACE    | nonebot:new:323 - Define new matcher Matcher(type='message', module=nonebot_plugin_waiter, lineno=239)
2025-01-30 12:42:09.585 | DEBUG    | nonebot:log:336 - Telegram | Calling API sendMessage
2025-01-30 12:42:09.586 | DEBUG    | nonebot:log:336 - Telegram | Calling API {'chat_id': '-1002494975373', 'text': '请在 180 秒内发送你要搜索的图片，发送其他内容取消搜索'}
2025-01-30 12:42:22.261 | DEBUG    | nonebot:log:336 - Telegram | Calling API getUpdates
2025-01-30 12:42:22.261 | DEBUG    | nonebot:log:336 - Telegram | Calling API {'offset': '997538867', 'timeout': '30'}
2025-01-30 12:42:22.279 | DEBUG    | nonebot:log:336 - Telegram | {'message_id': 3931, 'date': 1738258942, 'chat': {'id': -1002494975373, 'type': 'supergroup', 'title': 'Happy Sleepy Gentleman'}, 'message': [{'type': 'photo', 'data': {'file': 'AgACAgEAAxkBAAMlZ5u5EUgZP0_A_PGO5dupSQwrUQQAAiauMRtTnuBESCI2paVDDFQBAAMCAAN5AAM2BA'}}], 'original_message': [{'type': 'photo', 'data': {'file': 'AgACAgEAAxkBAAMlZ5u5EUgZP0_A_PGO5dupSQwrUQQAAiauMRtTnuBESCI2paVDDFQBAAMCAAN5AAM2BA'}}], 'from_': {'id': 7525835156, 'is_bot': False, 'first_name': '?NepElder?', 'language_code': 'en'}}
2025-01-30 12:42:22.280 | SUCCESS  | nonebot:handle_event:535 - Telegram 8186306331 | [message.group]: Message 3931 from 7525835156@[Chat -1002494975373]: [photo:AgACAgEAAxkBAAMlZ5u5EUgZP0_A_PGO5dupSQwrUQQAAiauMRtTnuBESCI2paVDDFQBAAMCAAN5AAM2BA]
2025-01-30 12:42:22.280 | DEBUG    | nonebot:handle_event:573 - Checking for matchers in priority 0...
2025-01-30 12:42:22.281 | INFO     | nonebot:_run_matcher:435 - Event will be handled by Matcher(type='message', module=nonebot_plugin_waiter, lineno=239)
2025-01-30 12:42:22.281 | DEBUG    | nonebot:_run_matcher:455 - Running Matcher(type='message', module=nonebot_plugin_waiter, lineno=239)
2025-01-30 12:42:22.281 | TRACE    | nonebot:simple_run:838 - Matcher(type='message', module=nonebot_plugin_waiter, lineno=239) run with incoming args: bot=Bot(type='Telegram', self_id='8186306331'), event=GroupMessageEvent(telegram_model=Update(update_id=997538866, message=Message(message_id=3931, message_thread_id=None, from_=User(id=7525835156, is_bot=False, first_name='?NepElder?', last_name=None, username=None, language_code='en', is_premium=None, added_to_attachment_menu=None, can_join_groups=None, can_read_all_group_messages=None, supports_inline_queries=None, can_connect_to_business=None, has_main_web_app=None), sender_chat=None, sender_boost_count=None, sender_business_bot=None, date=1738258942, business_connection_id=None, chat=Chat(id=-1002494975373, type='supergroup', title='Happy Sleepy Gentleman', username=None, first_name=None, last_name=None, is_forum=None), forward_origin=None, is_topic_message=None, is_automatic_forward=None, reply_to_message=None, external_reply=None, quote=None, reply_to_story=None, via_bot=None, edit_date=None, has_protected_content=None, is_from_offline=None, media_group_id=None, author_signature=None, text=None, entities=None, link_preview_options=None, effect_id=None, animation=None, audio=None, document=None, paid_media=None, photo=None, sticker=None, story=None, video=None, video_note=None, voice=None, caption=None, caption_entities=None, show_caption_above_media=None, has_media_spoiler=None, contact=None, dice=None, game=None, poll=None, venue=None, location=None, new_chat_members=None, left_chat_member=None, new_chat_title=None, new_chat_photo=None, delete_chat_photo=None, group_chat_created=None, supergroup_chat_created=None, channel_chat_created=None, message_auto_delete_timer_changed=None, migrate_to_chat_id=None, migrate_from_chat_id=None, pinned_message=None, invoice=None, successful_payment=None, refunded_payment=None, users_shared=None, chat_shared=None, connected_website=None, write_access_allowed=None, passport_data=None, proximity_alert_triggered=None, boost_added=None, chat_background_set=None, forum_topic_created=None, forum_topic_edited=None, forum_topic_closed=None, forum_topic_reopened=None, general_forum_topic_hidden=None, general_forum_topic_unhidden=None, giveaway_created=None, giveaway=None, giveaway_winners=None, giveaway_completed=None, video_chat_scheduled=None, video_chat_started=None, video_chat_ended=None, video_chat_participants_invited=None, web_app_data=None, reply_markup=None), edited_message=None, channel_post=None, edited_channel_post=None, business_connection=None, business_message=None, edited_business_message=None, deleted_business_messages=None, message_reaction=None, message_reaction_count=None, inline_query=None, chosen_inline_result=None, callback_query=None, shipping_query=None, pre_checkout_query=None, purchased_paid_media=None, poll=None, poll_answer=None, my_chat_member=None, chat_member=None, chat_join_request=None, chat_boost=None, removed_chat_boost=None), message_id=3931, date=1738258942, chat=Chat(id=-1002494975373, type='supergroup', title='Happy Sleepy Gentleman', username=None, first_name=None, last_name=None, is_forum=None), forward_from=None, forward_from_chat=None, forward_from_message_id=None, forward_signature=None, forward_sender_name=None, forward_date=None, via_bot=None, has_protected_content=None, media_group_id=None, author_signature=None, reply_to_message=None, message=[photo:AgACAgEAAxkBAAMlZ5u5EUgZP0_A_PGO5dupSQwrUQQAAiauMRtTnuBESCI2paVDDFQBAAMCAAN5AAM2BA], original_message=[photo:AgACAgEAAxkBAAMlZ5u5EUgZP0_A_PGO5dupSQwrUQQAAiauMRtTnuBESCI2paVDDFQBAAMCAAN5AAM2BA], from_=User(id=7525835156, is_bot=False, first_name='?NepElder?', last_name=None, username=None, language_code='en', is_premium=None, added_to_attachment_menu=None, can_join_groups=None, can_read_all_group_messages=None, supports_inline_queries=None, can_connect_to_business=None, has_main_web_app=None), sender_chat=None), state={'_prefix': {'command': None, 'raw_command': None, 'command_arg': None, 'command_start': None, 'command_whitespace': None}}
2025-01-30 12:42:22.281 | DEBUG    | nonebot:simple_run:855 - Running handler Dependent(call=wrapper)
2025-01-30 12:42:22.283 | INFO     | nonebot:simple_run:872 - Matcher(type='message', module=nonebot_plugin_waiter, lineno=239) running complete
2025-01-30 12:42:22.284 | DEBUG    | nonebot:log:336 - Telegram | Calling API sendMessage
2025-01-30 12:42:22.284 | DEBUG    | nonebot:log:336 - Telegram | Calling API {'chat_id': '-1002494975373', 'text': '正在进行搜索，请稍候', 'reply_parameters': '{"message_id": 3929}'}
2025-01-30 12:42:22.299 | TRACE    | nonebot:_handle_skipped:102 - Dependent(call=_exit_executor) skipped due to [TypeMisMatch(param=matcher, type=AlconnaMatcher, value=Matcher(type='message', module=nonebot_plugin_waiter, lineno=239)>]
2025-01-30 12:42:22.299 | DEBUG    | nonebot:_handle_stop_propagation:565 - Stop event propagation
2025-01-30 12:42:22.299 | DEBUG    | nonebot:handle_event:601 - Checking for matchers completed
2025-01-30 12:42:22.782 | DEBUG    | nonebot:log:336 - Telegram | Calling API sendPhoto
2025-01-30 12:42:22.782 | DEBUG    | nonebot:log:336 - Telegram | Calling API {'chat_id': '-1002494975373', 'caption': '[缓存] SauceNAO (86.09%)\n\n[はまけん。]ギガップ少女\n来源：反差少女 _ ギガップ少女[无糖·漫画组]\n搜索页面：https://saucenao.com/search.php?url=https://saucenao.com/userdata/x6Jma02lU.jpg.png', 'reply_parameters': '{"message_id": 3929}', 'photo': 'attach://raster-image.jpg'}
2025-01-30 12:42:23.277 | DEBUG    | nonebot:log:336 - Telegram | Calling API sendPhoto
2025-01-30 12:42:23.277 | DEBUG    | nonebot:log:336 - Telegram | Calling API {'chat_id': '-1002494975373', 'caption': '[缓存] EHentai 搜索结果\n\n[Hamaken.] GiGap Shoujo | 反差少女 [Chinese] [无糖·漫画组]\n类型：Manga\n日期：2023-05-20 20:20\n来源：https://e-hentai.org/g/2558270/db2e97f9c7/\n搜索页面：https://yww.uy/S6zZ5c', 'reply_parameters': '{"message_id": 3929}', 'photo': 'attach://raster-image.jpg'}
2025-01-30 12:42:23.928 | INFO     | nonebot:simple_run:872 - Matcher(type='message', module=YetAnotherPicSearch.__main__, lineno=330) running complete
2025-01-30 12:42:23.930 | DEBUG    | nonebot:log:336 - Telegram | Calling API deleteMessage
2025-01-30 12:42:23.930 | DEBUG    | nonebot:log:336 - Telegram | Calling API {'chat_id': '-1002494975373', 'message_id': '3932'}
2025-01-30 12:42:23.950 | TRACE    | nonebot:_handle_skipped:102 - Dependent(call=_exit_executor) skipped due to [TypeMisMatch(param=matcher, type=AlconnaMatcher, value=Matcher(type='message', module=YetAnotherPicSearch.__main__, lineno=330)>]
2025-01-30 12:42:23.951 | DEBUG    | nonebot:_handle_stop_propagation:565 - Stop event propagation
2025-01-30 12:42:23.951 | DEBUG    | nonebot:handle_event:601 - Checking for matchers completed
2025-01-30 12:42:52.631 | DEBUG    | nonebot:log:336 - Telegram | Calling API getUpdates
2025-01-30 12:42:52.631 | DEBUG    | nonebot:log:336 - Telegram | Calling API {'offset': '997538867', 'timeout': '30'}
2025-01-30 12:43:11.355 | INFO     | uvicorn:shutdown:263 - Shutting down
2025-01-30 12:43:11.457 | INFO     | uvicorn:shutdown:67 - Waiting for application shutdown.
2025-01-30 12:43:48.875 | SUCCESS  | nonebot:load_plugin:188 - Succeeded to load plugin "nonebot_plugin_logpile"
2025-01-30 12:43:48.879 | SUCCESS  | nonebot:load_plugin:188 - Succeeded to load plugin "nonebot_plugin_waiter"
2025-01-30 12:43:48.909 | SUCCESS  | nonebot:load_plugin:188 - Succeeded to load plugin "nonebot_plugin_alconna:uniseg" from "nonebot_plugin_alconna.uniseg"
2025-01-30 12:43:48.937 | SUCCESS  | nonebot:load_plugin:188 - Succeeded to load plugin "nonebot_plugin_alconna"
2025-01-30 12:43:49.048 | TRACE    | nonebot:new:323 - Define new matcher Matcher(type='message', module=YetAnotherPicSearch.__main__, lineno=330)
2025-01-30 12:43:49.048 | TRACE    | nonebot:new:323 - Define new matcher Matcher(type='message', module=YetAnotherPicSearch.__main__, lineno=333)
2025-01-30 12:43:49.051 | SUCCESS  | nonebot:load_plugin:188 - Succeeded to load plugin "YetAnotherPicSearch"
2025-01-30 12:43:49.053 | SUCCESS  | nonebot:load_plugin:188 - Succeeded to load plugin "nonebot_plugin_localstore"
2025-01-30 12:43:49.080 | SUCCESS  | nonebot:load_plugin:188 - Succeeded to load plugin "nonebot_plugin_tortoise_orm"
2025-01-30 12:43:49.087 | TRACE    | nonebot:new:323 - Define new matcher Matcher(type='message', module=nonebot_plugin_setu_now.r18_whitelist, lineno=20)
2025-01-30 12:43:49.087 | TRACE    | nonebot:new:323 - Define new matcher Matcher(type='message', module=nonebot_plugin_setu_now.r18_whitelist, lineno=39)
2025-01-30 12:43:49.087 | SUCCESS  | nonebot_plugin_tortoise_orm:add_model:109 - 数据库: 添加模型: nonebot_plugin_setu_now.database
2025-01-30 12:43:49.087 | TRACE    | nonebot:new:323 - Define new matcher Matcher(type='message', module=nonebot_plugin_setu_now, lineno=61)
2025-01-30 12:43:49.088 | TRACE    | nonebot:new:323 - Define new matcher Matcher(type='message', module=nonebot_plugin_setu_now, lineno=189)
2025-01-30 12:43:49.088 | SUCCESS  | nonebot:load_plugin:188 - Succeeded to load plugin "nonebot_plugin_setu_now"
2025-01-30 12:43:49.088 | WARNING  | __main__:<module>:18 - Always use `nb run` to start the bot instead of manually running!
2025-01-30 12:43:49.088 | SUCCESS  | nonebot:run:336 - Running NoneBot...
2025-01-30 12:43:49.088 | SUCCESS  | nonebot:run:117 - Loaded adapters: Telegram
2025-01-30 12:43:49.105 | INFO     | uvicorn:_serve:83 - Started server process [9700]
2025-01-30 12:43:49.105 | INFO     | uvicorn:startup:48 - Waiting for application startup.
2025-01-30 12:43:49.107 | DEBUG    | nonebot_plugin_tortoise_orm:connect:60 - 参数预览
{
    "connections": {
        "default": "sqlite:////Users/sean/Library/Application Support/nonebot2/nonebot_plugin_tortoise_orm/db.sqlite3"
    },
    "apps": {
        "default": {
            "models": [
                "nonebot_plugin_setu_now.database"
            ],
            "default_connection": "default"
        }
    },
    "use_tz": false,
    "timezone": "Asia/Shanghai"
}
2025-01-30 12:43:49.347 | SUCCESS  | nonebot_plugin_tortoise_orm:connect:67 - 数据库: default 连接成功 URL: sqlite:////Users/sean/Library/Application Support/nonebot2/nonebot_plugin_tortoise_orm/db.sqlite3
2025-01-30 12:43:49.347 | DEBUG    | nonebot:log:336 - Telegram | Calling API getMe
2025-01-30 12:43:49.348 | DEBUG    | nonebot:log:336 - Telegram | Calling API {}
2025-01-30 12:43:49.390 | INFO     | uvicorn:startup:62 - Application startup complete.
2025-01-30 12:43:49.390 | INFO     | uvicorn:_log_started_message:215 - Uvicorn running on http://127.0.0.1:8080 (Press CTRL+C to quit)
2025-01-30 12:43:49.717 | INFO     | nonebot:log:336 - Telegram | Delete old webhook
2025-01-30 12:43:49.719 | DEBUG    | nonebot:log:336 - Telegram | Calling API deleteWebhook
2025-01-30 12:43:49.720 | DEBUG    | nonebot:log:336 - Telegram | Calling API {}
2025-01-30 12:43:50.073 | INFO     | nonebot:log:336 - Telegram | Start poll
2025-01-30 12:43:50.091 | DEBUG    | nonebot:log:336 - Telegram | Calling API getUpdates
2025-01-30 12:43:50.091 | DEBUG    | nonebot:log:336 - Telegram | Calling API {'timeout': '30'}
2025-01-30 12:44:20.525 | DEBUG    | nonebot:log:336 - Telegram | Calling API getUpdates
2025-01-30 12:44:20.526 | DEBUG    | nonebot:log:336 - Telegram | Calling API {'timeout': '30'}
2025-01-30 12:44:50.942 | DEBUG    | nonebot:log:336 - Telegram | Calling API getUpdates
2025-01-30 12:44:50.942 | DEBUG    | nonebot:log:336 - Telegram | Calling API {'timeout': '30'}
2025-01-30 12:45:21.454 | DEBUG    | nonebot:log:336 - Telegram | Calling API getUpdates
2025-01-30 12:45:21.454 | DEBUG    | nonebot:log:336 - Telegram | Calling API {'timeout': '30'}
2025-01-30 12:45:51.872 | DEBUG    | nonebot:log:336 - Telegram | Calling API getUpdates
2025-01-30 12:45:51.873 | DEBUG    | nonebot:log:336 - Telegram | Calling API {'timeout': '30'}
2025-01-30 12:46:22.281 | DEBUG    | nonebot:log:336 - Telegram | Calling API getUpdates
2025-01-30 12:46:22.281 | DEBUG    | nonebot:log:336 - Telegram | Calling API {'timeout': '30'}
2025-01-30 12:46:52.698 | DEBUG    | nonebot:log:336 - Telegram | Calling API getUpdates
2025-01-30 12:46:52.698 | DEBUG    | nonebot:log:336 - Telegram | Calling API {'timeout': '30'}
2025-01-30 12:47:23.114 | DEBUG    | nonebot:log:336 - Telegram | Calling API getUpdates
2025-01-30 12:47:23.114 | DEBUG    | nonebot:log:336 - Telegram | Calling API {'timeout': '30'}
2025-01-30 12:47:37.896 | INFO     | uvicorn:shutdown:263 - Shutting down
2025-01-30 12:47:37.998 | INFO     | uvicorn:shutdown:67 - Waiting for application shutdown.
2025-01-30 12:47:38.001 | SUCCESS  | nonebot_plugin_tortoise_orm:disconnect:75 - 数据库: 断开链接
2025-01-30 12:47:38.005 | INFO     | uvicorn:shutdown:76 - Application shutdown complete.
2025-01-30 12:47:39.745 | SUCCESS  | nonebot:load_plugin:188 - Succeeded to load plugin "nonebot_plugin_logpile"
2025-01-30 12:47:39.748 | SUCCESS  | nonebot:load_plugin:188 - Succeeded to load plugin "nonebot_plugin_waiter"
2025-01-30 12:47:39.766 | SUCCESS  | nonebot:load_plugin:188 - Succeeded to load plugin "nonebot_plugin_alconna:uniseg" from "nonebot_plugin_alconna.uniseg"
2025-01-30 12:47:39.787 | SUCCESS  | nonebot:load_plugin:188 - Succeeded to load plugin "nonebot_plugin_alconna"
2025-01-30 12:47:39.874 | TRACE    | nonebot:new:323 - Define new matcher Matcher(type='message', module=YetAnotherPicSearch.__main__, lineno=330)
2025-01-30 12:47:39.874 | TRACE    | nonebot:new:323 - Define new matcher Matcher(type='message', module=YetAnotherPicSearch.__main__, lineno=333)
2025-01-30 12:47:39.876 | SUCCESS  | nonebot:load_plugin:188 - Succeeded to load plugin "YetAnotherPicSearch"
2025-01-30 12:47:39.878 | SUCCESS  | nonebot:load_plugin:188 - Succeeded to load plugin "nonebot_plugin_localstore"
2025-01-30 12:47:39.904 | SUCCESS  | nonebot:load_plugin:188 - Succeeded to load plugin "nonebot_plugin_tortoise_orm"
2025-01-30 12:47:39.906 | ERROR    | nonebot:load_plugin:198 - Failed to import "nonebot_plugin_setu_now"
Traceback (most recent call last):

  File "/Users/sean/workspace/testbot_tg/bot.py", line 15, in <module>
    nonebot.load_plugin("nonebot_plugin_setu_now")
    │       └ <function load_plugin at 0x1068e4160>
    └ <module 'nonebot' from '/Users/sean/workspace/testbot_tg/.venv/lib/python3.10/site-packages/nonebot/__init__.py'>

  File "/Users/sean/workspace/testbot_tg/.venv/lib/python3.10/site-packages/nonebot/plugin/load.py", line 42, in load_plugin
    return manager.load_plugin(module_path)
           │       │           └ 'nonebot_plugin_setu_now'
           │       └ <function PluginManager.load_plugin at 0x106756320>
           └ PluginManager(available_plugins={'nonebot_plugin_setu_now': 'nonebot_plugin_setu_now'})
> File "/Users/sean/workspace/testbot_tg/.venv/lib/python3.10/site-packages/nonebot/plugin/manager.py", line 169, in load_plugin
    module = importlib.import_module(self._third_party_plugin_ids[name])
             │         │             │    │                       └ 'nonebot_plugin_setu_now'
             │         │             │    └ {'nonebot_plugin_setu_now': 'nonebot_plugin_setu_now'}
             │         │             └ PluginManager(available_plugins={'nonebot_plugin_setu_now': 'nonebot_plugin_setu_now'})
             │         └ <function import_module at 0x104eb4550>
             └ <module 'importlib' from '/Users/sean/workspace/testbot_tg/.venv/lib/python3.10/importlib/__init__.py'>
  File "/Users/sean/workspace/testbot_tg/.venv/lib/python3.10/importlib/__init__.py", line 126, in import_module
    return _bootstrap._gcd_import(name[level:], package, level)
           │          │           │    │        │        └ 0
           │          │           │    │        └ None
           │          │           │    └ 0
           │          │           └ 'nonebot_plugin_setu_now'
           │          └ <function _gcd_import at 0x104d63400>
           └ <module '_frozen_importlib' (frozen)>
  File "<frozen importlib._bootstrap>", line 1050, in _gcd_import
  File "<frozen importlib._bootstrap>", line 1027, in _find_and_load
  File "<frozen importlib._bootstrap>", line 1006, in _find_and_load_unlocked
  File "<frozen importlib._bootstrap>", line 688, in _load_unlocked
  File "/Users/sean/workspace/testbot_tg/.venv/lib/python3.10/site-packages/nonebot/plugin/manager.py", line 257, in exec_module
    super().exec_module(module)
                        └ <module 'nonebot_plugin_setu_now' from '/Users/sean/workspace/testbot_tg/.venv/lib/python3.10/site-packages/nonebot_plugin_se...
  File "<frozen importlib._bootstrap_external>", line 883, in exec_module
  File "<frozen importlib._bootstrap>", line 241, in _call_with_frames_removed
  File "/Users/sean/workspace/testbot_tg/.venv/lib/python3.10/site-packages/nonebot_plugin_setu_now/__init__.py", line 34, in <module>
    from .utils import SpeedLimiter
  File "/Users/sean/workspace/testbot_tg/.venv/lib/python3.10/site-packages/nonebot_plugin_setu_now/utils.py", line 11, in <module>
    from .config import SETU_PATH, SEND_INTERVAL
  File "/Users/sean/workspace/testbot_tg/.venv/lib/python3.10/site-packages/nonebot_plugin_setu_now/config.py", line 24, in <module>
    plugin_config = Config.parse_obj(get_driver().config.dict())
                    │      │         └ <function get_driver at 0x1068cf5b0>
                    │      └ <classmethod(<function BaseModel.parse_obj at 0x106003c70>)>
                    └ <class 'nonebot_plugin_setu_now.config.Config'>
  File "/Users/sean/workspace/testbot_tg/.venv/lib/python3.10/site-packages/pydantic/main.py", line 1222, in parse_obj
    return cls.model_validate(obj)
           │   │              └ {'driver': '~fastapi+~httpx', 'host': IPv4Address('127.0.0.1'), 'port': 8080, 'log_level': 'INFO', 'api_timeout': 30.0, 'supe...
           │   └ <classmethod(<function BaseModel.model_validate at 0x106002e60>)>
           └ <class 'nonebot_plugin_setu_now.config.Config'>
  File "/Users/sean/workspace/testbot_tg/.venv/lib/python3.10/site-packages/pydantic/main.py", line 627, in model_validate
    return cls.__pydantic_validator__.validate_python(
           │   │                      └ <method 'validate_python' of 'pydantic_core._pydantic_core.SchemaValidator' objects>
           │   └ SchemaValidator(title="Config", validator=Model(
           │         ModelValidator {
           │             revalidate: Never,
           │             validator: ModelFiel...
           └ <class 'nonebot_plugin_setu_now.config.Config'>

pydantic_core._pydantic_core.ValidationError: 6 validation errors for Config
setu_cd
  Input should be a valid integer, unable to parse string as an integer [type=int_parsing, input_value='', input_type=str]
    For further information visit https://errors.pydantic.dev/2.10/v/int_parsing
setu_withdraw
  Input should be a valid integer, unable to parse string as an integer [type=int_parsing, input_value='', input_type=str]
    For further information visit https://errors.pydantic.dev/2.10/v/int_parsing
setu_max
  Input should be a valid integer, unable to parse string as an integer [type=int_parsing, input_value='', input_type=str]
    For further information visit https://errors.pydantic.dev/2.10/v/int_parsing
setu_add_random_effect
  Input should be a valid boolean, unable to interpret input [type=bool_parsing, input_value='', input_type=str]
    For further information visit https://errors.pydantic.dev/2.10/v/bool_parsing
setu_minimum_send_interval
  Input should be a valid integer, unable to parse string as an integer [type=int_parsing, input_value='', input_type=str]
    For further information visit https://errors.pydantic.dev/2.10/v/int_parsing
setu_send_as_bytes
  Input should be a valid boolean, unable to interpret input [type=bool_parsing, input_value='', input_type=str]
    For further information visit https://errors.pydantic.dev/2.10/v/bool_parsing
2025-01-30 12:47:39.909 | WARNING  | __main__:<module>:18 - Always use `nb run` to start the bot instead of manually running!
2025-01-30 12:47:39.909 | SUCCESS  | nonebot:run:336 - Running NoneBot...
2025-01-30 12:47:39.909 | SUCCESS  | nonebot:run:117 - Loaded adapters: Telegram
2025-01-30 12:47:39.920 | INFO     | uvicorn:_serve:83 - Started server process [9845]
2025-01-30 12:47:39.921 | INFO     | uvicorn:startup:48 - Waiting for application startup.
2025-01-30 12:47:39.922 | DEBUG    | nonebot_plugin_tortoise_orm:connect:60 - 参数预览
{
    "connections": {
        "default": "sqlite:////Users/sean/Library/Application Support/nonebot2/nonebot_plugin_tortoise_orm/db.sqlite3"
    },
    "apps": {
        "default": {
            "models": [],
            "default_connection": "default"
        }
    },
    "use_tz": false,
    "timezone": "Asia/Shanghai"
}
2025-01-30 12:47:39.925 | SUCCESS  | nonebot_plugin_tortoise_orm:connect:67 - 数据库: default 连接成功 URL: sqlite:////Users/sean/Library/Application Support/nonebot2/nonebot_plugin_tortoise_orm/db.sqlite3
2025-01-30 12:47:39.925 | DEBUG    | nonebot:log:336 - Telegram | Calling API getMe
2025-01-30 12:47:39.925 | DEBUG    | nonebot:log:336 - Telegram | Calling API {}
2025-01-30 12:47:39.950 | INFO     | uvicorn:startup:62 - Application startup complete.
2025-01-30 12:47:39.950 | INFO     | uvicorn:_log_started_message:215 - Uvicorn running on http://127.0.0.1:8080 (Press CTRL+C to quit)
2025-01-30 12:47:40.279 | INFO     | nonebot:log:336 - Telegram | Delete old webhook
2025-01-30 12:47:40.281 | DEBUG    | nonebot:log:336 - Telegram | Calling API deleteWebhook
2025-01-30 12:47:40.281 | DEBUG    | nonebot:log:336 - Telegram | Calling API {}
2025-01-30 12:47:40.666 | INFO     | nonebot:log:336 - Telegram | Start poll
2025-01-30 12:47:40.684 | DEBUG    | nonebot:log:336 - Telegram | Calling API getUpdates
2025-01-30 12:47:40.684 | DEBUG    | nonebot:log:336 - Telegram | Calling API {'timeout': '30'}
2025-01-30 12:47:57.042 | INFO     | uvicorn:shutdown:263 - Shutting down
2025-01-30 12:47:57.143 | INFO     | uvicorn:shutdown:67 - Waiting for application shutdown.
2025-01-30 12:47:57.144 | SUCCESS  | nonebot_plugin_tortoise_orm:disconnect:75 - 数据库: 断开链接
2025-01-30 12:47:58.665 | SUCCESS  | nonebot:load_plugin:188 - Succeeded to load plugin "nonebot_plugin_logpile"
2025-01-30 12:47:58.669 | SUCCESS  | nonebot:load_plugin:188 - Succeeded to load plugin "nonebot_plugin_waiter"
2025-01-30 12:47:58.687 | SUCCESS  | nonebot:load_plugin:188 - Succeeded to load plugin "nonebot_plugin_alconna:uniseg" from "nonebot_plugin_alconna.uniseg"
2025-01-30 12:47:58.707 | SUCCESS  | nonebot:load_plugin:188 - Succeeded to load plugin "nonebot_plugin_alconna"
2025-01-30 12:47:58.793 | TRACE    | nonebot:new:323 - Define new matcher Matcher(type='message', module=YetAnotherPicSearch.__main__, lineno=330)
2025-01-30 12:47:58.793 | TRACE    | nonebot:new:323 - Define new matcher Matcher(type='message', module=YetAnotherPicSearch.__main__, lineno=333)
2025-01-30 12:47:58.794 | SUCCESS  | nonebot:load_plugin:188 - Succeeded to load plugin "YetAnotherPicSearch"
2025-01-30 12:47:58.796 | SUCCESS  | nonebot:load_plugin:188 - Succeeded to load plugin "nonebot_plugin_localstore"
2025-01-30 12:47:58.822 | SUCCESS  | nonebot:load_plugin:188 - Succeeded to load plugin "nonebot_plugin_tortoise_orm"
2025-01-30 12:47:58.824 | ERROR    | nonebot:load_plugin:198 - Failed to import "nonebot_plugin_setu_now"
Traceback (most recent call last):

  File "/Users/sean/workspace/testbot_tg/bot.py", line 15, in <module>
    nonebot.load_plugin("nonebot_plugin_setu_now")
    │       └ <function load_plugin at 0x102798160>
    └ <module 'nonebot' from '/Users/sean/workspace/testbot_tg/.venv/lib/python3.10/site-packages/nonebot/__init__.py'>

  File "/Users/sean/workspace/testbot_tg/.venv/lib/python3.10/site-packages/nonebot/plugin/load.py", line 42, in load_plugin
    return manager.load_plugin(module_path)
           │       │           └ 'nonebot_plugin_setu_now'
           │       └ <function PluginManager.load_plugin at 0x102606320>
           └ PluginManager(available_plugins={'nonebot_plugin_setu_now': 'nonebot_plugin_setu_now'})
> File "/Users/sean/workspace/testbot_tg/.venv/lib/python3.10/site-packages/nonebot/plugin/manager.py", line 169, in load_plugin
    module = importlib.import_module(self._third_party_plugin_ids[name])
             │         │             │    │                       └ 'nonebot_plugin_setu_now'
             │         │             │    └ {'nonebot_plugin_setu_now': 'nonebot_plugin_setu_now'}
             │         │             └ PluginManager(available_plugins={'nonebot_plugin_setu_now': 'nonebot_plugin_setu_now'})
             │         └ <function import_module at 0x100e60550>
             └ <module 'importlib' from '/Users/sean/workspace/testbot_tg/.venv/lib/python3.10/importlib/__init__.py'>
  File "/Users/sean/workspace/testbot_tg/.venv/lib/python3.10/importlib/__init__.py", line 126, in import_module
    return _bootstrap._gcd_import(name[level:], package, level)
           │          │           │    │        │        └ 0
           │          │           │    │        └ None
           │          │           │    └ 0
           │          │           └ 'nonebot_plugin_setu_now'
           │          └ <function _gcd_import at 0x100d0f400>
           └ <module '_frozen_importlib' (frozen)>
  File "<frozen importlib._bootstrap>", line 1050, in _gcd_import
  File "<frozen importlib._bootstrap>", line 1027, in _find_and_load
  File "<frozen importlib._bootstrap>", line 1006, in _find_and_load_unlocked
  File "<frozen importlib._bootstrap>", line 688, in _load_unlocked
  File "/Users/sean/workspace/testbot_tg/.venv/lib/python3.10/site-packages/nonebot/plugin/manager.py", line 257, in exec_module
    super().exec_module(module)
                        └ <module 'nonebot_plugin_setu_now' from '/Users/sean/workspace/testbot_tg/.venv/lib/python3.10/site-packages/nonebot_plugin_se...
  File "<frozen importlib._bootstrap_external>", line 883, in exec_module
  File "<frozen importlib._bootstrap>", line 241, in _call_with_frames_removed
  File "/Users/sean/workspace/testbot_tg/.venv/lib/python3.10/site-packages/nonebot_plugin_setu_now/__init__.py", line 34, in <module>
    from .utils import SpeedLimiter
  File "/Users/sean/workspace/testbot_tg/.venv/lib/python3.10/site-packages/nonebot_plugin_setu_now/utils.py", line 11, in <module>
    from .config import SETU_PATH, SEND_INTERVAL
  File "/Users/sean/workspace/testbot_tg/.venv/lib/python3.10/site-packages/nonebot_plugin_setu_now/config.py", line 24, in <module>
    plugin_config = Config.parse_obj(get_driver().config.dict())
                    │      │         └ <function get_driver at 0x1027835b0>
                    │      └ <classmethod(<function BaseModel.parse_obj at 0x101ebbc70>)>
                    └ <class 'nonebot_plugin_setu_now.config.Config'>
  File "/Users/sean/workspace/testbot_tg/.venv/lib/python3.10/site-packages/pydantic/main.py", line 1222, in parse_obj
    return cls.model_validate(obj)
           │   │              └ {'driver': '~fastapi+~httpx', 'host': IPv4Address('127.0.0.1'), 'port': 8080, 'log_level': 'INFO', 'api_timeout': 30.0, 'supe...
           │   └ <classmethod(<function BaseModel.model_validate at 0x101ebae60>)>
           └ <class 'nonebot_plugin_setu_now.config.Config'>
  File "/Users/sean/workspace/testbot_tg/.venv/lib/python3.10/site-packages/pydantic/main.py", line 627, in model_validate
    return cls.__pydantic_validator__.validate_python(
           │   │                      └ <method 'validate_python' of 'pydantic_core._pydantic_core.SchemaValidator' objects>
           │   └ SchemaValidator(title="Config", validator=Model(
           │         ModelValidator {
           │             revalidate: Never,
           │             validator: ModelFiel...
           └ <class 'nonebot_plugin_setu_now.config.Config'>

pydantic_core._pydantic_core.ValidationError: 6 validation errors for Config
setu_cd
  Input should be a valid integer, unable to parse string as an integer [type=int_parsing, input_value='', input_type=str]
    For further information visit https://errors.pydantic.dev/2.10/v/int_parsing
setu_withdraw
  Input should be a valid integer, unable to parse string as an integer [type=int_parsing, input_value='', input_type=str]
    For further information visit https://errors.pydantic.dev/2.10/v/int_parsing
setu_max
  Input should be a valid integer, unable to parse string as an integer [type=int_parsing, input_value='', input_type=str]
    For further information visit https://errors.pydantic.dev/2.10/v/int_parsing
setu_add_random_effect
  Input should be a valid boolean, unable to interpret input [type=bool_parsing, input_value='', input_type=str]
    For further information visit https://errors.pydantic.dev/2.10/v/bool_parsing
setu_minimum_send_interval
  Input should be a valid integer, unable to parse string as an integer [type=int_parsing, input_value='', input_type=str]
    For further information visit https://errors.pydantic.dev/2.10/v/int_parsing
setu_send_as_bytes
  Input should be a valid boolean, unable to interpret input [type=bool_parsing, input_value='', input_type=str]
    For further information visit https://errors.pydantic.dev/2.10/v/bool_parsing
2025-01-30 12:47:58.826 | WARNING  | __main__:<module>:18 - Always use `nb run` to start the bot instead of manually running!
2025-01-30 12:47:58.826 | SUCCESS  | nonebot:run:336 - Running NoneBot...
2025-01-30 12:47:58.826 | SUCCESS  | nonebot:run:117 - Loaded adapters: Telegram
2025-01-30 12:47:58.837 | INFO     | uvicorn:_serve:83 - Started server process [9869]
2025-01-30 12:47:58.837 | INFO     | uvicorn:startup:48 - Waiting for application startup.
2025-01-30 12:47:58.839 | DEBUG    | nonebot_plugin_tortoise_orm:connect:60 - 参数预览
{
    "connections": {
        "default": "sqlite:////Users/sean/Library/Application Support/nonebot2/nonebot_plugin_tortoise_orm/db.sqlite3"
    },
    "apps": {
        "default": {
            "models": [],
            "default_connection": "default"
        }
    },
    "use_tz": false,
    "timezone": "Asia/Shanghai"
}
2025-01-30 12:47:58.842 | SUCCESS  | nonebot_plugin_tortoise_orm:connect:67 - 数据库: default 连接成功 URL: sqlite:////Users/sean/Library/Application Support/nonebot2/nonebot_plugin_tortoise_orm/db.sqlite3
2025-01-30 12:47:58.842 | DEBUG    | nonebot:log:336 - Telegram | Calling API getMe
2025-01-30 12:47:58.842 | DEBUG    | nonebot:log:336 - Telegram | Calling API {}
2025-01-30 12:47:58.866 | INFO     | uvicorn:startup:62 - Application startup complete.
2025-01-30 12:47:58.866 | INFO     | uvicorn:_log_started_message:215 - Uvicorn running on http://127.0.0.1:8080 (Press CTRL+C to quit)
2025-01-30 12:47:59.196 | INFO     | nonebot:log:336 - Telegram | Delete old webhook
2025-01-30 12:47:59.198 | DEBUG    | nonebot:log:336 - Telegram | Calling API deleteWebhook
2025-01-30 12:47:59.198 | DEBUG    | nonebot:log:336 - Telegram | Calling API {}
2025-01-30 12:47:59.573 | INFO     | nonebot:log:336 - Telegram | Start poll
2025-01-30 12:47:59.591 | DEBUG    | nonebot:log:336 - Telegram | Calling API getUpdates
2025-01-30 12:47:59.591 | DEBUG    | nonebot:log:336 - Telegram | Calling API {'timeout': '30'}
2025-01-30 12:48:30.083 | DEBUG    | nonebot:log:336 - Telegram | Calling API getUpdates
2025-01-30 12:48:30.083 | DEBUG    | nonebot:log:336 - Telegram | Calling API {'timeout': '30'}
2025-01-30 12:49:00.434 | DEBUG    | nonebot:log:336 - Telegram | Calling API getUpdates
2025-01-30 12:49:00.434 | DEBUG    | nonebot:log:336 - Telegram | Calling API {'timeout': '30'}
2025-01-30 12:49:30.847 | DEBUG    | nonebot:log:336 - Telegram | Calling API getUpdates
2025-01-30 12:49:30.847 | DEBUG    | nonebot:log:336 - Telegram | Calling API {'timeout': '30'}
2025-01-30 12:49:54.005 | DEBUG    | nonebot:log:336 - Telegram | Calling API getUpdates
2025-01-30 12:49:54.005 | DEBUG    | nonebot:log:336 - Telegram | Calling API {'offset': '997538867', 'timeout': '30'}
2025-01-30 12:49:54.358 | DEBUG    | nonebot:log:336 - Telegram | Calling API getUpdates
2025-01-30 12:49:54.359 | DEBUG    | nonebot:log:336 - Telegram | Calling API {'offset': '997538868', 'timeout': '30'}
2025-01-30 12:49:54.378 | DEBUG    | nonebot:log:336 - Telegram | {'message_id': 41, 'date': 1738259393, 'chat': {'id': 7525835156, 'type': 'private', 'first_name': '?NepElder?'}, 'message': [{'type': 'text', 'data': {'text': '/色图'}}], 'original_message': [{'type': 'text', 'data': {'text': '/色图'}}], 'from_': {'id': 7525835156, 'is_bot': False, 'first_name': '?NepElder?', 'language_code': 'en'}}
2025-01-30 12:49:54.379 | SUCCESS  | nonebot:handle_event:535 - Telegram 8186306331 | [message.private]: Message 41 from 7525835156: /色图
2025-01-30 12:49:54.379 | DEBUG    | nonebot:handle_event:573 - Checking for matchers in priority 1...
2025-01-30 12:49:54.385 | TRACE    | nonebot:_check_matcher:401 - Rule conditions not met for Matcher(type='message', module=nonebot.plugins.echo, lineno=17)
2025-01-30 12:49:54.385 | TRACE    | nonebot:_check_matcher:401 - Rule conditions not met for Matcher(type='message', module=YetAnotherPicSearch.__main__, lineno=330)
2025-01-30 12:49:54.386 | DEBUG    | nonebot:handle_event:573 - Checking for matchers in priority 2...
2025-01-30 12:49:54.390 | TRACE    | nonebot:_check_matcher:401 - Rule conditions not met for Matcher(type='message', module=YetAnotherPicSearch.__main__, lineno=333)
2025-01-30 12:49:54.390 | DEBUG    | nonebot:handle_event:573 - Checking for matchers in priority 10...
2025-01-30 12:49:54.392 | TRACE    | nonebot:_handle_skipped:102 - Dependent(call=_poke) skipped due to [TypeMisMatch(param=event, type=PrivateMessageEvent, value=PrivateMessageEvent(telegram_model=Update(update_id=997538867, message=Message(message_id=41, message_thread_id=None, from_=User(id=7525835156, is_bot=False, first_name='?NepElder?', last_name=None, username=None, language_code='en', is_premium=None, added_to_attachment_menu=None, can_join_groups=None, can_read_all_group_messages=None, supports_inline_queries=None, can_connect_to_business=None, has_main_web_app=None), sender_chat=None, sender_boost_count=None, sender_business_bot=None, date=1738259393, business_connection_id=None, chat=Chat(id=7525835156, type='private', title=None, username=None, first_name='?NepElder?', last_name=None, is_forum=None), forward_origin=None, is_topic_message=None, is_automatic_forward=None, reply_to_message=None, external_reply=None, quote=None, reply_to_story=None, via_bot=None, edit_date=None, has_protected_content=None, is_from_offline=None, media_group_id=None, author_signature=None, text=None, entities=None, link_preview_options=None, effect_id=None, animation=None, audio=None, document=None, paid_media=None, photo=None, sticker=None, story=None, video=None, video_note=None, voice=None, caption=None, caption_entities=None, show_caption_above_media=None, has_media_spoiler=None, contact=None, dice=None, game=None, poll=None, venue=None, location=None, new_chat_members=None, left_chat_member=None, new_chat_title=None, new_chat_photo=None, delete_chat_photo=None, group_chat_created=None, supergroup_chat_created=None, channel_chat_created=None, message_auto_delete_timer_changed=None, migrate_to_chat_id=None, migrate_from_chat_id=None, pinned_message=None, invoice=None, successful_payment=None, refunded_payment=None, users_shared=None, chat_shared=None, connected_website=None, write_access_allowed=None, passport_data=None, proximity_alert_triggered=None, boost_added=None, chat_background_set=None, forum_topic_created=None, forum_topic_edited=None, forum_topic_closed=None, forum_topic_reopened=None, general_forum_topic_hidden=None, general_forum_topic_unhidden=None, giveaway_created=None, giveaway=None, giveaway_winners=None, giveaway_completed=None, video_chat_scheduled=None, video_chat_started=None, video_chat_ended=None, video_chat_participants_invited=None, web_app_data=None, reply_markup=None), edited_message=None, channel_post=None, edited_channel_post=None, business_connection=None, business_message=None, edited_business_message=None, deleted_business_messages=None, message_reaction=None, message_reaction_count=None, inline_query=None, chosen_inline_result=None, callback_query=None, shipping_query=None, pre_checkout_query=None, purchased_paid_media=None, poll=None, poll_answer=None, my_chat_member=None, chat_member=None, chat_join_request=None, chat_boost=None, removed_chat_boost=None), message_id=41, date=1738259393, chat=Chat(id=7525835156, type='private', title=None, username=None, first_name='?NepElder?', last_name=None, is_forum=None), forward_from=None, forward_from_chat=None, forward_from_message_id=None, forward_signature=None, forward_sender_name=None, forward_date=None, via_bot=None, has_protected_content=None, media_group_id=None, author_signature=None, reply_to_message=None, message=/色图, original_message=/色图, from_=User(id=7525835156, is_bot=False, first_name='?NepElder?', last_name=None, username=None, language_code='en', is_premium=None, added_to_attachment_menu=None, can_join_groups=None, can_read_all_group_messages=None, supports_inline_queries=None, can_connect_to_business=None, has_main_web_app=None))>]
2025-01-30 12:49:54.392 | TRACE    | nonebot:_check_matcher:401 - Rule conditions not met for Matcher(type='message', module=nonebot_plugin_status.onebot_v11, lineno=38)
2025-01-30 12:49:54.394 | TRACE    | nonebot:_check_matcher:401 - Rule conditions not met for Matcher(type='message', module=nonebot_plugin_status.common, lineno=17)
2025-01-30 12:49:54.394 | TRACE    | nonebot:_check_matcher:401 - Rule conditions not met for Matcher(type='', module=nonebot_plugin_status.onebot_v11, lineno=19)
2025-01-30 12:49:54.396 | TRACE    | nonebot:_check_matcher:401 - Rule conditions not met for Matcher(type='message', module=plugins.shutdown, lineno=17)
2025-01-30 12:49:54.396 | DEBUG    | nonebot:handle_event:601 - Checking for matchers completed
2025-01-30 12:50:24.775 | DEBUG    | nonebot:log:336 - Telegram | Calling API getUpdates
2025-01-30 12:50:24.775 | DEBUG    | nonebot:log:336 - Telegram | Calling API {'offset': '997538868', 'timeout': '30'}
2025-01-30 12:50:55.180 | DEBUG    | nonebot:log:336 - Telegram | Calling API getUpdates
2025-01-30 12:50:55.180 | DEBUG    | nonebot:log:336 - Telegram | Calling API {'offset': '997538868', 'timeout': '30'}
2025-01-30 12:50:57.831 | INFO     | uvicorn:shutdown:263 - Shutting down
2025-01-30 12:50:57.933 | INFO     | uvicorn:shutdown:67 - Waiting for application shutdown.
2025-01-30 12:50:57.934 | SUCCESS  | nonebot_plugin_tortoise_orm:disconnect:75 - 数据库: 断开链接
2025-01-30 12:50:59.463 | SUCCESS  | nonebot:load_plugin:188 - Succeeded to load plugin "nonebot_plugin_logpile"
2025-01-30 12:50:59.466 | SUCCESS  | nonebot:load_plugin:188 - Succeeded to load plugin "nonebot_plugin_waiter"
2025-01-30 12:50:59.485 | SUCCESS  | nonebot:load_plugin:188 - Succeeded to load plugin "nonebot_plugin_alconna:uniseg" from "nonebot_plugin_alconna.uniseg"
2025-01-30 12:50:59.505 | SUCCESS  | nonebot:load_plugin:188 - Succeeded to load plugin "nonebot_plugin_alconna"
2025-01-30 12:50:59.594 | TRACE    | nonebot:new:323 - Define new matcher Matcher(type='message', module=YetAnotherPicSearch.__main__, lineno=330)
2025-01-30 12:50:59.594 | TRACE    | nonebot:new:323 - Define new matcher Matcher(type='message', module=YetAnotherPicSearch.__main__, lineno=333)
2025-01-30 12:50:59.595 | SUCCESS  | nonebot:load_plugin:188 - Succeeded to load plugin "YetAnotherPicSearch"
2025-01-30 12:50:59.598 | SUCCESS  | nonebot:load_plugin:188 - Succeeded to load plugin "nonebot_plugin_localstore"
2025-01-30 12:50:59.624 | SUCCESS  | nonebot:load_plugin:188 - Succeeded to load plugin "nonebot_plugin_tortoise_orm"
2025-01-30 12:50:59.631 | TRACE    | nonebot:new:323 - Define new matcher Matcher(type='message', module=nonebot_plugin_setu_now.r18_whitelist, lineno=20)
2025-01-30 12:50:59.631 | TRACE    | nonebot:new:323 - Define new matcher Matcher(type='message', module=nonebot_plugin_setu_now.r18_whitelist, lineno=39)
2025-01-30 12:50:59.631 | SUCCESS  | nonebot_plugin_tortoise_orm:add_model:109 - 数据库: 添加模型: nonebot_plugin_setu_now.database
2025-01-30 12:50:59.631 | TRACE    | nonebot:new:323 - Define new matcher Matcher(type='message', module=nonebot_plugin_setu_now, lineno=61)
2025-01-30 12:50:59.632 | TRACE    | nonebot:new:323 - Define new matcher Matcher(type='message', module=nonebot_plugin_setu_now, lineno=189)
2025-01-30 12:50:59.632 | SUCCESS  | nonebot:load_plugin:188 - Succeeded to load plugin "nonebot_plugin_setu_now"
2025-01-30 12:50:59.632 | WARNING  | __main__:<module>:18 - Always use `nb run` to start the bot instead of manually running!
2025-01-30 12:50:59.632 | SUCCESS  | nonebot:run:336 - Running NoneBot...
2025-01-30 12:50:59.632 | SUCCESS  | nonebot:run:117 - Loaded adapters: Telegram
2025-01-30 12:50:59.642 | INFO     | uvicorn:_serve:83 - Started server process [10006]
2025-01-30 12:50:59.642 | INFO     | uvicorn:startup:48 - Waiting for application startup.
2025-01-30 12:50:59.644 | DEBUG    | nonebot_plugin_tortoise_orm:connect:60 - 参数预览
{
    "connections": {
        "default": "sqlite:////Users/sean/Library/Application Support/nonebot2/nonebot_plugin_tortoise_orm/db.sqlite3"
    },
    "apps": {
        "default": {
            "models": [
                "nonebot_plugin_setu_now.database"
            ],
            "default_connection": "default"
        }
    },
    "use_tz": false,
    "timezone": "Asia/Shanghai"
}
2025-01-30 12:50:59.648 | SUCCESS  | nonebot_plugin_tortoise_orm:connect:67 - 数据库: default 连接成功 URL: sqlite:////Users/sean/Library/Application Support/nonebot2/nonebot_plugin_tortoise_orm/db.sqlite3
2025-01-30 12:50:59.648 | DEBUG    | nonebot:log:336 - Telegram | Calling API getMe
2025-01-30 12:50:59.649 | DEBUG    | nonebot:log:336 - Telegram | Calling API {}
2025-01-30 12:50:59.673 | INFO     | uvicorn:startup:62 - Application startup complete.
2025-01-30 12:50:59.674 | INFO     | uvicorn:_log_started_message:215 - Uvicorn running on http://127.0.0.1:8080 (Press CTRL+C to quit)
2025-01-30 12:50:59.999 | INFO     | nonebot:log:336 - Telegram | Delete old webhook
2025-01-30 12:51:00.000 | DEBUG    | nonebot:log:336 - Telegram | Calling API deleteWebhook
2025-01-30 12:51:00.003 | DEBUG    | nonebot:log:336 - Telegram | Calling API {}
2025-01-30 12:51:00.414 | INFO     | nonebot:log:336 - Telegram | Start poll
2025-01-30 12:51:00.432 | DEBUG    | nonebot:log:336 - Telegram | Calling API getUpdates
2025-01-30 12:51:00.432 | DEBUG    | nonebot:log:336 - Telegram | Calling API {'timeout': '30'}
2025-01-30 12:51:30.821 | DEBUG    | nonebot:log:336 - Telegram | Calling API getUpdates
2025-01-30 12:51:30.821 | DEBUG    | nonebot:log:336 - Telegram | Calling API {'timeout': '30'}
2025-01-30 12:51:41.817 | INFO     | uvicorn:shutdown:263 - Shutting down
2025-01-30 12:51:41.919 | INFO     | uvicorn:shutdown:67 - Waiting for application shutdown.
2025-01-30 12:51:41.922 | SUCCESS  | nonebot_plugin_tortoise_orm:disconnect:75 - 数据库: 断开链接
2025-01-30 12:51:43.494 | SUCCESS  | nonebot:load_plugin:188 - Succeeded to load plugin "nonebot_plugin_logpile"
2025-01-30 12:51:43.497 | SUCCESS  | nonebot:load_plugin:188 - Succeeded to load plugin "nonebot_plugin_waiter"
2025-01-30 12:51:43.517 | SUCCESS  | nonebot:load_plugin:188 - Succeeded to load plugin "nonebot_plugin_alconna:uniseg" from "nonebot_plugin_alconna.uniseg"
2025-01-30 12:51:43.538 | SUCCESS  | nonebot:load_plugin:188 - Succeeded to load plugin "nonebot_plugin_alconna"
2025-01-30 12:51:43.625 | TRACE    | nonebot:new:323 - Define new matcher Matcher(type='message', module=YetAnotherPicSearch.__main__, lineno=330)
2025-01-30 12:51:43.626 | TRACE    | nonebot:new:323 - Define new matcher Matcher(type='message', module=YetAnotherPicSearch.__main__, lineno=333)
2025-01-30 12:51:43.627 | SUCCESS  | nonebot:load_plugin:188 - Succeeded to load plugin "YetAnotherPicSearch"
2025-01-30 12:51:43.630 | SUCCESS  | nonebot:load_plugin:188 - Succeeded to load plugin "nonebot_plugin_localstore"
2025-01-30 12:51:43.657 | SUCCESS  | nonebot:load_plugin:188 - Succeeded to load plugin "nonebot_plugin_tortoise_orm"
2025-01-30 12:51:43.663 | TRACE    | nonebot:new:323 - Define new matcher Matcher(type='message', module=nonebot_plugin_setu_now.r18_whitelist, lineno=20)
2025-01-30 12:51:43.663 | TRACE    | nonebot:new:323 - Define new matcher Matcher(type='message', module=nonebot_plugin_setu_now.r18_whitelist, lineno=39)
2025-01-30 12:51:43.663 | SUCCESS  | nonebot_plugin_tortoise_orm:add_model:109 - 数据库: 添加模型: nonebot_plugin_setu_now.database
2025-01-30 12:51:43.664 | TRACE    | nonebot:new:323 - Define new matcher Matcher(type='message', module=nonebot_plugin_setu_now, lineno=61)
2025-01-30 12:51:43.664 | TRACE    | nonebot:new:323 - Define new matcher Matcher(type='message', module=nonebot_plugin_setu_now, lineno=189)
2025-01-30 12:51:43.664 | SUCCESS  | nonebot:load_plugin:188 - Succeeded to load plugin "nonebot_plugin_setu_now"
2025-01-30 12:51:43.664 | WARNING  | __main__:<module>:18 - Always use `nb run` to start the bot instead of manually running!
2025-01-30 12:51:43.664 | SUCCESS  | nonebot:run:336 - Running NoneBot...
2025-01-30 12:51:43.664 | SUCCESS  | nonebot:run:117 - Loaded adapters: Telegram
2025-01-30 12:51:43.674 | INFO     | uvicorn:_serve:83 - Started server process [10029]
2025-01-30 12:51:43.675 | INFO     | uvicorn:startup:48 - Waiting for application startup.
2025-01-30 12:51:43.676 | DEBUG    | nonebot_plugin_tortoise_orm:connect:60 - 参数预览
{
    "connections": {
        "default": "sqlite:////Users/sean/Library/Application Support/nonebot2/nonebot_plugin_tortoise_orm/db.sqlite3"
    },
    "apps": {
        "default": {
            "models": [
                "nonebot_plugin_setu_now.database"
            ],
            "default_connection": "default"
        }
    },
    "use_tz": false,
    "timezone": "Asia/Shanghai"
}
2025-01-30 12:51:43.680 | SUCCESS  | nonebot_plugin_tortoise_orm:connect:67 - 数据库: default 连接成功 URL: sqlite:////Users/sean/Library/Application Support/nonebot2/nonebot_plugin_tortoise_orm/db.sqlite3
2025-01-30 12:51:43.681 | DEBUG    | nonebot:log:336 - Telegram | Calling API getMe
2025-01-30 12:51:43.681 | DEBUG    | nonebot:log:336 - Telegram | Calling API {}
2025-01-30 12:51:43.705 | INFO     | uvicorn:startup:62 - Application startup complete.
2025-01-30 12:51:43.706 | INFO     | uvicorn:_log_started_message:215 - Uvicorn running on http://127.0.0.1:8080 (Press CTRL+C to quit)
2025-01-30 12:51:44.140 | INFO     | nonebot:log:336 - Telegram | Delete old webhook
2025-01-30 12:51:44.142 | DEBUG    | nonebot:log:336 - Telegram | Calling API deleteWebhook
2025-01-30 12:51:44.142 | DEBUG    | nonebot:log:336 - Telegram | Calling API {}
2025-01-30 12:51:44.523 | INFO     | nonebot:log:336 - Telegram | Start poll
2025-01-30 12:51:44.540 | DEBUG    | nonebot:log:336 - Telegram | Calling API getUpdates
2025-01-30 12:51:44.540 | DEBUG    | nonebot:log:336 - Telegram | Calling API {'timeout': '30'}
2025-01-30 12:52:14.959 | DEBUG    | nonebot:log:336 - Telegram | Calling API getUpdates
2025-01-30 12:52:14.959 | DEBUG    | nonebot:log:336 - Telegram | Calling API {'timeout': '30'}
2025-01-30 12:52:20.062 | DEBUG    | nonebot:log:336 - Telegram | Calling API getUpdates
2025-01-30 12:52:20.063 | DEBUG    | nonebot:log:336 - Telegram | Calling API {'offset': '997538868', 'timeout': '30'}
2025-01-30 12:52:20.447 | DEBUG    | nonebot:log:336 - Telegram | Calling API getUpdates
2025-01-30 12:52:20.447 | DEBUG    | nonebot:log:336 - Telegram | Calling API {'offset': '997538869', 'timeout': '30'}
2025-01-30 12:52:20.467 | DEBUG    | nonebot:log:336 - Telegram | {'message_id': 42, 'date': 1738259539, 'chat': {'id': 7525835156, 'type': 'private', 'first_name': '?NepElder?'}, 'message': [{'type': 'text', 'data': {'text': '/色图'}}], 'original_message': [{'type': 'text', 'data': {'text': '/色图'}}], 'from_': {'id': 7525835156, 'is_bot': False, 'first_name': '?NepElder?', 'language_code': 'en'}}
2025-01-30 12:52:20.467 | SUCCESS  | nonebot:handle_event:535 - Telegram 8186306331 | [message.private]: Message 42 from 7525835156: /色图
2025-01-30 12:52:20.467 | DEBUG    | nonebot:handle_event:573 - Checking for matchers in priority 1...
2025-01-30 12:52:20.470 | TRACE    | nonebot:_handle_skipped:102 - Dependent(call=_group) skipped due to [TypeMisMatch(param=event, type=GroupMessageEvent, value=PrivateMessageEvent(telegram_model=Update(update_id=997538868, message=Message(message_id=42, message_thread_id=None, from_=User(id=7525835156, is_bot=False, first_name='?NepElder?', last_name=None, username=None, language_code='en', is_premium=None, added_to_attachment_menu=None, can_join_groups=None, can_read_all_group_messages=None, supports_inline_queries=None, can_connect_to_business=None, has_main_web_app=None), sender_chat=None, sender_boost_count=None, sender_business_bot=None, date=1738259539, business_connection_id=None, chat=Chat(id=7525835156, type='private', title=None, username=None, first_name='?NepElder?', last_name=None, is_forum=None), forward_origin=None, is_topic_message=None, is_automatic_forward=None, reply_to_message=None, external_reply=None, quote=None, reply_to_story=None, via_bot=None, edit_date=None, has_protected_content=None, is_from_offline=None, media_group_id=None, author_signature=None, text=None, entities=None, link_preview_options=None, effect_id=None, animation=None, audio=None, document=None, paid_media=None, photo=None, sticker=None, story=None, video=None, video_note=None, voice=None, caption=None, caption_entities=None, show_caption_above_media=None, has_media_spoiler=None, contact=None, dice=None, game=None, poll=None, venue=None, location=None, new_chat_members=None, left_chat_member=None, new_chat_title=None, new_chat_photo=None, delete_chat_photo=None, group_chat_created=None, supergroup_chat_created=None, channel_chat_created=None, message_auto_delete_timer_changed=None, migrate_to_chat_id=None, migrate_from_chat_id=None, pinned_message=None, invoice=None, successful_payment=None, refunded_payment=None, users_shared=None, chat_shared=None, connected_website=None, write_access_allowed=None, passport_data=None, proximity_alert_triggered=None, boost_added=None, chat_background_set=None, forum_topic_created=None, forum_topic_edited=None, forum_topic_closed=None, forum_topic_reopened=None, general_forum_topic_hidden=None, general_forum_topic_unhidden=None, giveaway_created=None, giveaway=None, giveaway_winners=None, giveaway_completed=None, video_chat_scheduled=None, video_chat_started=None, video_chat_ended=None, video_chat_participants_invited=None, web_app_data=None, reply_markup=None), edited_message=None, channel_post=None, edited_channel_post=None, business_connection=None, business_message=None, edited_business_message=None, deleted_business_messages=None, message_reaction=None, message_reaction_count=None, inline_query=None, chosen_inline_result=None, callback_query=None, shipping_query=None, pre_checkout_query=None, purchased_paid_media=None, poll=None, poll_answer=None, my_chat_member=None, chat_member=None, chat_join_request=None, chat_boost=None, removed_chat_boost=None), message_id=42, date=1738259539, chat=Chat(id=7525835156, type='private', title=None, username=None, first_name='?NepElder?', last_name=None, is_forum=None), forward_from=None, forward_from_chat=None, forward_from_message_id=None, forward_signature=None, forward_sender_name=None, forward_date=None, via_bot=None, has_protected_content=None, media_group_id=None, author_signature=None, reply_to_message=None, message=/色图, original_message=/色图, from_=User(id=7525835156, is_bot=False, first_name='?NepElder?', last_name=None, username=None, language_code='en', is_premium=None, added_to_attachment_menu=None, can_join_groups=None, can_read_all_group_messages=None, supports_inline_queries=None, can_connect_to_business=None, has_main_web_app=None))>]
2025-01-30 12:52:20.470 | TRACE    | nonebot:_handle_skipped:102 - Dependent(call=_private_friend) skipped due to [TypeMisMatch(param=event, type=PrivateMessageEvent, value=PrivateMessageEvent(telegram_model=Update(update_id=997538868, message=Message(message_id=42, message_thread_id=None, from_=User(id=7525835156, is_bot=False, first_name='?NepElder?', last_name=None, username=None, language_code='en', is_premium=None, added_to_attachment_menu=None, can_join_groups=None, can_read_all_group_messages=None, supports_inline_queries=None, can_connect_to_business=None, has_main_web_app=None), sender_chat=None, sender_boost_count=None, sender_business_bot=None, date=1738259539, business_connection_id=None, chat=Chat(id=7525835156, type='private', title=None, username=None, first_name='?NepElder?', last_name=None, is_forum=None), forward_origin=None, is_topic_message=None, is_automatic_forward=None, reply_to_message=None, external_reply=None, quote=None, reply_to_story=None, via_bot=None, edit_date=None, has_protected_content=None, is_from_offline=None, media_group_id=None, author_signature=None, text=None, entities=None, link_preview_options=None, effect_id=None, animation=None, audio=None, document=None, paid_media=None, photo=None, sticker=None, story=None, video=None, video_note=None, voice=None, caption=None, caption_entities=None, show_caption_above_media=None, has_media_spoiler=None, contact=None, dice=None, game=None, poll=None, venue=None, location=None, new_chat_members=None, left_chat_member=None, new_chat_title=None, new_chat_photo=None, delete_chat_photo=None, group_chat_created=None, supergroup_chat_created=None, channel_chat_created=None, message_auto_delete_timer_changed=None, migrate_to_chat_id=None, migrate_from_chat_id=None, pinned_message=None, invoice=None, successful_payment=None, refunded_payment=None, users_shared=None, chat_shared=None, connected_website=None, write_access_allowed=None, passport_data=None, proximity_alert_triggered=None, boost_added=None, chat_background_set=None, forum_topic_created=None, forum_topic_edited=None, forum_topic_closed=None, forum_topic_reopened=None, general_forum_topic_hidden=None, general_forum_topic_unhidden=None, giveaway_created=None, giveaway=None, giveaway_winners=None, giveaway_completed=None, video_chat_scheduled=None, video_chat_started=None, video_chat_ended=None, video_chat_participants_invited=None, web_app_data=None, reply_markup=None), edited_message=None, channel_post=None, edited_channel_post=None, business_connection=None, business_message=None, edited_business_message=None, deleted_business_messages=None, message_reaction=None, message_reaction_count=None, inline_query=None, chosen_inline_result=None, callback_query=None, shipping_query=None, pre_checkout_query=None, purchased_paid_media=None, poll=None, poll_answer=None, my_chat_member=None, chat_member=None, chat_join_request=None, chat_boost=None, removed_chat_boost=None), message_id=42, date=1738259539, chat=Chat(id=7525835156, type='private', title=None, username=None, first_name='?NepElder?', last_name=None, is_forum=None), forward_from=None, forward_from_chat=None, forward_from_message_id=None, forward_signature=None, forward_sender_name=None, forward_date=None, via_bot=None, has_protected_content=None, media_group_id=None, author_signature=None, reply_to_message=None, message=/色图, original_message=/色图, from_=User(id=7525835156, is_bot=False, first_name='?NepElder?', last_name=None, username=None, language_code='en', is_premium=None, added_to_attachment_menu=None, can_join_groups=None, can_read_all_group_messages=None, supports_inline_queries=None, can_connect_to_business=None, has_main_web_app=None))>]
2025-01-30 12:52:20.471 | TRACE    | nonebot:_check_matcher:391 - Permission conditions not met for Matcher(type='message', module=nonebot_plugin_setu_now, lineno=61)
2025-01-30 12:52:20.479 | TRACE    | nonebot:_check_matcher:401 - Rule conditions not met for Matcher(type='message', module=nonebot.plugins.echo, lineno=17)
2025-01-30 12:52:20.480 | TRACE    | nonebot:_check_matcher:401 - Rule conditions not met for Matcher(type='message', module=YetAnotherPicSearch.__main__, lineno=330)
2025-01-30 12:52:20.480 | TRACE    | nonebot:_check_matcher:401 - Rule conditions not met for Matcher(type='message', module=nonebot_plugin_setu_now, lineno=189)
2025-01-30 12:52:20.480 | TRACE    | nonebot:_check_matcher:401 - Rule conditions not met for Matcher(type='message', module=nonebot_plugin_setu_now.r18_whitelist, lineno=20)
2025-01-30 12:52:20.480 | TRACE    | nonebot:_check_matcher:401 - Rule conditions not met for Matcher(type='message', module=nonebot_plugin_setu_now.r18_whitelist, lineno=39)
2025-01-30 12:52:20.480 | DEBUG    | nonebot:handle_event:573 - Checking for matchers in priority 2...
2025-01-30 12:52:20.483 | TRACE    | nonebot:_check_matcher:401 - Rule conditions not met for Matcher(type='message', module=YetAnotherPicSearch.__main__, lineno=333)
2025-01-30 12:52:20.483 | DEBUG    | nonebot:handle_event:573 - Checking for matchers in priority 10...
2025-01-30 12:52:20.484 | TRACE    | nonebot:_handle_skipped:102 - Dependent(call=_poke) skipped due to [TypeMisMatch(param=event, type=PrivateMessageEvent, value=PrivateMessageEvent(telegram_model=Update(update_id=997538868, message=Message(message_id=42, message_thread_id=None, from_=User(id=7525835156, is_bot=False, first_name='?NepElder?', last_name=None, username=None, language_code='en', is_premium=None, added_to_attachment_menu=None, can_join_groups=None, can_read_all_group_messages=None, supports_inline_queries=None, can_connect_to_business=None, has_main_web_app=None), sender_chat=None, sender_boost_count=None, sender_business_bot=None, date=1738259539, business_connection_id=None, chat=Chat(id=7525835156, type='private', title=None, username=None, first_name='?NepElder?', last_name=None, is_forum=None), forward_origin=None, is_topic_message=None, is_automatic_forward=None, reply_to_message=None, external_reply=None, quote=None, reply_to_story=None, via_bot=None, edit_date=None, has_protected_content=None, is_from_offline=None, media_group_id=None, author_signature=None, text=None, entities=None, link_preview_options=None, effect_id=None, animation=None, audio=None, document=None, paid_media=None, photo=None, sticker=None, story=None, video=None, video_note=None, voice=None, caption=None, caption_entities=None, show_caption_above_media=None, has_media_spoiler=None, contact=None, dice=None, game=None, poll=None, venue=None, location=None, new_chat_members=None, left_chat_member=None, new_chat_title=None, new_chat_photo=None, delete_chat_photo=None, group_chat_created=None, supergroup_chat_created=None, channel_chat_created=None, message_auto_delete_timer_changed=None, migrate_to_chat_id=None, migrate_from_chat_id=None, pinned_message=None, invoice=None, successful_payment=None, refunded_payment=None, users_shared=None, chat_shared=None, connected_website=None, write_access_allowed=None, passport_data=None, proximity_alert_triggered=None, boost_added=None, chat_background_set=None, forum_topic_created=None, forum_topic_edited=None, forum_topic_closed=None, forum_topic_reopened=None, general_forum_topic_hidden=None, general_forum_topic_unhidden=None, giveaway_created=None, giveaway=None, giveaway_winners=None, giveaway_completed=None, video_chat_scheduled=None, video_chat_started=None, video_chat_ended=None, video_chat_participants_invited=None, web_app_data=None, reply_markup=None), edited_message=None, channel_post=None, edited_channel_post=None, business_connection=None, business_message=None, edited_business_message=None, deleted_business_messages=None, message_reaction=None, message_reaction_count=None, inline_query=None, chosen_inline_result=None, callback_query=None, shipping_query=None, pre_checkout_query=None, purchased_paid_media=None, poll=None, poll_answer=None, my_chat_member=None, chat_member=None, chat_join_request=None, chat_boost=None, removed_chat_boost=None), message_id=42, date=1738259539, chat=Chat(id=7525835156, type='private', title=None, username=None, first_name='?NepElder?', last_name=None, is_forum=None), forward_from=None, forward_from_chat=None, forward_from_message_id=None, forward_signature=None, forward_sender_name=None, forward_date=None, via_bot=None, has_protected_content=None, media_group_id=None, author_signature=None, reply_to_message=None, message=/色图, original_message=/色图, from_=User(id=7525835156, is_bot=False, first_name='?NepElder?', last_name=None, username=None, language_code='en', is_premium=None, added_to_attachment_menu=None, can_join_groups=None, can_read_all_group_messages=None, supports_inline_queries=None, can_connect_to_business=None, has_main_web_app=None))>]
2025-01-30 12:52:20.484 | TRACE    | nonebot:_check_matcher:401 - Rule conditions not met for Matcher(type='message', module=nonebot_plugin_status.onebot_v11, lineno=38)
2025-01-30 12:52:20.486 | TRACE    | nonebot:_check_matcher:401 - Rule conditions not met for Matcher(type='message', module=nonebot_plugin_status.common, lineno=17)
2025-01-30 12:52:20.486 | TRACE    | nonebot:_check_matcher:401 - Rule conditions not met for Matcher(type='', module=nonebot_plugin_status.onebot_v11, lineno=19)
2025-01-30 12:52:20.488 | TRACE    | nonebot:_check_matcher:401 - Rule conditions not met for Matcher(type='message', module=plugins.shutdown, lineno=17)
2025-01-30 12:52:20.488 | DEBUG    | nonebot:handle_event:601 - Checking for matchers completed
2025-01-30 12:52:29.262 | DEBUG    | nonebot:log:336 - Telegram | Calling API getUpdates
2025-01-30 12:52:29.263 | DEBUG    | nonebot:log:336 - Telegram | Calling API {'offset': '997538870', 'timeout': '30'}
2025-01-30 12:52:29.277 | DEBUG    | nonebot:log:336 - Telegram | {'message_id': 43, 'date': 1738259549, 'chat': {'id': 7525835156, 'type': 'private', 'first_name': '?NepElder?'}, 'message': [{'type': 'bot_command', 'data': {'text': '/echo'}}, {'type': 'text', 'data': {'text': ' 1'}}], 'original_message': [{'type': 'bot_command', 'data': {'text': '/echo'}}, {'type': 'text', 'data': {'text': ' 1'}}], 'from_': {'id': 7525835156, 'is_bot': False, 'first_name': '?NepElder?', 'language_code': 'en'}}
2025-01-30 12:52:29.277 | SUCCESS  | nonebot:handle_event:535 - Telegram 8186306331 | [message.private]: Message 43 from 7525835156: /echo 1
2025-01-30 12:52:29.278 | DEBUG    | nonebot:handle_event:573 - Checking for matchers in priority 1...
2025-01-30 12:52:29.279 | TRACE    | nonebot:_handle_skipped:102 - Dependent(call=_group) skipped due to [TypeMisMatch(param=event, type=GroupMessageEvent, value=PrivateMessageEvent(telegram_model=Update(update_id=997538869, message=Message(message_id=43, message_thread_id=None, from_=User(id=7525835156, is_bot=False, first_name='?NepElder?', last_name=None, username=None, language_code='en', is_premium=None, added_to_attachment_menu=None, can_join_groups=None, can_read_all_group_messages=None, supports_inline_queries=None, can_connect_to_business=None, has_main_web_app=None), sender_chat=None, sender_boost_count=None, sender_business_bot=None, date=1738259549, business_connection_id=None, chat=Chat(id=7525835156, type='private', title=None, username=None, first_name='?NepElder?', last_name=None, is_forum=None), forward_origin=None, is_topic_message=None, is_automatic_forward=None, reply_to_message=None, external_reply=None, quote=None, reply_to_story=None, via_bot=None, edit_date=None, has_protected_content=None, is_from_offline=None, media_group_id=None, author_signature=None, text=None, entities=None, link_preview_options=None, effect_id=None, animation=None, audio=None, document=None, paid_media=None, photo=None, sticker=None, story=None, video=None, video_note=None, voice=None, caption=None, caption_entities=None, show_caption_above_media=None, has_media_spoiler=None, contact=None, dice=None, game=None, poll=None, venue=None, location=None, new_chat_members=None, left_chat_member=None, new_chat_title=None, new_chat_photo=None, delete_chat_photo=None, group_chat_created=None, supergroup_chat_created=None, channel_chat_created=None, message_auto_delete_timer_changed=None, migrate_to_chat_id=None, migrate_from_chat_id=None, pinned_message=None, invoice=None, successful_payment=None, refunded_payment=None, users_shared=None, chat_shared=None, connected_website=None, write_access_allowed=None, passport_data=None, proximity_alert_triggered=None, boost_added=None, chat_background_set=None, forum_topic_created=None, forum_topic_edited=None, forum_topic_closed=None, forum_topic_reopened=None, general_forum_topic_hidden=None, general_forum_topic_unhidden=None, giveaway_created=None, giveaway=None, giveaway_winners=None, giveaway_completed=None, video_chat_scheduled=None, video_chat_started=None, video_chat_ended=None, video_chat_participants_invited=None, web_app_data=None, reply_markup=None), edited_message=None, channel_post=None, edited_channel_post=None, business_connection=None, business_message=None, edited_business_message=None, deleted_business_messages=None, message_reaction=None, message_reaction_count=None, inline_query=None, chosen_inline_result=None, callback_query=None, shipping_query=None, pre_checkout_query=None, purchased_paid_media=None, poll=None, poll_answer=None, my_chat_member=None, chat_member=None, chat_join_request=None, chat_boost=None, removed_chat_boost=None), message_id=43, date=1738259549, chat=Chat(id=7525835156, type='private', title=None, username=None, first_name='?NepElder?', last_name=None, is_forum=None), forward_from=None, forward_from_chat=None, forward_from_message_id=None, forward_signature=None, forward_sender_name=None, forward_date=None, via_bot=None, has_protected_content=None, media_group_id=None, author_signature=None, reply_to_message=None, message=/echo 1, original_message=/echo 1, from_=User(id=7525835156, is_bot=False, first_name='?NepElder?', last_name=None, username=None, language_code='en', is_premium=None, added_to_attachment_menu=None, can_join_groups=None, can_read_all_group_messages=None, supports_inline_queries=None, can_connect_to_business=None, has_main_web_app=None))>]
2025-01-30 12:52:29.279 | TRACE    | nonebot:_handle_skipped:102 - Dependent(call=_private_friend) skipped due to [TypeMisMatch(param=event, type=PrivateMessageEvent, value=PrivateMessageEvent(telegram_model=Update(update_id=997538869, message=Message(message_id=43, message_thread_id=None, from_=User(id=7525835156, is_bot=False, first_name='?NepElder?', last_name=None, username=None, language_code='en', is_premium=None, added_to_attachment_menu=None, can_join_groups=None, can_read_all_group_messages=None, supports_inline_queries=None, can_connect_to_business=None, has_main_web_app=None), sender_chat=None, sender_boost_count=None, sender_business_bot=None, date=1738259549, business_connection_id=None, chat=Chat(id=7525835156, type='private', title=None, username=None, first_name='?NepElder?', last_name=None, is_forum=None), forward_origin=None, is_topic_message=None, is_automatic_forward=None, reply_to_message=None, external_reply=None, quote=None, reply_to_story=None, via_bot=None, edit_date=None, has_protected_content=None, is_from_offline=None, media_group_id=None, author_signature=None, text=None, entities=None, link_preview_options=None, effect_id=None, animation=None, audio=None, document=None, paid_media=None, photo=None, sticker=None, story=None, video=None, video_note=None, voice=None, caption=None, caption_entities=None, show_caption_above_media=None, has_media_spoiler=None, contact=None, dice=None, game=None, poll=None, venue=None, location=None, new_chat_members=None, left_chat_member=None, new_chat_title=None, new_chat_photo=None, delete_chat_photo=None, group_chat_created=None, supergroup_chat_created=None, channel_chat_created=None, message_auto_delete_timer_changed=None, migrate_to_chat_id=None, migrate_from_chat_id=None, pinned_message=None, invoice=None, successful_payment=None, refunded_payment=None, users_shared=None, chat_shared=None, connected_website=None, write_access_allowed=None, passport_data=None, proximity_alert_triggered=None, boost_added=None, chat_background_set=None, forum_topic_created=None, forum_topic_edited=None, forum_topic_closed=None, forum_topic_reopened=None, general_forum_topic_hidden=None, general_forum_topic_unhidden=None, giveaway_created=None, giveaway=None, giveaway_winners=None, giveaway_completed=None, video_chat_scheduled=None, video_chat_started=None, video_chat_ended=None, video_chat_participants_invited=None, web_app_data=None, reply_markup=None), edited_message=None, channel_post=None, edited_channel_post=None, business_connection=None, business_message=None, edited_business_message=None, deleted_business_messages=None, message_reaction=None, message_reaction_count=None, inline_query=None, chosen_inline_result=None, callback_query=None, shipping_query=None, pre_checkout_query=None, purchased_paid_media=None, poll=None, poll_answer=None, my_chat_member=None, chat_member=None, chat_join_request=None, chat_boost=None, removed_chat_boost=None), message_id=43, date=1738259549, chat=Chat(id=7525835156, type='private', title=None, username=None, first_name='?NepElder?', last_name=None, is_forum=None), forward_from=None, forward_from_chat=None, forward_from_message_id=None, forward_signature=None, forward_sender_name=None, forward_date=None, via_bot=None, has_protected_content=None, media_group_id=None, author_signature=None, reply_to_message=None, message=/echo 1, original_message=/echo 1, from_=User(id=7525835156, is_bot=False, first_name='?NepElder?', last_name=None, username=None, language_code='en', is_premium=None, added_to_attachment_menu=None, can_join_groups=None, can_read_all_group_messages=None, supports_inline_queries=None, can_connect_to_business=None, has_main_web_app=None))>]
2025-01-30 12:52:29.279 | TRACE    | nonebot:_check_matcher:391 - Permission conditions not met for Matcher(type='message', module=nonebot_plugin_setu_now, lineno=61)
2025-01-30 12:52:29.281 | INFO     | nonebot:_run_matcher:435 - Event will be handled by Matcher(type='message', module=nonebot.plugins.echo, lineno=17)
2025-01-30 12:52:29.281 | DEBUG    | nonebot:_run_matcher:455 - Running Matcher(type='message', module=nonebot.plugins.echo, lineno=17)
2025-01-30 12:52:29.281 | TRACE    | nonebot:simple_run:838 - Matcher(type='message', module=nonebot.plugins.echo, lineno=17) run with incoming args: bot=Bot(type='Telegram', self_id='8186306331'), event=PrivateMessageEvent(telegram_model=Update(update_id=997538869, message=Message(message_id=43, message_thread_id=None, from_=User(id=7525835156, is_bot=False, first_name='?NepElder?', last_name=None, username=None, language_code='en', is_premium=None, added_to_attachment_menu=None, can_join_groups=None, can_read_all_group_messages=None, supports_inline_queries=None, can_connect_to_business=None, has_main_web_app=None), sender_chat=None, sender_boost_count=None, sender_business_bot=None, date=1738259549, business_connection_id=None, chat=Chat(id=7525835156, type='private', title=None, username=None, first_name='?NepElder?', last_name=None, is_forum=None), forward_origin=None, is_topic_message=None, is_automatic_forward=None, reply_to_message=None, external_reply=None, quote=None, reply_to_story=None, via_bot=None, edit_date=None, has_protected_content=None, is_from_offline=None, media_group_id=None, author_signature=None, text=None, entities=None, link_preview_options=None, effect_id=None, animation=None, audio=None, document=None, paid_media=None, photo=None, sticker=None, story=None, video=None, video_note=None, voice=None, caption=None, caption_entities=None, show_caption_above_media=None, has_media_spoiler=None, contact=None, dice=None, game=None, poll=None, venue=None, location=None, new_chat_members=None, left_chat_member=None, new_chat_title=None, new_chat_photo=None, delete_chat_photo=None, group_chat_created=None, supergroup_chat_created=None, channel_chat_created=None, message_auto_delete_timer_changed=None, migrate_to_chat_id=None, migrate_from_chat_id=None, pinned_message=None, invoice=None, successful_payment=None, refunded_payment=None, users_shared=None, chat_shared=None, connected_website=None, write_access_allowed=None, passport_data=None, proximity_alert_triggered=None, boost_added=None, chat_background_set=None, forum_topic_created=None, forum_topic_edited=None, forum_topic_closed=None, forum_topic_reopened=None, general_forum_topic_hidden=None, general_forum_topic_unhidden=None, giveaway_created=None, giveaway=None, giveaway_winners=None, giveaway_completed=None, video_chat_scheduled=None, video_chat_started=None, video_chat_ended=None, video_chat_participants_invited=None, web_app_data=None, reply_markup=None), edited_message=None, channel_post=None, edited_channel_post=None, business_connection=None, business_message=None, edited_business_message=None, deleted_business_messages=None, message_reaction=None, message_reaction_count=None, inline_query=None, chosen_inline_result=None, callback_query=None, shipping_query=None, pre_checkout_query=None, purchased_paid_media=None, poll=None, poll_answer=None, my_chat_member=None, chat_member=None, chat_join_request=None, chat_boost=None, removed_chat_boost=None), message_id=43, date=1738259549, chat=Chat(id=7525835156, type='private', title=None, username=None, first_name='?NepElder?', last_name=None, is_forum=None), forward_from=None, forward_from_chat=None, forward_from_message_id=None, forward_signature=None, forward_sender_name=None, forward_date=None, via_bot=None, has_protected_content=None, media_group_id=None, author_signature=None, reply_to_message=None, message=/echo 1, original_message=/echo 1, from_=User(id=7525835156, is_bot=False, first_name='?NepElder?', last_name=None, username=None, language_code='en', is_premium=None, added_to_attachment_menu=None, can_join_groups=None, can_read_all_group_messages=None, supports_inline_queries=None, can_connect_to_business=None, has_main_web_app=None)), state={'_prefix': {'command': ('echo',), 'raw_command': '/echo', 'command_arg': 1, 'command_start': '/', 'command_whitespace': ' '}}
2025-01-30 12:52:29.281 | DEBUG    | nonebot:simple_run:855 - Running handler Dependent(call=handle_echo)
2025-01-30 12:52:29.281 | TRACE    | nonebot:_check_matcher:401 - Rule conditions not met for Matcher(type='message', module=YetAnotherPicSearch.__main__, lineno=330)
2025-01-30 12:52:29.281 | TRACE    | nonebot:_check_matcher:401 - Rule conditions not met for Matcher(type='message', module=nonebot_plugin_setu_now, lineno=189)
2025-01-30 12:52:29.281 | TRACE    | nonebot:_check_matcher:401 - Rule conditions not met for Matcher(type='message', module=nonebot_plugin_setu_now.r18_whitelist, lineno=20)
2025-01-30 12:52:29.282 | TRACE    | nonebot:_check_matcher:401 - Rule conditions not met for Matcher(type='message', module=nonebot_plugin_setu_now.r18_whitelist, lineno=39)
2025-01-30 12:52:29.283 | DEBUG    | nonebot:log:336 - Telegram | Calling API sendMessage
2025-01-30 12:52:29.283 | DEBUG    | nonebot:log:336 - Telegram | Calling API {'chat_id': '7525835156', 'text': '1'}
2025-01-30 12:52:29.745 | INFO     | nonebot:simple_run:872 - Matcher(type='message', module=nonebot.plugins.echo, lineno=17) running complete
2025-01-30 12:52:29.749 | TRACE    | nonebot:_handle_skipped:102 - Dependent(call=_exit_executor) skipped due to [TypeMisMatch(param=matcher, type=AlconnaMatcher, value=Matcher(type='message', module=nonebot.plugins.echo, lineno=17)>]
2025-01-30 12:52:29.750 | DEBUG    | nonebot:handle_event:573 - Checking for matchers in priority 2...
2025-01-30 12:52:29.752 | TRACE    | nonebot:_check_matcher:401 - Rule conditions not met for Matcher(type='message', module=YetAnotherPicSearch.__main__, lineno=333)
2025-01-30 12:52:29.752 | DEBUG    | nonebot:handle_event:573 - Checking for matchers in priority 10...
2025-01-30 12:52:29.753 | TRACE    | nonebot:_handle_skipped:102 - Dependent(call=_poke) skipped due to [TypeMisMatch(param=event, type=PrivateMessageEvent, value=PrivateMessageEvent(telegram_model=Update(update_id=997538869, message=Message(message_id=43, message_thread_id=None, from_=User(id=7525835156, is_bot=False, first_name='?NepElder?', last_name=None, username=None, language_code='en', is_premium=None, added_to_attachment_menu=None, can_join_groups=None, can_read_all_group_messages=None, supports_inline_queries=None, can_connect_to_business=None, has_main_web_app=None), sender_chat=None, sender_boost_count=None, sender_business_bot=None, date=1738259549, business_connection_id=None, chat=Chat(id=7525835156, type='private', title=None, username=None, first_name='?NepElder?', last_name=None, is_forum=None), forward_origin=None, is_topic_message=None, is_automatic_forward=None, reply_to_message=None, external_reply=None, quote=None, reply_to_story=None, via_bot=None, edit_date=None, has_protected_content=None, is_from_offline=None, media_group_id=None, author_signature=None, text=None, entities=None, link_preview_options=None, effect_id=None, animation=None, audio=None, document=None, paid_media=None, photo=None, sticker=None, story=None, video=None, video_note=None, voice=None, caption=None, caption_entities=None, show_caption_above_media=None, has_media_spoiler=None, contact=None, dice=None, game=None, poll=None, venue=None, location=None, new_chat_members=None, left_chat_member=None, new_chat_title=None, new_chat_photo=None, delete_chat_photo=None, group_chat_created=None, supergroup_chat_created=None, channel_chat_created=None, message_auto_delete_timer_changed=None, migrate_to_chat_id=None, migrate_from_chat_id=None, pinned_message=None, invoice=None, successful_payment=None, refunded_payment=None, users_shared=None, chat_shared=None, connected_website=None, write_access_allowed=None, passport_data=None, proximity_alert_triggered=None, boost_added=None, chat_background_set=None, forum_topic_created=None, forum_topic_edited=None, forum_topic_closed=None, forum_topic_reopened=None, general_forum_topic_hidden=None, general_forum_topic_unhidden=None, giveaway_created=None, giveaway=None, giveaway_winners=None, giveaway_completed=None, video_chat_scheduled=None, video_chat_started=None, video_chat_ended=None, video_chat_participants_invited=None, web_app_data=None, reply_markup=None), edited_message=None, channel_post=None, edited_channel_post=None, business_connection=None, business_message=None, edited_business_message=None, deleted_business_messages=None, message_reaction=None, message_reaction_count=None, inline_query=None, chosen_inline_result=None, callback_query=None, shipping_query=None, pre_checkout_query=None, purchased_paid_media=None, poll=None, poll_answer=None, my_chat_member=None, chat_member=None, chat_join_request=None, chat_boost=None, removed_chat_boost=None), message_id=43, date=1738259549, chat=Chat(id=7525835156, type='private', title=None, username=None, first_name='?NepElder?', last_name=None, is_forum=None), forward_from=None, forward_from_chat=None, forward_from_message_id=None, forward_signature=None, forward_sender_name=None, forward_date=None, via_bot=None, has_protected_content=None, media_group_id=None, author_signature=None, reply_to_message=None, message=/echo 1, original_message=/echo 1, from_=User(id=7525835156, is_bot=False, first_name='?NepElder?', last_name=None, username=None, language_code='en', is_premium=None, added_to_attachment_menu=None, can_join_groups=None, can_read_all_group_messages=None, supports_inline_queries=None, can_connect_to_business=None, has_main_web_app=None))>]
2025-01-30 12:52:29.754 | TRACE    | nonebot:_check_matcher:401 - Rule conditions not met for Matcher(type='message', module=nonebot_plugin_status.onebot_v11, lineno=38)
2025-01-30 12:52:29.754 | TRACE    | nonebot:_check_matcher:401 - Rule conditions not met for Matcher(type='message', module=nonebot_plugin_status.common, lineno=17)
2025-01-30 12:52:29.754 | TRACE    | nonebot:_check_matcher:401 - Rule conditions not met for Matcher(type='', module=nonebot_plugin_status.onebot_v11, lineno=19)
2025-01-30 12:52:29.755 | TRACE    | nonebot:_check_matcher:401 - Rule conditions not met for Matcher(type='message', module=plugins.shutdown, lineno=17)
2025-01-30 12:52:29.755 | DEBUG    | nonebot:handle_event:601 - Checking for matchers completed
2025-01-30 12:52:32.999 | DEBUG    | nonebot:log:336 - Telegram | Calling API getUpdates
2025-01-30 12:52:32.999 | DEBUG    | nonebot:log:336 - Telegram | Calling API {'offset': '997538871', 'timeout': '30'}
2025-01-30 12:52:33.013 | DEBUG    | nonebot:log:336 - Telegram | {'message_id': 45, 'date': 1738259552, 'chat': {'id': 7525835156, 'type': 'private', 'first_name': '?NepElder?'}, 'message': [{'type': 'text', 'data': {'text': '来点色图'}}], 'original_message': [{'type': 'text', 'data': {'text': '来点色图'}}], 'from_': {'id': 7525835156, 'is_bot': False, 'first_name': '?NepElder?', 'language_code': 'en'}}
2025-01-30 12:52:33.013 | SUCCESS  | nonebot:handle_event:535 - Telegram 8186306331 | [message.private]: Message 45 from 7525835156: 来点色图
2025-01-30 12:52:33.013 | DEBUG    | nonebot:handle_event:573 - Checking for matchers in priority 1...
2025-01-30 12:52:33.014 | TRACE    | nonebot:_handle_skipped:102 - Dependent(call=_group) skipped due to [TypeMisMatch(param=event, type=GroupMessageEvent, value=PrivateMessageEvent(telegram_model=Update(update_id=997538870, message=Message(message_id=45, message_thread_id=None, from_=User(id=7525835156, is_bot=False, first_name='?NepElder?', last_name=None, username=None, language_code='en', is_premium=None, added_to_attachment_menu=None, can_join_groups=None, can_read_all_group_messages=None, supports_inline_queries=None, can_connect_to_business=None, has_main_web_app=None), sender_chat=None, sender_boost_count=None, sender_business_bot=None, date=1738259552, business_connection_id=None, chat=Chat(id=7525835156, type='private', title=None, username=None, first_name='?NepElder?', last_name=None, is_forum=None), forward_origin=None, is_topic_message=None, is_automatic_forward=None, reply_to_message=None, external_reply=None, quote=None, reply_to_story=None, via_bot=None, edit_date=None, has_protected_content=None, is_from_offline=None, media_group_id=None, author_signature=None, text=None, entities=None, link_preview_options=None, effect_id=None, animation=None, audio=None, document=None, paid_media=None, photo=None, sticker=None, story=None, video=None, video_note=None, voice=None, caption=None, caption_entities=None, show_caption_above_media=None, has_media_spoiler=None, contact=None, dice=None, game=None, poll=None, venue=None, location=None, new_chat_members=None, left_chat_member=None, new_chat_title=None, new_chat_photo=None, delete_chat_photo=None, group_chat_created=None, supergroup_chat_created=None, channel_chat_created=None, message_auto_delete_timer_changed=None, migrate_to_chat_id=None, migrate_from_chat_id=None, pinned_message=None, invoice=None, successful_payment=None, refunded_payment=None, users_shared=None, chat_shared=None, connected_website=None, write_access_allowed=None, passport_data=None, proximity_alert_triggered=None, boost_added=None, chat_background_set=None, forum_topic_created=None, forum_topic_edited=None, forum_topic_closed=None, forum_topic_reopened=None, general_forum_topic_hidden=None, general_forum_topic_unhidden=None, giveaway_created=None, giveaway=None, giveaway_winners=None, giveaway_completed=None, video_chat_scheduled=None, video_chat_started=None, video_chat_ended=None, video_chat_participants_invited=None, web_app_data=None, reply_markup=None), edited_message=None, channel_post=None, edited_channel_post=None, business_connection=None, business_message=None, edited_business_message=None, deleted_business_messages=None, message_reaction=None, message_reaction_count=None, inline_query=None, chosen_inline_result=None, callback_query=None, shipping_query=None, pre_checkout_query=None, purchased_paid_media=None, poll=None, poll_answer=None, my_chat_member=None, chat_member=None, chat_join_request=None, chat_boost=None, removed_chat_boost=None), message_id=45, date=1738259552, chat=Chat(id=7525835156, type='private', title=None, username=None, first_name='?NepElder?', last_name=None, is_forum=None), forward_from=None, forward_from_chat=None, forward_from_message_id=None, forward_signature=None, forward_sender_name=None, forward_date=None, via_bot=None, has_protected_content=None, media_group_id=None, author_signature=None, reply_to_message=None, message=来点色图, original_message=来点色图, from_=User(id=7525835156, is_bot=False, first_name='?NepElder?', last_name=None, username=None, language_code='en', is_premium=None, added_to_attachment_menu=None, can_join_groups=None, can_read_all_group_messages=None, supports_inline_queries=None, can_connect_to_business=None, has_main_web_app=None))>]
2025-01-30 12:52:33.014 | TRACE    | nonebot:_handle_skipped:102 - Dependent(call=_private_friend) skipped due to [TypeMisMatch(param=event, type=PrivateMessageEvent, value=PrivateMessageEvent(telegram_model=Update(update_id=997538870, message=Message(message_id=45, message_thread_id=None, from_=User(id=7525835156, is_bot=False, first_name='?NepElder?', last_name=None, username=None, language_code='en', is_premium=None, added_to_attachment_menu=None, can_join_groups=None, can_read_all_group_messages=None, supports_inline_queries=None, can_connect_to_business=None, has_main_web_app=None), sender_chat=None, sender_boost_count=None, sender_business_bot=None, date=1738259552, business_connection_id=None, chat=Chat(id=7525835156, type='private', title=None, username=None, first_name='?NepElder?', last_name=None, is_forum=None), forward_origin=None, is_topic_message=None, is_automatic_forward=None, reply_to_message=None, external_reply=None, quote=None, reply_to_story=None, via_bot=None, edit_date=None, has_protected_content=None, is_from_offline=None, media_group_id=None, author_signature=None, text=None, entities=None, link_preview_options=None, effect_id=None, animation=None, audio=None, document=None, paid_media=None, photo=None, sticker=None, story=None, video=None, video_note=None, voice=None, caption=None, caption_entities=None, show_caption_above_media=None, has_media_spoiler=None, contact=None, dice=None, game=None, poll=None, venue=None, location=None, new_chat_members=None, left_chat_member=None, new_chat_title=None, new_chat_photo=None, delete_chat_photo=None, group_chat_created=None, supergroup_chat_created=None, channel_chat_created=None, message_auto_delete_timer_changed=None, migrate_to_chat_id=None, migrate_from_chat_id=None, pinned_message=None, invoice=None, successful_payment=None, refunded_payment=None, users_shared=None, chat_shared=None, connected_website=None, write_access_allowed=None, passport_data=None, proximity_alert_triggered=None, boost_added=None, chat_background_set=None, forum_topic_created=None, forum_topic_edited=None, forum_topic_closed=None, forum_topic_reopened=None, general_forum_topic_hidden=None, general_forum_topic_unhidden=None, giveaway_created=None, giveaway=None, giveaway_winners=None, giveaway_completed=None, video_chat_scheduled=None, video_chat_started=None, video_chat_ended=None, video_chat_participants_invited=None, web_app_data=None, reply_markup=None), edited_message=None, channel_post=None, edited_channel_post=None, business_connection=None, business_message=None, edited_business_message=None, deleted_business_messages=None, message_reaction=None, message_reaction_count=None, inline_query=None, chosen_inline_result=None, callback_query=None, shipping_query=None, pre_checkout_query=None, purchased_paid_media=None, poll=None, poll_answer=None, my_chat_member=None, chat_member=None, chat_join_request=None, chat_boost=None, removed_chat_boost=None), message_id=45, date=1738259552, chat=Chat(id=7525835156, type='private', title=None, username=None, first_name='?NepElder?', last_name=None, is_forum=None), forward_from=None, forward_from_chat=None, forward_from_message_id=None, forward_signature=None, forward_sender_name=None, forward_date=None, via_bot=None, has_protected_content=None, media_group_id=None, author_signature=None, reply_to_message=None, message=来点色图, original_message=来点色图, from_=User(id=7525835156, is_bot=False, first_name='?NepElder?', last_name=None, username=None, language_code='en', is_premium=None, added_to_attachment_menu=None, can_join_groups=None, can_read_all_group_messages=None, supports_inline_queries=None, can_connect_to_business=None, has_main_web_app=None))>]
2025-01-30 12:52:33.014 | TRACE    | nonebot:_check_matcher:391 - Permission conditions not met for Matcher(type='message', module=nonebot_plugin_setu_now, lineno=61)
2025-01-30 12:52:33.016 | TRACE    | nonebot:_check_matcher:401 - Rule conditions not met for Matcher(type='message', module=nonebot.plugins.echo, lineno=17)
2025-01-30 12:52:33.016 | TRACE    | nonebot:_check_matcher:401 - Rule conditions not met for Matcher(type='message', module=YetAnotherPicSearch.__main__, lineno=330)
2025-01-30 12:52:33.016 | TRACE    | nonebot:_check_matcher:401 - Rule conditions not met for Matcher(type='message', module=nonebot_plugin_setu_now, lineno=189)
2025-01-30 12:52:33.016 | TRACE    | nonebot:_check_matcher:401 - Rule conditions not met for Matcher(type='message', module=nonebot_plugin_setu_now.r18_whitelist, lineno=20)
2025-01-30 12:52:33.016 | TRACE    | nonebot:_check_matcher:401 - Rule conditions not met for Matcher(type='message', module=nonebot_plugin_setu_now.r18_whitelist, lineno=39)
2025-01-30 12:52:33.016 | DEBUG    | nonebot:handle_event:573 - Checking for matchers in priority 2...
2025-01-30 12:52:33.017 | TRACE    | nonebot:_check_matcher:401 - Rule conditions not met for Matcher(type='message', module=YetAnotherPicSearch.__main__, lineno=333)
2025-01-30 12:52:33.017 | DEBUG    | nonebot:handle_event:573 - Checking for matchers in priority 10...
2025-01-30 12:52:33.017 | TRACE    | nonebot:_handle_skipped:102 - Dependent(call=_poke) skipped due to [TypeMisMatch(param=event, type=PrivateMessageEvent, value=PrivateMessageEvent(telegram_model=Update(update_id=997538870, message=Message(message_id=45, message_thread_id=None, from_=User(id=7525835156, is_bot=False, first_name='?NepElder?', last_name=None, username=None, language_code='en', is_premium=None, added_to_attachment_menu=None, can_join_groups=None, can_read_all_group_messages=None, supports_inline_queries=None, can_connect_to_business=None, has_main_web_app=None), sender_chat=None, sender_boost_count=None, sender_business_bot=None, date=1738259552, business_connection_id=None, chat=Chat(id=7525835156, type='private', title=None, username=None, first_name='?NepElder?', last_name=None, is_forum=None), forward_origin=None, is_topic_message=None, is_automatic_forward=None, reply_to_message=None, external_reply=None, quote=None, reply_to_story=None, via_bot=None, edit_date=None, has_protected_content=None, is_from_offline=None, media_group_id=None, author_signature=None, text=None, entities=None, link_preview_options=None, effect_id=None, animation=None, audio=None, document=None, paid_media=None, photo=None, sticker=None, story=None, video=None, video_note=None, voice=None, caption=None, caption_entities=None, show_caption_above_media=None, has_media_spoiler=None, contact=None, dice=None, game=None, poll=None, venue=None, location=None, new_chat_members=None, left_chat_member=None, new_chat_title=None, new_chat_photo=None, delete_chat_photo=None, group_chat_created=None, supergroup_chat_created=None, channel_chat_created=None, message_auto_delete_timer_changed=None, migrate_to_chat_id=None, migrate_from_chat_id=None, pinned_message=None, invoice=None, successful_payment=None, refunded_payment=None, users_shared=None, chat_shared=None, connected_website=None, write_access_allowed=None, passport_data=None, proximity_alert_triggered=None, boost_added=None, chat_background_set=None, forum_topic_created=None, forum_topic_edited=None, forum_topic_closed=None, forum_topic_reopened=None, general_forum_topic_hidden=None, general_forum_topic_unhidden=None, giveaway_created=None, giveaway=None, giveaway_winners=None, giveaway_completed=None, video_chat_scheduled=None, video_chat_started=None, video_chat_ended=None, video_chat_participants_invited=None, web_app_data=None, reply_markup=None), edited_message=None, channel_post=None, edited_channel_post=None, business_connection=None, business_message=None, edited_business_message=None, deleted_business_messages=None, message_reaction=None, message_reaction_count=None, inline_query=None, chosen_inline_result=None, callback_query=None, shipping_query=None, pre_checkout_query=None, purchased_paid_media=None, poll=None, poll_answer=None, my_chat_member=None, chat_member=None, chat_join_request=None, chat_boost=None, removed_chat_boost=None), message_id=45, date=1738259552, chat=Chat(id=7525835156, type='private', title=None, username=None, first_name='?NepElder?', last_name=None, is_forum=None), forward_from=None, forward_from_chat=None, forward_from_message_id=None, forward_signature=None, forward_sender_name=None, forward_date=None, via_bot=None, has_protected_content=None, media_group_id=None, author_signature=None, reply_to_message=None, message=来点色图, original_message=来点色图, from_=User(id=7525835156, is_bot=False, first_name='?NepElder?', last_name=None, username=None, language_code='en', is_premium=None, added_to_attachment_menu=None, can_join_groups=None, can_read_all_group_messages=None, supports_inline_queries=None, can_connect_to_business=None, has_main_web_app=None))>]
2025-01-30 12:52:33.018 | TRACE    | nonebot:_check_matcher:401 - Rule conditions not met for Matcher(type='message', module=nonebot_plugin_status.onebot_v11, lineno=38)
2025-01-30 12:52:33.018 | TRACE    | nonebot:_check_matcher:401 - Rule conditions not met for Matcher(type='message', module=nonebot_plugin_status.common, lineno=17)
2025-01-30 12:52:33.018 | TRACE    | nonebot:_check_matcher:401 - Rule conditions not met for Matcher(type='', module=nonebot_plugin_status.onebot_v11, lineno=19)
2025-01-30 12:52:33.018 | TRACE    | nonebot:_check_matcher:401 - Rule conditions not met for Matcher(type='message', module=plugins.shutdown, lineno=17)
2025-01-30 12:52:33.018 | DEBUG    | nonebot:handle_event:601 - Checking for matchers completed
2025-01-30 12:53:03.378 | DEBUG    | nonebot:log:336 - Telegram | Calling API getUpdates
2025-01-30 12:53:03.378 | DEBUG    | nonebot:log:336 - Telegram | Calling API {'offset': '997538871', 'timeout': '30'}
2025-01-30 12:53:33.803 | DEBUG    | nonebot:log:336 - Telegram | Calling API getUpdates
2025-01-30 12:53:33.804 | DEBUG    | nonebot:log:336 - Telegram | Calling API {'offset': '997538871', 'timeout': '30'}
2025-01-30 12:53:53.845 | DEBUG    | nonebot:log:336 - Telegram | Calling API getUpdates
2025-01-30 12:53:53.845 | DEBUG    | nonebot:log:336 - Telegram | Calling API {'offset': '997538872', 'timeout': '30'}
2025-01-30 12:53:53.861 | DEBUG    | nonebot:log:336 - Telegram | {'message_id': 46, 'date': 1738259633, 'chat': {'id': 7525835156, 'type': 'private', 'first_name': '?NepElder?'}, 'message': [{'type': 'text', 'data': {'text': '/开启涩涩'}}], 'original_message': [{'type': 'text', 'data': {'text': '/开启涩涩'}}], 'from_': {'id': 7525835156, 'is_bot': False, 'first_name': '?NepElder?', 'language_code': 'en'}}
2025-01-30 12:53:53.862 | SUCCESS  | nonebot:handle_event:535 - Telegram 8186306331 | [message.private]: Message 46 from 7525835156: /开启涩涩
2025-01-30 12:53:53.862 | DEBUG    | nonebot:handle_event:573 - Checking for matchers in priority 1...
2025-01-30 12:53:53.863 | TRACE    | nonebot:_handle_skipped:102 - Dependent(call=_group) skipped due to [TypeMisMatch(param=event, type=GroupMessageEvent, value=PrivateMessageEvent(telegram_model=Update(update_id=997538871, message=Message(message_id=46, message_thread_id=None, from_=User(id=7525835156, is_bot=False, first_name='?NepElder?', last_name=None, username=None, language_code='en', is_premium=None, added_to_attachment_menu=None, can_join_groups=None, can_read_all_group_messages=None, supports_inline_queries=None, can_connect_to_business=None, has_main_web_app=None), sender_chat=None, sender_boost_count=None, sender_business_bot=None, date=1738259633, business_connection_id=None, chat=Chat(id=7525835156, type='private', title=None, username=None, first_name='?NepElder?', last_name=None, is_forum=None), forward_origin=None, is_topic_message=None, is_automatic_forward=None, reply_to_message=None, external_reply=None, quote=None, reply_to_story=None, via_bot=None, edit_date=None, has_protected_content=None, is_from_offline=None, media_group_id=None, author_signature=None, text=None, entities=None, link_preview_options=None, effect_id=None, animation=None, audio=None, document=None, paid_media=None, photo=None, sticker=None, story=None, video=None, video_note=None, voice=None, caption=None, caption_entities=None, show_caption_above_media=None, has_media_spoiler=None, contact=None, dice=None, game=None, poll=None, venue=None, location=None, new_chat_members=None, left_chat_member=None, new_chat_title=None, new_chat_photo=None, delete_chat_photo=None, group_chat_created=None, supergroup_chat_created=None, channel_chat_created=None, message_auto_delete_timer_changed=None, migrate_to_chat_id=None, migrate_from_chat_id=None, pinned_message=None, invoice=None, successful_payment=None, refunded_payment=None, users_shared=None, chat_shared=None, connected_website=None, write_access_allowed=None, passport_data=None, proximity_alert_triggered=None, boost_added=None, chat_background_set=None, forum_topic_created=None, forum_topic_edited=None, forum_topic_closed=None, forum_topic_reopened=None, general_forum_topic_hidden=None, general_forum_topic_unhidden=None, giveaway_created=None, giveaway=None, giveaway_winners=None, giveaway_completed=None, video_chat_scheduled=None, video_chat_started=None, video_chat_ended=None, video_chat_participants_invited=None, web_app_data=None, reply_markup=None), edited_message=None, channel_post=None, edited_channel_post=None, business_connection=None, business_message=None, edited_business_message=None, deleted_business_messages=None, message_reaction=None, message_reaction_count=None, inline_query=None, chosen_inline_result=None, callback_query=None, shipping_query=None, pre_checkout_query=None, purchased_paid_media=None, poll=None, poll_answer=None, my_chat_member=None, chat_member=None, chat_join_request=None, chat_boost=None, removed_chat_boost=None), message_id=46, date=1738259633, chat=Chat(id=7525835156, type='private', title=None, username=None, first_name='?NepElder?', last_name=None, is_forum=None), forward_from=None, forward_from_chat=None, forward_from_message_id=None, forward_signature=None, forward_sender_name=None, forward_date=None, via_bot=None, has_protected_content=None, media_group_id=None, author_signature=None, reply_to_message=None, message=/开启涩涩, original_message=/开启涩涩, from_=User(id=7525835156, is_bot=False, first_name='?NepElder?', last_name=None, username=None, language_code='en', is_premium=None, added_to_attachment_menu=None, can_join_groups=None, can_read_all_group_messages=None, supports_inline_queries=None, can_connect_to_business=None, has_main_web_app=None))>]
2025-01-30 12:53:53.863 | TRACE    | nonebot:_handle_skipped:102 - Dependent(call=_private_friend) skipped due to [TypeMisMatch(param=event, type=PrivateMessageEvent, value=PrivateMessageEvent(telegram_model=Update(update_id=997538871, message=Message(message_id=46, message_thread_id=None, from_=User(id=7525835156, is_bot=False, first_name='?NepElder?', last_name=None, username=None, language_code='en', is_premium=None, added_to_attachment_menu=None, can_join_groups=None, can_read_all_group_messages=None, supports_inline_queries=None, can_connect_to_business=None, has_main_web_app=None), sender_chat=None, sender_boost_count=None, sender_business_bot=None, date=1738259633, business_connection_id=None, chat=Chat(id=7525835156, type='private', title=None, username=None, first_name='?NepElder?', last_name=None, is_forum=None), forward_origin=None, is_topic_message=None, is_automatic_forward=None, reply_to_message=None, external_reply=None, quote=None, reply_to_story=None, via_bot=None, edit_date=None, has_protected_content=None, is_from_offline=None, media_group_id=None, author_signature=None, text=None, entities=None, link_preview_options=None, effect_id=None, animation=None, audio=None, document=None, paid_media=None, photo=None, sticker=None, story=None, video=None, video_note=None, voice=None, caption=None, caption_entities=None, show_caption_above_media=None, has_media_spoiler=None, contact=None, dice=None, game=None, poll=None, venue=None, location=None, new_chat_members=None, left_chat_member=None, new_chat_title=None, new_chat_photo=None, delete_chat_photo=None, group_chat_created=None, supergroup_chat_created=None, channel_chat_created=None, message_auto_delete_timer_changed=None, migrate_to_chat_id=None, migrate_from_chat_id=None, pinned_message=None, invoice=None, successful_payment=None, refunded_payment=None, users_shared=None, chat_shared=None, connected_website=None, write_access_allowed=None, passport_data=None, proximity_alert_triggered=None, boost_added=None, chat_background_set=None, forum_topic_created=None, forum_topic_edited=None, forum_topic_closed=None, forum_topic_reopened=None, general_forum_topic_hidden=None, general_forum_topic_unhidden=None, giveaway_created=None, giveaway=None, giveaway_winners=None, giveaway_completed=None, video_chat_scheduled=None, video_chat_started=None, video_chat_ended=None, video_chat_participants_invited=None, web_app_data=None, reply_markup=None), edited_message=None, channel_post=None, edited_channel_post=None, business_connection=None, business_message=None, edited_business_message=None, deleted_business_messages=None, message_reaction=None, message_reaction_count=None, inline_query=None, chosen_inline_result=None, callback_query=None, shipping_query=None, pre_checkout_query=None, purchased_paid_media=None, poll=None, poll_answer=None, my_chat_member=None, chat_member=None, chat_join_request=None, chat_boost=None, removed_chat_boost=None), message_id=46, date=1738259633, chat=Chat(id=7525835156, type='private', title=None, username=None, first_name='?NepElder?', last_name=None, is_forum=None), forward_from=None, forward_from_chat=None, forward_from_message_id=None, forward_signature=None, forward_sender_name=None, forward_date=None, via_bot=None, has_protected_content=None, media_group_id=None, author_signature=None, reply_to_message=None, message=/开启涩涩, original_message=/开启涩涩, from_=User(id=7525835156, is_bot=False, first_name='?NepElder?', last_name=None, username=None, language_code='en', is_premium=None, added_to_attachment_menu=None, can_join_groups=None, can_read_all_group_messages=None, supports_inline_queries=None, can_connect_to_business=None, has_main_web_app=None))>]
2025-01-30 12:53:53.864 | TRACE    | nonebot:_check_matcher:391 - Permission conditions not met for Matcher(type='message', module=nonebot_plugin_setu_now, lineno=61)
2025-01-30 12:53:53.866 | TRACE    | nonebot:_check_matcher:401 - Rule conditions not met for Matcher(type='message', module=nonebot.plugins.echo, lineno=17)
2025-01-30 12:53:53.866 | TRACE    | nonebot:_check_matcher:401 - Rule conditions not met for Matcher(type='message', module=YetAnotherPicSearch.__main__, lineno=330)
2025-01-30 12:53:53.866 | TRACE    | nonebot:_check_matcher:401 - Rule conditions not met for Matcher(type='message', module=nonebot_plugin_setu_now, lineno=189)
2025-01-30 12:53:53.866 | INFO     | nonebot:_run_matcher:435 - Event will be handled by Matcher(type='message', module=nonebot_plugin_setu_now.r18_whitelist, lineno=20)
2025-01-30 12:53:53.866 | DEBUG    | nonebot:_run_matcher:455 - Running Matcher(type='message', module=nonebot_plugin_setu_now.r18_whitelist, lineno=20)
2025-01-30 12:53:53.867 | TRACE    | nonebot:simple_run:838 - Matcher(type='message', module=nonebot_plugin_setu_now.r18_whitelist, lineno=20) run with incoming args: bot=Bot(type='Telegram', self_id='8186306331'), event=PrivateMessageEvent(telegram_model=Update(update_id=997538871, message=Message(message_id=46, message_thread_id=None, from_=User(id=7525835156, is_bot=False, first_name='?NepElder?', last_name=None, username=None, language_code='en', is_premium=None, added_to_attachment_menu=None, can_join_groups=None, can_read_all_group_messages=None, supports_inline_queries=None, can_connect_to_business=None, has_main_web_app=None), sender_chat=None, sender_boost_count=None, sender_business_bot=None, date=1738259633, business_connection_id=None, chat=Chat(id=7525835156, type='private', title=None, username=None, first_name='?NepElder?', last_name=None, is_forum=None), forward_origin=None, is_topic_message=None, is_automatic_forward=None, reply_to_message=None, external_reply=None, quote=None, reply_to_story=None, via_bot=None, edit_date=None, has_protected_content=None, is_from_offline=None, media_group_id=None, author_signature=None, text=None, entities=None, link_preview_options=None, effect_id=None, animation=None, audio=None, document=None, paid_media=None, photo=None, sticker=None, story=None, video=None, video_note=None, voice=None, caption=None, caption_entities=None, show_caption_above_media=None, has_media_spoiler=None, contact=None, dice=None, game=None, poll=None, venue=None, location=None, new_chat_members=None, left_chat_member=None, new_chat_title=None, new_chat_photo=None, delete_chat_photo=None, group_chat_created=None, supergroup_chat_created=None, channel_chat_created=None, message_auto_delete_timer_changed=None, migrate_to_chat_id=None, migrate_from_chat_id=None, pinned_message=None, invoice=None, successful_payment=None, refunded_payment=None, users_shared=None, chat_shared=None, connected_website=None, write_access_allowed=None, passport_data=None, proximity_alert_triggered=None, boost_added=None, chat_background_set=None, forum_topic_created=None, forum_topic_edited=None, forum_topic_closed=None, forum_topic_reopened=None, general_forum_topic_hidden=None, general_forum_topic_unhidden=None, giveaway_created=None, giveaway=None, giveaway_winners=None, giveaway_completed=None, video_chat_scheduled=None, video_chat_started=None, video_chat_ended=None, video_chat_participants_invited=None, web_app_data=None, reply_markup=None), edited_message=None, channel_post=None, edited_channel_post=None, business_connection=None, business_message=None, edited_business_message=None, deleted_business_messages=None, message_reaction=None, message_reaction_count=None, inline_query=None, chosen_inline_result=None, callback_query=None, shipping_query=None, pre_checkout_query=None, purchased_paid_media=None, poll=None, poll_answer=None, my_chat_member=None, chat_member=None, chat_join_request=None, chat_boost=None, removed_chat_boost=None), message_id=46, date=1738259633, chat=Chat(id=7525835156, type='private', title=None, username=None, first_name='?NepElder?', last_name=None, is_forum=None), forward_from=None, forward_from_chat=None, forward_from_message_id=None, forward_signature=None, forward_sender_name=None, forward_date=None, via_bot=None, has_protected_content=None, media_group_id=None, author_signature=None, reply_to_message=None, message=/开启涩涩, original_message=/开启涩涩, from_=User(id=7525835156, is_bot=False, first_name='?NepElder?', last_name=None, username=None, language_code='en', is_premium=None, added_to_attachment_menu=None, can_join_groups=None, can_read_all_group_messages=None, supports_inline_queries=None, can_connect_to_business=None, has_main_web_app=None)), state={'_prefix': {'command': ('开启涩涩',), 'raw_command': '/开启涩涩', 'command_arg': , 'command_start': '/', 'command_whitespace': None}}
2025-01-30 12:53:53.867 | DEBUG    | nonebot:simple_run:855 - Running handler Dependent(call=_)
2025-01-30 12:53:53.867 | TRACE    | nonebot:_check_matcher:401 - Rule conditions not met for Matcher(type='message', module=nonebot_plugin_setu_now.r18_whitelist, lineno=39)
2025-01-30 12:53:53.868 | TRACE    | nonebot:_handle_skipped:102 - Dependent(call=_) skipped due to [TypeMisMatch(param=event, type=GroupMessageEvent, value=PrivateMessageEvent(telegram_model=Update(update_id=997538871, message=Message(message_id=46, message_thread_id=None, from_=User(id=7525835156, is_bot=False, first_name='?NepElder?', last_name=None, username=None, language_code='en', is_premium=None, added_to_attachment_menu=None, can_join_groups=None, can_read_all_group_messages=None, supports_inline_queries=None, can_connect_to_business=None, has_main_web_app=None), sender_chat=None, sender_boost_count=None, sender_business_bot=None, date=1738259633, business_connection_id=None, chat=Chat(id=7525835156, type='private', title=None, username=None, first_name='?NepElder?', last_name=None, is_forum=None), forward_origin=None, is_topic_message=None, is_automatic_forward=None, reply_to_message=None, external_reply=None, quote=None, reply_to_story=None, via_bot=None, edit_date=None, has_protected_content=None, is_from_offline=None, media_group_id=None, author_signature=None, text=None, entities=None, link_preview_options=None, effect_id=None, animation=None, audio=None, document=None, paid_media=None, photo=None, sticker=None, story=None, video=None, video_note=None, voice=None, caption=None, caption_entities=None, show_caption_above_media=None, has_media_spoiler=None, contact=None, dice=None, game=None, poll=None, venue=None, location=None, new_chat_members=None, left_chat_member=None, new_chat_title=None, new_chat_photo=None, delete_chat_photo=None, group_chat_created=None, supergroup_chat_created=None, channel_chat_created=None, message_auto_delete_timer_changed=None, migrate_to_chat_id=None, migrate_from_chat_id=None, pinned_message=None, invoice=None, successful_payment=None, refunded_payment=None, users_shared=None, chat_shared=None, connected_website=None, write_access_allowed=None, passport_data=None, proximity_alert_triggered=None, boost_added=None, chat_background_set=None, forum_topic_created=None, forum_topic_edited=None, forum_topic_closed=None, forum_topic_reopened=None, general_forum_topic_hidden=None, general_forum_topic_unhidden=None, giveaway_created=None, giveaway=None, giveaway_winners=None, giveaway_completed=None, video_chat_scheduled=None, video_chat_started=None, video_chat_ended=None, video_chat_participants_invited=None, web_app_data=None, reply_markup=None), edited_message=None, channel_post=None, edited_channel_post=None, business_connection=None, business_message=None, edited_business_message=None, deleted_business_messages=None, message_reaction=None, message_reaction_count=None, inline_query=None, chosen_inline_result=None, callback_query=None, shipping_query=None, pre_checkout_query=None, purchased_paid_media=None, poll=None, poll_answer=None, my_chat_member=None, chat_member=None, chat_join_request=None, chat_boost=None, removed_chat_boost=None), message_id=46, date=1738259633, chat=Chat(id=7525835156, type='private', title=None, username=None, first_name='?NepElder?', last_name=None, is_forum=None), forward_from=None, forward_from_chat=None, forward_from_message_id=None, forward_signature=None, forward_sender_name=None, forward_date=None, via_bot=None, has_protected_content=None, media_group_id=None, author_signature=None, reply_to_message=None, message=/开启涩涩, original_message=/开启涩涩, from_=User(id=7525835156, is_bot=False, first_name='?NepElder?', last_name=None, username=None, language_code='en', is_premium=None, added_to_attachment_menu=None, can_join_groups=None, can_read_all_group_messages=None, supports_inline_queries=None, can_connect_to_business=None, has_main_web_app=None))>]
2025-01-30 12:53:53.868 | DEBUG    | nonebot:_handle_skipped:860 - Handler Dependent(call=_) skipped
2025-01-30 12:53:53.869 | INFO     | nonebot:simple_run:872 - Matcher(type='message', module=nonebot_plugin_setu_now.r18_whitelist, lineno=20) running complete
2025-01-30 12:53:53.869 | TRACE    | nonebot:_handle_skipped:102 - Dependent(call=_exit_executor) skipped due to [TypeMisMatch(param=matcher, type=AlconnaMatcher, value=Matcher(type='message', module=nonebot_plugin_setu_now.r18_whitelist, lineno=20)>]
2025-01-30 12:53:53.869 | DEBUG    | nonebot:handle_event:573 - Checking for matchers in priority 2...
2025-01-30 12:53:53.870 | TRACE    | nonebot:_check_matcher:401 - Rule conditions not met for Matcher(type='message', module=YetAnotherPicSearch.__main__, lineno=333)
2025-01-30 12:53:53.870 | DEBUG    | nonebot:handle_event:573 - Checking for matchers in priority 10...
2025-01-30 12:53:53.871 | TRACE    | nonebot:_handle_skipped:102 - Dependent(call=_poke) skipped due to [TypeMisMatch(param=event, type=PrivateMessageEvent, value=PrivateMessageEvent(telegram_model=Update(update_id=997538871, message=Message(message_id=46, message_thread_id=None, from_=User(id=7525835156, is_bot=False, first_name='?NepElder?', last_name=None, username=None, language_code='en', is_premium=None, added_to_attachment_menu=None, can_join_groups=None, can_read_all_group_messages=None, supports_inline_queries=None, can_connect_to_business=None, has_main_web_app=None), sender_chat=None, sender_boost_count=None, sender_business_bot=None, date=1738259633, business_connection_id=None, chat=Chat(id=7525835156, type='private', title=None, username=None, first_name='?NepElder?', last_name=None, is_forum=None), forward_origin=None, is_topic_message=None, is_automatic_forward=None, reply_to_message=None, external_reply=None, quote=None, reply_to_story=None, via_bot=None, edit_date=None, has_protected_content=None, is_from_offline=None, media_group_id=None, author_signature=None, text=None, entities=None, link_preview_options=None, effect_id=None, animation=None, audio=None, document=None, paid_media=None, photo=None, sticker=None, story=None, video=None, video_note=None, voice=None, caption=None, caption_entities=None, show_caption_above_media=None, has_media_spoiler=None, contact=None, dice=None, game=None, poll=None, venue=None, location=None, new_chat_members=None, left_chat_member=None, new_chat_title=None, new_chat_photo=None, delete_chat_photo=None, group_chat_created=None, supergroup_chat_created=None, channel_chat_created=None, message_auto_delete_timer_changed=None, migrate_to_chat_id=None, migrate_from_chat_id=None, pinned_message=None, invoice=None, successful_payment=None, refunded_payment=None, users_shared=None, chat_shared=None, connected_website=None, write_access_allowed=None, passport_data=None, proximity_alert_triggered=None, boost_added=None, chat_background_set=None, forum_topic_created=None, forum_topic_edited=None, forum_topic_closed=None, forum_topic_reopened=None, general_forum_topic_hidden=None, general_forum_topic_unhidden=None, giveaway_created=None, giveaway=None, giveaway_winners=None, giveaway_completed=None, video_chat_scheduled=None, video_chat_started=None, video_chat_ended=None, video_chat_participants_invited=None, web_app_data=None, reply_markup=None), edited_message=None, channel_post=None, edited_channel_post=None, business_connection=None, business_message=None, edited_business_message=None, deleted_business_messages=None, message_reaction=None, message_reaction_count=None, inline_query=None, chosen_inline_result=None, callback_query=None, shipping_query=None, pre_checkout_query=None, purchased_paid_media=None, poll=None, poll_answer=None, my_chat_member=None, chat_member=None, chat_join_request=None, chat_boost=None, removed_chat_boost=None), message_id=46, date=1738259633, chat=Chat(id=7525835156, type='private', title=None, username=None, first_name='?NepElder?', last_name=None, is_forum=None), forward_from=None, forward_from_chat=None, forward_from_message_id=None, forward_signature=None, forward_sender_name=None, forward_date=None, via_bot=None, has_protected_content=None, media_group_id=None, author_signature=None, reply_to_message=None, message=/开启涩涩, original_message=/开启涩涩, from_=User(id=7525835156, is_bot=False, first_name='?NepElder?', last_name=None, username=None, language_code='en', is_premium=None, added_to_attachment_menu=None, can_join_groups=None, can_read_all_group_messages=None, supports_inline_queries=None, can_connect_to_business=None, has_main_web_app=None))>]
2025-01-30 12:53:53.871 | TRACE    | nonebot:_check_matcher:401 - Rule conditions not met for Matcher(type='message', module=nonebot_plugin_status.onebot_v11, lineno=38)
2025-01-30 12:53:53.872 | TRACE    | nonebot:_check_matcher:401 - Rule conditions not met for Matcher(type='message', module=nonebot_plugin_status.common, lineno=17)
2025-01-30 12:53:53.872 | TRACE    | nonebot:_check_matcher:401 - Rule conditions not met for Matcher(type='', module=nonebot_plugin_status.onebot_v11, lineno=19)
2025-01-30 12:53:53.872 | TRACE    | nonebot:_check_matcher:401 - Rule conditions not met for Matcher(type='message', module=plugins.shutdown, lineno=17)
2025-01-30 12:53:53.872 | DEBUG    | nonebot:handle_event:601 - Checking for matchers completed
2025-01-30 12:54:24.287 | DEBUG    | nonebot:log:336 - Telegram | Calling API getUpdates
2025-01-30 12:54:24.287 | DEBUG    | nonebot:log:336 - Telegram | Calling API {'offset': '997538872', 'timeout': '30'}
2025-01-30 12:54:54.706 | DEBUG    | nonebot:log:336 - Telegram | Calling API getUpdates
2025-01-30 12:54:54.706 | DEBUG    | nonebot:log:336 - Telegram | Calling API {'offset': '997538872', 'timeout': '30'}
2025-01-30 12:55:13.502 | DEBUG    | nonebot:log:336 - Telegram | Calling API getUpdates
2025-01-30 12:55:13.502 | DEBUG    | nonebot:log:336 - Telegram | Calling API {'offset': '997538873', 'timeout': '30'}
2025-01-30 12:55:13.518 | DEBUG    | nonebot:log:336 - Telegram | {'message_id': 47, 'date': 1738259713, 'chat': {'id': 7525835156, 'type': 'private', 'first_name': '?NepElder?'}, 'message': [{'type': 'text', 'data': {'text': '/色图'}}], 'original_message': [{'type': 'text', 'data': {'text': '/色图'}}], 'from_': {'id': 7525835156, 'is_bot': False, 'first_name': '?NepElder?', 'language_code': 'en'}}
2025-01-30 12:55:13.518 | SUCCESS  | nonebot:handle_event:535 - Telegram 8186306331 | [message.private]: Message 47 from 7525835156: /色图
2025-01-30 12:55:13.518 | DEBUG    | nonebot:handle_event:573 - Checking for matchers in priority 1...
2025-01-30 12:55:13.519 | TRACE    | nonebot:_handle_skipped:102 - Dependent(call=_group) skipped due to [TypeMisMatch(param=event, type=GroupMessageEvent, value=PrivateMessageEvent(telegram_model=Update(update_id=997538872, message=Message(message_id=47, message_thread_id=None, from_=User(id=7525835156, is_bot=False, first_name='?NepElder?', last_name=None, username=None, language_code='en', is_premium=None, added_to_attachment_menu=None, can_join_groups=None, can_read_all_group_messages=None, supports_inline_queries=None, can_connect_to_business=None, has_main_web_app=None), sender_chat=None, sender_boost_count=None, sender_business_bot=None, date=1738259713, business_connection_id=None, chat=Chat(id=7525835156, type='private', title=None, username=None, first_name='?NepElder?', last_name=None, is_forum=None), forward_origin=None, is_topic_message=None, is_automatic_forward=None, reply_to_message=None, external_reply=None, quote=None, reply_to_story=None, via_bot=None, edit_date=None, has_protected_content=None, is_from_offline=None, media_group_id=None, author_signature=None, text=None, entities=None, link_preview_options=None, effect_id=None, animation=None, audio=None, document=None, paid_media=None, photo=None, sticker=None, story=None, video=None, video_note=None, voice=None, caption=None, caption_entities=None, show_caption_above_media=None, has_media_spoiler=None, contact=None, dice=None, game=None, poll=None, venue=None, location=None, new_chat_members=None, left_chat_member=None, new_chat_title=None, new_chat_photo=None, delete_chat_photo=None, group_chat_created=None, supergroup_chat_created=None, channel_chat_created=None, message_auto_delete_timer_changed=None, migrate_to_chat_id=None, migrate_from_chat_id=None, pinned_message=None, invoice=None, successful_payment=None, refunded_payment=None, users_shared=None, chat_shared=None, connected_website=None, write_access_allowed=None, passport_data=None, proximity_alert_triggered=None, boost_added=None, chat_background_set=None, forum_topic_created=None, forum_topic_edited=None, forum_topic_closed=None, forum_topic_reopened=None, general_forum_topic_hidden=None, general_forum_topic_unhidden=None, giveaway_created=None, giveaway=None, giveaway_winners=None, giveaway_completed=None, video_chat_scheduled=None, video_chat_started=None, video_chat_ended=None, video_chat_participants_invited=None, web_app_data=None, reply_markup=None), edited_message=None, channel_post=None, edited_channel_post=None, business_connection=None, business_message=None, edited_business_message=None, deleted_business_messages=None, message_reaction=None, message_reaction_count=None, inline_query=None, chosen_inline_result=None, callback_query=None, shipping_query=None, pre_checkout_query=None, purchased_paid_media=None, poll=None, poll_answer=None, my_chat_member=None, chat_member=None, chat_join_request=None, chat_boost=None, removed_chat_boost=None), message_id=47, date=1738259713, chat=Chat(id=7525835156, type='private', title=None, username=None, first_name='?NepElder?', last_name=None, is_forum=None), forward_from=None, forward_from_chat=None, forward_from_message_id=None, forward_signature=None, forward_sender_name=None, forward_date=None, via_bot=None, has_protected_content=None, media_group_id=None, author_signature=None, reply_to_message=None, message=/色图, original_message=/色图, from_=User(id=7525835156, is_bot=False, first_name='?NepElder?', last_name=None, username=None, language_code='en', is_premium=None, added_to_attachment_menu=None, can_join_groups=None, can_read_all_group_messages=None, supports_inline_queries=None, can_connect_to_business=None, has_main_web_app=None))>]
2025-01-30 12:55:13.520 | TRACE    | nonebot:_handle_skipped:102 - Dependent(call=_private_friend) skipped due to [TypeMisMatch(param=event, type=PrivateMessageEvent, value=PrivateMessageEvent(telegram_model=Update(update_id=997538872, message=Message(message_id=47, message_thread_id=None, from_=User(id=7525835156, is_bot=False, first_name='?NepElder?', last_name=None, username=None, language_code='en', is_premium=None, added_to_attachment_menu=None, can_join_groups=None, can_read_all_group_messages=None, supports_inline_queries=None, can_connect_to_business=None, has_main_web_app=None), sender_chat=None, sender_boost_count=None, sender_business_bot=None, date=1738259713, business_connection_id=None, chat=Chat(id=7525835156, type='private', title=None, username=None, first_name='?NepElder?', last_name=None, is_forum=None), forward_origin=None, is_topic_message=None, is_automatic_forward=None, reply_to_message=None, external_reply=None, quote=None, reply_to_story=None, via_bot=None, edit_date=None, has_protected_content=None, is_from_offline=None, media_group_id=None, author_signature=None, text=None, entities=None, link_preview_options=None, effect_id=None, animation=None, audio=None, document=None, paid_media=None, photo=None, sticker=None, story=None, video=None, video_note=None, voice=None, caption=None, caption_entities=None, show_caption_above_media=None, has_media_spoiler=None, contact=None, dice=None, game=None, poll=None, venue=None, location=None, new_chat_members=None, left_chat_member=None, new_chat_title=None, new_chat_photo=None, delete_chat_photo=None, group_chat_created=None, supergroup_chat_created=None, channel_chat_created=None, message_auto_delete_timer_changed=None, migrate_to_chat_id=None, migrate_from_chat_id=None, pinned_message=None, invoice=None, successful_payment=None, refunded_payment=None, users_shared=None, chat_shared=None, connected_website=None, write_access_allowed=None, passport_data=None, proximity_alert_triggered=None, boost_added=None, chat_background_set=None, forum_topic_created=None, forum_topic_edited=None, forum_topic_closed=None, forum_topic_reopened=None, general_forum_topic_hidden=None, general_forum_topic_unhidden=None, giveaway_created=None, giveaway=None, giveaway_winners=None, giveaway_completed=None, video_chat_scheduled=None, video_chat_started=None, video_chat_ended=None, video_chat_participants_invited=None, web_app_data=None, reply_markup=None), edited_message=None, channel_post=None, edited_channel_post=None, business_connection=None, business_message=None, edited_business_message=None, deleted_business_messages=None, message_reaction=None, message_reaction_count=None, inline_query=None, chosen_inline_result=None, callback_query=None, shipping_query=None, pre_checkout_query=None, purchased_paid_media=None, poll=None, poll_answer=None, my_chat_member=None, chat_member=None, chat_join_request=None, chat_boost=None, removed_chat_boost=None), message_id=47, date=1738259713, chat=Chat(id=7525835156, type='private', title=None, username=None, first_name='?NepElder?', last_name=None, is_forum=None), forward_from=None, forward_from_chat=None, forward_from_message_id=None, forward_signature=None, forward_sender_name=None, forward_date=None, via_bot=None, has_protected_content=None, media_group_id=None, author_signature=None, reply_to_message=None, message=/色图, original_message=/色图, from_=User(id=7525835156, is_bot=False, first_name='?NepElder?', last_name=None, username=None, language_code='en', is_premium=None, added_to_attachment_menu=None, can_join_groups=None, can_read_all_group_messages=None, supports_inline_queries=None, can_connect_to_business=None, has_main_web_app=None))>]
2025-01-30 12:55:13.520 | TRACE    | nonebot:_check_matcher:391 - Permission conditions not met for Matcher(type='message', module=nonebot_plugin_setu_now, lineno=61)
2025-01-30 12:55:13.522 | TRACE    | nonebot:_check_matcher:401 - Rule conditions not met for Matcher(type='message', module=nonebot.plugins.echo, lineno=17)
2025-01-30 12:55:13.522 | TRACE    | nonebot:_check_matcher:401 - Rule conditions not met for Matcher(type='message', module=YetAnotherPicSearch.__main__, lineno=330)
2025-01-30 12:55:13.522 | TRACE    | nonebot:_check_matcher:401 - Rule conditions not met for Matcher(type='message', module=nonebot_plugin_setu_now, lineno=189)
2025-01-30 12:55:13.522 | TRACE    | nonebot:_check_matcher:401 - Rule conditions not met for Matcher(type='message', module=nonebot_plugin_setu_now.r18_whitelist, lineno=20)
2025-01-30 12:55:13.522 | TRACE    | nonebot:_check_matcher:401 - Rule conditions not met for Matcher(type='message', module=nonebot_plugin_setu_now.r18_whitelist, lineno=39)
2025-01-30 12:55:13.522 | DEBUG    | nonebot:handle_event:573 - Checking for matchers in priority 2...
2025-01-30 12:55:13.523 | TRACE    | nonebot:_check_matcher:401 - Rule conditions not met for Matcher(type='message', module=YetAnotherPicSearch.__main__, lineno=333)
2025-01-30 12:55:13.523 | DEBUG    | nonebot:handle_event:573 - Checking for matchers in priority 10...
2025-01-30 12:55:13.524 | TRACE    | nonebot:_handle_skipped:102 - Dependent(call=_poke) skipped due to [TypeMisMatch(param=event, type=PrivateMessageEvent, value=PrivateMessageEvent(telegram_model=Update(update_id=997538872, message=Message(message_id=47, message_thread_id=None, from_=User(id=7525835156, is_bot=False, first_name='?NepElder?', last_name=None, username=None, language_code='en', is_premium=None, added_to_attachment_menu=None, can_join_groups=None, can_read_all_group_messages=None, supports_inline_queries=None, can_connect_to_business=None, has_main_web_app=None), sender_chat=None, sender_boost_count=None, sender_business_bot=None, date=1738259713, business_connection_id=None, chat=Chat(id=7525835156, type='private', title=None, username=None, first_name='?NepElder?', last_name=None, is_forum=None), forward_origin=None, is_topic_message=None, is_automatic_forward=None, reply_to_message=None, external_reply=None, quote=None, reply_to_story=None, via_bot=None, edit_date=None, has_protected_content=None, is_from_offline=None, media_group_id=None, author_signature=None, text=None, entities=None, link_preview_options=None, effect_id=None, animation=None, audio=None, document=None, paid_media=None, photo=None, sticker=None, story=None, video=None, video_note=None, voice=None, caption=None, caption_entities=None, show_caption_above_media=None, has_media_spoiler=None, contact=None, dice=None, game=None, poll=None, venue=None, location=None, new_chat_members=None, left_chat_member=None, new_chat_title=None, new_chat_photo=None, delete_chat_photo=None, group_chat_created=None, supergroup_chat_created=None, channel_chat_created=None, message_auto_delete_timer_changed=None, migrate_to_chat_id=None, migrate_from_chat_id=None, pinned_message=None, invoice=None, successful_payment=None, refunded_payment=None, users_shared=None, chat_shared=None, connected_website=None, write_access_allowed=None, passport_data=None, proximity_alert_triggered=None, boost_added=None, chat_background_set=None, forum_topic_created=None, forum_topic_edited=None, forum_topic_closed=None, forum_topic_reopened=None, general_forum_topic_hidden=None, general_forum_topic_unhidden=None, giveaway_created=None, giveaway=None, giveaway_winners=None, giveaway_completed=None, video_chat_scheduled=None, video_chat_started=None, video_chat_ended=None, video_chat_participants_invited=None, web_app_data=None, reply_markup=None), edited_message=None, channel_post=None, edited_channel_post=None, business_connection=None, business_message=None, edited_business_message=None, deleted_business_messages=None, message_reaction=None, message_reaction_count=None, inline_query=None, chosen_inline_result=None, callback_query=None, shipping_query=None, pre_checkout_query=None, purchased_paid_media=None, poll=None, poll_answer=None, my_chat_member=None, chat_member=None, chat_join_request=None, chat_boost=None, removed_chat_boost=None), message_id=47, date=1738259713, chat=Chat(id=7525835156, type='private', title=None, username=None, first_name='?NepElder?', last_name=None, is_forum=None), forward_from=None, forward_from_chat=None, forward_from_message_id=None, forward_signature=None, forward_sender_name=None, forward_date=None, via_bot=None, has_protected_content=None, media_group_id=None, author_signature=None, reply_to_message=None, message=/色图, original_message=/色图, from_=User(id=7525835156, is_bot=False, first_name='?NepElder?', last_name=None, username=None, language_code='en', is_premium=None, added_to_attachment_menu=None, can_join_groups=None, can_read_all_group_messages=None, supports_inline_queries=None, can_connect_to_business=None, has_main_web_app=None))>]
2025-01-30 12:55:13.524 | TRACE    | nonebot:_check_matcher:401 - Rule conditions not met for Matcher(type='message', module=nonebot_plugin_status.onebot_v11, lineno=38)
2025-01-30 12:55:13.524 | TRACE    | nonebot:_check_matcher:401 - Rule conditions not met for Matcher(type='message', module=nonebot_plugin_status.common, lineno=17)
2025-01-30 12:55:13.524 | TRACE    | nonebot:_check_matcher:401 - Rule conditions not met for Matcher(type='', module=nonebot_plugin_status.onebot_v11, lineno=19)
2025-01-30 12:55:13.525 | TRACE    | nonebot:_check_matcher:401 - Rule conditions not met for Matcher(type='message', module=plugins.shutdown, lineno=17)
2025-01-30 12:55:13.525 | DEBUG    | nonebot:handle_event:601 - Checking for matchers completed
2025-01-30 12:55:43.956 | DEBUG    | nonebot:log:336 - Telegram | Calling API getUpdates
2025-01-30 12:55:43.956 | DEBUG    | nonebot:log:336 - Telegram | Calling API {'offset': '997538873', 'timeout': '30'}
2025-01-30 12:56:14.373 | DEBUG    | nonebot:log:336 - Telegram | Calling API getUpdates
2025-01-30 12:56:14.373 | DEBUG    | nonebot:log:336 - Telegram | Calling API {'offset': '997538873', 'timeout': '30'}
2025-01-30 12:56:44.747 | DEBUG    | nonebot:log:336 - Telegram | Calling API getUpdates
2025-01-30 12:56:44.748 | DEBUG    | nonebot:log:336 - Telegram | Calling API {'offset': '997538873', 'timeout': '30'}
2025-01-30 12:57:15.195 | DEBUG    | nonebot:log:336 - Telegram | Calling API getUpdates
2025-01-30 12:57:15.195 | DEBUG    | nonebot:log:336 - Telegram | Calling API {'offset': '997538873', 'timeout': '30'}
2025-01-30 12:57:45.731 | DEBUG    | nonebot:log:336 - Telegram | Calling API getUpdates
2025-01-30 12:57:45.731 | DEBUG    | nonebot:log:336 - Telegram | Calling API {'offset': '997538873', 'timeout': '30'}
2025-01-30 12:58:16.125 | DEBUG    | nonebot:log:336 - Telegram | Calling API getUpdates
2025-01-30 12:58:16.125 | DEBUG    | nonebot:log:336 - Telegram | Calling API {'offset': '997538873', 'timeout': '30'}
2025-01-30 12:58:46.517 | DEBUG    | nonebot:log:336 - Telegram | Calling API getUpdates
2025-01-30 12:58:46.518 | DEBUG    | nonebot:log:336 - Telegram | Calling API {'offset': '997538873', 'timeout': '30'}
2025-01-30 12:59:15.170 | INFO     | uvicorn:shutdown:263 - Shutting down
2025-01-30 12:59:15.272 | INFO     | uvicorn:shutdown:67 - Waiting for application shutdown.
2025-01-30 12:59:15.273 | SUCCESS  | nonebot_plugin_tortoise_orm:disconnect:75 - 数据库: 断开链接
2025-01-30 12:59:17.308 | SUCCESS  | nonebot:load_plugin:188 - Succeeded to load plugin "nonebot_plugin_logpile"
2025-01-30 12:59:17.312 | SUCCESS  | nonebot:load_plugin:188 - Succeeded to load plugin "nonebot_plugin_waiter"
2025-01-30 12:59:17.332 | SUCCESS  | nonebot:load_plugin:188 - Succeeded to load plugin "nonebot_plugin_alconna:uniseg" from "nonebot_plugin_alconna.uniseg"
2025-01-30 12:59:17.353 | SUCCESS  | nonebot:load_plugin:188 - Succeeded to load plugin "nonebot_plugin_alconna"
2025-01-30 12:59:17.440 | TRACE    | nonebot:new:323 - Define new matcher Matcher(type='message', module=YetAnotherPicSearch.__main__, lineno=330)
2025-01-30 12:59:17.440 | TRACE    | nonebot:new:323 - Define new matcher Matcher(type='message', module=YetAnotherPicSearch.__main__, lineno=333)
2025-01-30 12:59:17.441 | SUCCESS  | nonebot:load_plugin:188 - Succeeded to load plugin "YetAnotherPicSearch"
2025-01-30 12:59:17.444 | SUCCESS  | nonebot:load_plugin:188 - Succeeded to load plugin "nonebot_plugin_localstore"
2025-01-30 12:59:17.471 | SUCCESS  | nonebot:load_plugin:188 - Succeeded to load plugin "nonebot_plugin_tortoise_orm"
2025-01-30 12:59:17.477 | TRACE    | nonebot:new:323 - Define new matcher Matcher(type='message', module=nonebot_plugin_setu_now.r18_whitelist, lineno=20)
2025-01-30 12:59:17.478 | TRACE    | nonebot:new:323 - Define new matcher Matcher(type='message', module=nonebot_plugin_setu_now.r18_whitelist, lineno=39)
2025-01-30 12:59:17.478 | SUCCESS  | nonebot_plugin_tortoise_orm:add_model:109 - 数据库: 添加模型: nonebot_plugin_setu_now.database
2025-01-30 12:59:17.478 | TRACE    | nonebot:new:323 - Define new matcher Matcher(type='message', module=nonebot_plugin_setu_now, lineno=61)
2025-01-30 12:59:17.478 | TRACE    | nonebot:new:323 - Define new matcher Matcher(type='message', module=nonebot_plugin_setu_now, lineno=189)
2025-01-30 12:59:17.479 | SUCCESS  | nonebot:load_plugin:188 - Succeeded to load plugin "nonebot_plugin_setu_now"
2025-01-30 12:59:17.479 | WARNING  | __main__:<module>:18 - Always use `nb run` to start the bot instead of manually running!
2025-01-30 12:59:17.479 | SUCCESS  | nonebot:run:336 - Running NoneBot...
2025-01-30 12:59:17.479 | SUCCESS  | nonebot:run:117 - Loaded adapters: Telegram
2025-01-30 12:59:17.490 | INFO     | uvicorn:_serve:83 - Started server process [10332]
2025-01-30 12:59:17.490 | INFO     | uvicorn:startup:48 - Waiting for application startup.
2025-01-30 12:59:17.492 | DEBUG    | nonebot_plugin_tortoise_orm:connect:60 - 参数预览
{
    "connections": {
        "default": "sqlite:////Users/sean/Library/Application Support/nonebot2/nonebot_plugin_tortoise_orm/db.sqlite3"
    },
    "apps": {
        "default": {
            "models": [
                "nonebot_plugin_setu_now.database"
            ],
            "default_connection": "default"
        }
    },
    "use_tz": false,
    "timezone": "Asia/Shanghai"
}
2025-01-30 12:59:17.495 | SUCCESS  | nonebot_plugin_tortoise_orm:connect:67 - 数据库: default 连接成功 URL: sqlite:////Users/sean/Library/Application Support/nonebot2/nonebot_plugin_tortoise_orm/db.sqlite3
2025-01-30 12:59:17.496 | DEBUG    | nonebot:log:336 - Telegram | Calling API getMe
2025-01-30 12:59:17.496 | DEBUG    | nonebot:log:336 - Telegram | Calling API {}
2025-01-30 12:59:17.520 | INFO     | uvicorn:startup:62 - Application startup complete.
2025-01-30 12:59:17.520 | INFO     | uvicorn:_log_started_message:215 - Uvicorn running on http://127.0.0.1:8080 (Press CTRL+C to quit)
2025-01-30 12:59:17.846 | INFO     | nonebot:log:336 - Telegram | Delete old webhook
2025-01-30 12:59:17.847 | DEBUG    | nonebot:log:336 - Telegram | Calling API deleteWebhook
2025-01-30 12:59:17.847 | DEBUG    | nonebot:log:336 - Telegram | Calling API {}
2025-01-30 12:59:18.283 | INFO     | nonebot:log:336 - Telegram | Start poll
2025-01-30 12:59:18.301 | DEBUG    | nonebot:log:336 - Telegram | Calling API getUpdates
2025-01-30 12:59:18.302 | DEBUG    | nonebot:log:336 - Telegram | Calling API {'timeout': '30'}
2025-01-30 12:59:48.777 | DEBUG    | nonebot:log:336 - Telegram | Calling API getUpdates
2025-01-30 12:59:48.777 | DEBUG    | nonebot:log:336 - Telegram | Calling API {'timeout': '30'}
2025-01-30 13:00:19.206 | DEBUG    | nonebot:log:336 - Telegram | Calling API getUpdates
2025-01-30 13:00:19.206 | DEBUG    | nonebot:log:336 - Telegram | Calling API {'timeout': '30'}
2025-01-30 13:00:49.404 | INFO     | uvicorn:shutdown:263 - Shutting down
2025-01-30 13:00:49.506 | INFO     | uvicorn:shutdown:67 - Waiting for application shutdown.
2025-01-30 13:00:49.511 | SUCCESS  | nonebot_plugin_tortoise_orm:disconnect:75 - 数据库: 断开链接
2025-01-30 13:00:49.518 | INFO     | uvicorn:shutdown:76 - Application shutdown complete.
2025-01-30 13:00:49.519 | INFO     | uvicorn:_serve:93 - Finished server process [10332]
2025-01-30 13:00:51.428 | SUCCESS  | nonebot:load_plugin:188 - Succeeded to load plugin "nonebot_plugin_logpile"
2025-01-30 13:00:51.431 | SUCCESS  | nonebot:load_plugin:188 - Succeeded to load plugin "nonebot_plugin_waiter"
2025-01-30 13:00:51.451 | SUCCESS  | nonebot:load_plugin:188 - Succeeded to load plugin "nonebot_plugin_alconna:uniseg" from "nonebot_plugin_alconna.uniseg"
2025-01-30 13:00:51.474 | SUCCESS  | nonebot:load_plugin:188 - Succeeded to load plugin "nonebot_plugin_alconna"
2025-01-30 13:00:51.576 | TRACE    | nonebot:new:323 - Define new matcher Matcher(type='message', module=YetAnotherPicSearch.__main__, lineno=330)
2025-01-30 13:00:51.577 | TRACE    | nonebot:new:323 - Define new matcher Matcher(type='message', module=YetAnotherPicSearch.__main__, lineno=333)
2025-01-30 13:00:51.578 | SUCCESS  | nonebot:load_plugin:188 - Succeeded to load plugin "YetAnotherPicSearch"
2025-01-30 13:00:51.581 | SUCCESS  | nonebot:load_plugin:188 - Succeeded to load plugin "nonebot_plugin_localstore"
2025-01-30 13:00:51.607 | SUCCESS  | nonebot:load_plugin:188 - Succeeded to load plugin "nonebot_plugin_tortoise_orm"
2025-01-30 13:00:51.614 | TRACE    | nonebot:new:323 - Define new matcher Matcher(type='message', module=nonebot_plugin_setu_now.r18_whitelist, lineno=20)
2025-01-30 13:00:51.615 | TRACE    | nonebot:new:323 - Define new matcher Matcher(type='message', module=nonebot_plugin_setu_now.r18_whitelist, lineno=39)
2025-01-30 13:00:51.615 | SUCCESS  | nonebot_plugin_tortoise_orm:add_model:109 - 数据库: 添加模型: nonebot_plugin_setu_now.database
2025-01-30 13:00:51.615 | TRACE    | nonebot:new:323 - Define new matcher Matcher(type='message', module=nonebot_plugin_setu_now, lineno=61)
2025-01-30 13:00:51.615 | TRACE    | nonebot:new:323 - Define new matcher Matcher(type='message', module=nonebot_plugin_setu_now, lineno=189)
2025-01-30 13:00:51.616 | SUCCESS  | nonebot:load_plugin:188 - Succeeded to load plugin "nonebot_plugin_setu_now"
2025-01-30 13:00:51.616 | WARNING  | __main__:<module>:18 - Always use `nb run` to start the bot instead of manually running!
2025-01-30 13:00:51.616 | SUCCESS  | nonebot:run:336 - Running NoneBot...
2025-01-30 13:00:51.616 | SUCCESS  | nonebot:run:117 - Loaded adapters: Telegram
2025-01-30 13:00:51.626 | INFO     | uvicorn:_serve:83 - Started server process [10412]
2025-01-30 13:00:51.626 | INFO     | uvicorn:startup:48 - Waiting for application startup.
2025-01-30 13:00:51.627 | DEBUG    | nonebot_plugin_tortoise_orm:connect:60 - 参数预览
{
    "connections": {
        "default": "sqlite:////Users/sean/Library/Application Support/nonebot2/nonebot_plugin_tortoise_orm/db.sqlite3"
    },
    "apps": {
        "default": {
            "models": [
                "nonebot_plugin_setu_now.database"
            ],
            "default_connection": "default"
        }
    },
    "use_tz": false,
    "timezone": "Asia/Shanghai"
}
2025-01-30 13:00:51.632 | SUCCESS  | nonebot_plugin_tortoise_orm:connect:67 - 数据库: default 连接成功 URL: sqlite:////Users/sean/Library/Application Support/nonebot2/nonebot_plugin_tortoise_orm/db.sqlite3
2025-01-30 13:00:51.632 | DEBUG    | nonebot:log:336 - Telegram | Calling API getMe
2025-01-30 13:00:51.632 | DEBUG    | nonebot:log:336 - Telegram | Calling API {}
2025-01-30 13:00:51.657 | INFO     | uvicorn:startup:62 - Application startup complete.
2025-01-30 13:00:51.658 | INFO     | uvicorn:_log_started_message:215 - Uvicorn running on http://127.0.0.1:8080 (Press CTRL+C to quit)
2025-01-30 13:00:52.001 | INFO     | nonebot:log:336 - Telegram | Delete old webhook
2025-01-30 13:00:52.001 | DEBUG    | nonebot:log:336 - Telegram | Calling API deleteWebhook
2025-01-30 13:00:52.001 | DEBUG    | nonebot:log:336 - Telegram | Calling API {}
2025-01-30 13:00:52.388 | INFO     | nonebot:log:336 - Telegram | Start poll
2025-01-30 13:00:52.403 | DEBUG    | nonebot:log:336 - Telegram | Calling API getUpdates
2025-01-30 13:00:52.403 | DEBUG    | nonebot:log:336 - Telegram | Calling API {'timeout': '30'}
2025-01-30 13:00:57.277 | DEBUG    | nonebot:log:336 - Telegram | Calling API getUpdates
2025-01-30 13:00:57.277 | DEBUG    | nonebot:log:336 - Telegram | Calling API {'offset': '997538873', 'timeout': '30'}
2025-01-30 13:00:57.638 | DEBUG    | nonebot:log:336 - Telegram | Calling API getUpdates
2025-01-30 13:00:57.638 | DEBUG    | nonebot:log:336 - Telegram | Calling API {'offset': '997538874', 'timeout': '30'}
2025-01-30 13:00:57.659 | DEBUG    | nonebot:log:336 - Telegram | {'message_id': 48, 'date': 1738260057, 'chat': {'id': 7525835156, 'type': 'private', 'first_name': '?NepElder?'}, 'message': [{'type': 'text', 'data': {'text': '色图'}}], 'original_message': [{'type': 'text', 'data': {'text': '色图'}}], 'from_': {'id': 7525835156, 'is_bot': False, 'first_name': '?NepElder?', 'language_code': 'en'}}
2025-01-30 13:00:57.659 | SUCCESS  | nonebot:handle_event:535 - Telegram 8186306331 | [message.private]: Message 48 from 7525835156: 色图
2025-01-30 13:00:57.659 | DEBUG    | nonebot:handle_event:573 - Checking for matchers in priority 1...
2025-01-30 13:00:57.661 | TRACE    | nonebot:_handle_skipped:102 - Dependent(call=_group) skipped due to [TypeMisMatch(param=event, type=GroupMessageEvent, value=PrivateMessageEvent(telegram_model=Update(update_id=997538873, message=Message(message_id=48, message_thread_id=None, from_=User(id=7525835156, is_bot=False, first_name='?NepElder?', last_name=None, username=None, language_code='en', is_premium=None, added_to_attachment_menu=None, can_join_groups=None, can_read_all_group_messages=None, supports_inline_queries=None, can_connect_to_business=None, has_main_web_app=None), sender_chat=None, sender_boost_count=None, sender_business_bot=None, date=1738260057, business_connection_id=None, chat=Chat(id=7525835156, type='private', title=None, username=None, first_name='?NepElder?', last_name=None, is_forum=None), forward_origin=None, is_topic_message=None, is_automatic_forward=None, reply_to_message=None, external_reply=None, quote=None, reply_to_story=None, via_bot=None, edit_date=None, has_protected_content=None, is_from_offline=None, media_group_id=None, author_signature=None, text=None, entities=None, link_preview_options=None, effect_id=None, animation=None, audio=None, document=None, paid_media=None, photo=None, sticker=None, story=None, video=None, video_note=None, voice=None, caption=None, caption_entities=None, show_caption_above_media=None, has_media_spoiler=None, contact=None, dice=None, game=None, poll=None, venue=None, location=None, new_chat_members=None, left_chat_member=None, new_chat_title=None, new_chat_photo=None, delete_chat_photo=None, group_chat_created=None, supergroup_chat_created=None, channel_chat_created=None, message_auto_delete_timer_changed=None, migrate_to_chat_id=None, migrate_from_chat_id=None, pinned_message=None, invoice=None, successful_payment=None, refunded_payment=None, users_shared=None, chat_shared=None, connected_website=None, write_access_allowed=None, passport_data=None, proximity_alert_triggered=None, boost_added=None, chat_background_set=None, forum_topic_created=None, forum_topic_edited=None, forum_topic_closed=None, forum_topic_reopened=None, general_forum_topic_hidden=None, general_forum_topic_unhidden=None, giveaway_created=None, giveaway=None, giveaway_winners=None, giveaway_completed=None, video_chat_scheduled=None, video_chat_started=None, video_chat_ended=None, video_chat_participants_invited=None, web_app_data=None, reply_markup=None), edited_message=None, channel_post=None, edited_channel_post=None, business_connection=None, business_message=None, edited_business_message=None, deleted_business_messages=None, message_reaction=None, message_reaction_count=None, inline_query=None, chosen_inline_result=None, callback_query=None, shipping_query=None, pre_checkout_query=None, purchased_paid_media=None, poll=None, poll_answer=None, my_chat_member=None, chat_member=None, chat_join_request=None, chat_boost=None, removed_chat_boost=None), message_id=48, date=1738260057, chat=Chat(id=7525835156, type='private', title=None, username=None, first_name='?NepElder?', last_name=None, is_forum=None), forward_from=None, forward_from_chat=None, forward_from_message_id=None, forward_signature=None, forward_sender_name=None, forward_date=None, via_bot=None, has_protected_content=None, media_group_id=None, author_signature=None, reply_to_message=None, message=色图, original_message=色图, from_=User(id=7525835156, is_bot=False, first_name='?NepElder?', last_name=None, username=None, language_code='en', is_premium=None, added_to_attachment_menu=None, can_join_groups=None, can_read_all_group_messages=None, supports_inline_queries=None, can_connect_to_business=None, has_main_web_app=None))>]
2025-01-30 13:00:57.661 | TRACE    | nonebot:_handle_skipped:102 - Dependent(call=_private_friend) skipped due to [TypeMisMatch(param=event, type=PrivateMessageEvent, value=PrivateMessageEvent(telegram_model=Update(update_id=997538873, message=Message(message_id=48, message_thread_id=None, from_=User(id=7525835156, is_bot=False, first_name='?NepElder?', last_name=None, username=None, language_code='en', is_premium=None, added_to_attachment_menu=None, can_join_groups=None, can_read_all_group_messages=None, supports_inline_queries=None, can_connect_to_business=None, has_main_web_app=None), sender_chat=None, sender_boost_count=None, sender_business_bot=None, date=1738260057, business_connection_id=None, chat=Chat(id=7525835156, type='private', title=None, username=None, first_name='?NepElder?', last_name=None, is_forum=None), forward_origin=None, is_topic_message=None, is_automatic_forward=None, reply_to_message=None, external_reply=None, quote=None, reply_to_story=None, via_bot=None, edit_date=None, has_protected_content=None, is_from_offline=None, media_group_id=None, author_signature=None, text=None, entities=None, link_preview_options=None, effect_id=None, animation=None, audio=None, document=None, paid_media=None, photo=None, sticker=None, story=None, video=None, video_note=None, voice=None, caption=None, caption_entities=None, show_caption_above_media=None, has_media_spoiler=None, contact=None, dice=None, game=None, poll=None, venue=None, location=None, new_chat_members=None, left_chat_member=None, new_chat_title=None, new_chat_photo=None, delete_chat_photo=None, group_chat_created=None, supergroup_chat_created=None, channel_chat_created=None, message_auto_delete_timer_changed=None, migrate_to_chat_id=None, migrate_from_chat_id=None, pinned_message=None, invoice=None, successful_payment=None, refunded_payment=None, users_shared=None, chat_shared=None, connected_website=None, write_access_allowed=None, passport_data=None, proximity_alert_triggered=None, boost_added=None, chat_background_set=None, forum_topic_created=None, forum_topic_edited=None, forum_topic_closed=None, forum_topic_reopened=None, general_forum_topic_hidden=None, general_forum_topic_unhidden=None, giveaway_created=None, giveaway=None, giveaway_winners=None, giveaway_completed=None, video_chat_scheduled=None, video_chat_started=None, video_chat_ended=None, video_chat_participants_invited=None, web_app_data=None, reply_markup=None), edited_message=None, channel_post=None, edited_channel_post=None, business_connection=None, business_message=None, edited_business_message=None, deleted_business_messages=None, message_reaction=None, message_reaction_count=None, inline_query=None, chosen_inline_result=None, callback_query=None, shipping_query=None, pre_checkout_query=None, purchased_paid_media=None, poll=None, poll_answer=None, my_chat_member=None, chat_member=None, chat_join_request=None, chat_boost=None, removed_chat_boost=None), message_id=48, date=1738260057, chat=Chat(id=7525835156, type='private', title=None, username=None, first_name='?NepElder?', last_name=None, is_forum=None), forward_from=None, forward_from_chat=None, forward_from_message_id=None, forward_signature=None, forward_sender_name=None, forward_date=None, via_bot=None, has_protected_content=None, media_group_id=None, author_signature=None, reply_to_message=None, message=色图, original_message=色图, from_=User(id=7525835156, is_bot=False, first_name='?NepElder?', last_name=None, username=None, language_code='en', is_premium=None, added_to_attachment_menu=None, can_join_groups=None, can_read_all_group_messages=None, supports_inline_queries=None, can_connect_to_business=None, has_main_web_app=None))>]
2025-01-30 13:00:57.662 | TRACE    | nonebot:_check_matcher:391 - Permission conditions not met for Matcher(type='message', module=nonebot_plugin_setu_now, lineno=61)
2025-01-30 13:00:57.669 | TRACE    | nonebot:_check_matcher:401 - Rule conditions not met for Matcher(type='message', module=nonebot.plugins.echo, lineno=17)
2025-01-30 13:00:57.670 | TRACE    | nonebot:_check_matcher:401 - Rule conditions not met for Matcher(type='message', module=YetAnotherPicSearch.__main__, lineno=330)
2025-01-30 13:00:57.670 | TRACE    | nonebot:_check_matcher:401 - Rule conditions not met for Matcher(type='message', module=nonebot_plugin_setu_now, lineno=189)
2025-01-30 13:00:57.671 | TRACE    | nonebot:_check_matcher:401 - Rule conditions not met for Matcher(type='message', module=nonebot_plugin_setu_now.r18_whitelist, lineno=20)
2025-01-30 13:00:57.671 | TRACE    | nonebot:_check_matcher:401 - Rule conditions not met for Matcher(type='message', module=nonebot_plugin_setu_now.r18_whitelist, lineno=39)
2025-01-30 13:00:57.671 | DEBUG    | nonebot:handle_event:573 - Checking for matchers in priority 2...
2025-01-30 13:00:57.674 | TRACE    | nonebot:_check_matcher:401 - Rule conditions not met for Matcher(type='message', module=YetAnotherPicSearch.__main__, lineno=333)
2025-01-30 13:00:57.674 | DEBUG    | nonebot:handle_event:573 - Checking for matchers in priority 10...
2025-01-30 13:00:57.675 | TRACE    | nonebot:_handle_skipped:102 - Dependent(call=_poke) skipped due to [TypeMisMatch(param=event, type=PrivateMessageEvent, value=PrivateMessageEvent(telegram_model=Update(update_id=997538873, message=Message(message_id=48, message_thread_id=None, from_=User(id=7525835156, is_bot=False, first_name='?NepElder?', last_name=None, username=None, language_code='en', is_premium=None, added_to_attachment_menu=None, can_join_groups=None, can_read_all_group_messages=None, supports_inline_queries=None, can_connect_to_business=None, has_main_web_app=None), sender_chat=None, sender_boost_count=None, sender_business_bot=None, date=1738260057, business_connection_id=None, chat=Chat(id=7525835156, type='private', title=None, username=None, first_name='?NepElder?', last_name=None, is_forum=None), forward_origin=None, is_topic_message=None, is_automatic_forward=None, reply_to_message=None, external_reply=None, quote=None, reply_to_story=None, via_bot=None, edit_date=None, has_protected_content=None, is_from_offline=None, media_group_id=None, author_signature=None, text=None, entities=None, link_preview_options=None, effect_id=None, animation=None, audio=None, document=None, paid_media=None, photo=None, sticker=None, story=None, video=None, video_note=None, voice=None, caption=None, caption_entities=None, show_caption_above_media=None, has_media_spoiler=None, contact=None, dice=None, game=None, poll=None, venue=None, location=None, new_chat_members=None, left_chat_member=None, new_chat_title=None, new_chat_photo=None, delete_chat_photo=None, group_chat_created=None, supergroup_chat_created=None, channel_chat_created=None, message_auto_delete_timer_changed=None, migrate_to_chat_id=None, migrate_from_chat_id=None, pinned_message=None, invoice=None, successful_payment=None, refunded_payment=None, users_shared=None, chat_shared=None, connected_website=None, write_access_allowed=None, passport_data=None, proximity_alert_triggered=None, boost_added=None, chat_background_set=None, forum_topic_created=None, forum_topic_edited=None, forum_topic_closed=None, forum_topic_reopened=None, general_forum_topic_hidden=None, general_forum_topic_unhidden=None, giveaway_created=None, giveaway=None, giveaway_winners=None, giveaway_completed=None, video_chat_scheduled=None, video_chat_started=None, video_chat_ended=None, video_chat_participants_invited=None, web_app_data=None, reply_markup=None), edited_message=None, channel_post=None, edited_channel_post=None, business_connection=None, business_message=None, edited_business_message=None, deleted_business_messages=None, message_reaction=None, message_reaction_count=None, inline_query=None, chosen_inline_result=None, callback_query=None, shipping_query=None, pre_checkout_query=None, purchased_paid_media=None, poll=None, poll_answer=None, my_chat_member=None, chat_member=None, chat_join_request=None, chat_boost=None, removed_chat_boost=None), message_id=48, date=1738260057, chat=Chat(id=7525835156, type='private', title=None, username=None, first_name='?NepElder?', last_name=None, is_forum=None), forward_from=None, forward_from_chat=None, forward_from_message_id=None, forward_signature=None, forward_sender_name=None, forward_date=None, via_bot=None, has_protected_content=None, media_group_id=None, author_signature=None, reply_to_message=None, message=色图, original_message=色图, from_=User(id=7525835156, is_bot=False, first_name='?NepElder?', last_name=None, username=None, language_code='en', is_premium=None, added_to_attachment_menu=None, can_join_groups=None, can_read_all_group_messages=None, supports_inline_queries=None, can_connect_to_business=None, has_main_web_app=None))>]
2025-01-30 13:00:57.675 | TRACE    | nonebot:_check_matcher:401 - Rule conditions not met for Matcher(type='message', module=nonebot_plugin_status.onebot_v11, lineno=38)
2025-01-30 13:00:57.677 | TRACE    | nonebot:_check_matcher:401 - Rule conditions not met for Matcher(type='message', module=nonebot_plugin_status.common, lineno=17)
2025-01-30 13:00:57.677 | TRACE    | nonebot:_check_matcher:401 - Rule conditions not met for Matcher(type='', module=nonebot_plugin_status.onebot_v11, lineno=19)
2025-01-30 13:00:57.679 | TRACE    | nonebot:_check_matcher:401 - Rule conditions not met for Matcher(type='message', module=plugins.shutdown, lineno=17)
2025-01-30 13:00:57.679 | DEBUG    | nonebot:handle_event:601 - Checking for matchers completed
2025-01-30 13:01:05.130 | DEBUG    | nonebot:log:336 - Telegram | Calling API getUpdates
2025-01-30 13:01:05.130 | DEBUG    | nonebot:log:336 - Telegram | Calling API {'offset': '997538875', 'timeout': '30'}
2025-01-30 13:01:05.145 | DEBUG    | nonebot:log:336 - Telegram | {'message_id': 49, 'date': 1738260064, 'chat': {'id': 7525835156, 'type': 'private', 'first_name': '?NepElder?'}, 'message': [{'type': 'text', 'data': {'text': '/色图'}}], 'original_message': [{'type': 'text', 'data': {'text': '/色图'}}], 'from_': {'id': 7525835156, 'is_bot': False, 'first_name': '?NepElder?', 'language_code': 'en'}}
2025-01-30 13:01:05.145 | SUCCESS  | nonebot:handle_event:535 - Telegram 8186306331 | [message.private]: Message 49 from 7525835156: /色图
2025-01-30 13:01:05.145 | DEBUG    | nonebot:handle_event:573 - Checking for matchers in priority 1...
2025-01-30 13:01:05.147 | TRACE    | nonebot:_handle_skipped:102 - Dependent(call=_group) skipped due to [TypeMisMatch(param=event, type=GroupMessageEvent, value=PrivateMessageEvent(telegram_model=Update(update_id=997538874, message=Message(message_id=49, message_thread_id=None, from_=User(id=7525835156, is_bot=False, first_name='?NepElder?', last_name=None, username=None, language_code='en', is_premium=None, added_to_attachment_menu=None, can_join_groups=None, can_read_all_group_messages=None, supports_inline_queries=None, can_connect_to_business=None, has_main_web_app=None), sender_chat=None, sender_boost_count=None, sender_business_bot=None, date=1738260064, business_connection_id=None, chat=Chat(id=7525835156, type='private', title=None, username=None, first_name='?NepElder?', last_name=None, is_forum=None), forward_origin=None, is_topic_message=None, is_automatic_forward=None, reply_to_message=None, external_reply=None, quote=None, reply_to_story=None, via_bot=None, edit_date=None, has_protected_content=None, is_from_offline=None, media_group_id=None, author_signature=None, text=None, entities=None, link_preview_options=None, effect_id=None, animation=None, audio=None, document=None, paid_media=None, photo=None, sticker=None, story=None, video=None, video_note=None, voice=None, caption=None, caption_entities=None, show_caption_above_media=None, has_media_spoiler=None, contact=None, dice=None, game=None, poll=None, venue=None, location=None, new_chat_members=None, left_chat_member=None, new_chat_title=None, new_chat_photo=None, delete_chat_photo=None, group_chat_created=None, supergroup_chat_created=None, channel_chat_created=None, message_auto_delete_timer_changed=None, migrate_to_chat_id=None, migrate_from_chat_id=None, pinned_message=None, invoice=None, successful_payment=None, refunded_payment=None, users_shared=None, chat_shared=None, connected_website=None, write_access_allowed=None, passport_data=None, proximity_alert_triggered=None, boost_added=None, chat_background_set=None, forum_topic_created=None, forum_topic_edited=None, forum_topic_closed=None, forum_topic_reopened=None, general_forum_topic_hidden=None, general_forum_topic_unhidden=None, giveaway_created=None, giveaway=None, giveaway_winners=None, giveaway_completed=None, video_chat_scheduled=None, video_chat_started=None, video_chat_ended=None, video_chat_participants_invited=None, web_app_data=None, reply_markup=None), edited_message=None, channel_post=None, edited_channel_post=None, business_connection=None, business_message=None, edited_business_message=None, deleted_business_messages=None, message_reaction=None, message_reaction_count=None, inline_query=None, chosen_inline_result=None, callback_query=None, shipping_query=None, pre_checkout_query=None, purchased_paid_media=None, poll=None, poll_answer=None, my_chat_member=None, chat_member=None, chat_join_request=None, chat_boost=None, removed_chat_boost=None), message_id=49, date=1738260064, chat=Chat(id=7525835156, type='private', title=None, username=None, first_name='?NepElder?', last_name=None, is_forum=None), forward_from=None, forward_from_chat=None, forward_from_message_id=None, forward_signature=None, forward_sender_name=None, forward_date=None, via_bot=None, has_protected_content=None, media_group_id=None, author_signature=None, reply_to_message=None, message=/色图, original_message=/色图, from_=User(id=7525835156, is_bot=False, first_name='?NepElder?', last_name=None, username=None, language_code='en', is_premium=None, added_to_attachment_menu=None, can_join_groups=None, can_read_all_group_messages=None, supports_inline_queries=None, can_connect_to_business=None, has_main_web_app=None))>]
2025-01-30 13:01:05.147 | TRACE    | nonebot:_handle_skipped:102 - Dependent(call=_private_friend) skipped due to [TypeMisMatch(param=event, type=PrivateMessageEvent, value=PrivateMessageEvent(telegram_model=Update(update_id=997538874, message=Message(message_id=49, message_thread_id=None, from_=User(id=7525835156, is_bot=False, first_name='?NepElder?', last_name=None, username=None, language_code='en', is_premium=None, added_to_attachment_menu=None, can_join_groups=None, can_read_all_group_messages=None, supports_inline_queries=None, can_connect_to_business=None, has_main_web_app=None), sender_chat=None, sender_boost_count=None, sender_business_bot=None, date=1738260064, business_connection_id=None, chat=Chat(id=7525835156, type='private', title=None, username=None, first_name='?NepElder?', last_name=None, is_forum=None), forward_origin=None, is_topic_message=None, is_automatic_forward=None, reply_to_message=None, external_reply=None, quote=None, reply_to_story=None, via_bot=None, edit_date=None, has_protected_content=None, is_from_offline=None, media_group_id=None, author_signature=None, text=None, entities=None, link_preview_options=None, effect_id=None, animation=None, audio=None, document=None, paid_media=None, photo=None, sticker=None, story=None, video=None, video_note=None, voice=None, caption=None, caption_entities=None, show_caption_above_media=None, has_media_spoiler=None, contact=None, dice=None, game=None, poll=None, venue=None, location=None, new_chat_members=None, left_chat_member=None, new_chat_title=None, new_chat_photo=None, delete_chat_photo=None, group_chat_created=None, supergroup_chat_created=None, channel_chat_created=None, message_auto_delete_timer_changed=None, migrate_to_chat_id=None, migrate_from_chat_id=None, pinned_message=None, invoice=None, successful_payment=None, refunded_payment=None, users_shared=None, chat_shared=None, connected_website=None, write_access_allowed=None, passport_data=None, proximity_alert_triggered=None, boost_added=None, chat_background_set=None, forum_topic_created=None, forum_topic_edited=None, forum_topic_closed=None, forum_topic_reopened=None, general_forum_topic_hidden=None, general_forum_topic_unhidden=None, giveaway_created=None, giveaway=None, giveaway_winners=None, giveaway_completed=None, video_chat_scheduled=None, video_chat_started=None, video_chat_ended=None, video_chat_participants_invited=None, web_app_data=None, reply_markup=None), edited_message=None, channel_post=None, edited_channel_post=None, business_connection=None, business_message=None, edited_business_message=None, deleted_business_messages=None, message_reaction=None, message_reaction_count=None, inline_query=None, chosen_inline_result=None, callback_query=None, shipping_query=None, pre_checkout_query=None, purchased_paid_media=None, poll=None, poll_answer=None, my_chat_member=None, chat_member=None, chat_join_request=None, chat_boost=None, removed_chat_boost=None), message_id=49, date=1738260064, chat=Chat(id=7525835156, type='private', title=None, username=None, first_name='?NepElder?', last_name=None, is_forum=None), forward_from=None, forward_from_chat=None, forward_from_message_id=None, forward_signature=None, forward_sender_name=None, forward_date=None, via_bot=None, has_protected_content=None, media_group_id=None, author_signature=None, reply_to_message=None, message=/色图, original_message=/色图, from_=User(id=7525835156, is_bot=False, first_name='?NepElder?', last_name=None, username=None, language_code='en', is_premium=None, added_to_attachment_menu=None, can_join_groups=None, can_read_all_group_messages=None, supports_inline_queries=None, can_connect_to_business=None, has_main_web_app=None))>]
2025-01-30 13:01:05.147 | TRACE    | nonebot:_check_matcher:391 - Permission conditions not met for Matcher(type='message', module=nonebot_plugin_setu_now, lineno=61)
2025-01-30 13:01:05.149 | TRACE    | nonebot:_check_matcher:401 - Rule conditions not met for Matcher(type='message', module=nonebot.plugins.echo, lineno=17)
2025-01-30 13:01:05.149 | TRACE    | nonebot:_check_matcher:401 - Rule conditions not met for Matcher(type='message', module=YetAnotherPicSearch.__main__, lineno=330)
2025-01-30 13:01:05.149 | TRACE    | nonebot:_check_matcher:401 - Rule conditions not met for Matcher(type='message', module=nonebot_plugin_setu_now, lineno=189)
2025-01-30 13:01:05.150 | TRACE    | nonebot:_check_matcher:401 - Rule conditions not met for Matcher(type='message', module=nonebot_plugin_setu_now.r18_whitelist, lineno=20)
2025-01-30 13:01:05.150 | TRACE    | nonebot:_check_matcher:401 - Rule conditions not met for Matcher(type='message', module=nonebot_plugin_setu_now.r18_whitelist, lineno=39)
2025-01-30 13:01:05.150 | DEBUG    | nonebot:handle_event:573 - Checking for matchers in priority 2...
2025-01-30 13:01:05.151 | TRACE    | nonebot:_check_matcher:401 - Rule conditions not met for Matcher(type='message', module=YetAnotherPicSearch.__main__, lineno=333)
2025-01-30 13:01:05.151 | DEBUG    | nonebot:handle_event:573 - Checking for matchers in priority 10...
2025-01-30 13:01:05.152 | TRACE    | nonebot:_handle_skipped:102 - Dependent(call=_poke) skipped due to [TypeMisMatch(param=event, type=PrivateMessageEvent, value=PrivateMessageEvent(telegram_model=Update(update_id=997538874, message=Message(message_id=49, message_thread_id=None, from_=User(id=7525835156, is_bot=False, first_name='?NepElder?', last_name=None, username=None, language_code='en', is_premium=None, added_to_attachment_menu=None, can_join_groups=None, can_read_all_group_messages=None, supports_inline_queries=None, can_connect_to_business=None, has_main_web_app=None), sender_chat=None, sender_boost_count=None, sender_business_bot=None, date=1738260064, business_connection_id=None, chat=Chat(id=7525835156, type='private', title=None, username=None, first_name='?NepElder?', last_name=None, is_forum=None), forward_origin=None, is_topic_message=None, is_automatic_forward=None, reply_to_message=None, external_reply=None, quote=None, reply_to_story=None, via_bot=None, edit_date=None, has_protected_content=None, is_from_offline=None, media_group_id=None, author_signature=None, text=None, entities=None, link_preview_options=None, effect_id=None, animation=None, audio=None, document=None, paid_media=None, photo=None, sticker=None, story=None, video=None, video_note=None, voice=None, caption=None, caption_entities=None, show_caption_above_media=None, has_media_spoiler=None, contact=None, dice=None, game=None, poll=None, venue=None, location=None, new_chat_members=None, left_chat_member=None, new_chat_title=None, new_chat_photo=None, delete_chat_photo=None, group_chat_created=None, supergroup_chat_created=None, channel_chat_created=None, message_auto_delete_timer_changed=None, migrate_to_chat_id=None, migrate_from_chat_id=None, pinned_message=None, invoice=None, successful_payment=None, refunded_payment=None, users_shared=None, chat_shared=None, connected_website=None, write_access_allowed=None, passport_data=None, proximity_alert_triggered=None, boost_added=None, chat_background_set=None, forum_topic_created=None, forum_topic_edited=None, forum_topic_closed=None, forum_topic_reopened=None, general_forum_topic_hidden=None, general_forum_topic_unhidden=None, giveaway_created=None, giveaway=None, giveaway_winners=None, giveaway_completed=None, video_chat_scheduled=None, video_chat_started=None, video_chat_ended=None, video_chat_participants_invited=None, web_app_data=None, reply_markup=None), edited_message=None, channel_post=None, edited_channel_post=None, business_connection=None, business_message=None, edited_business_message=None, deleted_business_messages=None, message_reaction=None, message_reaction_count=None, inline_query=None, chosen_inline_result=None, callback_query=None, shipping_query=None, pre_checkout_query=None, purchased_paid_media=None, poll=None, poll_answer=None, my_chat_member=None, chat_member=None, chat_join_request=None, chat_boost=None, removed_chat_boost=None), message_id=49, date=1738260064, chat=Chat(id=7525835156, type='private', title=None, username=None, first_name='?NepElder?', last_name=None, is_forum=None), forward_from=None, forward_from_chat=None, forward_from_message_id=None, forward_signature=None, forward_sender_name=None, forward_date=None, via_bot=None, has_protected_content=None, media_group_id=None, author_signature=None, reply_to_message=None, message=/色图, original_message=/色图, from_=User(id=7525835156, is_bot=False, first_name='?NepElder?', last_name=None, username=None, language_code='en', is_premium=None, added_to_attachment_menu=None, can_join_groups=None, can_read_all_group_messages=None, supports_inline_queries=None, can_connect_to_business=None, has_main_web_app=None))>]
2025-01-30 13:01:05.152 | TRACE    | nonebot:_check_matcher:401 - Rule conditions not met for Matcher(type='message', module=nonebot_plugin_status.onebot_v11, lineno=38)
2025-01-30 13:01:05.153 | TRACE    | nonebot:_check_matcher:401 - Rule conditions not met for Matcher(type='message', module=nonebot_plugin_status.common, lineno=17)
2025-01-30 13:01:05.153 | TRACE    | nonebot:_check_matcher:401 - Rule conditions not met for Matcher(type='', module=nonebot_plugin_status.onebot_v11, lineno=19)
2025-01-30 13:01:05.153 | TRACE    | nonebot:_check_matcher:401 - Rule conditions not met for Matcher(type='message', module=plugins.shutdown, lineno=17)
2025-01-30 13:01:05.153 | DEBUG    | nonebot:handle_event:601 - Checking for matchers completed
2025-01-30 13:01:14.374 | DEBUG    | nonebot:log:336 - Telegram | Calling API getUpdates
2025-01-30 13:01:14.374 | DEBUG    | nonebot:log:336 - Telegram | Calling API {'offset': '997538876', 'timeout': '30'}
2025-01-30 13:01:14.390 | DEBUG    | nonebot:log:336 - Telegram | {'message_id': 50, 'date': 1738260074, 'chat': {'id': 7525835156, 'type': 'private', 'first_name': '?NepElder?'}, 'message': [{'type': 'bot_command', 'data': {'text': '/status'}}, {'type': 'text', 'data': {'text': ''}}], 'original_message': [{'type': 'bot_command', 'data': {'text': '/status'}}, {'type': 'text', 'data': {'text': ''}}], 'from_': {'id': 7525835156, 'is_bot': False, 'first_name': '?NepElder?', 'language_code': 'en'}}
2025-01-30 13:01:14.391 | SUCCESS  | nonebot:handle_event:535 - Telegram 8186306331 | [message.private]: Message 50 from 7525835156: /status
2025-01-30 13:01:14.391 | DEBUG    | nonebot:handle_event:573 - Checking for matchers in priority 1...
2025-01-30 13:01:14.392 | TRACE    | nonebot:_handle_skipped:102 - Dependent(call=_group) skipped due to [TypeMisMatch(param=event, type=GroupMessageEvent, value=PrivateMessageEvent(telegram_model=Update(update_id=997538875, message=Message(message_id=50, message_thread_id=None, from_=User(id=7525835156, is_bot=False, first_name='?NepElder?', last_name=None, username=None, language_code='en', is_premium=None, added_to_attachment_menu=None, can_join_groups=None, can_read_all_group_messages=None, supports_inline_queries=None, can_connect_to_business=None, has_main_web_app=None), sender_chat=None, sender_boost_count=None, sender_business_bot=None, date=1738260074, business_connection_id=None, chat=Chat(id=7525835156, type='private', title=None, username=None, first_name='?NepElder?', last_name=None, is_forum=None), forward_origin=None, is_topic_message=None, is_automatic_forward=None, reply_to_message=None, external_reply=None, quote=None, reply_to_story=None, via_bot=None, edit_date=None, has_protected_content=None, is_from_offline=None, media_group_id=None, author_signature=None, text=None, entities=None, link_preview_options=None, effect_id=None, animation=None, audio=None, document=None, paid_media=None, photo=None, sticker=None, story=None, video=None, video_note=None, voice=None, caption=None, caption_entities=None, show_caption_above_media=None, has_media_spoiler=None, contact=None, dice=None, game=None, poll=None, venue=None, location=None, new_chat_members=None, left_chat_member=None, new_chat_title=None, new_chat_photo=None, delete_chat_photo=None, group_chat_created=None, supergroup_chat_created=None, channel_chat_created=None, message_auto_delete_timer_changed=None, migrate_to_chat_id=None, migrate_from_chat_id=None, pinned_message=None, invoice=None, successful_payment=None, refunded_payment=None, users_shared=None, chat_shared=None, connected_website=None, write_access_allowed=None, passport_data=None, proximity_alert_triggered=None, boost_added=None, chat_background_set=None, forum_topic_created=None, forum_topic_edited=None, forum_topic_closed=None, forum_topic_reopened=None, general_forum_topic_hidden=None, general_forum_topic_unhidden=None, giveaway_created=None, giveaway=None, giveaway_winners=None, giveaway_completed=None, video_chat_scheduled=None, video_chat_started=None, video_chat_ended=None, video_chat_participants_invited=None, web_app_data=None, reply_markup=None), edited_message=None, channel_post=None, edited_channel_post=None, business_connection=None, business_message=None, edited_business_message=None, deleted_business_messages=None, message_reaction=None, message_reaction_count=None, inline_query=None, chosen_inline_result=None, callback_query=None, shipping_query=None, pre_checkout_query=None, purchased_paid_media=None, poll=None, poll_answer=None, my_chat_member=None, chat_member=None, chat_join_request=None, chat_boost=None, removed_chat_boost=None), message_id=50, date=1738260074, chat=Chat(id=7525835156, type='private', title=None, username=None, first_name='?NepElder?', last_name=None, is_forum=None), forward_from=None, forward_from_chat=None, forward_from_message_id=None, forward_signature=None, forward_sender_name=None, forward_date=None, via_bot=None, has_protected_content=None, media_group_id=None, author_signature=None, reply_to_message=None, message=/status, original_message=/status, from_=User(id=7525835156, is_bot=False, first_name='?NepElder?', last_name=None, username=None, language_code='en', is_premium=None, added_to_attachment_menu=None, can_join_groups=None, can_read_all_group_messages=None, supports_inline_queries=None, can_connect_to_business=None, has_main_web_app=None))>]
2025-01-30 13:01:14.392 | TRACE    | nonebot:_handle_skipped:102 - Dependent(call=_private_friend) skipped due to [TypeMisMatch(param=event, type=PrivateMessageEvent, value=PrivateMessageEvent(telegram_model=Update(update_id=997538875, message=Message(message_id=50, message_thread_id=None, from_=User(id=7525835156, is_bot=False, first_name='?NepElder?', last_name=None, username=None, language_code='en', is_premium=None, added_to_attachment_menu=None, can_join_groups=None, can_read_all_group_messages=None, supports_inline_queries=None, can_connect_to_business=None, has_main_web_app=None), sender_chat=None, sender_boost_count=None, sender_business_bot=None, date=1738260074, business_connection_id=None, chat=Chat(id=7525835156, type='private', title=None, username=None, first_name='?NepElder?', last_name=None, is_forum=None), forward_origin=None, is_topic_message=None, is_automatic_forward=None, reply_to_message=None, external_reply=None, quote=None, reply_to_story=None, via_bot=None, edit_date=None, has_protected_content=None, is_from_offline=None, media_group_id=None, author_signature=None, text=None, entities=None, link_preview_options=None, effect_id=None, animation=None, audio=None, document=None, paid_media=None, photo=None, sticker=None, story=None, video=None, video_note=None, voice=None, caption=None, caption_entities=None, show_caption_above_media=None, has_media_spoiler=None, contact=None, dice=None, game=None, poll=None, venue=None, location=None, new_chat_members=None, left_chat_member=None, new_chat_title=None, new_chat_photo=None, delete_chat_photo=None, group_chat_created=None, supergroup_chat_created=None, channel_chat_created=None, message_auto_delete_timer_changed=None, migrate_to_chat_id=None, migrate_from_chat_id=None, pinned_message=None, invoice=None, successful_payment=None, refunded_payment=None, users_shared=None, chat_shared=None, connected_website=None, write_access_allowed=None, passport_data=None, proximity_alert_triggered=None, boost_added=None, chat_background_set=None, forum_topic_created=None, forum_topic_edited=None, forum_topic_closed=None, forum_topic_reopened=None, general_forum_topic_hidden=None, general_forum_topic_unhidden=None, giveaway_created=None, giveaway=None, giveaway_winners=None, giveaway_completed=None, video_chat_scheduled=None, video_chat_started=None, video_chat_ended=None, video_chat_participants_invited=None, web_app_data=None, reply_markup=None), edited_message=None, channel_post=None, edited_channel_post=None, business_connection=None, business_message=None, edited_business_message=None, deleted_business_messages=None, message_reaction=None, message_reaction_count=None, inline_query=None, chosen_inline_result=None, callback_query=None, shipping_query=None, pre_checkout_query=None, purchased_paid_media=None, poll=None, poll_answer=None, my_chat_member=None, chat_member=None, chat_join_request=None, chat_boost=None, removed_chat_boost=None), message_id=50, date=1738260074, chat=Chat(id=7525835156, type='private', title=None, username=None, first_name='?NepElder?', last_name=None, is_forum=None), forward_from=None, forward_from_chat=None, forward_from_message_id=None, forward_signature=None, forward_sender_name=None, forward_date=None, via_bot=None, has_protected_content=None, media_group_id=None, author_signature=None, reply_to_message=None, message=/status, original_message=/status, from_=User(id=7525835156, is_bot=False, first_name='?NepElder?', last_name=None, username=None, language_code='en', is_premium=None, added_to_attachment_menu=None, can_join_groups=None, can_read_all_group_messages=None, supports_inline_queries=None, can_connect_to_business=None, has_main_web_app=None))>]
2025-01-30 13:01:14.392 | TRACE    | nonebot:_check_matcher:391 - Permission conditions not met for Matcher(type='message', module=nonebot_plugin_setu_now, lineno=61)
2025-01-30 13:01:14.394 | TRACE    | nonebot:_check_matcher:401 - Rule conditions not met for Matcher(type='message', module=nonebot.plugins.echo, lineno=17)
2025-01-30 13:01:14.394 | TRACE    | nonebot:_check_matcher:401 - Rule conditions not met for Matcher(type='message', module=YetAnotherPicSearch.__main__, lineno=330)
2025-01-30 13:01:14.394 | TRACE    | nonebot:_check_matcher:401 - Rule conditions not met for Matcher(type='message', module=nonebot_plugin_setu_now, lineno=189)
2025-01-30 13:01:14.394 | TRACE    | nonebot:_check_matcher:401 - Rule conditions not met for Matcher(type='message', module=nonebot_plugin_setu_now.r18_whitelist, lineno=20)
2025-01-30 13:01:14.394 | TRACE    | nonebot:_check_matcher:401 - Rule conditions not met for Matcher(type='message', module=nonebot_plugin_setu_now.r18_whitelist, lineno=39)
2025-01-30 13:01:14.394 | DEBUG    | nonebot:handle_event:573 - Checking for matchers in priority 2...
2025-01-30 13:01:14.395 | TRACE    | nonebot:_check_matcher:401 - Rule conditions not met for Matcher(type='message', module=YetAnotherPicSearch.__main__, lineno=333)
2025-01-30 13:01:14.395 | DEBUG    | nonebot:handle_event:573 - Checking for matchers in priority 10...
2025-01-30 13:01:14.396 | TRACE    | nonebot:_handle_skipped:102 - Dependent(call=_poke) skipped due to [TypeMisMatch(param=event, type=PrivateMessageEvent, value=PrivateMessageEvent(telegram_model=Update(update_id=997538875, message=Message(message_id=50, message_thread_id=None, from_=User(id=7525835156, is_bot=False, first_name='?NepElder?', last_name=None, username=None, language_code='en', is_premium=None, added_to_attachment_menu=None, can_join_groups=None, can_read_all_group_messages=None, supports_inline_queries=None, can_connect_to_business=None, has_main_web_app=None), sender_chat=None, sender_boost_count=None, sender_business_bot=None, date=1738260074, business_connection_id=None, chat=Chat(id=7525835156, type='private', title=None, username=None, first_name='?NepElder?', last_name=None, is_forum=None), forward_origin=None, is_topic_message=None, is_automatic_forward=None, reply_to_message=None, external_reply=None, quote=None, reply_to_story=None, via_bot=None, edit_date=None, has_protected_content=None, is_from_offline=None, media_group_id=None, author_signature=None, text=None, entities=None, link_preview_options=None, effect_id=None, animation=None, audio=None, document=None, paid_media=None, photo=None, sticker=None, story=None, video=None, video_note=None, voice=None, caption=None, caption_entities=None, show_caption_above_media=None, has_media_spoiler=None, contact=None, dice=None, game=None, poll=None, venue=None, location=None, new_chat_members=None, left_chat_member=None, new_chat_title=None, new_chat_photo=None, delete_chat_photo=None, group_chat_created=None, supergroup_chat_created=None, channel_chat_created=None, message_auto_delete_timer_changed=None, migrate_to_chat_id=None, migrate_from_chat_id=None, pinned_message=None, invoice=None, successful_payment=None, refunded_payment=None, users_shared=None, chat_shared=None, connected_website=None, write_access_allowed=None, passport_data=None, proximity_alert_triggered=None, boost_added=None, chat_background_set=None, forum_topic_created=None, forum_topic_edited=None, forum_topic_closed=None, forum_topic_reopened=None, general_forum_topic_hidden=None, general_forum_topic_unhidden=None, giveaway_created=None, giveaway=None, giveaway_winners=None, giveaway_completed=None, video_chat_scheduled=None, video_chat_started=None, video_chat_ended=None, video_chat_participants_invited=None, web_app_data=None, reply_markup=None), edited_message=None, channel_post=None, edited_channel_post=None, business_connection=None, business_message=None, edited_business_message=None, deleted_business_messages=None, message_reaction=None, message_reaction_count=None, inline_query=None, chosen_inline_result=None, callback_query=None, shipping_query=None, pre_checkout_query=None, purchased_paid_media=None, poll=None, poll_answer=None, my_chat_member=None, chat_member=None, chat_join_request=None, chat_boost=None, removed_chat_boost=None), message_id=50, date=1738260074, chat=Chat(id=7525835156, type='private', title=None, username=None, first_name='?NepElder?', last_name=None, is_forum=None), forward_from=None, forward_from_chat=None, forward_from_message_id=None, forward_signature=None, forward_sender_name=None, forward_date=None, via_bot=None, has_protected_content=None, media_group_id=None, author_signature=None, reply_to_message=None, message=/status, original_message=/status, from_=User(id=7525835156, is_bot=False, first_name='?NepElder?', last_name=None, username=None, language_code='en', is_premium=None, added_to_attachment_menu=None, can_join_groups=None, can_read_all_group_messages=None, supports_inline_queries=None, can_connect_to_business=None, has_main_web_app=None))>]
2025-01-30 13:01:14.396 | TRACE    | nonebot:_check_matcher:401 - Rule conditions not met for Matcher(type='message', module=nonebot_plugin_status.onebot_v11, lineno=38)
2025-01-30 13:01:14.397 | INFO     | nonebot:_run_matcher:435 - Event will be handled by Matcher(type='message', module=nonebot_plugin_status.common, lineno=17)
2025-01-30 13:01:14.397 | DEBUG    | nonebot:_run_matcher:455 - Running Matcher(type='message', module=nonebot_plugin_status.common, lineno=17)
2025-01-30 13:01:14.397 | TRACE    | nonebot:simple_run:838 - Matcher(type='message', module=nonebot_plugin_status.common, lineno=17) run with incoming args: bot=Bot(type='Telegram', self_id='8186306331'), event=PrivateMessageEvent(telegram_model=Update(update_id=997538875, message=Message(message_id=50, message_thread_id=None, from_=User(id=7525835156, is_bot=False, first_name='?NepElder?', last_name=None, username=None, language_code='en', is_premium=None, added_to_attachment_menu=None, can_join_groups=None, can_read_all_group_messages=None, supports_inline_queries=None, can_connect_to_business=None, has_main_web_app=None), sender_chat=None, sender_boost_count=None, sender_business_bot=None, date=1738260074, business_connection_id=None, chat=Chat(id=7525835156, type='private', title=None, username=None, first_name='?NepElder?', last_name=None, is_forum=None), forward_origin=None, is_topic_message=None, is_automatic_forward=None, reply_to_message=None, external_reply=None, quote=None, reply_to_story=None, via_bot=None, edit_date=None, has_protected_content=None, is_from_offline=None, media_group_id=None, author_signature=None, text=None, entities=None, link_preview_options=None, effect_id=None, animation=None, audio=None, document=None, paid_media=None, photo=None, sticker=None, story=None, video=None, video_note=None, voice=None, caption=None, caption_entities=None, show_caption_above_media=None, has_media_spoiler=None, contact=None, dice=None, game=None, poll=None, venue=None, location=None, new_chat_members=None, left_chat_member=None, new_chat_title=None, new_chat_photo=None, delete_chat_photo=None, group_chat_created=None, supergroup_chat_created=None, channel_chat_created=None, message_auto_delete_timer_changed=None, migrate_to_chat_id=None, migrate_from_chat_id=None, pinned_message=None, invoice=None, successful_payment=None, refunded_payment=None, users_shared=None, chat_shared=None, connected_website=None, write_access_allowed=None, passport_data=None, proximity_alert_triggered=None, boost_added=None, chat_background_set=None, forum_topic_created=None, forum_topic_edited=None, forum_topic_closed=None, forum_topic_reopened=None, general_forum_topic_hidden=None, general_forum_topic_unhidden=None, giveaway_created=None, giveaway=None, giveaway_winners=None, giveaway_completed=None, video_chat_scheduled=None, video_chat_started=None, video_chat_ended=None, video_chat_participants_invited=None, web_app_data=None, reply_markup=None), edited_message=None, channel_post=None, edited_channel_post=None, business_connection=None, business_message=None, edited_business_message=None, deleted_business_messages=None, message_reaction=None, message_reaction_count=None, inline_query=None, chosen_inline_result=None, callback_query=None, shipping_query=None, pre_checkout_query=None, purchased_paid_media=None, poll=None, poll_answer=None, my_chat_member=None, chat_member=None, chat_join_request=None, chat_boost=None, removed_chat_boost=None), message_id=50, date=1738260074, chat=Chat(id=7525835156, type='private', title=None, username=None, first_name='?NepElder?', last_name=None, is_forum=None), forward_from=None, forward_from_chat=None, forward_from_message_id=None, forward_signature=None, forward_sender_name=None, forward_date=None, via_bot=None, has_protected_content=None, media_group_id=None, author_signature=None, reply_to_message=None, message=/status, original_message=/status, from_=User(id=7525835156, is_bot=False, first_name='?NepElder?', last_name=None, username=None, language_code='en', is_premium=None, added_to_attachment_menu=None, can_join_groups=None, can_read_all_group_messages=None, supports_inline_queries=None, can_connect_to_business=None, has_main_web_app=None)), state={'_prefix': {'command': ('status',), 'raw_command': '/status', 'command_arg': , 'command_start': '/', 'command_whitespace': None}}
2025-01-30 13:01:14.397 | DEBUG    | nonebot:simple_run:855 - Running handler Dependent(call=server_status)
2025-01-30 13:01:14.397 | TRACE    | nonebot:_check_matcher:401 - Rule conditions not met for Matcher(type='', module=nonebot_plugin_status.onebot_v11, lineno=19)
2025-01-30 13:01:14.399 | TRACE    | nonebot:_check_matcher:401 - Rule conditions not met for Matcher(type='message', module=plugins.shutdown, lineno=17)
2025-01-30 13:01:14.903 | DEBUG    | nonebot:log:336 - Telegram | Calling API sendMessage
2025-01-30 13:01:14.904 | DEBUG    | nonebot:log:336 - Telegram | Calling API {'chat_id': '7525835156', 'text': 'CPU: 07%\nMemory: 57%\nRuntime: 0.38 minutes\n\nDisk:\n  /: 01%\n  /System/Volumes/VM: 00%\n  /System/Volumes/Preboot: 00%\n  /System/Volumes/Update: 00%\n  /System/Volumes/xarts: 01%\n  /System/Volumes/iSCPreboot: 01%\n  /System/Volumes/Hardware: 00%\n  /System/Volumes/Data: 19%\n  /Volumes/Recovery: 00%'}
2025-01-30 13:01:15.451 | INFO     | nonebot:simple_run:872 - Matcher(type='message', module=nonebot_plugin_status.common, lineno=17) running complete
2025-01-30 13:01:15.453 | TRACE    | nonebot:_handle_skipped:102 - Dependent(call=_exit_executor) skipped due to [TypeMisMatch(param=matcher, type=AlconnaMatcher, value=Matcher(type='message', module=nonebot_plugin_status.common, lineno=17)>]
2025-01-30 13:01:15.453 | DEBUG    | nonebot:handle_event:601 - Checking for matchers completed
2025-01-30 13:01:44.852 | DEBUG    | nonebot:log:336 - Telegram | Calling API getUpdates
2025-01-30 13:01:44.853 | DEBUG    | nonebot:log:336 - Telegram | Calling API {'offset': '997538876', 'timeout': '30'}
2025-01-30 17:06:56.323 | INFO     | uvicorn:shutdown:263 - Shutting down
2025-01-30 17:06:56.424 | INFO     | uvicorn:shutdown:67 - Waiting for application shutdown.
2025-01-30 17:06:56.426 | SUCCESS  | nonebot_plugin_tortoise_orm:disconnect:75 - 数据库: 断开链接
2025-01-30 17:06:58.262 | SUCCESS  | nonebot:load_plugin:188 - Succeeded to load plugin "nonebot_plugin_logpile"
2025-01-30 17:06:58.266 | SUCCESS  | nonebot:load_plugin:188 - Succeeded to load plugin "nonebot_plugin_waiter"
2025-01-30 17:06:58.299 | SUCCESS  | nonebot:load_plugin:188 - Succeeded to load plugin "nonebot_plugin_alconna:uniseg" from "nonebot_plugin_alconna.uniseg"
2025-01-30 17:06:58.327 | SUCCESS  | nonebot:load_plugin:188 - Succeeded to load plugin "nonebot_plugin_alconna"
2025-01-30 17:06:58.442 | TRACE    | nonebot:new:323 - Define new matcher Matcher(type='message', module=YetAnotherPicSearch.__main__, lineno=330)
2025-01-30 17:06:58.442 | TRACE    | nonebot:new:323 - Define new matcher Matcher(type='message', module=YetAnotherPicSearch.__main__, lineno=333)
2025-01-30 17:06:58.445 | SUCCESS  | nonebot:load_plugin:188 - Succeeded to load plugin "YetAnotherPicSearch"
2025-01-30 17:06:58.447 | SUCCESS  | nonebot:load_plugin:188 - Succeeded to load plugin "nonebot_plugin_localstore"
2025-01-30 17:06:58.479 | SUCCESS  | nonebot:load_plugin:188 - Succeeded to load plugin "nonebot_plugin_tortoise_orm"
2025-01-30 17:06:58.487 | TRACE    | nonebot:new:323 - Define new matcher Matcher(type='message', module=nonebot_plugin_setu_now.r18_whitelist, lineno=20)
2025-01-30 17:06:58.488 | TRACE    | nonebot:new:323 - Define new matcher Matcher(type='message', module=nonebot_plugin_setu_now.r18_whitelist, lineno=39)
2025-01-30 17:06:58.488 | SUCCESS  | nonebot_plugin_tortoise_orm:add_model:109 - 数据库: 添加模型: nonebot_plugin_setu_now.database
2025-01-30 17:06:58.488 | TRACE    | nonebot:new:323 - Define new matcher Matcher(type='message', module=nonebot_plugin_setu_now, lineno=61)
2025-01-30 17:06:58.488 | TRACE    | nonebot:new:323 - Define new matcher Matcher(type='message', module=nonebot_plugin_setu_now, lineno=189)
2025-01-30 17:06:58.489 | SUCCESS  | nonebot:load_plugin:188 - Succeeded to load plugin "nonebot_plugin_setu_now"
2025-01-30 17:06:58.489 | WARNING  | __main__:<module>:18 - Always use `nb run` to start the bot instead of manually running!
2025-01-30 17:06:58.489 | SUCCESS  | nonebot:run:336 - Running NoneBot...
2025-01-30 17:06:58.489 | SUCCESS  | nonebot:run:117 - Loaded adapters: Telegram
2025-01-30 17:06:58.507 | INFO     | uvicorn:_serve:83 - Started server process [11302]
2025-01-30 17:06:58.507 | INFO     | uvicorn:startup:48 - Waiting for application startup.
2025-01-30 17:06:58.509 | DEBUG    | nonebot_plugin_tortoise_orm:connect:60 - 参数预览
{
    "connections": {
        "default": "sqlite:////Users/sean/Library/Application Support/nonebot2/nonebot_plugin_tortoise_orm/db.sqlite3"
    },
    "apps": {
        "default": {
            "models": [
                "nonebot_plugin_setu_now.database"
            ],
            "default_connection": "default"
        }
    },
    "use_tz": false,
    "timezone": "Asia/Shanghai"
}
2025-01-30 17:06:58.515 | SUCCESS  | nonebot_plugin_tortoise_orm:connect:67 - 数据库: default 连接成功 URL: sqlite:////Users/sean/Library/Application Support/nonebot2/nonebot_plugin_tortoise_orm/db.sqlite3
2025-01-30 17:06:58.515 | DEBUG    | nonebot:log:336 - Telegram | Calling API getMe
2025-01-30 17:06:58.515 | DEBUG    | nonebot:log:336 - Telegram | Calling API {}
2025-01-30 17:06:58.551 | INFO     | uvicorn:startup:62 - Application startup complete.
2025-01-30 17:06:58.551 | INFO     | uvicorn:_log_started_message:215 - Uvicorn running on http://127.0.0.1:8080 (Press CTRL+C to quit)
2025-01-30 17:06:58.880 | INFO     | nonebot:log:336 - Telegram | Delete old webhook
2025-01-30 17:06:58.882 | DEBUG    | nonebot:log:336 - Telegram | Calling API deleteWebhook
2025-01-30 17:06:58.882 | DEBUG    | nonebot:log:336 - Telegram | Calling API {}
2025-01-30 17:06:59.246 | INFO     | nonebot:log:336 - Telegram | Start poll
2025-01-30 17:06:59.263 | DEBUG    | nonebot:log:336 - Telegram | Calling API getUpdates
2025-01-30 17:06:59.264 | DEBUG    | nonebot:log:336 - Telegram | Calling API {'timeout': '30'}
2025-01-30 17:06:59.616 | DEBUG    | nonebot:log:336 - Telegram | Calling API getUpdates
2025-01-30 17:06:59.617 | DEBUG    | nonebot:log:336 - Telegram | Calling API {'offset': '997538876', 'timeout': '30'}
2025-01-30 17:06:59.972 | DEBUG    | nonebot:log:336 - Telegram | Calling API getUpdates
2025-01-30 17:06:59.972 | DEBUG    | nonebot:log:336 - Telegram | Calling API {'offset': '997538877', 'timeout': '30'}
2025-01-30 17:06:59.992 | DEBUG    | nonebot:log:336 - Telegram | {'message_id': 52, 'date': 1738274808, 'chat': {'id': 7525835156, 'type': 'private', 'first_name': '?NepElder?'}, 'message': [{'type': 'bot_command', 'data': {'text': '/status'}}, {'type': 'text', 'data': {'text': ''}}], 'original_message': [{'type': 'bot_command', 'data': {'text': '/status'}}, {'type': 'text', 'data': {'text': ''}}], 'from_': {'id': 7525835156, 'is_bot': False, 'first_name': '?NepElder?', 'language_code': 'en'}}
2025-01-30 17:06:59.992 | SUCCESS  | nonebot:handle_event:535 - Telegram 8186306331 | [message.private]: Message 52 from 7525835156: /status
2025-01-30 17:06:59.992 | DEBUG    | nonebot:handle_event:573 - Checking for matchers in priority 1...
2025-01-30 17:06:59.994 | TRACE    | nonebot:_handle_skipped:102 - Dependent(call=_private_friend) skipped due to [TypeMisMatch(param=event, type=PrivateMessageEvent, value=PrivateMessageEvent(telegram_model=Update(update_id=997538876, message=Message(message_id=52, message_thread_id=None, from_=User(id=7525835156, is_bot=False, first_name='?NepElder?', last_name=None, username=None, language_code='en', is_premium=None, added_to_attachment_menu=None, can_join_groups=None, can_read_all_group_messages=None, supports_inline_queries=None, can_connect_to_business=None, has_main_web_app=None), sender_chat=None, sender_boost_count=None, sender_business_bot=None, date=1738274808, business_connection_id=None, chat=Chat(id=7525835156, type='private', title=None, username=None, first_name='?NepElder?', last_name=None, is_forum=None), forward_origin=None, is_topic_message=None, is_automatic_forward=None, reply_to_message=None, external_reply=None, quote=None, reply_to_story=None, via_bot=None, edit_date=None, has_protected_content=None, is_from_offline=None, media_group_id=None, author_signature=None, text=None, entities=None, link_preview_options=None, effect_id=None, animation=None, audio=None, document=None, paid_media=None, photo=None, sticker=None, story=None, video=None, video_note=None, voice=None, caption=None, caption_entities=None, show_caption_above_media=None, has_media_spoiler=None, contact=None, dice=None, game=None, poll=None, venue=None, location=None, new_chat_members=None, left_chat_member=None, new_chat_title=None, new_chat_photo=None, delete_chat_photo=None, group_chat_created=None, supergroup_chat_created=None, channel_chat_created=None, message_auto_delete_timer_changed=None, migrate_to_chat_id=None, migrate_from_chat_id=None, pinned_message=None, invoice=None, successful_payment=None, refunded_payment=None, users_shared=None, chat_shared=None, connected_website=None, write_access_allowed=None, passport_data=None, proximity_alert_triggered=None, boost_added=None, chat_background_set=None, forum_topic_created=None, forum_topic_edited=None, forum_topic_closed=None, forum_topic_reopened=None, general_forum_topic_hidden=None, general_forum_topic_unhidden=None, giveaway_created=None, giveaway=None, giveaway_winners=None, giveaway_completed=None, video_chat_scheduled=None, video_chat_started=None, video_chat_ended=None, video_chat_participants_invited=None, web_app_data=None, reply_markup=None), edited_message=None, channel_post=None, edited_channel_post=None, business_connection=None, business_message=None, edited_business_message=None, deleted_business_messages=None, message_reaction=None, message_reaction_count=None, inline_query=None, chosen_inline_result=None, callback_query=None, shipping_query=None, pre_checkout_query=None, purchased_paid_media=None, poll=None, poll_answer=None, my_chat_member=None, chat_member=None, chat_join_request=None, chat_boost=None, removed_chat_boost=None), message_id=52, date=1738274808, chat=Chat(id=7525835156, type='private', title=None, username=None, first_name='?NepElder?', last_name=None, is_forum=None), forward_from=None, forward_from_chat=None, forward_from_message_id=None, forward_signature=None, forward_sender_name=None, forward_date=None, via_bot=None, has_protected_content=None, media_group_id=None, author_signature=None, reply_to_message=None, message=/status, original_message=/status, from_=User(id=7525835156, is_bot=False, first_name='?NepElder?', last_name=None, username=None, language_code='en', is_premium=None, added_to_attachment_menu=None, can_join_groups=None, can_read_all_group_messages=None, supports_inline_queries=None, can_connect_to_business=None, has_main_web_app=None))>]
2025-01-30 17:06:59.994 | TRACE    | nonebot:_handle_skipped:102 - Dependent(call=_group) skipped due to [TypeMisMatch(param=event, type=GroupMessageEvent, value=PrivateMessageEvent(telegram_model=Update(update_id=997538876, message=Message(message_id=52, message_thread_id=None, from_=User(id=7525835156, is_bot=False, first_name='?NepElder?', last_name=None, username=None, language_code='en', is_premium=None, added_to_attachment_menu=None, can_join_groups=None, can_read_all_group_messages=None, supports_inline_queries=None, can_connect_to_business=None, has_main_web_app=None), sender_chat=None, sender_boost_count=None, sender_business_bot=None, date=1738274808, business_connection_id=None, chat=Chat(id=7525835156, type='private', title=None, username=None, first_name='?NepElder?', last_name=None, is_forum=None), forward_origin=None, is_topic_message=None, is_automatic_forward=None, reply_to_message=None, external_reply=None, quote=None, reply_to_story=None, via_bot=None, edit_date=None, has_protected_content=None, is_from_offline=None, media_group_id=None, author_signature=None, text=None, entities=None, link_preview_options=None, effect_id=None, animation=None, audio=None, document=None, paid_media=None, photo=None, sticker=None, story=None, video=None, video_note=None, voice=None, caption=None, caption_entities=None, show_caption_above_media=None, has_media_spoiler=None, contact=None, dice=None, game=None, poll=None, venue=None, location=None, new_chat_members=None, left_chat_member=None, new_chat_title=None, new_chat_photo=None, delete_chat_photo=None, group_chat_created=None, supergroup_chat_created=None, channel_chat_created=None, message_auto_delete_timer_changed=None, migrate_to_chat_id=None, migrate_from_chat_id=None, pinned_message=None, invoice=None, successful_payment=None, refunded_payment=None, users_shared=None, chat_shared=None, connected_website=None, write_access_allowed=None, passport_data=None, proximity_alert_triggered=None, boost_added=None, chat_background_set=None, forum_topic_created=None, forum_topic_edited=None, forum_topic_closed=None, forum_topic_reopened=None, general_forum_topic_hidden=None, general_forum_topic_unhidden=None, giveaway_created=None, giveaway=None, giveaway_winners=None, giveaway_completed=None, video_chat_scheduled=None, video_chat_started=None, video_chat_ended=None, video_chat_participants_invited=None, web_app_data=None, reply_markup=None), edited_message=None, channel_post=None, edited_channel_post=None, business_connection=None, business_message=None, edited_business_message=None, deleted_business_messages=None, message_reaction=None, message_reaction_count=None, inline_query=None, chosen_inline_result=None, callback_query=None, shipping_query=None, pre_checkout_query=None, purchased_paid_media=None, poll=None, poll_answer=None, my_chat_member=None, chat_member=None, chat_join_request=None, chat_boost=None, removed_chat_boost=None), message_id=52, date=1738274808, chat=Chat(id=7525835156, type='private', title=None, username=None, first_name='?NepElder?', last_name=None, is_forum=None), forward_from=None, forward_from_chat=None, forward_from_message_id=None, forward_signature=None, forward_sender_name=None, forward_date=None, via_bot=None, has_protected_content=None, media_group_id=None, author_signature=None, reply_to_message=None, message=/status, original_message=/status, from_=User(id=7525835156, is_bot=False, first_name='?NepElder?', last_name=None, username=None, language_code='en', is_premium=None, added_to_attachment_menu=None, can_join_groups=None, can_read_all_group_messages=None, supports_inline_queries=None, can_connect_to_business=None, has_main_web_app=None))>]
2025-01-30 17:06:59.995 | TRACE    | nonebot:_check_matcher:391 - Permission conditions not met for Matcher(type='message', module=nonebot_plugin_setu_now, lineno=61)
2025-01-30 17:07:00.002 | TRACE    | nonebot:_check_matcher:401 - Rule conditions not met for Matcher(type='message', module=nonebot.plugins.echo, lineno=17)
2025-01-30 17:07:00.003 | TRACE    | nonebot:_check_matcher:401 - Rule conditions not met for Matcher(type='message', module=YetAnotherPicSearch.__main__, lineno=330)
2025-01-30 17:07:00.003 | TRACE    | nonebot:_check_matcher:401 - Rule conditions not met for Matcher(type='message', module=nonebot_plugin_setu_now, lineno=189)
2025-01-30 17:07:00.004 | TRACE    | nonebot:_check_matcher:401 - Rule conditions not met for Matcher(type='message', module=nonebot_plugin_setu_now.r18_whitelist, lineno=20)
2025-01-30 17:07:00.004 | TRACE    | nonebot:_check_matcher:401 - Rule conditions not met for Matcher(type='message', module=nonebot_plugin_setu_now.r18_whitelist, lineno=39)
2025-01-30 17:07:00.004 | DEBUG    | nonebot:handle_event:573 - Checking for matchers in priority 2...
2025-01-30 17:07:00.007 | TRACE    | nonebot:_check_matcher:401 - Rule conditions not met for Matcher(type='message', module=YetAnotherPicSearch.__main__, lineno=333)
2025-01-30 17:07:00.007 | DEBUG    | nonebot:handle_event:573 - Checking for matchers in priority 10...
2025-01-30 17:07:00.008 | TRACE    | nonebot:_handle_skipped:102 - Dependent(call=_poke) skipped due to [TypeMisMatch(param=event, type=PrivateMessageEvent, value=PrivateMessageEvent(telegram_model=Update(update_id=997538876, message=Message(message_id=52, message_thread_id=None, from_=User(id=7525835156, is_bot=False, first_name='?NepElder?', last_name=None, username=None, language_code='en', is_premium=None, added_to_attachment_menu=None, can_join_groups=None, can_read_all_group_messages=None, supports_inline_queries=None, can_connect_to_business=None, has_main_web_app=None), sender_chat=None, sender_boost_count=None, sender_business_bot=None, date=1738274808, business_connection_id=None, chat=Chat(id=7525835156, type='private', title=None, username=None, first_name='?NepElder?', last_name=None, is_forum=None), forward_origin=None, is_topic_message=None, is_automatic_forward=None, reply_to_message=None, external_reply=None, quote=None, reply_to_story=None, via_bot=None, edit_date=None, has_protected_content=None, is_from_offline=None, media_group_id=None, author_signature=None, text=None, entities=None, link_preview_options=None, effect_id=None, animation=None, audio=None, document=None, paid_media=None, photo=None, sticker=None, story=None, video=None, video_note=None, voice=None, caption=None, caption_entities=None, show_caption_above_media=None, has_media_spoiler=None, contact=None, dice=None, game=None, poll=None, venue=None, location=None, new_chat_members=None, left_chat_member=None, new_chat_title=None, new_chat_photo=None, delete_chat_photo=None, group_chat_created=None, supergroup_chat_created=None, channel_chat_created=None, message_auto_delete_timer_changed=None, migrate_to_chat_id=None, migrate_from_chat_id=None, pinned_message=None, invoice=None, successful_payment=None, refunded_payment=None, users_shared=None, chat_shared=None, connected_website=None, write_access_allowed=None, passport_data=None, proximity_alert_triggered=None, boost_added=None, chat_background_set=None, forum_topic_created=None, forum_topic_edited=None, forum_topic_closed=None, forum_topic_reopened=None, general_forum_topic_hidden=None, general_forum_topic_unhidden=None, giveaway_created=None, giveaway=None, giveaway_winners=None, giveaway_completed=None, video_chat_scheduled=None, video_chat_started=None, video_chat_ended=None, video_chat_participants_invited=None, web_app_data=None, reply_markup=None), edited_message=None, channel_post=None, edited_channel_post=None, business_connection=None, business_message=None, edited_business_message=None, deleted_business_messages=None, message_reaction=None, message_reaction_count=None, inline_query=None, chosen_inline_result=None, callback_query=None, shipping_query=None, pre_checkout_query=None, purchased_paid_media=None, poll=None, poll_answer=None, my_chat_member=None, chat_member=None, chat_join_request=None, chat_boost=None, removed_chat_boost=None), message_id=52, date=1738274808, chat=Chat(id=7525835156, type='private', title=None, username=None, first_name='?NepElder?', last_name=None, is_forum=None), forward_from=None, forward_from_chat=None, forward_from_message_id=None, forward_signature=None, forward_sender_name=None, forward_date=None, via_bot=None, has_protected_content=None, media_group_id=None, author_signature=None, reply_to_message=None, message=/status, original_message=/status, from_=User(id=7525835156, is_bot=False, first_name='?NepElder?', last_name=None, username=None, language_code='en', is_premium=None, added_to_attachment_menu=None, can_join_groups=None, can_read_all_group_messages=None, supports_inline_queries=None, can_connect_to_business=None, has_main_web_app=None))>]
2025-01-30 17:07:00.009 | TRACE    | nonebot:_check_matcher:401 - Rule conditions not met for Matcher(type='message', module=nonebot_plugin_status.onebot_v11, lineno=38)
2025-01-30 17:07:00.010 | INFO     | nonebot:_run_matcher:435 - Event will be handled by Matcher(type='message', module=nonebot_plugin_status.common, lineno=17)
2025-01-30 17:07:00.010 | DEBUG    | nonebot:_run_matcher:455 - Running Matcher(type='message', module=nonebot_plugin_status.common, lineno=17)
2025-01-30 17:07:00.011 | TRACE    | nonebot:simple_run:838 - Matcher(type='message', module=nonebot_plugin_status.common, lineno=17) run with incoming args: bot=Bot(type='Telegram', self_id='8186306331'), event=PrivateMessageEvent(telegram_model=Update(update_id=997538876, message=Message(message_id=52, message_thread_id=None, from_=User(id=7525835156, is_bot=False, first_name='?NepElder?', last_name=None, username=None, language_code='en', is_premium=None, added_to_attachment_menu=None, can_join_groups=None, can_read_all_group_messages=None, supports_inline_queries=None, can_connect_to_business=None, has_main_web_app=None), sender_chat=None, sender_boost_count=None, sender_business_bot=None, date=1738274808, business_connection_id=None, chat=Chat(id=7525835156, type='private', title=None, username=None, first_name='?NepElder?', last_name=None, is_forum=None), forward_origin=None, is_topic_message=None, is_automatic_forward=None, reply_to_message=None, external_reply=None, quote=None, reply_to_story=None, via_bot=None, edit_date=None, has_protected_content=None, is_from_offline=None, media_group_id=None, author_signature=None, text=None, entities=None, link_preview_options=None, effect_id=None, animation=None, audio=None, document=None, paid_media=None, photo=None, sticker=None, story=None, video=None, video_note=None, voice=None, caption=None, caption_entities=None, show_caption_above_media=None, has_media_spoiler=None, contact=None, dice=None, game=None, poll=None, venue=None, location=None, new_chat_members=None, left_chat_member=None, new_chat_title=None, new_chat_photo=None, delete_chat_photo=None, group_chat_created=None, supergroup_chat_created=None, channel_chat_created=None, message_auto_delete_timer_changed=None, migrate_to_chat_id=None, migrate_from_chat_id=None, pinned_message=None, invoice=None, successful_payment=None, refunded_payment=None, users_shared=None, chat_shared=None, connected_website=None, write_access_allowed=None, passport_data=None, proximity_alert_triggered=None, boost_added=None, chat_background_set=None, forum_topic_created=None, forum_topic_edited=None, forum_topic_closed=None, forum_topic_reopened=None, general_forum_topic_hidden=None, general_forum_topic_unhidden=None, giveaway_created=None, giveaway=None, giveaway_winners=None, giveaway_completed=None, video_chat_scheduled=None, video_chat_started=None, video_chat_ended=None, video_chat_participants_invited=None, web_app_data=None, reply_markup=None), edited_message=None, channel_post=None, edited_channel_post=None, business_connection=None, business_message=None, edited_business_message=None, deleted_business_messages=None, message_reaction=None, message_reaction_count=None, inline_query=None, chosen_inline_result=None, callback_query=None, shipping_query=None, pre_checkout_query=None, purchased_paid_media=None, poll=None, poll_answer=None, my_chat_member=None, chat_member=None, chat_join_request=None, chat_boost=None, removed_chat_boost=None), message_id=52, date=1738274808, chat=Chat(id=7525835156, type='private', title=None, username=None, first_name='?NepElder?', last_name=None, is_forum=None), forward_from=None, forward_from_chat=None, forward_from_message_id=None, forward_signature=None, forward_sender_name=None, forward_date=None, via_bot=None, has_protected_content=None, media_group_id=None, author_signature=None, reply_to_message=None, message=/status, original_message=/status, from_=User(id=7525835156, is_bot=False, first_name='?NepElder?', last_name=None, username=None, language_code='en', is_premium=None, added_to_attachment_menu=None, can_join_groups=None, can_read_all_group_messages=None, supports_inline_queries=None, can_connect_to_business=None, has_main_web_app=None)), state={'_prefix': {'command': ('status',), 'raw_command': '/status', 'command_arg': , 'command_start': '/', 'command_whitespace': None}}
2025-01-30 17:07:00.011 | DEBUG    | nonebot:simple_run:855 - Running handler Dependent(call=server_status)
2025-01-30 17:07:00.011 | TRACE    | nonebot:_check_matcher:401 - Rule conditions not met for Matcher(type='', module=nonebot_plugin_status.onebot_v11, lineno=19)
2025-01-30 17:07:00.013 | TRACE    | nonebot:_check_matcher:401 - Rule conditions not met for Matcher(type='message', module=plugins.shutdown, lineno=17)
2025-01-30 17:07:00.517 | DEBUG    | nonebot:log:336 - Telegram | Calling API sendMessage
2025-01-30 17:07:00.517 | DEBUG    | nonebot:log:336 - Telegram | Calling API {'chat_id': '7525835156', 'text': 'CPU: 02%\nMemory: 57%\nRuntime: 0.03 minutes\n\nDisk:\n  /: 01%\n  /System/Volumes/VM: 00%\n  /System/Volumes/Preboot: 00%\n  /System/Volumes/Update: 00%\n  /System/Volumes/xarts: 01%\n  /System/Volumes/iSCPreboot: 01%\n  /System/Volumes/Hardware: 00%\n  /System/Volumes/Data: 19%\n  /Volumes/Recovery: 00%'}
2025-01-30 17:07:01.003 | INFO     | nonebot:simple_run:872 - Matcher(type='message', module=nonebot_plugin_status.common, lineno=17) running complete
2025-01-30 17:07:01.009 | TRACE    | nonebot:_handle_skipped:102 - Dependent(call=_exit_executor) skipped due to [TypeMisMatch(param=matcher, type=AlconnaMatcher, value=Matcher(type='message', module=nonebot_plugin_status.common, lineno=17)>]
2025-01-30 17:07:01.009 | DEBUG    | nonebot:handle_event:601 - Checking for matchers completed
2025-01-30 17:07:11.954 | DEBUG    | nonebot:log:336 - Telegram | Calling API getUpdates
2025-01-30 17:07:11.954 | DEBUG    | nonebot:log:336 - Telegram | Calling API {'offset': '997538878', 'timeout': '30'}
2025-01-30 17:07:11.974 | DEBUG    | nonebot:log:336 - Telegram | {'message_id': 54, 'date': 1738274831, 'chat': {'id': 7525835156, 'type': 'private', 'first_name': '?NepElder?'}, 'message': [{'type': 'text', 'data': {'text': '/信息'}}], 'original_message': [{'type': 'text', 'data': {'text': '/信息'}}], 'from_': {'id': 7525835156, 'is_bot': False, 'first_name': '?NepElder?', 'language_code': 'en'}}
2025-01-30 17:07:11.974 | SUCCESS  | nonebot:handle_event:535 - Telegram 8186306331 | [message.private]: Message 54 from 7525835156: /信息
2025-01-30 17:07:11.974 | DEBUG    | nonebot:handle_event:573 - Checking for matchers in priority 1...
2025-01-30 17:07:11.976 | TRACE    | nonebot:_handle_skipped:102 - Dependent(call=_private_friend) skipped due to [TypeMisMatch(param=event, type=PrivateMessageEvent, value=PrivateMessageEvent(telegram_model=Update(update_id=997538877, message=Message(message_id=54, message_thread_id=None, from_=User(id=7525835156, is_bot=False, first_name='?NepElder?', last_name=None, username=None, language_code='en', is_premium=None, added_to_attachment_menu=None, can_join_groups=None, can_read_all_group_messages=None, supports_inline_queries=None, can_connect_to_business=None, has_main_web_app=None), sender_chat=None, sender_boost_count=None, sender_business_bot=None, date=1738274831, business_connection_id=None, chat=Chat(id=7525835156, type='private', title=None, username=None, first_name='?NepElder?', last_name=None, is_forum=None), forward_origin=None, is_topic_message=None, is_automatic_forward=None, reply_to_message=None, external_reply=None, quote=None, reply_to_story=None, via_bot=None, edit_date=None, has_protected_content=None, is_from_offline=None, media_group_id=None, author_signature=None, text=None, entities=None, link_preview_options=None, effect_id=None, animation=None, audio=None, document=None, paid_media=None, photo=None, sticker=None, story=None, video=None, video_note=None, voice=None, caption=None, caption_entities=None, show_caption_above_media=None, has_media_spoiler=None, contact=None, dice=None, game=None, poll=None, venue=None, location=None, new_chat_members=None, left_chat_member=None, new_chat_title=None, new_chat_photo=None, delete_chat_photo=None, group_chat_created=None, supergroup_chat_created=None, channel_chat_created=None, message_auto_delete_timer_changed=None, migrate_to_chat_id=None, migrate_from_chat_id=None, pinned_message=None, invoice=None, successful_payment=None, refunded_payment=None, users_shared=None, chat_shared=None, connected_website=None, write_access_allowed=None, passport_data=None, proximity_alert_triggered=None, boost_added=None, chat_background_set=None, forum_topic_created=None, forum_topic_edited=None, forum_topic_closed=None, forum_topic_reopened=None, general_forum_topic_hidden=None, general_forum_topic_unhidden=None, giveaway_created=None, giveaway=None, giveaway_winners=None, giveaway_completed=None, video_chat_scheduled=None, video_chat_started=None, video_chat_ended=None, video_chat_participants_invited=None, web_app_data=None, reply_markup=None), edited_message=None, channel_post=None, edited_channel_post=None, business_connection=None, business_message=None, edited_business_message=None, deleted_business_messages=None, message_reaction=None, message_reaction_count=None, inline_query=None, chosen_inline_result=None, callback_query=None, shipping_query=None, pre_checkout_query=None, purchased_paid_media=None, poll=None, poll_answer=None, my_chat_member=None, chat_member=None, chat_join_request=None, chat_boost=None, removed_chat_boost=None), message_id=54, date=1738274831, chat=Chat(id=7525835156, type='private', title=None, username=None, first_name='?NepElder?', last_name=None, is_forum=None), forward_from=None, forward_from_chat=None, forward_from_message_id=None, forward_signature=None, forward_sender_name=None, forward_date=None, via_bot=None, has_protected_content=None, media_group_id=None, author_signature=None, reply_to_message=None, message=/信息, original_message=/信息, from_=User(id=7525835156, is_bot=False, first_name='?NepElder?', last_name=None, username=None, language_code='en', is_premium=None, added_to_attachment_menu=None, can_join_groups=None, can_read_all_group_messages=None, supports_inline_queries=None, can_connect_to_business=None, has_main_web_app=None))>]
2025-01-30 17:07:11.976 | TRACE    | nonebot:_handle_skipped:102 - Dependent(call=_group) skipped due to [TypeMisMatch(param=event, type=GroupMessageEvent, value=PrivateMessageEvent(telegram_model=Update(update_id=997538877, message=Message(message_id=54, message_thread_id=None, from_=User(id=7525835156, is_bot=False, first_name='?NepElder?', last_name=None, username=None, language_code='en', is_premium=None, added_to_attachment_menu=None, can_join_groups=None, can_read_all_group_messages=None, supports_inline_queries=None, can_connect_to_business=None, has_main_web_app=None), sender_chat=None, sender_boost_count=None, sender_business_bot=None, date=1738274831, business_connection_id=None, chat=Chat(id=7525835156, type='private', title=None, username=None, first_name='?NepElder?', last_name=None, is_forum=None), forward_origin=None, is_topic_message=None, is_automatic_forward=None, reply_to_message=None, external_reply=None, quote=None, reply_to_story=None, via_bot=None, edit_date=None, has_protected_content=None, is_from_offline=None, media_group_id=None, author_signature=None, text=None, entities=None, link_preview_options=None, effect_id=None, animation=None, audio=None, document=None, paid_media=None, photo=None, sticker=None, story=None, video=None, video_note=None, voice=None, caption=None, caption_entities=None, show_caption_above_media=None, has_media_spoiler=None, contact=None, dice=None, game=None, poll=None, venue=None, location=None, new_chat_members=None, left_chat_member=None, new_chat_title=None, new_chat_photo=None, delete_chat_photo=None, group_chat_created=None, supergroup_chat_created=None, channel_chat_created=None, message_auto_delete_timer_changed=None, migrate_to_chat_id=None, migrate_from_chat_id=None, pinned_message=None, invoice=None, successful_payment=None, refunded_payment=None, users_shared=None, chat_shared=None, connected_website=None, write_access_allowed=None, passport_data=None, proximity_alert_triggered=None, boost_added=None, chat_background_set=None, forum_topic_created=None, forum_topic_edited=None, forum_topic_closed=None, forum_topic_reopened=None, general_forum_topic_hidden=None, general_forum_topic_unhidden=None, giveaway_created=None, giveaway=None, giveaway_winners=None, giveaway_completed=None, video_chat_scheduled=None, video_chat_started=None, video_chat_ended=None, video_chat_participants_invited=None, web_app_data=None, reply_markup=None), edited_message=None, channel_post=None, edited_channel_post=None, business_connection=None, business_message=None, edited_business_message=None, deleted_business_messages=None, message_reaction=None, message_reaction_count=None, inline_query=None, chosen_inline_result=None, callback_query=None, shipping_query=None, pre_checkout_query=None, purchased_paid_media=None, poll=None, poll_answer=None, my_chat_member=None, chat_member=None, chat_join_request=None, chat_boost=None, removed_chat_boost=None), message_id=54, date=1738274831, chat=Chat(id=7525835156, type='private', title=None, username=None, first_name='?NepElder?', last_name=None, is_forum=None), forward_from=None, forward_from_chat=None, forward_from_message_id=None, forward_signature=None, forward_sender_name=None, forward_date=None, via_bot=None, has_protected_content=None, media_group_id=None, author_signature=None, reply_to_message=None, message=/信息, original_message=/信息, from_=User(id=7525835156, is_bot=False, first_name='?NepElder?', last_name=None, username=None, language_code='en', is_premium=None, added_to_attachment_menu=None, can_join_groups=None, can_read_all_group_messages=None, supports_inline_queries=None, can_connect_to_business=None, has_main_web_app=None))>]
2025-01-30 17:07:11.976 | TRACE    | nonebot:_check_matcher:391 - Permission conditions not met for Matcher(type='message', module=nonebot_plugin_setu_now, lineno=61)
2025-01-30 17:07:11.978 | TRACE    | nonebot:_check_matcher:401 - Rule conditions not met for Matcher(type='message', module=nonebot.plugins.echo, lineno=17)
2025-01-30 17:07:11.978 | TRACE    | nonebot:_check_matcher:401 - Rule conditions not met for Matcher(type='message', module=YetAnotherPicSearch.__main__, lineno=330)
2025-01-30 17:07:11.978 | INFO     | nonebot:_run_matcher:435 - Event will be handled by Matcher(type='message', module=nonebot_plugin_setu_now, lineno=189)
2025-01-30 17:07:11.978 | DEBUG    | nonebot:_run_matcher:455 - Running Matcher(type='message', module=nonebot_plugin_setu_now, lineno=189)
2025-01-30 17:07:11.978 | TRACE    | nonebot:simple_run:838 - Matcher(type='message', module=nonebot_plugin_setu_now, lineno=189) run with incoming args: bot=Bot(type='Telegram', self_id='8186306331'), event=PrivateMessageEvent(telegram_model=Update(update_id=997538877, message=Message(message_id=54, message_thread_id=None, from_=User(id=7525835156, is_bot=False, first_name='?NepElder?', last_name=None, username=None, language_code='en', is_premium=None, added_to_attachment_menu=None, can_join_groups=None, can_read_all_group_messages=None, supports_inline_queries=None, can_connect_to_business=None, has_main_web_app=None), sender_chat=None, sender_boost_count=None, sender_business_bot=None, date=1738274831, business_connection_id=None, chat=Chat(id=7525835156, type='private', title=None, username=None, first_name='?NepElder?', last_name=None, is_forum=None), forward_origin=None, is_topic_message=None, is_automatic_forward=None, reply_to_message=None, external_reply=None, quote=None, reply_to_story=None, via_bot=None, edit_date=None, has_protected_content=None, is_from_offline=None, media_group_id=None, author_signature=None, text=None, entities=None, link_preview_options=None, effect_id=None, animation=None, audio=None, document=None, paid_media=None, photo=None, sticker=None, story=None, video=None, video_note=None, voice=None, caption=None, caption_entities=None, show_caption_above_media=None, has_media_spoiler=None, contact=None, dice=None, game=None, poll=None, venue=None, location=None, new_chat_members=None, left_chat_member=None, new_chat_title=None, new_chat_photo=None, delete_chat_photo=None, group_chat_created=None, supergroup_chat_created=None, channel_chat_created=None, message_auto_delete_timer_changed=None, migrate_to_chat_id=None, migrate_from_chat_id=None, pinned_message=None, invoice=None, successful_payment=None, refunded_payment=None, users_shared=None, chat_shared=None, connected_website=None, write_access_allowed=None, passport_data=None, proximity_alert_triggered=None, boost_added=None, chat_background_set=None, forum_topic_created=None, forum_topic_edited=None, forum_topic_closed=None, forum_topic_reopened=None, general_forum_topic_hidden=None, general_forum_topic_unhidden=None, giveaway_created=None, giveaway=None, giveaway_winners=None, giveaway_completed=None, video_chat_scheduled=None, video_chat_started=None, video_chat_ended=None, video_chat_participants_invited=None, web_app_data=None, reply_markup=None), edited_message=None, channel_post=None, edited_channel_post=None, business_connection=None, business_message=None, edited_business_message=None, deleted_business_messages=None, message_reaction=None, message_reaction_count=None, inline_query=None, chosen_inline_result=None, callback_query=None, shipping_query=None, pre_checkout_query=None, purchased_paid_media=None, poll=None, poll_answer=None, my_chat_member=None, chat_member=None, chat_join_request=None, chat_boost=None, removed_chat_boost=None), message_id=54, date=1738274831, chat=Chat(id=7525835156, type='private', title=None, username=None, first_name='?NepElder?', last_name=None, is_forum=None), forward_from=None, forward_from_chat=None, forward_from_message_id=None, forward_signature=None, forward_sender_name=None, forward_date=None, via_bot=None, has_protected_content=None, media_group_id=None, author_signature=None, reply_to_message=None, message=/信息, original_message=/信息, from_=User(id=7525835156, is_bot=False, first_name='?NepElder?', last_name=None, username=None, language_code='en', is_premium=None, added_to_attachment_menu=None, can_join_groups=None, can_read_all_group_messages=None, supports_inline_queries=None, can_connect_to_business=None, has_main_web_app=None)), state={'_prefix': {'command': ('信息',), 'raw_command': '/信息', 'command_arg': , 'command_start': '/', 'command_whitespace': None}}
2025-01-30 17:07:11.978 | DEBUG    | nonebot:simple_run:855 - Running handler Dependent(call=_)
2025-01-30 17:07:11.979 | TRACE    | nonebot:_handle_skipped:102 - Dependent(call=_) skipped due to [TypeMisMatch(param=event, type=MessageEvent, value=PrivateMessageEvent(telegram_model=Update(update_id=997538877, message=Message(message_id=54, message_thread_id=None, from_=User(id=7525835156, is_bot=False, first_name='?NepElder?', last_name=None, username=None, language_code='en', is_premium=None, added_to_attachment_menu=None, can_join_groups=None, can_read_all_group_messages=None, supports_inline_queries=None, can_connect_to_business=None, has_main_web_app=None), sender_chat=None, sender_boost_count=None, sender_business_bot=None, date=1738274831, business_connection_id=None, chat=Chat(id=7525835156, type='private', title=None, username=None, first_name='?NepElder?', last_name=None, is_forum=None), forward_origin=None, is_topic_message=None, is_automatic_forward=None, reply_to_message=None, external_reply=None, quote=None, reply_to_story=None, via_bot=None, edit_date=None, has_protected_content=None, is_from_offline=None, media_group_id=None, author_signature=None, text=None, entities=None, link_preview_options=None, effect_id=None, animation=None, audio=None, document=None, paid_media=None, photo=None, sticker=None, story=None, video=None, video_note=None, voice=None, caption=None, caption_entities=None, show_caption_above_media=None, has_media_spoiler=None, contact=None, dice=None, game=None, poll=None, venue=None, location=None, new_chat_members=None, left_chat_member=None, new_chat_title=None, new_chat_photo=None, delete_chat_photo=None, group_chat_created=None, supergroup_chat_created=None, channel_chat_created=None, message_auto_delete_timer_changed=None, migrate_to_chat_id=None, migrate_from_chat_id=None, pinned_message=None, invoice=None, successful_payment=None, refunded_payment=None, users_shared=None, chat_shared=None, connected_website=None, write_access_allowed=None, passport_data=None, proximity_alert_triggered=None, boost_added=None, chat_background_set=None, forum_topic_created=None, forum_topic_edited=None, forum_topic_closed=None, forum_topic_reopened=None, general_forum_topic_hidden=None, general_forum_topic_unhidden=None, giveaway_created=None, giveaway=None, giveaway_winners=None, giveaway_completed=None, video_chat_scheduled=None, video_chat_started=None, video_chat_ended=None, video_chat_participants_invited=None, web_app_data=None, reply_markup=None), edited_message=None, channel_post=None, edited_channel_post=None, business_connection=None, business_message=None, edited_business_message=None, deleted_business_messages=None, message_reaction=None, message_reaction_count=None, inline_query=None, chosen_inline_result=None, callback_query=None, shipping_query=None, pre_checkout_query=None, purchased_paid_media=None, poll=None, poll_answer=None, my_chat_member=None, chat_member=None, chat_join_request=None, chat_boost=None, removed_chat_boost=None), message_id=54, date=1738274831, chat=Chat(id=7525835156, type='private', title=None, username=None, first_name='?NepElder?', last_name=None, is_forum=None), forward_from=None, forward_from_chat=None, forward_from_message_id=None, forward_signature=None, forward_sender_name=None, forward_date=None, via_bot=None, has_protected_content=None, media_group_id=None, author_signature=None, reply_to_message=None, message=/信息, original_message=/信息, from_=User(id=7525835156, is_bot=False, first_name='?NepElder?', last_name=None, username=None, language_code='en', is_premium=None, added_to_attachment_menu=None, can_join_groups=None, can_read_all_group_messages=None, supports_inline_queries=None, can_connect_to_business=None, has_main_web_app=None))>]
2025-01-30 17:07:11.979 | DEBUG    | nonebot:_handle_skipped:860 - Handler Dependent(call=_) skipped
2025-01-30 17:07:11.979 | INFO     | nonebot:simple_run:872 - Matcher(type='message', module=nonebot_plugin_setu_now, lineno=189) running complete
2025-01-30 17:07:11.979 | TRACE    | nonebot:_check_matcher:401 - Rule conditions not met for Matcher(type='message', module=nonebot_plugin_setu_now.r18_whitelist, lineno=20)
2025-01-30 17:07:11.980 | TRACE    | nonebot:_check_matcher:401 - Rule conditions not met for Matcher(type='message', module=nonebot_plugin_setu_now.r18_whitelist, lineno=39)
2025-01-30 17:07:11.980 | TRACE    | nonebot:_handle_skipped:102 - Dependent(call=_exit_executor) skipped due to [TypeMisMatch(param=matcher, type=AlconnaMatcher, value=Matcher(type='message', module=nonebot_plugin_setu_now, lineno=189)>]
2025-01-30 17:07:11.980 | DEBUG    | nonebot:handle_event:573 - Checking for matchers in priority 2...
2025-01-30 17:07:11.981 | TRACE    | nonebot:_check_matcher:401 - Rule conditions not met for Matcher(type='message', module=YetAnotherPicSearch.__main__, lineno=333)
2025-01-30 17:07:11.981 | DEBUG    | nonebot:handle_event:573 - Checking for matchers in priority 10...
2025-01-30 17:07:11.982 | TRACE    | nonebot:_handle_skipped:102 - Dependent(call=_poke) skipped due to [TypeMisMatch(param=event, type=PrivateMessageEvent, value=PrivateMessageEvent(telegram_model=Update(update_id=997538877, message=Message(message_id=54, message_thread_id=None, from_=User(id=7525835156, is_bot=False, first_name='?NepElder?', last_name=None, username=None, language_code='en', is_premium=None, added_to_attachment_menu=None, can_join_groups=None, can_read_all_group_messages=None, supports_inline_queries=None, can_connect_to_business=None, has_main_web_app=None), sender_chat=None, sender_boost_count=None, sender_business_bot=None, date=1738274831, business_connection_id=None, chat=Chat(id=7525835156, type='private', title=None, username=None, first_name='?NepElder?', last_name=None, is_forum=None), forward_origin=None, is_topic_message=None, is_automatic_forward=None, reply_to_message=None, external_reply=None, quote=None, reply_to_story=None, via_bot=None, edit_date=None, has_protected_content=None, is_from_offline=None, media_group_id=None, author_signature=None, text=None, entities=None, link_preview_options=None, effect_id=None, animation=None, audio=None, document=None, paid_media=None, photo=None, sticker=None, story=None, video=None, video_note=None, voice=None, caption=None, caption_entities=None, show_caption_above_media=None, has_media_spoiler=None, contact=None, dice=None, game=None, poll=None, venue=None, location=None, new_chat_members=None, left_chat_member=None, new_chat_title=None, new_chat_photo=None, delete_chat_photo=None, group_chat_created=None, supergroup_chat_created=None, channel_chat_created=None, message_auto_delete_timer_changed=None, migrate_to_chat_id=None, migrate_from_chat_id=None, pinned_message=None, invoice=None, successful_payment=None, refunded_payment=None, users_shared=None, chat_shared=None, connected_website=None, write_access_allowed=None, passport_data=None, proximity_alert_triggered=None, boost_added=None, chat_background_set=None, forum_topic_created=None, forum_topic_edited=None, forum_topic_closed=None, forum_topic_reopened=None, general_forum_topic_hidden=None, general_forum_topic_unhidden=None, giveaway_created=None, giveaway=None, giveaway_winners=None, giveaway_completed=None, video_chat_scheduled=None, video_chat_started=None, video_chat_ended=None, video_chat_participants_invited=None, web_app_data=None, reply_markup=None), edited_message=None, channel_post=None, edited_channel_post=None, business_connection=None, business_message=None, edited_business_message=None, deleted_business_messages=None, message_reaction=None, message_reaction_count=None, inline_query=None, chosen_inline_result=None, callback_query=None, shipping_query=None, pre_checkout_query=None, purchased_paid_media=None, poll=None, poll_answer=None, my_chat_member=None, chat_member=None, chat_join_request=None, chat_boost=None, removed_chat_boost=None), message_id=54, date=1738274831, chat=Chat(id=7525835156, type='private', title=None, username=None, first_name='?NepElder?', last_name=None, is_forum=None), forward_from=None, forward_from_chat=None, forward_from_message_id=None, forward_signature=None, forward_sender_name=None, forward_date=None, via_bot=None, has_protected_content=None, media_group_id=None, author_signature=None, reply_to_message=None, message=/信息, original_message=/信息, from_=User(id=7525835156, is_bot=False, first_name='?NepElder?', last_name=None, username=None, language_code='en', is_premium=None, added_to_attachment_menu=None, can_join_groups=None, can_read_all_group_messages=None, supports_inline_queries=None, can_connect_to_business=None, has_main_web_app=None))>]
2025-01-30 17:07:11.982 | TRACE    | nonebot:_check_matcher:401 - Rule conditions not met for Matcher(type='message', module=nonebot_plugin_status.onebot_v11, lineno=38)
2025-01-30 17:07:11.983 | TRACE    | nonebot:_check_matcher:401 - Rule conditions not met for Matcher(type='message', module=nonebot_plugin_status.common, lineno=17)
2025-01-30 17:07:11.983 | TRACE    | nonebot:_check_matcher:401 - Rule conditions not met for Matcher(type='', module=nonebot_plugin_status.onebot_v11, lineno=19)
2025-01-30 17:07:11.983 | TRACE    | nonebot:_check_matcher:401 - Rule conditions not met for Matcher(type='message', module=plugins.shutdown, lineno=17)
2025-01-30 17:07:11.983 | DEBUG    | nonebot:handle_event:601 - Checking for matchers completed
2025-01-30 17:07:25.603 | DEBUG    | nonebot:log:336 - Telegram | Calling API getUpdates
2025-01-30 17:07:25.604 | DEBUG    | nonebot:log:336 - Telegram | Calling API {'offset': '997538879', 'timeout': '30'}
2025-01-30 17:07:25.623 | DEBUG    | nonebot:log:336 - Telegram | {'message_id': 55, 'date': 1738274845, 'chat': {'id': 7525835156, 'type': 'private', 'first_name': '?NepElder?'}, 'message': [{'type': 'text', 'data': {'text': '色图'}}], 'original_message': [{'type': 'text', 'data': {'text': '色图'}}], 'from_': {'id': 7525835156, 'is_bot': False, 'first_name': '?NepElder?', 'language_code': 'en'}}
2025-01-30 17:07:25.623 | SUCCESS  | nonebot:handle_event:535 - Telegram 8186306331 | [message.private]: Message 55 from 7525835156: 色图
2025-01-30 17:07:25.624 | DEBUG    | nonebot:handle_event:573 - Checking for matchers in priority 1...
2025-01-30 17:07:25.625 | TRACE    | nonebot:_handle_skipped:102 - Dependent(call=_private_friend) skipped due to [TypeMisMatch(param=event, type=PrivateMessageEvent, value=PrivateMessageEvent(telegram_model=Update(update_id=997538878, message=Message(message_id=55, message_thread_id=None, from_=User(id=7525835156, is_bot=False, first_name='?NepElder?', last_name=None, username=None, language_code='en', is_premium=None, added_to_attachment_menu=None, can_join_groups=None, can_read_all_group_messages=None, supports_inline_queries=None, can_connect_to_business=None, has_main_web_app=None), sender_chat=None, sender_boost_count=None, sender_business_bot=None, date=1738274845, business_connection_id=None, chat=Chat(id=7525835156, type='private', title=None, username=None, first_name='?NepElder?', last_name=None, is_forum=None), forward_origin=None, is_topic_message=None, is_automatic_forward=None, reply_to_message=None, external_reply=None, quote=None, reply_to_story=None, via_bot=None, edit_date=None, has_protected_content=None, is_from_offline=None, media_group_id=None, author_signature=None, text=None, entities=None, link_preview_options=None, effect_id=None, animation=None, audio=None, document=None, paid_media=None, photo=None, sticker=None, story=None, video=None, video_note=None, voice=None, caption=None, caption_entities=None, show_caption_above_media=None, has_media_spoiler=None, contact=None, dice=None, game=None, poll=None, venue=None, location=None, new_chat_members=None, left_chat_member=None, new_chat_title=None, new_chat_photo=None, delete_chat_photo=None, group_chat_created=None, supergroup_chat_created=None, channel_chat_created=None, message_auto_delete_timer_changed=None, migrate_to_chat_id=None, migrate_from_chat_id=None, pinned_message=None, invoice=None, successful_payment=None, refunded_payment=None, users_shared=None, chat_shared=None, connected_website=None, write_access_allowed=None, passport_data=None, proximity_alert_triggered=None, boost_added=None, chat_background_set=None, forum_topic_created=None, forum_topic_edited=None, forum_topic_closed=None, forum_topic_reopened=None, general_forum_topic_hidden=None, general_forum_topic_unhidden=None, giveaway_created=None, giveaway=None, giveaway_winners=None, giveaway_completed=None, video_chat_scheduled=None, video_chat_started=None, video_chat_ended=None, video_chat_participants_invited=None, web_app_data=None, reply_markup=None), edited_message=None, channel_post=None, edited_channel_post=None, business_connection=None, business_message=None, edited_business_message=None, deleted_business_messages=None, message_reaction=None, message_reaction_count=None, inline_query=None, chosen_inline_result=None, callback_query=None, shipping_query=None, pre_checkout_query=None, purchased_paid_media=None, poll=None, poll_answer=None, my_chat_member=None, chat_member=None, chat_join_request=None, chat_boost=None, removed_chat_boost=None), message_id=55, date=1738274845, chat=Chat(id=7525835156, type='private', title=None, username=None, first_name='?NepElder?', last_name=None, is_forum=None), forward_from=None, forward_from_chat=None, forward_from_message_id=None, forward_signature=None, forward_sender_name=None, forward_date=None, via_bot=None, has_protected_content=None, media_group_id=None, author_signature=None, reply_to_message=None, message=色图, original_message=色图, from_=User(id=7525835156, is_bot=False, first_name='?NepElder?', last_name=None, username=None, language_code='en', is_premium=None, added_to_attachment_menu=None, can_join_groups=None, can_read_all_group_messages=None, supports_inline_queries=None, can_connect_to_business=None, has_main_web_app=None))>]
2025-01-30 17:07:25.625 | TRACE    | nonebot:_handle_skipped:102 - Dependent(call=_group) skipped due to [TypeMisMatch(param=event, type=GroupMessageEvent, value=PrivateMessageEvent(telegram_model=Update(update_id=997538878, message=Message(message_id=55, message_thread_id=None, from_=User(id=7525835156, is_bot=False, first_name='?NepElder?', last_name=None, username=None, language_code='en', is_premium=None, added_to_attachment_menu=None, can_join_groups=None, can_read_all_group_messages=None, supports_inline_queries=None, can_connect_to_business=None, has_main_web_app=None), sender_chat=None, sender_boost_count=None, sender_business_bot=None, date=1738274845, business_connection_id=None, chat=Chat(id=7525835156, type='private', title=None, username=None, first_name='?NepElder?', last_name=None, is_forum=None), forward_origin=None, is_topic_message=None, is_automatic_forward=None, reply_to_message=None, external_reply=None, quote=None, reply_to_story=None, via_bot=None, edit_date=None, has_protected_content=None, is_from_offline=None, media_group_id=None, author_signature=None, text=None, entities=None, link_preview_options=None, effect_id=None, animation=None, audio=None, document=None, paid_media=None, photo=None, sticker=None, story=None, video=None, video_note=None, voice=None, caption=None, caption_entities=None, show_caption_above_media=None, has_media_spoiler=None, contact=None, dice=None, game=None, poll=None, venue=None, location=None, new_chat_members=None, left_chat_member=None, new_chat_title=None, new_chat_photo=None, delete_chat_photo=None, group_chat_created=None, supergroup_chat_created=None, channel_chat_created=None, message_auto_delete_timer_changed=None, migrate_to_chat_id=None, migrate_from_chat_id=None, pinned_message=None, invoice=None, successful_payment=None, refunded_payment=None, users_shared=None, chat_shared=None, connected_website=None, write_access_allowed=None, passport_data=None, proximity_alert_triggered=None, boost_added=None, chat_background_set=None, forum_topic_created=None, forum_topic_edited=None, forum_topic_closed=None, forum_topic_reopened=None, general_forum_topic_hidden=None, general_forum_topic_unhidden=None, giveaway_created=None, giveaway=None, giveaway_winners=None, giveaway_completed=None, video_chat_scheduled=None, video_chat_started=None, video_chat_ended=None, video_chat_participants_invited=None, web_app_data=None, reply_markup=None), edited_message=None, channel_post=None, edited_channel_post=None, business_connection=None, business_message=None, edited_business_message=None, deleted_business_messages=None, message_reaction=None, message_reaction_count=None, inline_query=None, chosen_inline_result=None, callback_query=None, shipping_query=None, pre_checkout_query=None, purchased_paid_media=None, poll=None, poll_answer=None, my_chat_member=None, chat_member=None, chat_join_request=None, chat_boost=None, removed_chat_boost=None), message_id=55, date=1738274845, chat=Chat(id=7525835156, type='private', title=None, username=None, first_name='?NepElder?', last_name=None, is_forum=None), forward_from=None, forward_from_chat=None, forward_from_message_id=None, forward_signature=None, forward_sender_name=None, forward_date=None, via_bot=None, has_protected_content=None, media_group_id=None, author_signature=None, reply_to_message=None, message=色图, original_message=色图, from_=User(id=7525835156, is_bot=False, first_name='?NepElder?', last_name=None, username=None, language_code='en', is_premium=None, added_to_attachment_menu=None, can_join_groups=None, can_read_all_group_messages=None, supports_inline_queries=None, can_connect_to_business=None, has_main_web_app=None))>]
2025-01-30 17:07:25.625 | TRACE    | nonebot:_check_matcher:391 - Permission conditions not met for Matcher(type='message', module=nonebot_plugin_setu_now, lineno=61)
2025-01-30 17:07:25.627 | TRACE    | nonebot:_check_matcher:401 - Rule conditions not met for Matcher(type='message', module=nonebot.plugins.echo, lineno=17)
2025-01-30 17:07:25.627 | TRACE    | nonebot:_check_matcher:401 - Rule conditions not met for Matcher(type='message', module=YetAnotherPicSearch.__main__, lineno=330)
2025-01-30 17:07:25.627 | TRACE    | nonebot:_check_matcher:401 - Rule conditions not met for Matcher(type='message', module=nonebot_plugin_setu_now, lineno=189)
2025-01-30 17:07:25.627 | TRACE    | nonebot:_check_matcher:401 - Rule conditions not met for Matcher(type='message', module=nonebot_plugin_setu_now.r18_whitelist, lineno=20)
2025-01-30 17:07:25.627 | TRACE    | nonebot:_check_matcher:401 - Rule conditions not met for Matcher(type='message', module=nonebot_plugin_setu_now.r18_whitelist, lineno=39)
2025-01-30 17:07:25.627 | DEBUG    | nonebot:handle_event:573 - Checking for matchers in priority 2...
2025-01-30 17:07:25.628 | TRACE    | nonebot:_check_matcher:401 - Rule conditions not met for Matcher(type='message', module=YetAnotherPicSearch.__main__, lineno=333)
2025-01-30 17:07:25.628 | DEBUG    | nonebot:handle_event:573 - Checking for matchers in priority 10...
2025-01-30 17:07:25.629 | TRACE    | nonebot:_handle_skipped:102 - Dependent(call=_poke) skipped due to [TypeMisMatch(param=event, type=PrivateMessageEvent, value=PrivateMessageEvent(telegram_model=Update(update_id=997538878, message=Message(message_id=55, message_thread_id=None, from_=User(id=7525835156, is_bot=False, first_name='?NepElder?', last_name=None, username=None, language_code='en', is_premium=None, added_to_attachment_menu=None, can_join_groups=None, can_read_all_group_messages=None, supports_inline_queries=None, can_connect_to_business=None, has_main_web_app=None), sender_chat=None, sender_boost_count=None, sender_business_bot=None, date=1738274845, business_connection_id=None, chat=Chat(id=7525835156, type='private', title=None, username=None, first_name='?NepElder?', last_name=None, is_forum=None), forward_origin=None, is_topic_message=None, is_automatic_forward=None, reply_to_message=None, external_reply=None, quote=None, reply_to_story=None, via_bot=None, edit_date=None, has_protected_content=None, is_from_offline=None, media_group_id=None, author_signature=None, text=None, entities=None, link_preview_options=None, effect_id=None, animation=None, audio=None, document=None, paid_media=None, photo=None, sticker=None, story=None, video=None, video_note=None, voice=None, caption=None, caption_entities=None, show_caption_above_media=None, has_media_spoiler=None, contact=None, dice=None, game=None, poll=None, venue=None, location=None, new_chat_members=None, left_chat_member=None, new_chat_title=None, new_chat_photo=None, delete_chat_photo=None, group_chat_created=None, supergroup_chat_created=None, channel_chat_created=None, message_auto_delete_timer_changed=None, migrate_to_chat_id=None, migrate_from_chat_id=None, pinned_message=None, invoice=None, successful_payment=None, refunded_payment=None, users_shared=None, chat_shared=None, connected_website=None, write_access_allowed=None, passport_data=None, proximity_alert_triggered=None, boost_added=None, chat_background_set=None, forum_topic_created=None, forum_topic_edited=None, forum_topic_closed=None, forum_topic_reopened=None, general_forum_topic_hidden=None, general_forum_topic_unhidden=None, giveaway_created=None, giveaway=None, giveaway_winners=None, giveaway_completed=None, video_chat_scheduled=None, video_chat_started=None, video_chat_ended=None, video_chat_participants_invited=None, web_app_data=None, reply_markup=None), edited_message=None, channel_post=None, edited_channel_post=None, business_connection=None, business_message=None, edited_business_message=None, deleted_business_messages=None, message_reaction=None, message_reaction_count=None, inline_query=None, chosen_inline_result=None, callback_query=None, shipping_query=None, pre_checkout_query=None, purchased_paid_media=None, poll=None, poll_answer=None, my_chat_member=None, chat_member=None, chat_join_request=None, chat_boost=None, removed_chat_boost=None), message_id=55, date=1738274845, chat=Chat(id=7525835156, type='private', title=None, username=None, first_name='?NepElder?', last_name=None, is_forum=None), forward_from=None, forward_from_chat=None, forward_from_message_id=None, forward_signature=None, forward_sender_name=None, forward_date=None, via_bot=None, has_protected_content=None, media_group_id=None, author_signature=None, reply_to_message=None, message=色图, original_message=色图, from_=User(id=7525835156, is_bot=False, first_name='?NepElder?', last_name=None, username=None, language_code='en', is_premium=None, added_to_attachment_menu=None, can_join_groups=None, can_read_all_group_messages=None, supports_inline_queries=None, can_connect_to_business=None, has_main_web_app=None))>]
2025-01-30 17:07:25.629 | TRACE    | nonebot:_check_matcher:401 - Rule conditions not met for Matcher(type='message', module=nonebot_plugin_status.onebot_v11, lineno=38)
2025-01-30 17:07:25.630 | TRACE    | nonebot:_check_matcher:401 - Rule conditions not met for Matcher(type='message', module=nonebot_plugin_status.common, lineno=17)
2025-01-30 17:07:25.630 | TRACE    | nonebot:_check_matcher:401 - Rule conditions not met for Matcher(type='', module=nonebot_plugin_status.onebot_v11, lineno=19)
2025-01-30 17:07:25.630 | TRACE    | nonebot:_check_matcher:401 - Rule conditions not met for Matcher(type='message', module=plugins.shutdown, lineno=17)
2025-01-30 17:07:25.630 | DEBUG    | nonebot:handle_event:601 - Checking for matchers completed
2025-01-30 17:07:34.077 | DEBUG    | nonebot:log:336 - Telegram | Calling API getUpdates
2025-01-30 17:07:34.077 | DEBUG    | nonebot:log:336 - Telegram | Calling API {'offset': '997538880', 'timeout': '30'}
2025-01-30 17:07:34.096 | DEBUG    | nonebot:log:336 - Telegram | {'message_id': 56, 'date': 1738274853, 'chat': {'id': 7525835156, 'type': 'private', 'first_name': '?NepElder?'}, 'message': [{'type': 'text', 'data': {'text': '/色图'}}], 'original_message': [{'type': 'text', 'data': {'text': '/色图'}}], 'from_': {'id': 7525835156, 'is_bot': False, 'first_name': '?NepElder?', 'language_code': 'en'}}
2025-01-30 17:07:34.096 | SUCCESS  | nonebot:handle_event:535 - Telegram 8186306331 | [message.private]: Message 56 from 7525835156: /色图
2025-01-30 17:07:34.097 | DEBUG    | nonebot:handle_event:573 - Checking for matchers in priority 1...
2025-01-30 17:07:34.098 | TRACE    | nonebot:_handle_skipped:102 - Dependent(call=_private_friend) skipped due to [TypeMisMatch(param=event, type=PrivateMessageEvent, value=PrivateMessageEvent(telegram_model=Update(update_id=997538879, message=Message(message_id=56, message_thread_id=None, from_=User(id=7525835156, is_bot=False, first_name='?NepElder?', last_name=None, username=None, language_code='en', is_premium=None, added_to_attachment_menu=None, can_join_groups=None, can_read_all_group_messages=None, supports_inline_queries=None, can_connect_to_business=None, has_main_web_app=None), sender_chat=None, sender_boost_count=None, sender_business_bot=None, date=1738274853, business_connection_id=None, chat=Chat(id=7525835156, type='private', title=None, username=None, first_name='?NepElder?', last_name=None, is_forum=None), forward_origin=None, is_topic_message=None, is_automatic_forward=None, reply_to_message=None, external_reply=None, quote=None, reply_to_story=None, via_bot=None, edit_date=None, has_protected_content=None, is_from_offline=None, media_group_id=None, author_signature=None, text=None, entities=None, link_preview_options=None, effect_id=None, animation=None, audio=None, document=None, paid_media=None, photo=None, sticker=None, story=None, video=None, video_note=None, voice=None, caption=None, caption_entities=None, show_caption_above_media=None, has_media_spoiler=None, contact=None, dice=None, game=None, poll=None, venue=None, location=None, new_chat_members=None, left_chat_member=None, new_chat_title=None, new_chat_photo=None, delete_chat_photo=None, group_chat_created=None, supergroup_chat_created=None, channel_chat_created=None, message_auto_delete_timer_changed=None, migrate_to_chat_id=None, migrate_from_chat_id=None, pinned_message=None, invoice=None, successful_payment=None, refunded_payment=None, users_shared=None, chat_shared=None, connected_website=None, write_access_allowed=None, passport_data=None, proximity_alert_triggered=None, boost_added=None, chat_background_set=None, forum_topic_created=None, forum_topic_edited=None, forum_topic_closed=None, forum_topic_reopened=None, general_forum_topic_hidden=None, general_forum_topic_unhidden=None, giveaway_created=None, giveaway=None, giveaway_winners=None, giveaway_completed=None, video_chat_scheduled=None, video_chat_started=None, video_chat_ended=None, video_chat_participants_invited=None, web_app_data=None, reply_markup=None), edited_message=None, channel_post=None, edited_channel_post=None, business_connection=None, business_message=None, edited_business_message=None, deleted_business_messages=None, message_reaction=None, message_reaction_count=None, inline_query=None, chosen_inline_result=None, callback_query=None, shipping_query=None, pre_checkout_query=None, purchased_paid_media=None, poll=None, poll_answer=None, my_chat_member=None, chat_member=None, chat_join_request=None, chat_boost=None, removed_chat_boost=None), message_id=56, date=1738274853, chat=Chat(id=7525835156, type='private', title=None, username=None, first_name='?NepElder?', last_name=None, is_forum=None), forward_from=None, forward_from_chat=None, forward_from_message_id=None, forward_signature=None, forward_sender_name=None, forward_date=None, via_bot=None, has_protected_content=None, media_group_id=None, author_signature=None, reply_to_message=None, message=/色图, original_message=/色图, from_=User(id=7525835156, is_bot=False, first_name='?NepElder?', last_name=None, username=None, language_code='en', is_premium=None, added_to_attachment_menu=None, can_join_groups=None, can_read_all_group_messages=None, supports_inline_queries=None, can_connect_to_business=None, has_main_web_app=None))>]
2025-01-30 17:07:34.098 | TRACE    | nonebot:_handle_skipped:102 - Dependent(call=_group) skipped due to [TypeMisMatch(param=event, type=GroupMessageEvent, value=PrivateMessageEvent(telegram_model=Update(update_id=997538879, message=Message(message_id=56, message_thread_id=None, from_=User(id=7525835156, is_bot=False, first_name='?NepElder?', last_name=None, username=None, language_code='en', is_premium=None, added_to_attachment_menu=None, can_join_groups=None, can_read_all_group_messages=None, supports_inline_queries=None, can_connect_to_business=None, has_main_web_app=None), sender_chat=None, sender_boost_count=None, sender_business_bot=None, date=1738274853, business_connection_id=None, chat=Chat(id=7525835156, type='private', title=None, username=None, first_name='?NepElder?', last_name=None, is_forum=None), forward_origin=None, is_topic_message=None, is_automatic_forward=None, reply_to_message=None, external_reply=None, quote=None, reply_to_story=None, via_bot=None, edit_date=None, has_protected_content=None, is_from_offline=None, media_group_id=None, author_signature=None, text=None, entities=None, link_preview_options=None, effect_id=None, animation=None, audio=None, document=None, paid_media=None, photo=None, sticker=None, story=None, video=None, video_note=None, voice=None, caption=None, caption_entities=None, show_caption_above_media=None, has_media_spoiler=None, contact=None, dice=None, game=None, poll=None, venue=None, location=None, new_chat_members=None, left_chat_member=None, new_chat_title=None, new_chat_photo=None, delete_chat_photo=None, group_chat_created=None, supergroup_chat_created=None, channel_chat_created=None, message_auto_delete_timer_changed=None, migrate_to_chat_id=None, migrate_from_chat_id=None, pinned_message=None, invoice=None, successful_payment=None, refunded_payment=None, users_shared=None, chat_shared=None, connected_website=None, write_access_allowed=None, passport_data=None, proximity_alert_triggered=None, boost_added=None, chat_background_set=None, forum_topic_created=None, forum_topic_edited=None, forum_topic_closed=None, forum_topic_reopened=None, general_forum_topic_hidden=None, general_forum_topic_unhidden=None, giveaway_created=None, giveaway=None, giveaway_winners=None, giveaway_completed=None, video_chat_scheduled=None, video_chat_started=None, video_chat_ended=None, video_chat_participants_invited=None, web_app_data=None, reply_markup=None), edited_message=None, channel_post=None, edited_channel_post=None, business_connection=None, business_message=None, edited_business_message=None, deleted_business_messages=None, message_reaction=None, message_reaction_count=None, inline_query=None, chosen_inline_result=None, callback_query=None, shipping_query=None, pre_checkout_query=None, purchased_paid_media=None, poll=None, poll_answer=None, my_chat_member=None, chat_member=None, chat_join_request=None, chat_boost=None, removed_chat_boost=None), message_id=56, date=1738274853, chat=Chat(id=7525835156, type='private', title=None, username=None, first_name='?NepElder?', last_name=None, is_forum=None), forward_from=None, forward_from_chat=None, forward_from_message_id=None, forward_signature=None, forward_sender_name=None, forward_date=None, via_bot=None, has_protected_content=None, media_group_id=None, author_signature=None, reply_to_message=None, message=/色图, original_message=/色图, from_=User(id=7525835156, is_bot=False, first_name='?NepElder?', last_name=None, username=None, language_code='en', is_premium=None, added_to_attachment_menu=None, can_join_groups=None, can_read_all_group_messages=None, supports_inline_queries=None, can_connect_to_business=None, has_main_web_app=None))>]
2025-01-30 17:07:34.098 | TRACE    | nonebot:_check_matcher:391 - Permission conditions not met for Matcher(type='message', module=nonebot_plugin_setu_now, lineno=61)
2025-01-30 17:07:34.100 | TRACE    | nonebot:_check_matcher:401 - Rule conditions not met for Matcher(type='message', module=nonebot.plugins.echo, lineno=17)
2025-01-30 17:07:34.100 | TRACE    | nonebot:_check_matcher:401 - Rule conditions not met for Matcher(type='message', module=YetAnotherPicSearch.__main__, lineno=330)
2025-01-30 17:07:34.100 | TRACE    | nonebot:_check_matcher:401 - Rule conditions not met for Matcher(type='message', module=nonebot_plugin_setu_now, lineno=189)
2025-01-30 17:07:34.100 | TRACE    | nonebot:_check_matcher:401 - Rule conditions not met for Matcher(type='message', module=nonebot_plugin_setu_now.r18_whitelist, lineno=20)
2025-01-30 17:07:34.100 | TRACE    | nonebot:_check_matcher:401 - Rule conditions not met for Matcher(type='message', module=nonebot_plugin_setu_now.r18_whitelist, lineno=39)
2025-01-30 17:07:34.100 | DEBUG    | nonebot:handle_event:573 - Checking for matchers in priority 2...
2025-01-30 17:07:34.101 | TRACE    | nonebot:_check_matcher:401 - Rule conditions not met for Matcher(type='message', module=YetAnotherPicSearch.__main__, lineno=333)
2025-01-30 17:07:34.101 | DEBUG    | nonebot:handle_event:573 - Checking for matchers in priority 10...
2025-01-30 17:07:34.102 | TRACE    | nonebot:_handle_skipped:102 - Dependent(call=_poke) skipped due to [TypeMisMatch(param=event, type=PrivateMessageEvent, value=PrivateMessageEvent(telegram_model=Update(update_id=997538879, message=Message(message_id=56, message_thread_id=None, from_=User(id=7525835156, is_bot=False, first_name='?NepElder?', last_name=None, username=None, language_code='en', is_premium=None, added_to_attachment_menu=None, can_join_groups=None, can_read_all_group_messages=None, supports_inline_queries=None, can_connect_to_business=None, has_main_web_app=None), sender_chat=None, sender_boost_count=None, sender_business_bot=None, date=1738274853, business_connection_id=None, chat=Chat(id=7525835156, type='private', title=None, username=None, first_name='?NepElder?', last_name=None, is_forum=None), forward_origin=None, is_topic_message=None, is_automatic_forward=None, reply_to_message=None, external_reply=None, quote=None, reply_to_story=None, via_bot=None, edit_date=None, has_protected_content=None, is_from_offline=None, media_group_id=None, author_signature=None, text=None, entities=None, link_preview_options=None, effect_id=None, animation=None, audio=None, document=None, paid_media=None, photo=None, sticker=None, story=None, video=None, video_note=None, voice=None, caption=None, caption_entities=None, show_caption_above_media=None, has_media_spoiler=None, contact=None, dice=None, game=None, poll=None, venue=None, location=None, new_chat_members=None, left_chat_member=None, new_chat_title=None, new_chat_photo=None, delete_chat_photo=None, group_chat_created=None, supergroup_chat_created=None, channel_chat_created=None, message_auto_delete_timer_changed=None, migrate_to_chat_id=None, migrate_from_chat_id=None, pinned_message=None, invoice=None, successful_payment=None, refunded_payment=None, users_shared=None, chat_shared=None, connected_website=None, write_access_allowed=None, passport_data=None, proximity_alert_triggered=None, boost_added=None, chat_background_set=None, forum_topic_created=None, forum_topic_edited=None, forum_topic_closed=None, forum_topic_reopened=None, general_forum_topic_hidden=None, general_forum_topic_unhidden=None, giveaway_created=None, giveaway=None, giveaway_winners=None, giveaway_completed=None, video_chat_scheduled=None, video_chat_started=None, video_chat_ended=None, video_chat_participants_invited=None, web_app_data=None, reply_markup=None), edited_message=None, channel_post=None, edited_channel_post=None, business_connection=None, business_message=None, edited_business_message=None, deleted_business_messages=None, message_reaction=None, message_reaction_count=None, inline_query=None, chosen_inline_result=None, callback_query=None, shipping_query=None, pre_checkout_query=None, purchased_paid_media=None, poll=None, poll_answer=None, my_chat_member=None, chat_member=None, chat_join_request=None, chat_boost=None, removed_chat_boost=None), message_id=56, date=1738274853, chat=Chat(id=7525835156, type='private', title=None, username=None, first_name='?NepElder?', last_name=None, is_forum=None), forward_from=None, forward_from_chat=None, forward_from_message_id=None, forward_signature=None, forward_sender_name=None, forward_date=None, via_bot=None, has_protected_content=None, media_group_id=None, author_signature=None, reply_to_message=None, message=/色图, original_message=/色图, from_=User(id=7525835156, is_bot=False, first_name='?NepElder?', last_name=None, username=None, language_code='en', is_premium=None, added_to_attachment_menu=None, can_join_groups=None, can_read_all_group_messages=None, supports_inline_queries=None, can_connect_to_business=None, has_main_web_app=None))>]
2025-01-30 17:07:34.102 | TRACE    | nonebot:_check_matcher:401 - Rule conditions not met for Matcher(type='message', module=nonebot_plugin_status.onebot_v11, lineno=38)
2025-01-30 17:07:34.103 | TRACE    | nonebot:_check_matcher:401 - Rule conditions not met for Matcher(type='message', module=nonebot_plugin_status.common, lineno=17)
2025-01-30 17:07:34.103 | TRACE    | nonebot:_check_matcher:401 - Rule conditions not met for Matcher(type='', module=nonebot_plugin_status.onebot_v11, lineno=19)
2025-01-30 17:07:34.103 | TRACE    | nonebot:_check_matcher:401 - Rule conditions not met for Matcher(type='message', module=plugins.shutdown, lineno=17)
2025-01-30 17:07:34.103 | DEBUG    | nonebot:handle_event:601 - Checking for matchers completed
2025-01-30 17:08:04.487 | DEBUG    | nonebot:log:336 - Telegram | Calling API getUpdates
2025-01-30 17:08:04.488 | DEBUG    | nonebot:log:336 - Telegram | Calling API {'offset': '997538880', 'timeout': '30'}
2025-01-30 17:08:34.951 | DEBUG    | nonebot:log:336 - Telegram | Calling API getUpdates
2025-01-30 17:08:34.951 | DEBUG    | nonebot:log:336 - Telegram | Calling API {'offset': '997538880', 'timeout': '30'}
2025-01-30 17:09:05.313 | DEBUG    | nonebot:log:336 - Telegram | Calling API getUpdates
2025-01-30 17:09:05.313 | DEBUG    | nonebot:log:336 - Telegram | Calling API {'offset': '997538880', 'timeout': '30'}
2025-01-30 17:09:35.726 | DEBUG    | nonebot:log:336 - Telegram | Calling API getUpdates
2025-01-30 17:09:35.726 | DEBUG    | nonebot:log:336 - Telegram | Calling API {'offset': '997538880', 'timeout': '30'}
2025-01-30 17:10:06.138 | DEBUG    | nonebot:log:336 - Telegram | Calling API getUpdates
2025-01-30 17:10:06.139 | DEBUG    | nonebot:log:336 - Telegram | Calling API {'offset': '997538880', 'timeout': '30'}
2025-01-30 17:10:36.517 | DEBUG    | nonebot:log:336 - Telegram | Calling API getUpdates
2025-01-30 17:10:36.517 | DEBUG    | nonebot:log:336 - Telegram | Calling API {'offset': '997538880', 'timeout': '30'}
2025-01-30 17:11:06.873 | DEBUG    | nonebot:log:336 - Telegram | Calling API getUpdates
2025-01-30 17:11:06.873 | DEBUG    | nonebot:log:336 - Telegram | Calling API {'offset': '997538880', 'timeout': '30'}
2025-01-30 17:11:37.276 | DEBUG    | nonebot:log:336 - Telegram | Calling API getUpdates
2025-01-30 17:11:37.277 | DEBUG    | nonebot:log:336 - Telegram | Calling API {'offset': '997538880', 'timeout': '30'}
2025-01-30 17:12:07.689 | DEBUG    | nonebot:log:336 - Telegram | Calling API getUpdates
2025-01-30 17:12:07.689 | DEBUG    | nonebot:log:336 - Telegram | Calling API {'offset': '997538880', 'timeout': '30'}
2025-01-30 17:12:38.064 | DEBUG    | nonebot:log:336 - Telegram | Calling API getUpdates
2025-01-30 17:12:38.064 | DEBUG    | nonebot:log:336 - Telegram | Calling API {'offset': '997538880', 'timeout': '30'}
2025-01-30 17:13:08.516 | DEBUG    | nonebot:log:336 - Telegram | Calling API getUpdates
2025-01-30 17:13:08.517 | DEBUG    | nonebot:log:336 - Telegram | Calling API {'offset': '997538880', 'timeout': '30'}
2025-01-30 17:13:39.031 | DEBUG    | nonebot:log:336 - Telegram | Calling API getUpdates
2025-01-30 17:13:39.031 | DEBUG    | nonebot:log:336 - Telegram | Calling API {'offset': '997538880', 'timeout': '30'}
2025-01-30 17:14:09.443 | DEBUG    | nonebot:log:336 - Telegram | Calling API getUpdates
2025-01-30 17:14:09.443 | DEBUG    | nonebot:log:336 - Telegram | Calling API {'offset': '997538880', 'timeout': '30'}
2025-01-30 17:14:39.856 | DEBUG    | nonebot:log:336 - Telegram | Calling API getUpdates
2025-01-30 17:14:39.857 | DEBUG    | nonebot:log:336 - Telegram | Calling API {'offset': '997538880', 'timeout': '30'}
2025-01-30 17:15:10.238 | DEBUG    | nonebot:log:336 - Telegram | Calling API getUpdates
2025-01-30 17:15:10.239 | DEBUG    | nonebot:log:336 - Telegram | Calling API {'offset': '997538880', 'timeout': '30'}
2025-01-30 17:15:40.786 | DEBUG    | nonebot:log:336 - Telegram | Calling API getUpdates
2025-01-30 17:15:40.786 | DEBUG    | nonebot:log:336 - Telegram | Calling API {'offset': '997538880', 'timeout': '30'}
2025-01-30 17:16:11.200 | DEBUG    | nonebot:log:336 - Telegram | Calling API getUpdates
2025-01-30 17:16:11.200 | DEBUG    | nonebot:log:336 - Telegram | Calling API {'offset': '997538880', 'timeout': '30'}
2025-01-30 17:16:41.612 | DEBUG    | nonebot:log:336 - Telegram | Calling API getUpdates
2025-01-30 17:16:41.612 | DEBUG    | nonebot:log:336 - Telegram | Calling API {'offset': '997538880', 'timeout': '30'}
2025-01-30 17:17:12.020 | DEBUG    | nonebot:log:336 - Telegram | Calling API getUpdates
2025-01-30 17:17:12.020 | DEBUG    | nonebot:log:336 - Telegram | Calling API {'offset': '997538880', 'timeout': '30'}
2025-01-30 17:17:42.438 | DEBUG    | nonebot:log:336 - Telegram | Calling API getUpdates
2025-01-30 17:17:42.439 | DEBUG    | nonebot:log:336 - Telegram | Calling API {'offset': '997538880', 'timeout': '30'}
2025-01-30 17:18:12.849 | DEBUG    | nonebot:log:336 - Telegram | Calling API getUpdates
2025-01-30 17:18:12.849 | DEBUG    | nonebot:log:336 - Telegram | Calling API {'offset': '997538880', 'timeout': '30'}
2025-01-30 17:18:32.677 | INFO     | uvicorn:shutdown:263 - Shutting down
2025-01-30 17:18:32.779 | INFO     | uvicorn:shutdown:67 - Waiting for application shutdown.
2025-01-30 17:18:32.782 | SUCCESS  | nonebot_plugin_tortoise_orm:disconnect:75 - 数据库: 断开链接
2025-01-30 17:18:32.785 | INFO     | uvicorn:shutdown:76 - Application shutdown complete.
2025-01-30 17:25:03.194 | SUCCESS  | nonebot:load_plugin:188 - Succeeded to load plugin "nonebot_plugin_logpile"
2025-01-30 17:25:03.198 | SUCCESS  | nonebot:load_plugin:188 - Succeeded to load plugin "nonebot_plugin_waiter"
2025-01-30 17:25:03.228 | SUCCESS  | nonebot:load_plugin:188 - Succeeded to load plugin "nonebot_plugin_alconna:uniseg" from "nonebot_plugin_alconna.uniseg"
2025-01-30 17:25:03.257 | SUCCESS  | nonebot:load_plugin:188 - Succeeded to load plugin "nonebot_plugin_alconna"
2025-01-30 17:25:03.369 | TRACE    | nonebot:new:323 - Define new matcher Matcher(type='message', module=YetAnotherPicSearch.__main__, lineno=330)
2025-01-30 17:25:03.369 | TRACE    | nonebot:new:323 - Define new matcher Matcher(type='message', module=YetAnotherPicSearch.__main__, lineno=333)
2025-01-30 17:25:03.372 | SUCCESS  | nonebot:load_plugin:188 - Succeeded to load plugin "YetAnotherPicSearch"
2025-01-30 17:25:03.372 | TRACE    | nonebot:new:323 - Define new matcher Matcher(type='message', module=nonebot_plugin_picsetu, lineno=6)
2025-01-30 17:25:03.373 | SUCCESS  | nonebot:load_plugin:188 - Succeeded to load plugin "nonebot_plugin_picsetu"
2025-01-30 17:25:03.373 | WARNING  | __main__:<module>:18 - Always use `nb run` to start the bot instead of manually running!
2025-01-30 17:25:03.373 | SUCCESS  | nonebot:run:336 - Running NoneBot...
2025-01-30 17:25:03.373 | SUCCESS  | nonebot:run:117 - Loaded adapters: Telegram
2025-01-30 17:25:03.388 | INFO     | uvicorn:_serve:83 - Started server process [11910]
2025-01-30 17:25:03.388 | INFO     | uvicorn:startup:48 - Waiting for application startup.
2025-01-30 17:25:03.390 | DEBUG    | nonebot:log:336 - Telegram | Calling API getMe
2025-01-30 17:25:03.390 | DEBUG    | nonebot:log:336 - Telegram | Calling API {}
2025-01-30 17:25:03.424 | INFO     | uvicorn:startup:62 - Application startup complete.
2025-01-30 17:25:03.424 | INFO     | uvicorn:_log_started_message:215 - Uvicorn running on http://127.0.0.1:8080 (Press CTRL+C to quit)
2025-01-30 17:25:03.937 | INFO     | nonebot:log:336 - Telegram | Delete old webhook
2025-01-30 17:25:03.939 | DEBUG    | nonebot:log:336 - Telegram | Calling API deleteWebhook
2025-01-30 17:25:03.939 | DEBUG    | nonebot:log:336 - Telegram | Calling API {}
2025-01-30 17:25:04.290 | INFO     | nonebot:log:336 - Telegram | Start poll
2025-01-30 17:25:04.312 | DEBUG    | nonebot:log:336 - Telegram | Calling API getUpdates
2025-01-30 17:25:04.312 | DEBUG    | nonebot:log:336 - Telegram | Calling API {'timeout': '30'}
2025-01-30 17:25:30.579 | DEBUG    | nonebot:log:336 - Telegram | Calling API getUpdates
2025-01-30 17:25:30.579 | DEBUG    | nonebot:log:336 - Telegram | Calling API {'offset': '997538880', 'timeout': '30'}
2025-01-30 17:25:31.010 | DEBUG    | nonebot:log:336 - Telegram | Calling API getUpdates
2025-01-30 17:25:31.010 | DEBUG    | nonebot:log:336 - Telegram | Calling API {'offset': '997538881', 'timeout': '30'}
2025-01-30 17:25:31.029 | DEBUG    | nonebot:log:336 - Telegram | {'message_id': 57, 'date': 1738275930, 'chat': {'id': 7525835156, 'type': 'private', 'first_name': '?NepElder?'}, 'message': [{'type': 'bot_command', 'data': {'text': '/setu'}}, {'type': 'text', 'data': {'text': ''}}], 'original_message': [{'type': 'bot_command', 'data': {'text': '/setu'}}, {'type': 'text', 'data': {'text': ''}}], 'from_': {'id': 7525835156, 'is_bot': False, 'first_name': '?NepElder?', 'language_code': 'en'}}
2025-01-30 17:25:31.029 | SUCCESS  | nonebot:handle_event:535 - Telegram 8186306331 | [message.private]: Message 57 from 7525835156: /setu
2025-01-30 17:25:31.029 | DEBUG    | nonebot:handle_event:573 - Checking for matchers in priority 1...
2025-01-30 17:25:31.034 | TRACE    | nonebot:_check_matcher:401 - Rule conditions not met for Matcher(type='message', module=nonebot.plugins.echo, lineno=17)
2025-01-30 17:25:31.034 | TRACE    | nonebot:_check_matcher:401 - Rule conditions not met for Matcher(type='message', module=YetAnotherPicSearch.__main__, lineno=330)
2025-01-30 17:25:31.035 | INFO     | nonebot:_run_matcher:435 - Event will be handled by Matcher(type='message', module=nonebot_plugin_picsetu, lineno=6)
2025-01-30 17:25:31.035 | DEBUG    | nonebot:_run_matcher:455 - Running Matcher(type='message', module=nonebot_plugin_picsetu, lineno=6)
2025-01-30 17:25:31.035 | TRACE    | nonebot:simple_run:838 - Matcher(type='message', module=nonebot_plugin_picsetu, lineno=6) run with incoming args: bot=Bot(type='Telegram', self_id='8186306331'), event=PrivateMessageEvent(telegram_model=Update(update_id=997538880, message=Message(message_id=57, message_thread_id=None, from_=User(id=7525835156, is_bot=False, first_name='?NepElder?', last_name=None, username=None, language_code='en', is_premium=None, added_to_attachment_menu=None, can_join_groups=None, can_read_all_group_messages=None, supports_inline_queries=None, can_connect_to_business=None, has_main_web_app=None), sender_chat=None, sender_boost_count=None, sender_business_bot=None, date=1738275930, business_connection_id=None, chat=Chat(id=7525835156, type='private', title=None, username=None, first_name='?NepElder?', last_name=None, is_forum=None), forward_origin=None, is_topic_message=None, is_automatic_forward=None, reply_to_message=None, external_reply=None, quote=None, reply_to_story=None, via_bot=None, edit_date=None, has_protected_content=None, is_from_offline=None, media_group_id=None, author_signature=None, text=None, entities=None, link_preview_options=None, effect_id=None, animation=None, audio=None, document=None, paid_media=None, photo=None, sticker=None, story=None, video=None, video_note=None, voice=None, caption=None, caption_entities=None, show_caption_above_media=None, has_media_spoiler=None, contact=None, dice=None, game=None, poll=None, venue=None, location=None, new_chat_members=None, left_chat_member=None, new_chat_title=None, new_chat_photo=None, delete_chat_photo=None, group_chat_created=None, supergroup_chat_created=None, channel_chat_created=None, message_auto_delete_timer_changed=None, migrate_to_chat_id=None, migrate_from_chat_id=None, pinned_message=None, invoice=None, successful_payment=None, refunded_payment=None, users_shared=None, chat_shared=None, connected_website=None, write_access_allowed=None, passport_data=None, proximity_alert_triggered=None, boost_added=None, chat_background_set=None, forum_topic_created=None, forum_topic_edited=None, forum_topic_closed=None, forum_topic_reopened=None, general_forum_topic_hidden=None, general_forum_topic_unhidden=None, giveaway_created=None, giveaway=None, giveaway_winners=None, giveaway_completed=None, video_chat_scheduled=None, video_chat_started=None, video_chat_ended=None, video_chat_participants_invited=None, web_app_data=None, reply_markup=None), edited_message=None, channel_post=None, edited_channel_post=None, business_connection=None, business_message=None, edited_business_message=None, deleted_business_messages=None, message_reaction=None, message_reaction_count=None, inline_query=None, chosen_inline_result=None, callback_query=None, shipping_query=None, pre_checkout_query=None, purchased_paid_media=None, poll=None, poll_answer=None, my_chat_member=None, chat_member=None, chat_join_request=None, chat_boost=None, removed_chat_boost=None), message_id=57, date=1738275930, chat=Chat(id=7525835156, type='private', title=None, username=None, first_name='?NepElder?', last_name=None, is_forum=None), forward_from=None, forward_from_chat=None, forward_from_message_id=None, forward_signature=None, forward_sender_name=None, forward_date=None, via_bot=None, has_protected_content=None, media_group_id=None, author_signature=None, reply_to_message=None, message=/setu, original_message=/setu, from_=User(id=7525835156, is_bot=False, first_name='?NepElder?', last_name=None, username=None, language_code='en', is_premium=None, added_to_attachment_menu=None, can_join_groups=None, can_read_all_group_messages=None, supports_inline_queries=None, can_connect_to_business=None, has_main_web_app=None)), state={'_prefix': {'command': ('setu',), 'raw_command': '/setu', 'command_arg': , 'command_start': '/', 'command_whitespace': None}}
2025-01-30 17:25:31.035 | DEBUG    | nonebot:simple_run:855 - Running handler Dependent(call=setu_handle)
2025-01-30 17:25:31.035 | DEBUG    | nonebot:log:336 - Telegram | Calling API sendMessage
2025-01-30 17:25:31.035 | DEBUG    | nonebot:log:336 - Telegram | Calling API {'chat_id': '7525835156', 'text': '稍等，图片正在赶来的路上'}
2025-01-30 17:25:36.390 | INFO     | nonebot:simple_run:872 - Matcher(type='message', module=nonebot_plugin_picsetu, lineno=6) running complete
2025-01-30 17:25:36.391 | ERROR    | nonebot:_run_matcher:460 - Running Matcher(type='message', module=nonebot_plugin_picsetu, lineno=6) failed.
Traceback (most recent call last):

  File "/Users/sean/workspace/testbot_tg/bot.py", line 19, in <module>
    nonebot.run(app="__mp_main__:app")
    │       └ <function run at 0x106bbb760>
    └ <module 'nonebot' from '/Users/sean/workspace/testbot_tg/.venv/lib/python3.10/site-packages/nonebot/__init__.py'>

  File "/Users/sean/workspace/testbot_tg/.venv/lib/python3.10/site-packages/nonebot/__init__.py", line 337, in run
    get_driver().run(*args, **kwargs)
    │                 │       └ {'app': '__mp_main__:app'}
    │                 └ ()
    └ <function get_driver at 0x106bbb5b0>
  File "/Users/sean/workspace/testbot_tg/.venv/lib/python3.10/site-packages/nonebot/drivers/fastapi.py", line 187, in run
    uvicorn.run(
    │       └ <function run at 0x109783eb0>
    └ <module 'uvicorn' from '/Users/sean/workspace/testbot_tg/.venv/lib/python3.10/site-packages/uvicorn/__init__.py'>
  File "/Users/sean/workspace/testbot_tg/.venv/lib/python3.10/site-packages/uvicorn/main.py", line 579, in run
    server.run()
    │      └ <function Server.run at 0x1097837f0>
    └ <uvicorn.server.Server object at 0x10aa96950>
  File "/Users/sean/workspace/testbot_tg/.venv/lib/python3.10/site-packages/uvicorn/server.py", line 66, in run
    return asyncio.run(self.serve(sockets=sockets))
           │       │   │    │             └ None
           │       │   │    └ <function Server.serve at 0x109783880>
           │       │   └ <uvicorn.server.Server object at 0x10aa96950>
           │       └ <function run at 0x1058d8790>
           └ <module 'asyncio' from '/Users/sean/workspace/testbot_tg/.venv/lib/python3.10/asyncio/__init__.py'>
  File "/Users/sean/workspace/testbot_tg/.venv/lib/python3.10/asyncio/runners.py", line 44, in run
    return loop.run_until_complete(main)
           │    │                  └ <coroutine object Server.serve at 0x10aa7ee30>
           │    └ <cyfunction Loop.run_until_complete at 0x10aaf0790>
           └ <uvloop.Loop running=True closed=False debug=False>
  File "/Users/sean/workspace/testbot_tg/.venv/lib/python3.10/site-packages/nonebot/utils.py", line 254, in run_coro_with_shield
    return await coro
                 └ <coroutine object check_and_run_matcher at 0x10b988b30>
  File "/Users/sean/workspace/testbot_tg/.venv/lib/python3.10/site-packages/nonebot/message.py", line 506, in check_and_run_matcher
    await _run_matcher(
          └ <function _run_matcher at 0x106ab7c70>
> File "/Users/sean/workspace/testbot_tg/.venv/lib/python3.10/site-packages/nonebot/message.py", line 458, in _run_matcher
    await matcher.run(bot, event, state, stack, dependency_cache)
          │       │   │    │      │      │      └ {<function _event_to_me at 0x106a65870>: <nonebot.internal.params.DependencyCache object at 0x1187c5360>, <function _command ...
          │       │   │    │      │      └ <contextlib.AsyncExitStack object at 0x10b69c4f0>
          │       │   │    │      └ {'_prefix': {'command': ('setu',), 'raw_command': '/setu', 'command_arg': , 'command_start': '/', 'command_whitespace': None}}
          │       │   │    └ PrivateMessageEvent(telegram_model=Update(update_id=997538880, message=Message(message_id=57, message_thread_id=None, from_=U...
          │       │   └ Bot(type='Telegram', self_id='8186306331')
          │       └ <function Matcher.run at 0x106a3dbd0>
          └ Matcher(type='message', module=nonebot_plugin_picsetu, lineno=6)
  File "/Users/sean/workspace/testbot_tg/.venv/lib/python3.10/site-packages/nonebot/internal/matcher/matcher.py", line 926, in run
    await self.simple_run(bot, event, state, stack, dependency_cache)
          │    │          │    │      │      │      └ {<function _event_to_me at 0x106a65870>: <nonebot.internal.params.DependencyCache object at 0x1187c5360>, <function _command ...
          │    │          │    │      │      └ <contextlib.AsyncExitStack object at 0x10b69c4f0>
          │    │          │    │      └ {'_prefix': {'command': ('setu',), 'raw_command': '/setu', 'command_arg': , 'command_start': '/', 'command_whitespace': None}}
          │    │          │    └ PrivateMessageEvent(telegram_model=Update(update_id=997538880, message=Message(message_id=57, message_thread_id=None, from_=U...
          │    │          └ Bot(type='Telegram', self_id='8186306331')
          │    └ <function Matcher.simple_run at 0x106a3db40>
          └ Matcher(type='message', module=nonebot_plugin_picsetu, lineno=6)
  File "/Users/sean/workspace/testbot_tg/.venv/lib/python3.10/site-packages/nonebot/internal/matcher/matcher.py", line 863, in simple_run
    await handler(
          └ Dependent(call=setu_handle)
  File "/Users/sean/workspace/testbot_tg/.venv/lib/python3.10/site-packages/nonebot/dependencies/__init__.py", line 113, in __call__
    return await cast(Callable[..., Awaitable[R]], self.call)(**values)
                 │    │             │         │    │    │       └ {}
                 │    │             │         │    │    └ <function setu_handle at 0x10aa917e0>
                 │    │             │         │    └ Dependent(call=setu_handle)
                 │    │             │         └ ~R
                 │    │             └ <class 'collections.abc.Awaitable'>
                 │    └ typing.Callable
                 └ <function cast at 0x1057075b0>
  File "/Users/sean/workspace/testbot_tg/.venv/lib/python3.10/site-packages/nonebot_plugin_picsetu/__init__.py", line 34, in setu_handle
    await setu_cmd.finish(MessageSegment.image(res.json()["data"][0]["urls"]["original"]))
          │        │      │              │     │   └ <function Response.json at 0x109a59000>
          │        │      │              │     └ <Response [200 OK]>
          │        │      │              └ <classmethod(<function MessageSegment.image at 0x109c5fd00>)>
          │        │      └ <class 'nonebot.adapters.onebot.v11.message.MessageSegment'>
          │        └ <classmethod(<function Matcher.finish at 0x106a3d090>)>
          └ Matcher(type='message', module=nonebot_plugin_picsetu, lineno=6)
  File "/Users/sean/workspace/testbot_tg/.venv/lib/python3.10/site-packages/nonebot/internal/matcher/matcher.py", line 586, in finish
    await cls.send(message, **kwargs)
          │   │    │          └ {}
          │   │    └ MessageSegment(type='image', data={'file': 'https://i.pixiv.re/img-original/img/2020/08/03/17/41/29/83422153_p0.png', 'type':...
          │   └ <classmethod(<function Matcher.send at 0x106a3d000>)>
          └ Matcher(type='message', module=nonebot_plugin_picsetu, lineno=6)
  File "/Users/sean/workspace/testbot_tg/.venv/lib/python3.10/site-packages/nonebot/internal/matcher/matcher.py", line 570, in send
    return await bot.send(event=event, message=_message, **kwargs)
                 │   │          │              │           └ {}
                 │   │          │              └ MessageSegment(type='image', data={'file': 'https://i.pixiv.re/img-original/img/2020/08/03/17/41/29/83422153_p0.png', 'type':...
                 │   │          └ PrivateMessageEvent(telegram_model=Update(update_id=997538880, message=Message(message_id=57, message_thread_id=None, from_=U...
                 │   └ <function Bot.send at 0x107803010>
                 └ Bot(type='Telegram', self_id='8186306331')
  File "/Users/sean/workspace/testbot_tg/.venv/lib/python3.10/site-packages/nonebot/adapters/telegram/bot.py", line 296, in send
    return await self.send_to(
                 │    └ <function Bot.send_to at 0x107801750>
                 └ Bot(type='Telegram', self_id='8186306331')
  File "/Users/sean/workspace/testbot_tg/.venv/lib/python3.10/site-packages/nonebot/adapters/telegram/bot.py", line 181, in send_to
    if (reply_count := message.count("reply")) > 1:
                       └ MessageSegment(type='image', data={'file': 'https://i.pixiv.re/img-original/img/2020/08/03/17/41/29/83422153_p0.png', 'type':...

AttributeError: 'MessageSegment' object has no attribute 'count'
2025-01-30 17:25:36.402 | TRACE    | nonebot:_handle_skipped:102 - Dependent(call=_exit_executor) skipped due to [TypeMisMatch(param=matcher, type=AlconnaMatcher, value=Matcher(type='message', module=nonebot_plugin_picsetu, lineno=6)>]
2025-01-30 17:25:36.402 | DEBUG    | nonebot:handle_event:573 - Checking for matchers in priority 2...
2025-01-30 17:25:36.406 | TRACE    | nonebot:_check_matcher:401 - Rule conditions not met for Matcher(type='message', module=YetAnotherPicSearch.__main__, lineno=333)
2025-01-30 17:25:36.407 | DEBUG    | nonebot:handle_event:573 - Checking for matchers in priority 10...
2025-01-30 17:25:36.409 | TRACE    | nonebot:_handle_skipped:102 - Dependent(call=_poke) skipped due to [TypeMisMatch(param=event, type=PrivateMessageEvent, value=PrivateMessageEvent(telegram_model=Update(update_id=997538880, message=Message(message_id=57, message_thread_id=None, from_=User(id=7525835156, is_bot=False, first_name='?NepElder?', last_name=None, username=None, language_code='en', is_premium=None, added_to_attachment_menu=None, can_join_groups=None, can_read_all_group_messages=None, supports_inline_queries=None, can_connect_to_business=None, has_main_web_app=None), sender_chat=None, sender_boost_count=None, sender_business_bot=None, date=1738275930, business_connection_id=None, chat=Chat(id=7525835156, type='private', title=None, username=None, first_name='?NepElder?', last_name=None, is_forum=None), forward_origin=None, is_topic_message=None, is_automatic_forward=None, reply_to_message=None, external_reply=None, quote=None, reply_to_story=None, via_bot=None, edit_date=None, has_protected_content=None, is_from_offline=None, media_group_id=None, author_signature=None, text=None, entities=None, link_preview_options=None, effect_id=None, animation=None, audio=None, document=None, paid_media=None, photo=None, sticker=None, story=None, video=None, video_note=None, voice=None, caption=None, caption_entities=None, show_caption_above_media=None, has_media_spoiler=None, contact=None, dice=None, game=None, poll=None, venue=None, location=None, new_chat_members=None, left_chat_member=None, new_chat_title=None, new_chat_photo=None, delete_chat_photo=None, group_chat_created=None, supergroup_chat_created=None, channel_chat_created=None, message_auto_delete_timer_changed=None, migrate_to_chat_id=None, migrate_from_chat_id=None, pinned_message=None, invoice=None, successful_payment=None, refunded_payment=None, users_shared=None, chat_shared=None, connected_website=None, write_access_allowed=None, passport_data=None, proximity_alert_triggered=None, boost_added=None, chat_background_set=None, forum_topic_created=None, forum_topic_edited=None, forum_topic_closed=None, forum_topic_reopened=None, general_forum_topic_hidden=None, general_forum_topic_unhidden=None, giveaway_created=None, giveaway=None, giveaway_winners=None, giveaway_completed=None, video_chat_scheduled=None, video_chat_started=None, video_chat_ended=None, video_chat_participants_invited=None, web_app_data=None, reply_markup=None), edited_message=None, channel_post=None, edited_channel_post=None, business_connection=None, business_message=None, edited_business_message=None, deleted_business_messages=None, message_reaction=None, message_reaction_count=None, inline_query=None, chosen_inline_result=None, callback_query=None, shipping_query=None, pre_checkout_query=None, purchased_paid_media=None, poll=None, poll_answer=None, my_chat_member=None, chat_member=None, chat_join_request=None, chat_boost=None, removed_chat_boost=None), message_id=57, date=1738275930, chat=Chat(id=7525835156, type='private', title=None, username=None, first_name='?NepElder?', last_name=None, is_forum=None), forward_from=None, forward_from_chat=None, forward_from_message_id=None, forward_signature=None, forward_sender_name=None, forward_date=None, via_bot=None, has_protected_content=None, media_group_id=None, author_signature=None, reply_to_message=None, message=/setu, original_message=/setu, from_=User(id=7525835156, is_bot=False, first_name='?NepElder?', last_name=None, username=None, language_code='en', is_premium=None, added_to_attachment_menu=None, can_join_groups=None, can_read_all_group_messages=None, supports_inline_queries=None, can_connect_to_business=None, has_main_web_app=None))>]
2025-01-30 17:25:36.410 | TRACE    | nonebot:_check_matcher:401 - Rule conditions not met for Matcher(type='message', module=nonebot_plugin_status.onebot_v11, lineno=38)
2025-01-30 17:25:36.412 | TRACE    | nonebot:_check_matcher:401 - Rule conditions not met for Matcher(type='message', module=nonebot_plugin_status.common, lineno=17)
2025-01-30 17:25:36.412 | TRACE    | nonebot:_check_matcher:401 - Rule conditions not met for Matcher(type='', module=nonebot_plugin_status.onebot_v11, lineno=19)
2025-01-30 17:25:36.413 | TRACE    | nonebot:_check_matcher:401 - Rule conditions not met for Matcher(type='message', module=plugins.shutdown, lineno=17)
2025-01-30 17:25:36.414 | DEBUG    | nonebot:handle_event:601 - Checking for matchers completed
2025-01-30 17:26:01.379 | DEBUG    | nonebot:log:336 - Telegram | Calling API getUpdates
2025-01-30 17:26:01.379 | DEBUG    | nonebot:log:336 - Telegram | Calling API {'offset': '997538881', 'timeout': '30'}
2025-01-30 17:26:31.758 | DEBUG    | nonebot:log:336 - Telegram | Calling API getUpdates
2025-01-30 17:26:31.759 | DEBUG    | nonebot:log:336 - Telegram | Calling API {'offset': '997538881', 'timeout': '30'}
2025-01-30 17:27:02.134 | DEBUG    | nonebot:log:336 - Telegram | Calling API getUpdates
2025-01-30 17:27:02.135 | DEBUG    | nonebot:log:336 - Telegram | Calling API {'offset': '997538881', 'timeout': '30'}
2025-01-30 17:27:32.528 | DEBUG    | nonebot:log:336 - Telegram | Calling API getUpdates
2025-01-30 17:27:32.528 | DEBUG    | nonebot:log:336 - Telegram | Calling API {'offset': '997538881', 'timeout': '30'}
2025-01-30 17:28:02.903 | DEBUG    | nonebot:log:336 - Telegram | Calling API getUpdates
2025-01-30 17:28:02.903 | DEBUG    | nonebot:log:336 - Telegram | Calling API {'offset': '997538881', 'timeout': '30'}
2025-01-30 17:28:33.404 | DEBUG    | nonebot:log:336 - Telegram | Calling API getUpdates
2025-01-30 17:28:33.404 | DEBUG    | nonebot:log:336 - Telegram | Calling API {'offset': '997538881', 'timeout': '30'}
2025-01-30 17:29:03.814 | DEBUG    | nonebot:log:336 - Telegram | Calling API getUpdates
2025-01-30 17:29:03.814 | DEBUG    | nonebot:log:336 - Telegram | Calling API {'offset': '997538881', 'timeout': '30'}
2025-01-30 17:29:34.180 | DEBUG    | nonebot:log:336 - Telegram | Calling API getUpdates
2025-01-30 17:29:34.180 | DEBUG    | nonebot:log:336 - Telegram | Calling API {'offset': '997538881', 'timeout': '30'}
2025-01-30 17:30:04.610 | DEBUG    | nonebot:log:336 - Telegram | Calling API getUpdates
2025-01-30 17:30:04.610 | DEBUG    | nonebot:log:336 - Telegram | Calling API {'offset': '997538881', 'timeout': '30'}
2025-01-30 17:30:35.008 | DEBUG    | nonebot:log:336 - Telegram | Calling API getUpdates
2025-01-30 17:30:35.009 | DEBUG    | nonebot:log:336 - Telegram | Calling API {'offset': '997538881', 'timeout': '30'}
2025-01-30 17:31:05.364 | DEBUG    | nonebot:log:336 - Telegram | Calling API getUpdates
2025-01-30 17:31:05.364 | DEBUG    | nonebot:log:336 - Telegram | Calling API {'offset': '997538881', 'timeout': '30'}
2025-01-30 17:31:35.842 | DEBUG    | nonebot:log:336 - Telegram | Calling API getUpdates
2025-01-30 17:31:35.842 | DEBUG    | nonebot:log:336 - Telegram | Calling API {'offset': '997538881', 'timeout': '30'}
2025-01-30 17:32:06.191 | DEBUG    | nonebot:log:336 - Telegram | Calling API getUpdates
2025-01-30 17:32:06.191 | DEBUG    | nonebot:log:336 - Telegram | Calling API {'offset': '997538881', 'timeout': '30'}
2025-01-30 17:32:36.672 | DEBUG    | nonebot:log:336 - Telegram | Calling API getUpdates
2025-01-30 17:32:36.673 | DEBUG    | nonebot:log:336 - Telegram | Calling API {'offset': '997538881', 'timeout': '30'}
2025-01-30 17:33:07.087 | DEBUG    | nonebot:log:336 - Telegram | Calling API getUpdates
2025-01-30 17:33:07.087 | DEBUG    | nonebot:log:336 - Telegram | Calling API {'offset': '997538881', 'timeout': '30'}
2025-01-30 17:33:31.438 | INFO     | uvicorn:shutdown:263 - Shutting down
2025-01-30 17:33:31.540 | INFO     | uvicorn:shutdown:67 - Waiting for application shutdown.
2025-01-30 17:41:39.350 | SUCCESS  | nonebot:load_plugin:188 - Succeeded to load plugin "nonebot_plugin_logpile"
2025-01-30 17:41:39.354 | SUCCESS  | nonebot:load_plugin:188 - Succeeded to load plugin "nonebot_plugin_waiter"
2025-01-30 17:41:39.384 | SUCCESS  | nonebot:load_plugin:188 - Succeeded to load plugin "nonebot_plugin_alconna:uniseg" from "nonebot_plugin_alconna.uniseg"
2025-01-30 17:41:39.412 | SUCCESS  | nonebot:load_plugin:188 - Succeeded to load plugin "nonebot_plugin_alconna"
2025-01-30 17:41:39.520 | TRACE    | nonebot:new:323 - Define new matcher Matcher(type='message', module=YetAnotherPicSearch.__main__, lineno=330)
2025-01-30 17:41:39.521 | TRACE    | nonebot:new:323 - Define new matcher Matcher(type='message', module=YetAnotherPicSearch.__main__, lineno=333)
2025-01-30 17:41:39.523 | SUCCESS  | nonebot:load_plugin:188 - Succeeded to load plugin "YetAnotherPicSearch"
2025-01-30 17:41:39.525 | TRACE    | nonebot:new:323 - Define new matcher Matcher(type='message', module=plugins.example.mention, lineno=16)
2025-01-30 17:41:39.525 | SUCCESS  | nonebot:load_plugin:188 - Succeeded to load plugin "mention" from "plugins.example.mention"
2025-01-30 17:41:39.525 | TRACE    | nonebot:new:323 - Define new matcher Matcher(type='message', module=plugins.example.reply, lineno=9)
2025-01-30 17:41:39.526 | SUCCESS  | nonebot:load_plugin:188 - Succeeded to load plugin "reply" from "plugins.example.reply"
2025-01-30 17:41:39.526 | TRACE    | nonebot:new:323 - Define new matcher Matcher(type='message', module=plugins.example.sendxxx, lineno=9)
2025-01-30 17:41:39.527 | TRACE    | nonebot:new:323 - Define new matcher Matcher(type='message', module=plugins.example.sendxxx, lineno=14)
2025-01-30 17:41:39.527 | TRACE    | nonebot:new:323 - Define new matcher Matcher(type='message', module=plugins.example.sendxxx, lineno=19)
2025-01-30 17:41:39.527 | TRACE    | nonebot:new:323 - Define new matcher Matcher(type='message', module=plugins.example.sendxxx, lineno=27)
2025-01-30 17:41:39.527 | TRACE    | nonebot:new:323 - Define new matcher Matcher(type='message', module=plugins.example.sendxxx, lineno=35)
2025-01-30 17:41:39.527 | TRACE    | nonebot:new:323 - Define new matcher Matcher(type='message', module=plugins.example.sendxxx, lineno=40)
2025-01-30 17:41:39.527 | SUCCESS  | nonebot:load_plugin:188 - Succeeded to load plugin "sendxxx" from "plugins.example.sendxxx"
2025-01-30 17:41:39.528 | TRACE    | nonebot:new:323 - Define new matcher Matcher(type='inline', module=plugins.example.inline, lineno=16)
2025-01-30 17:41:39.528 | TRACE    | nonebot:new:323 - Define new matcher Matcher(type='inline', module=plugins.example.inline, lineno=54)
2025-01-30 17:41:39.528 | SUCCESS  | nonebot:load_plugin:188 - Succeeded to load plugin "inline" from "plugins.example.inline"
2025-01-30 17:41:39.529 | TRACE    | nonebot:new:323 - Define new matcher Matcher(type='message', module=plugins.example.download, lineno=16)
2025-01-30 17:41:39.529 | SUCCESS  | nonebot:load_plugin:188 - Succeeded to load plugin "download" from "plugins.example.download"
2025-01-30 17:41:39.530 | TRACE    | nonebot:new:323 - Define new matcher Matcher(type='message', module=plugins.example.photo, lineno=13)
2025-01-30 17:41:39.530 | TRACE    | nonebot:new:323 - Define new matcher Matcher(type='message', module=plugins.example.photo, lineno=23)
2025-01-30 17:41:39.531 | TRACE    | nonebot:new:323 - Define new matcher Matcher(type='message', module=plugins.example.photo, lineno=32)
2025-01-30 17:41:39.531 | TRACE    | nonebot:new:323 - Define new matcher Matcher(type='message', module=plugins.example.photo, lineno=41)
2025-01-30 17:41:39.531 | TRACE    | nonebot:new:323 - Define new matcher Matcher(type='message', module=plugins.example.photo, lineno=55)
2025-01-30 17:41:39.531 | TRACE    | nonebot:new:323 - Define new matcher Matcher(type='message', module=plugins.example.photo, lineno=63)
2025-01-30 17:41:39.531 | SUCCESS  | nonebot:load_plugin:188 - Succeeded to load plugin "photo" from "plugins.example.photo"
2025-01-30 17:41:39.532 | WARNING  | __main__:<module>:18 - Always use `nb run` to start the bot instead of manually running!
2025-01-30 17:41:39.532 | SUCCESS  | nonebot:run:336 - Running NoneBot...
2025-01-30 17:41:39.532 | SUCCESS  | nonebot:run:117 - Loaded adapters: Telegram
2025-01-30 17:41:39.549 | INFO     | uvicorn:_serve:83 - Started server process [12539]
2025-01-30 17:41:39.549 | INFO     | uvicorn:startup:48 - Waiting for application startup.
2025-01-30 17:41:39.551 | DEBUG    | nonebot:log:336 - Telegram | Calling API getMe
2025-01-30 17:41:39.551 | DEBUG    | nonebot:log:336 - Telegram | Calling API {}
2025-01-30 17:41:39.585 | INFO     | uvicorn:startup:62 - Application startup complete.
2025-01-30 17:41:39.586 | INFO     | uvicorn:_log_started_message:215 - Uvicorn running on http://127.0.0.1:8080 (Press CTRL+C to quit)
2025-01-30 17:41:39.968 | INFO     | nonebot:log:336 - Telegram | Delete old webhook
2025-01-30 17:41:39.969 | DEBUG    | nonebot:log:336 - Telegram | Calling API deleteWebhook
2025-01-30 17:41:39.969 | DEBUG    | nonebot:log:336 - Telegram | Calling API {}
2025-01-30 17:41:40.371 | INFO     | nonebot:log:336 - Telegram | Start poll
2025-01-30 17:41:40.388 | DEBUG    | nonebot:log:336 - Telegram | Calling API getUpdates
2025-01-30 17:41:40.389 | DEBUG    | nonebot:log:336 - Telegram | Calling API {'timeout': '30'}
2025-01-30 17:42:11.036 | DEBUG    | nonebot:log:336 - Telegram | Calling API getUpdates
2025-01-30 17:42:11.036 | DEBUG    | nonebot:log:336 - Telegram | Calling API {'timeout': '30'}
2025-01-30 17:42:41.447 | DEBUG    | nonebot:log:336 - Telegram | Calling API getUpdates
2025-01-30 17:42:41.447 | DEBUG    | nonebot:log:336 - Telegram | Calling API {'timeout': '30'}
2025-01-30 17:43:11.859 | DEBUG    | nonebot:log:336 - Telegram | Calling API getUpdates
2025-01-30 17:43:11.859 | DEBUG    | nonebot:log:336 - Telegram | Calling API {'timeout': '30'}
2025-01-30 17:43:42.273 | DEBUG    | nonebot:log:336 - Telegram | Calling API getUpdates
2025-01-30 17:43:42.273 | DEBUG    | nonebot:log:336 - Telegram | Calling API {'timeout': '30'}
2025-01-30 17:44:12.648 | DEBUG    | nonebot:log:336 - Telegram | Calling API getUpdates
2025-01-30 17:44:12.648 | DEBUG    | nonebot:log:336 - Telegram | Calling API {'timeout': '30'}
2025-01-30 17:44:43.099 | DEBUG    | nonebot:log:336 - Telegram | Calling API getUpdates
2025-01-30 17:44:43.099 | DEBUG    | nonebot:log:336 - Telegram | Calling API {'timeout': '30'}
2025-01-30 17:45:13.514 | DEBUG    | nonebot:log:336 - Telegram | Calling API getUpdates
2025-01-30 17:45:13.514 | DEBUG    | nonebot:log:336 - Telegram | Calling API {'timeout': '30'}
2025-01-30 17:45:43.924 | DEBUG    | nonebot:log:336 - Telegram | Calling API getUpdates
2025-01-30 17:45:43.925 | DEBUG    | nonebot:log:336 - Telegram | Calling API {'timeout': '30'}
2025-01-30 17:46:14.332 | DEBUG    | nonebot:log:336 - Telegram | Calling API getUpdates
2025-01-30 17:46:14.332 | DEBUG    | nonebot:log:336 - Telegram | Calling API {'timeout': '30'}
2025-01-30 17:46:44.783 | DEBUG    | nonebot:log:336 - Telegram | Calling API getUpdates
2025-01-30 17:46:44.783 | DEBUG    | nonebot:log:336 - Telegram | Calling API {'timeout': '30'}
2025-01-30 17:47:15.264 | DEBUG    | nonebot:log:336 - Telegram | Calling API getUpdates
2025-01-30 17:47:15.264 | DEBUG    | nonebot:log:336 - Telegram | Calling API {'timeout': '30'}
2025-01-30 17:47:45.678 | DEBUG    | nonebot:log:336 - Telegram | Calling API getUpdates
2025-01-30 17:47:45.679 | DEBUG    | nonebot:log:336 - Telegram | Calling API {'timeout': '30'}
2025-01-30 17:48:16.090 | DEBUG    | nonebot:log:336 - Telegram | Calling API getUpdates
2025-01-30 17:48:16.090 | DEBUG    | nonebot:log:336 - Telegram | Calling API {'timeout': '30'}
2025-01-30 17:48:46.502 | DEBUG    | nonebot:log:336 - Telegram | Calling API getUpdates
2025-01-30 17:48:46.502 | DEBUG    | nonebot:log:336 - Telegram | Calling API {'timeout': '30'}
2025-01-30 17:49:16.915 | DEBUG    | nonebot:log:336 - Telegram | Calling API getUpdates
2025-01-30 17:49:16.915 | DEBUG    | nonebot:log:336 - Telegram | Calling API {'timeout': '30'}
2025-01-30 17:49:47.276 | DEBUG    | nonebot:log:336 - Telegram | Calling API getUpdates
2025-01-30 17:49:47.276 | DEBUG    | nonebot:log:336 - Telegram | Calling API {'timeout': '30'}
2025-01-30 17:50:17.741 | DEBUG    | nonebot:log:336 - Telegram | Calling API getUpdates
2025-01-30 17:50:17.742 | DEBUG    | nonebot:log:336 - Telegram | Calling API {'timeout': '30'}
2025-01-30 17:50:48.103 | DEBUG    | nonebot:log:336 - Telegram | Calling API getUpdates
2025-01-30 17:50:48.104 | DEBUG    | nonebot:log:336 - Telegram | Calling API {'timeout': '30'}
2025-01-30 17:51:18.460 | DEBUG    | nonebot:log:336 - Telegram | Calling API getUpdates
2025-01-30 17:51:18.460 | DEBUG    | nonebot:log:336 - Telegram | Calling API {'timeout': '30'}
2025-01-30 17:51:48.875 | DEBUG    | nonebot:log:336 - Telegram | Calling API getUpdates
2025-01-30 17:51:48.876 | DEBUG    | nonebot:log:336 - Telegram | Calling API {'timeout': '30'}
2025-01-30 17:52:19.291 | DEBUG    | nonebot:log:336 - Telegram | Calling API getUpdates
2025-01-30 17:52:19.291 | DEBUG    | nonebot:log:336 - Telegram | Calling API {'timeout': '30'}
2025-01-30 17:52:49.703 | DEBUG    | nonebot:log:336 - Telegram | Calling API getUpdates
2025-01-30 17:52:49.703 | DEBUG    | nonebot:log:336 - Telegram | Calling API {'timeout': '30'}
2025-01-30 17:53:20.066 | DEBUG    | nonebot:log:336 - Telegram | Calling API getUpdates
2025-01-30 17:53:20.067 | DEBUG    | nonebot:log:336 - Telegram | Calling API {'timeout': '30'}
2025-01-30 18:08:40.641 | DEBUG    | nonebot:log:336 - Telegram | Calling API getUpdates
2025-01-30 18:08:40.641 | DEBUG    | nonebot:log:336 - Telegram | Calling API {'timeout': '30'}
2025-01-30 18:09:11.199 | DEBUG    | nonebot:log:336 - Telegram | Calling API getUpdates
2025-01-30 18:09:11.199 | DEBUG    | nonebot:log:336 - Telegram | Calling API {'timeout': '30'}
2025-01-30 18:09:41.585 | DEBUG    | nonebot:log:336 - Telegram | Calling API getUpdates
2025-01-30 18:09:41.585 | DEBUG    | nonebot:log:336 - Telegram | Calling API {'timeout': '30'}
2025-01-30 18:10:12.017 | DEBUG    | nonebot:log:336 - Telegram | Calling API getUpdates
2025-01-30 18:10:12.017 | DEBUG    | nonebot:log:336 - Telegram | Calling API {'timeout': '30'}
2025-01-30 18:10:42.449 | DEBUG    | nonebot:log:336 - Telegram | Calling API getUpdates
2025-01-30 18:10:42.449 | DEBUG    | nonebot:log:336 - Telegram | Calling API {'timeout': '30'}
2025-01-30 18:11:12.847 | DEBUG    | nonebot:log:336 - Telegram | Calling API getUpdates
2025-01-30 18:11:12.847 | DEBUG    | nonebot:log:336 - Telegram | Calling API {'timeout': '30'}
2025-01-30 18:11:43.312 | DEBUG    | nonebot:log:336 - Telegram | Calling API getUpdates
2025-01-30 18:11:43.312 | DEBUG    | nonebot:log:336 - Telegram | Calling API {'timeout': '30'}
2025-01-30 18:12:12.583 | DEBUG    | nonebot:log:336 - Telegram | Calling API getUpdates
2025-01-30 18:12:12.583 | DEBUG    | nonebot:log:336 - Telegram | Calling API {'offset': '997538881', 'timeout': '30'}
2025-01-30 18:12:12.925 | DEBUG    | nonebot:log:336 - Telegram | Calling API getUpdates
2025-01-30 18:12:12.925 | DEBUG    | nonebot:log:336 - Telegram | Calling API {'offset': '997538882', 'timeout': '30'}
2025-01-30 18:12:12.946 | DEBUG    | nonebot:log:336 - Telegram | {'message_id': 59, 'date': 1738278732, 'chat': {'id': 7525835156, 'type': 'private', 'first_name': '?NepElder?'}, 'message': [{'type': 'text', 'data': {'text': 'say hello to me'}}], 'original_message': [{'type': 'text', 'data': {'text': 'say hello to me'}}], 'from_': {'id': 7525835156, 'is_bot': False, 'first_name': '?NepElder?', 'language_code': 'en'}}
2025-01-30 18:12:12.946 | SUCCESS  | nonebot:handle_event:535 - Telegram 8186306331 | [message.private]: Message 59 from 7525835156: say hello to me
2025-01-30 18:12:12.946 | DEBUG    | nonebot:handle_event:573 - Checking for matchers in priority 1...
2025-01-30 18:12:12.947 | TRACE    | nonebot:_check_matcher:391 - Permission conditions not met for Matcher(type='inline', module=plugins.example.inline, lineno=16)
2025-01-30 18:12:12.947 | TRACE    | nonebot:_check_matcher:391 - Permission conditions not met for Matcher(type='inline', module=plugins.example.inline, lineno=54)
2025-01-30 18:12:12.967 | TRACE    | nonebot:_check_matcher:401 - Rule conditions not met for Matcher(type='message', module=nonebot.plugins.echo, lineno=17)
2025-01-30 18:12:12.967 | TRACE    | nonebot:_check_matcher:401 - Rule conditions not met for Matcher(type='message', module=YetAnotherPicSearch.__main__, lineno=330)
2025-01-30 18:12:12.967 | TRACE    | nonebot:_check_matcher:401 - Rule conditions not met for Matcher(type='message', module=plugins.example.mention, lineno=16)
2025-01-30 18:12:12.967 | TRACE    | nonebot:_check_matcher:401 - Rule conditions not met for Matcher(type='message', module=plugins.example.reply, lineno=9)
2025-01-30 18:12:12.967 | TRACE    | nonebot:_check_matcher:401 - Rule conditions not met for Matcher(type='message', module=plugins.example.sendxxx, lineno=9)
2025-01-30 18:12:12.967 | TRACE    | nonebot:_check_matcher:401 - Rule conditions not met for Matcher(type='message', module=plugins.example.sendxxx, lineno=14)
2025-01-30 18:12:12.967 | TRACE    | nonebot:_check_matcher:401 - Rule conditions not met for Matcher(type='message', module=plugins.example.sendxxx, lineno=19)
2025-01-30 18:12:12.967 | TRACE    | nonebot:_check_matcher:401 - Rule conditions not met for Matcher(type='message', module=plugins.example.sendxxx, lineno=27)
2025-01-30 18:12:12.967 | TRACE    | nonebot:_check_matcher:401 - Rule conditions not met for Matcher(type='message', module=plugins.example.sendxxx, lineno=35)
2025-01-30 18:12:12.967 | TRACE    | nonebot:_check_matcher:401 - Rule conditions not met for Matcher(type='message', module=plugins.example.sendxxx, lineno=40)
2025-01-30 18:12:12.967 | TRACE    | nonebot:_check_matcher:401 - Rule conditions not met for Matcher(type='message', module=plugins.example.download, lineno=16)
2025-01-30 18:12:12.967 | TRACE    | nonebot:_check_matcher:401 - Rule conditions not met for Matcher(type='message', module=plugins.example.photo, lineno=13)
2025-01-30 18:12:12.967 | TRACE    | nonebot:_check_matcher:401 - Rule conditions not met for Matcher(type='message', module=plugins.example.photo, lineno=23)
2025-01-30 18:12:12.968 | TRACE    | nonebot:_check_matcher:401 - Rule conditions not met for Matcher(type='message', module=plugins.example.photo, lineno=32)
2025-01-30 18:12:12.968 | TRACE    | nonebot:_check_matcher:401 - Rule conditions not met for Matcher(type='message', module=plugins.example.photo, lineno=41)
2025-01-30 18:12:12.968 | TRACE    | nonebot:_check_matcher:401 - Rule conditions not met for Matcher(type='message', module=plugins.example.photo, lineno=55)
2025-01-30 18:12:12.968 | TRACE    | nonebot:_check_matcher:401 - Rule conditions not met for Matcher(type='message', module=plugins.example.photo, lineno=63)
2025-01-30 18:12:12.968 | DEBUG    | nonebot:handle_event:573 - Checking for matchers in priority 2...
2025-01-30 18:12:12.971 | TRACE    | nonebot:_check_matcher:401 - Rule conditions not met for Matcher(type='message', module=YetAnotherPicSearch.__main__, lineno=333)
2025-01-30 18:12:12.972 | DEBUG    | nonebot:handle_event:573 - Checking for matchers in priority 10...
2025-01-30 18:12:12.973 | TRACE    | nonebot:_handle_skipped:102 - Dependent(call=_poke) skipped due to [TypeMisMatch(param=event, type=PrivateMessageEvent, value=PrivateMessageEvent(telegram_model=Update(update_id=997538881, message=Message(message_id=59, message_thread_id=None, from_=User(id=7525835156, is_bot=False, first_name='?NepElder?', last_name=None, username=None, language_code='en', is_premium=None, added_to_attachment_menu=None, can_join_groups=None, can_read_all_group_messages=None, supports_inline_queries=None, can_connect_to_business=None, has_main_web_app=None), sender_chat=None, sender_boost_count=None, sender_business_bot=None, date=1738278732, business_connection_id=None, chat=Chat(id=7525835156, type='private', title=None, username=None, first_name='?NepElder?', last_name=None, is_forum=None), forward_origin=None, is_topic_message=None, is_automatic_forward=None, reply_to_message=None, external_reply=None, quote=None, reply_to_story=None, via_bot=None, edit_date=None, has_protected_content=None, is_from_offline=None, media_group_id=None, author_signature=None, text=None, entities=None, link_preview_options=None, effect_id=None, animation=None, audio=None, document=None, paid_media=None, photo=None, sticker=None, story=None, video=None, video_note=None, voice=None, caption=None, caption_entities=None, show_caption_above_media=None, has_media_spoiler=None, contact=None, dice=None, game=None, poll=None, venue=None, location=None, new_chat_members=None, left_chat_member=None, new_chat_title=None, new_chat_photo=None, delete_chat_photo=None, group_chat_created=None, supergroup_chat_created=None, channel_chat_created=None, message_auto_delete_timer_changed=None, migrate_to_chat_id=None, migrate_from_chat_id=None, pinned_message=None, invoice=None, successful_payment=None, refunded_payment=None, users_shared=None, chat_shared=None, connected_website=None, write_access_allowed=None, passport_data=None, proximity_alert_triggered=None, boost_added=None, chat_background_set=None, forum_topic_created=None, forum_topic_edited=None, forum_topic_closed=None, forum_topic_reopened=None, general_forum_topic_hidden=None, general_forum_topic_unhidden=None, giveaway_created=None, giveaway=None, giveaway_winners=None, giveaway_completed=None, video_chat_scheduled=None, video_chat_started=None, video_chat_ended=None, video_chat_participants_invited=None, web_app_data=None, reply_markup=None), edited_message=None, channel_post=None, edited_channel_post=None, business_connection=None, business_message=None, edited_business_message=None, deleted_business_messages=None, message_reaction=None, message_reaction_count=None, inline_query=None, chosen_inline_result=None, callback_query=None, shipping_query=None, pre_checkout_query=None, purchased_paid_media=None, poll=None, poll_answer=None, my_chat_member=None, chat_member=None, chat_join_request=None, chat_boost=None, removed_chat_boost=None), message_id=59, date=1738278732, chat=Chat(id=7525835156, type='private', title=None, username=None, first_name='?NepElder?', last_name=None, is_forum=None), forward_from=None, forward_from_chat=None, forward_from_message_id=None, forward_signature=None, forward_sender_name=None, forward_date=None, via_bot=None, has_protected_content=None, media_group_id=None, author_signature=None, reply_to_message=None, message=say hello to me, original_message=say hello to me, from_=User(id=7525835156, is_bot=False, first_name='?NepElder?', last_name=None, username=None, language_code='en', is_premium=None, added_to_attachment_menu=None, can_join_groups=None, can_read_all_group_messages=None, supports_inline_queries=None, can_connect_to_business=None, has_main_web_app=None))>]
2025-01-30 18:12:12.973 | TRACE    | nonebot:_check_matcher:401 - Rule conditions not met for Matcher(type='message', module=nonebot_plugin_status.onebot_v11, lineno=38)
2025-01-30 18:12:12.975 | TRACE    | nonebot:_check_matcher:401 - Rule conditions not met for Matcher(type='message', module=nonebot_plugin_status.common, lineno=17)
2025-01-30 18:12:12.975 | TRACE    | nonebot:_check_matcher:401 - Rule conditions not met for Matcher(type='', module=nonebot_plugin_status.onebot_v11, lineno=19)
2025-01-30 18:12:12.976 | TRACE    | nonebot:_check_matcher:401 - Rule conditions not met for Matcher(type='message', module=plugins.shutdown, lineno=17)
2025-01-30 18:12:12.976 | DEBUG    | nonebot:handle_event:601 - Checking for matchers completed
2025-01-30 18:12:37.134 | DEBUG    | nonebot:log:336 - Telegram | Calling API getUpdates
2025-01-30 18:12:37.134 | DEBUG    | nonebot:log:336 - Telegram | Calling API {'offset': '997538883', 'timeout': '30'}
2025-01-30 18:12:37.149 | DEBUG    | nonebot:log:336 - Telegram | {'message_id': 60, 'date': 1738278757, 'chat': {'id': 7525835156, 'type': 'private', 'first_name': '?NepElder?'}, 'message': [{'type': 'bot_command', 'data': {'text': '/echo'}}, {'type': 'text', 'data': {'text': ' 1'}}], 'original_message': [{'type': 'bot_command', 'data': {'text': '/echo'}}, {'type': 'text', 'data': {'text': ' 1'}}], 'from_': {'id': 7525835156, 'is_bot': False, 'first_name': '?NepElder?', 'language_code': 'en'}}
2025-01-30 18:12:37.150 | SUCCESS  | nonebot:handle_event:535 - Telegram 8186306331 | [message.private]: Message 60 from 7525835156: /echo 1
2025-01-30 18:12:37.150 | DEBUG    | nonebot:handle_event:573 - Checking for matchers in priority 1...
2025-01-30 18:12:37.150 | TRACE    | nonebot:_check_matcher:391 - Permission conditions not met for Matcher(type='inline', module=plugins.example.inline, lineno=16)
2025-01-30 18:12:37.150 | TRACE    | nonebot:_check_matcher:391 - Permission conditions not met for Matcher(type='inline', module=plugins.example.inline, lineno=54)
2025-01-30 18:12:37.155 | INFO     | nonebot:_run_matcher:435 - Event will be handled by Matcher(type='message', module=nonebot.plugins.echo, lineno=17)
2025-01-30 18:12:37.155 | DEBUG    | nonebot:_run_matcher:455 - Running Matcher(type='message', module=nonebot.plugins.echo, lineno=17)
2025-01-30 18:12:37.156 | TRACE    | nonebot:simple_run:838 - Matcher(type='message', module=nonebot.plugins.echo, lineno=17) run with incoming args: bot=Bot(type='Telegram', self_id='8186306331'), event=PrivateMessageEvent(telegram_model=Update(update_id=997538882, message=Message(message_id=60, message_thread_id=None, from_=User(id=7525835156, is_bot=False, first_name='?NepElder?', last_name=None, username=None, language_code='en', is_premium=None, added_to_attachment_menu=None, can_join_groups=None, can_read_all_group_messages=None, supports_inline_queries=None, can_connect_to_business=None, has_main_web_app=None), sender_chat=None, sender_boost_count=None, sender_business_bot=None, date=1738278757, business_connection_id=None, chat=Chat(id=7525835156, type='private', title=None, username=None, first_name='?NepElder?', last_name=None, is_forum=None), forward_origin=None, is_topic_message=None, is_automatic_forward=None, reply_to_message=None, external_reply=None, quote=None, reply_to_story=None, via_bot=None, edit_date=None, has_protected_content=None, is_from_offline=None, media_group_id=None, author_signature=None, text=None, entities=None, link_preview_options=None, effect_id=None, animation=None, audio=None, document=None, paid_media=None, photo=None, sticker=None, story=None, video=None, video_note=None, voice=None, caption=None, caption_entities=None, show_caption_above_media=None, has_media_spoiler=None, contact=None, dice=None, game=None, poll=None, venue=None, location=None, new_chat_members=None, left_chat_member=None, new_chat_title=None, new_chat_photo=None, delete_chat_photo=None, group_chat_created=None, supergroup_chat_created=None, channel_chat_created=None, message_auto_delete_timer_changed=None, migrate_to_chat_id=None, migrate_from_chat_id=None, pinned_message=None, invoice=None, successful_payment=None, refunded_payment=None, users_shared=None, chat_shared=None, connected_website=None, write_access_allowed=None, passport_data=None, proximity_alert_triggered=None, boost_added=None, chat_background_set=None, forum_topic_created=None, forum_topic_edited=None, forum_topic_closed=None, forum_topic_reopened=None, general_forum_topic_hidden=None, general_forum_topic_unhidden=None, giveaway_created=None, giveaway=None, giveaway_winners=None, giveaway_completed=None, video_chat_scheduled=None, video_chat_started=None, video_chat_ended=None, video_chat_participants_invited=None, web_app_data=None, reply_markup=None), edited_message=None, channel_post=None, edited_channel_post=None, business_connection=None, business_message=None, edited_business_message=None, deleted_business_messages=None, message_reaction=None, message_reaction_count=None, inline_query=None, chosen_inline_result=None, callback_query=None, shipping_query=None, pre_checkout_query=None, purchased_paid_media=None, poll=None, poll_answer=None, my_chat_member=None, chat_member=None, chat_join_request=None, chat_boost=None, removed_chat_boost=None), message_id=60, date=1738278757, chat=Chat(id=7525835156, type='private', title=None, username=None, first_name='?NepElder?', last_name=None, is_forum=None), forward_from=None, forward_from_chat=None, forward_from_message_id=None, forward_signature=None, forward_sender_name=None, forward_date=None, via_bot=None, has_protected_content=None, media_group_id=None, author_signature=None, reply_to_message=None, message=/echo 1, original_message=/echo 1, from_=User(id=7525835156, is_bot=False, first_name='?NepElder?', last_name=None, username=None, language_code='en', is_premium=None, added_to_attachment_menu=None, can_join_groups=None, can_read_all_group_messages=None, supports_inline_queries=None, can_connect_to_business=None, has_main_web_app=None)), state={'_prefix': {'command': ('echo',), 'raw_command': '/echo', 'command_arg': 1, 'command_start': '/', 'command_whitespace': ' '}}
2025-01-30 18:12:37.156 | DEBUG    | nonebot:simple_run:855 - Running handler Dependent(call=handle_echo)
2025-01-30 18:12:37.156 | TRACE    | nonebot:_check_matcher:401 - Rule conditions not met for Matcher(type='message', module=YetAnotherPicSearch.__main__, lineno=330)
2025-01-30 18:12:37.156 | TRACE    | nonebot:_check_matcher:401 - Rule conditions not met for Matcher(type='message', module=plugins.example.mention, lineno=16)
2025-01-30 18:12:37.156 | TRACE    | nonebot:_check_matcher:401 - Rule conditions not met for Matcher(type='message', module=plugins.example.reply, lineno=9)
2025-01-30 18:12:37.156 | TRACE    | nonebot:_check_matcher:401 - Rule conditions not met for Matcher(type='message', module=plugins.example.sendxxx, lineno=9)
2025-01-30 18:12:37.156 | TRACE    | nonebot:_check_matcher:401 - Rule conditions not met for Matcher(type='message', module=plugins.example.sendxxx, lineno=14)
2025-01-30 18:12:37.156 | TRACE    | nonebot:_check_matcher:401 - Rule conditions not met for Matcher(type='message', module=plugins.example.sendxxx, lineno=19)
2025-01-30 18:12:37.156 | TRACE    | nonebot:_check_matcher:401 - Rule conditions not met for Matcher(type='message', module=plugins.example.sendxxx, lineno=27)
2025-01-30 18:12:37.156 | TRACE    | nonebot:_check_matcher:401 - Rule conditions not met for Matcher(type='message', module=plugins.example.sendxxx, lineno=35)
2025-01-30 18:12:37.156 | TRACE    | nonebot:_check_matcher:401 - Rule conditions not met for Matcher(type='message', module=plugins.example.sendxxx, lineno=40)
2025-01-30 18:12:37.156 | TRACE    | nonebot:_check_matcher:401 - Rule conditions not met for Matcher(type='message', module=plugins.example.download, lineno=16)
2025-01-30 18:12:37.156 | TRACE    | nonebot:_check_matcher:401 - Rule conditions not met for Matcher(type='message', module=plugins.example.photo, lineno=13)
2025-01-30 18:12:37.156 | TRACE    | nonebot:_check_matcher:401 - Rule conditions not met for Matcher(type='message', module=plugins.example.photo, lineno=23)
2025-01-30 18:12:37.156 | TRACE    | nonebot:_check_matcher:401 - Rule conditions not met for Matcher(type='message', module=plugins.example.photo, lineno=32)
2025-01-30 18:12:37.157 | TRACE    | nonebot:_check_matcher:401 - Rule conditions not met for Matcher(type='message', module=plugins.example.photo, lineno=41)
2025-01-30 18:12:37.157 | TRACE    | nonebot:_check_matcher:401 - Rule conditions not met for Matcher(type='message', module=plugins.example.photo, lineno=55)
2025-01-30 18:12:37.157 | TRACE    | nonebot:_check_matcher:401 - Rule conditions not met for Matcher(type='message', module=plugins.example.photo, lineno=63)
2025-01-30 18:12:37.158 | DEBUG    | nonebot:log:336 - Telegram | Calling API sendMessage
2025-01-30 18:12:37.158 | DEBUG    | nonebot:log:336 - Telegram | Calling API {'chat_id': '7525835156', 'text': '1'}
2025-01-30 18:12:37.705 | INFO     | nonebot:simple_run:872 - Matcher(type='message', module=nonebot.plugins.echo, lineno=17) running complete
2025-01-30 18:12:37.711 | TRACE    | nonebot:_handle_skipped:102 - Dependent(call=_exit_executor) skipped due to [TypeMisMatch(param=matcher, type=AlconnaMatcher, value=Matcher(type='message', module=nonebot.plugins.echo, lineno=17)>]
2025-01-30 18:12:37.711 | DEBUG    | nonebot:handle_event:573 - Checking for matchers in priority 2...
2025-01-30 18:12:37.713 | TRACE    | nonebot:_check_matcher:401 - Rule conditions not met for Matcher(type='message', module=YetAnotherPicSearch.__main__, lineno=333)
2025-01-30 18:12:37.713 | DEBUG    | nonebot:handle_event:573 - Checking for matchers in priority 10...
2025-01-30 18:12:37.714 | TRACE    | nonebot:_handle_skipped:102 - Dependent(call=_poke) skipped due to [TypeMisMatch(param=event, type=PrivateMessageEvent, value=PrivateMessageEvent(telegram_model=Update(update_id=997538882, message=Message(message_id=60, message_thread_id=None, from_=User(id=7525835156, is_bot=False, first_name='?NepElder?', last_name=None, username=None, language_code='en', is_premium=None, added_to_attachment_menu=None, can_join_groups=None, can_read_all_group_messages=None, supports_inline_queries=None, can_connect_to_business=None, has_main_web_app=None), sender_chat=None, sender_boost_count=None, sender_business_bot=None, date=1738278757, business_connection_id=None, chat=Chat(id=7525835156, type='private', title=None, username=None, first_name='?NepElder?', last_name=None, is_forum=None), forward_origin=None, is_topic_message=None, is_automatic_forward=None, reply_to_message=None, external_reply=None, quote=None, reply_to_story=None, via_bot=None, edit_date=None, has_protected_content=None, is_from_offline=None, media_group_id=None, author_signature=None, text=None, entities=None, link_preview_options=None, effect_id=None, animation=None, audio=None, document=None, paid_media=None, photo=None, sticker=None, story=None, video=None, video_note=None, voice=None, caption=None, caption_entities=None, show_caption_above_media=None, has_media_spoiler=None, contact=None, dice=None, game=None, poll=None, venue=None, location=None, new_chat_members=None, left_chat_member=None, new_chat_title=None, new_chat_photo=None, delete_chat_photo=None, group_chat_created=None, supergroup_chat_created=None, channel_chat_created=None, message_auto_delete_timer_changed=None, migrate_to_chat_id=None, migrate_from_chat_id=None, pinned_message=None, invoice=None, successful_payment=None, refunded_payment=None, users_shared=None, chat_shared=None, connected_website=None, write_access_allowed=None, passport_data=None, proximity_alert_triggered=None, boost_added=None, chat_background_set=None, forum_topic_created=None, forum_topic_edited=None, forum_topic_closed=None, forum_topic_reopened=None, general_forum_topic_hidden=None, general_forum_topic_unhidden=None, giveaway_created=None, giveaway=None, giveaway_winners=None, giveaway_completed=None, video_chat_scheduled=None, video_chat_started=None, video_chat_ended=None, video_chat_participants_invited=None, web_app_data=None, reply_markup=None), edited_message=None, channel_post=None, edited_channel_post=None, business_connection=None, business_message=None, edited_business_message=None, deleted_business_messages=None, message_reaction=None, message_reaction_count=None, inline_query=None, chosen_inline_result=None, callback_query=None, shipping_query=None, pre_checkout_query=None, purchased_paid_media=None, poll=None, poll_answer=None, my_chat_member=None, chat_member=None, chat_join_request=None, chat_boost=None, removed_chat_boost=None), message_id=60, date=1738278757, chat=Chat(id=7525835156, type='private', title=None, username=None, first_name='?NepElder?', last_name=None, is_forum=None), forward_from=None, forward_from_chat=None, forward_from_message_id=None, forward_signature=None, forward_sender_name=None, forward_date=None, via_bot=None, has_protected_content=None, media_group_id=None, author_signature=None, reply_to_message=None, message=/echo 1, original_message=/echo 1, from_=User(id=7525835156, is_bot=False, first_name='?NepElder?', last_name=None, username=None, language_code='en', is_premium=None, added_to_attachment_menu=None, can_join_groups=None, can_read_all_group_messages=None, supports_inline_queries=None, can_connect_to_business=None, has_main_web_app=None))>]
2025-01-30 18:12:37.714 | TRACE    | nonebot:_check_matcher:401 - Rule conditions not met for Matcher(type='message', module=nonebot_plugin_status.onebot_v11, lineno=38)
2025-01-30 18:12:37.715 | TRACE    | nonebot:_check_matcher:401 - Rule conditions not met for Matcher(type='message', module=nonebot_plugin_status.common, lineno=17)
2025-01-30 18:12:37.716 | TRACE    | nonebot:_check_matcher:401 - Rule conditions not met for Matcher(type='', module=nonebot_plugin_status.onebot_v11, lineno=19)
2025-01-30 18:12:37.716 | TRACE    | nonebot:_check_matcher:401 - Rule conditions not met for Matcher(type='message', module=plugins.shutdown, lineno=17)
2025-01-30 18:12:37.716 | DEBUG    | nonebot:handle_event:601 - Checking for matchers completed
2025-01-30 18:13:07.599 | DEBUG    | nonebot:log:336 - Telegram | Calling API getUpdates
2025-01-30 18:13:07.600 | DEBUG    | nonebot:log:336 - Telegram | Calling API {'offset': '997538883', 'timeout': '30'}
2025-01-30 18:13:37.980 | DEBUG    | nonebot:log:336 - Telegram | Calling API getUpdates
2025-01-30 18:13:37.981 | DEBUG    | nonebot:log:336 - Telegram | Calling API {'offset': '997538883', 'timeout': '30'}
2025-01-30 18:13:54.036 | DEBUG    | nonebot:log:336 - Telegram | Calling API getUpdates
2025-01-30 18:13:54.037 | DEBUG    | nonebot:log:336 - Telegram | Calling API {'offset': '997538884', 'timeout': '30'}
2025-01-30 18:13:54.052 | DEBUG    | nonebot:log:336 - Telegram | {'message_id': 62, 'date': 1738278833, 'chat': {'id': 7525835156, 'type': 'private', 'first_name': '?NepElder?'}, 'message': [{'type': 'text', 'data': {'text': 'hello'}}], 'original_message': [{'type': 'text', 'data': {'text': 'hello'}}], 'from_': {'id': 7525835156, 'is_bot': False, 'first_name': '?NepElder?', 'language_code': 'en'}}
2025-01-30 18:13:54.052 | SUCCESS  | nonebot:handle_event:535 - Telegram 8186306331 | [message.private]: Message 62 from 7525835156: hello
2025-01-30 18:13:54.052 | DEBUG    | nonebot:handle_event:573 - Checking for matchers in priority 1...
2025-01-30 18:13:54.053 | TRACE    | nonebot:_check_matcher:391 - Permission conditions not met for Matcher(type='inline', module=plugins.example.inline, lineno=16)
2025-01-30 18:13:54.053 | TRACE    | nonebot:_check_matcher:391 - Permission conditions not met for Matcher(type='inline', module=plugins.example.inline, lineno=54)
2025-01-30 18:13:54.057 | TRACE    | nonebot:_check_matcher:401 - Rule conditions not met for Matcher(type='message', module=nonebot.plugins.echo, lineno=17)
2025-01-30 18:13:54.057 | TRACE    | nonebot:_check_matcher:401 - Rule conditions not met for Matcher(type='message', module=YetAnotherPicSearch.__main__, lineno=330)
2025-01-30 18:13:54.057 | TRACE    | nonebot:_check_matcher:401 - Rule conditions not met for Matcher(type='message', module=plugins.example.mention, lineno=16)
2025-01-30 18:13:54.057 | TRACE    | nonebot:_check_matcher:401 - Rule conditions not met for Matcher(type='message', module=plugins.example.reply, lineno=9)
2025-01-30 18:13:54.057 | TRACE    | nonebot:_check_matcher:401 - Rule conditions not met for Matcher(type='message', module=plugins.example.sendxxx, lineno=9)
2025-01-30 18:13:54.057 | TRACE    | nonebot:_check_matcher:401 - Rule conditions not met for Matcher(type='message', module=plugins.example.sendxxx, lineno=14)
2025-01-30 18:13:54.057 | TRACE    | nonebot:_check_matcher:401 - Rule conditions not met for Matcher(type='message', module=plugins.example.sendxxx, lineno=19)
2025-01-30 18:13:54.057 | TRACE    | nonebot:_check_matcher:401 - Rule conditions not met for Matcher(type='message', module=plugins.example.sendxxx, lineno=27)
2025-01-30 18:13:54.057 | TRACE    | nonebot:_check_matcher:401 - Rule conditions not met for Matcher(type='message', module=plugins.example.sendxxx, lineno=35)
2025-01-30 18:13:54.057 | TRACE    | nonebot:_check_matcher:401 - Rule conditions not met for Matcher(type='message', module=plugins.example.sendxxx, lineno=40)
2025-01-30 18:13:54.057 | TRACE    | nonebot:_check_matcher:401 - Rule conditions not met for Matcher(type='message', module=plugins.example.download, lineno=16)
2025-01-30 18:13:54.057 | TRACE    | nonebot:_check_matcher:401 - Rule conditions not met for Matcher(type='message', module=plugins.example.photo, lineno=13)
2025-01-30 18:13:54.057 | TRACE    | nonebot:_check_matcher:401 - Rule conditions not met for Matcher(type='message', module=plugins.example.photo, lineno=23)
2025-01-30 18:13:54.057 | TRACE    | nonebot:_check_matcher:401 - Rule conditions not met for Matcher(type='message', module=plugins.example.photo, lineno=32)
2025-01-30 18:13:54.057 | TRACE    | nonebot:_check_matcher:401 - Rule conditions not met for Matcher(type='message', module=plugins.example.photo, lineno=41)
2025-01-30 18:13:54.057 | TRACE    | nonebot:_check_matcher:401 - Rule conditions not met for Matcher(type='message', module=plugins.example.photo, lineno=55)
2025-01-30 18:13:54.057 | TRACE    | nonebot:_check_matcher:401 - Rule conditions not met for Matcher(type='message', module=plugins.example.photo, lineno=63)
2025-01-30 18:13:54.058 | DEBUG    | nonebot:handle_event:573 - Checking for matchers in priority 2...
2025-01-30 18:13:54.058 | TRACE    | nonebot:_check_matcher:401 - Rule conditions not met for Matcher(type='message', module=YetAnotherPicSearch.__main__, lineno=333)
2025-01-30 18:13:54.059 | DEBUG    | nonebot:handle_event:573 - Checking for matchers in priority 10...
2025-01-30 18:13:54.059 | TRACE    | nonebot:_handle_skipped:102 - Dependent(call=_poke) skipped due to [TypeMisMatch(param=event, type=PrivateMessageEvent, value=PrivateMessageEvent(telegram_model=Update(update_id=997538883, message=Message(message_id=62, message_thread_id=None, from_=User(id=7525835156, is_bot=False, first_name='?NepElder?', last_name=None, username=None, language_code='en', is_premium=None, added_to_attachment_menu=None, can_join_groups=None, can_read_all_group_messages=None, supports_inline_queries=None, can_connect_to_business=None, has_main_web_app=None), sender_chat=None, sender_boost_count=None, sender_business_bot=None, date=1738278833, business_connection_id=None, chat=Chat(id=7525835156, type='private', title=None, username=None, first_name='?NepElder?', last_name=None, is_forum=None), forward_origin=None, is_topic_message=None, is_automatic_forward=None, reply_to_message=None, external_reply=None, quote=None, reply_to_story=None, via_bot=None, edit_date=None, has_protected_content=None, is_from_offline=None, media_group_id=None, author_signature=None, text=None, entities=None, link_preview_options=None, effect_id=None, animation=None, audio=None, document=None, paid_media=None, photo=None, sticker=None, story=None, video=None, video_note=None, voice=None, caption=None, caption_entities=None, show_caption_above_media=None, has_media_spoiler=None, contact=None, dice=None, game=None, poll=None, venue=None, location=None, new_chat_members=None, left_chat_member=None, new_chat_title=None, new_chat_photo=None, delete_chat_photo=None, group_chat_created=None, supergroup_chat_created=None, channel_chat_created=None, message_auto_delete_timer_changed=None, migrate_to_chat_id=None, migrate_from_chat_id=None, pinned_message=None, invoice=None, successful_payment=None, refunded_payment=None, users_shared=None, chat_shared=None, connected_website=None, write_access_allowed=None, passport_data=None, proximity_alert_triggered=None, boost_added=None, chat_background_set=None, forum_topic_created=None, forum_topic_edited=None, forum_topic_closed=None, forum_topic_reopened=None, general_forum_topic_hidden=None, general_forum_topic_unhidden=None, giveaway_created=None, giveaway=None, giveaway_winners=None, giveaway_completed=None, video_chat_scheduled=None, video_chat_started=None, video_chat_ended=None, video_chat_participants_invited=None, web_app_data=None, reply_markup=None), edited_message=None, channel_post=None, edited_channel_post=None, business_connection=None, business_message=None, edited_business_message=None, deleted_business_messages=None, message_reaction=None, message_reaction_count=None, inline_query=None, chosen_inline_result=None, callback_query=None, shipping_query=None, pre_checkout_query=None, purchased_paid_media=None, poll=None, poll_answer=None, my_chat_member=None, chat_member=None, chat_join_request=None, chat_boost=None, removed_chat_boost=None), message_id=62, date=1738278833, chat=Chat(id=7525835156, type='private', title=None, username=None, first_name='?NepElder?', last_name=None, is_forum=None), forward_from=None, forward_from_chat=None, forward_from_message_id=None, forward_signature=None, forward_sender_name=None, forward_date=None, via_bot=None, has_protected_content=None, media_group_id=None, author_signature=None, reply_to_message=None, message=hello, original_message=hello, from_=User(id=7525835156, is_bot=False, first_name='?NepElder?', last_name=None, username=None, language_code='en', is_premium=None, added_to_attachment_menu=None, can_join_groups=None, can_read_all_group_messages=None, supports_inline_queries=None, can_connect_to_business=None, has_main_web_app=None))>]
2025-01-30 18:13:54.059 | TRACE    | nonebot:_check_matcher:401 - Rule conditions not met for Matcher(type='message', module=nonebot_plugin_status.onebot_v11, lineno=38)
2025-01-30 18:13:54.060 | TRACE    | nonebot:_check_matcher:401 - Rule conditions not met for Matcher(type='message', module=nonebot_plugin_status.common, lineno=17)
2025-01-30 18:13:54.060 | TRACE    | nonebot:_check_matcher:401 - Rule conditions not met for Matcher(type='', module=nonebot_plugin_status.onebot_v11, lineno=19)
2025-01-30 18:13:54.060 | TRACE    | nonebot:_check_matcher:401 - Rule conditions not met for Matcher(type='message', module=plugins.shutdown, lineno=17)
2025-01-30 18:13:54.060 | DEBUG    | nonebot:handle_event:601 - Checking for matchers completed
2025-01-30 18:14:24.603 | DEBUG    | nonebot:log:336 - Telegram | Calling API getUpdates
2025-01-30 18:14:24.603 | DEBUG    | nonebot:log:336 - Telegram | Calling API {'offset': '997538884', 'timeout': '30'}
2025-01-30 18:14:55.019 | DEBUG    | nonebot:log:336 - Telegram | Calling API getUpdates
2025-01-30 18:14:55.019 | DEBUG    | nonebot:log:336 - Telegram | Calling API {'offset': '997538884', 'timeout': '30'}
2025-01-30 18:15:25.428 | DEBUG    | nonebot:log:336 - Telegram | Calling API getUpdates
2025-01-30 18:15:25.429 | DEBUG    | nonebot:log:336 - Telegram | Calling API {'offset': '997538884', 'timeout': '30'}
2025-01-30 18:15:55.792 | DEBUG    | nonebot:log:336 - Telegram | Calling API getUpdates
2025-01-30 18:15:55.793 | DEBUG    | nonebot:log:336 - Telegram | Calling API {'offset': '997538884', 'timeout': '30'}
2025-01-30 18:16:07.237 | DEBUG    | nonebot:log:336 - Telegram | Calling API getUpdates
2025-01-30 18:16:07.237 | DEBUG    | nonebot:log:336 - Telegram | Calling API {'offset': '997538885', 'timeout': '30'}
2025-01-30 18:16:07.253 | DEBUG    | nonebot:log:336 - Telegram | {'message_id': 63, 'date': 1738278967, 'chat': {'id': 7525835156, 'type': 'private', 'first_name': '?NepElder?'}, 'message': [{'type': 'text', 'data': {'text': 'hello'}}], 'original_message': [{'type': 'text', 'data': {'text': 'hello'}}], 'from_': {'id': 7525835156, 'is_bot': False, 'first_name': '?NepElder?', 'language_code': 'en'}}
2025-01-30 18:16:07.253 | SUCCESS  | nonebot:handle_event:535 - Telegram 8186306331 | [message.private]: Message 63 from 7525835156: hello
2025-01-30 18:16:07.253 | DEBUG    | nonebot:handle_event:573 - Checking for matchers in priority 1...
2025-01-30 18:16:07.254 | TRACE    | nonebot:_check_matcher:391 - Permission conditions not met for Matcher(type='inline', module=plugins.example.inline, lineno=16)
2025-01-30 18:16:07.254 | TRACE    | nonebot:_check_matcher:391 - Permission conditions not met for Matcher(type='inline', module=plugins.example.inline, lineno=54)
2025-01-30 18:16:07.259 | TRACE    | nonebot:_check_matcher:401 - Rule conditions not met for Matcher(type='message', module=nonebot.plugins.echo, lineno=17)
2025-01-30 18:16:07.259 | TRACE    | nonebot:_check_matcher:401 - Rule conditions not met for Matcher(type='message', module=YetAnotherPicSearch.__main__, lineno=330)
2025-01-30 18:16:07.259 | TRACE    | nonebot:_check_matcher:401 - Rule conditions not met for Matcher(type='message', module=plugins.example.mention, lineno=16)
2025-01-30 18:16:07.259 | TRACE    | nonebot:_check_matcher:401 - Rule conditions not met for Matcher(type='message', module=plugins.example.reply, lineno=9)
2025-01-30 18:16:07.259 | TRACE    | nonebot:_check_matcher:401 - Rule conditions not met for Matcher(type='message', module=plugins.example.sendxxx, lineno=9)
2025-01-30 18:16:07.259 | TRACE    | nonebot:_check_matcher:401 - Rule conditions not met for Matcher(type='message', module=plugins.example.sendxxx, lineno=14)
2025-01-30 18:16:07.259 | TRACE    | nonebot:_check_matcher:401 - Rule conditions not met for Matcher(type='message', module=plugins.example.sendxxx, lineno=19)
2025-01-30 18:16:07.259 | TRACE    | nonebot:_check_matcher:401 - Rule conditions not met for Matcher(type='message', module=plugins.example.sendxxx, lineno=27)
2025-01-30 18:16:07.259 | TRACE    | nonebot:_check_matcher:401 - Rule conditions not met for Matcher(type='message', module=plugins.example.sendxxx, lineno=35)
2025-01-30 18:16:07.259 | TRACE    | nonebot:_check_matcher:401 - Rule conditions not met for Matcher(type='message', module=plugins.example.sendxxx, lineno=40)
2025-01-30 18:16:07.259 | TRACE    | nonebot:_check_matcher:401 - Rule conditions not met for Matcher(type='message', module=plugins.example.download, lineno=16)
2025-01-30 18:16:07.259 | TRACE    | nonebot:_check_matcher:401 - Rule conditions not met for Matcher(type='message', module=plugins.example.photo, lineno=13)
2025-01-30 18:16:07.260 | TRACE    | nonebot:_check_matcher:401 - Rule conditions not met for Matcher(type='message', module=plugins.example.photo, lineno=23)
2025-01-30 18:16:07.260 | TRACE    | nonebot:_check_matcher:401 - Rule conditions not met for Matcher(type='message', module=plugins.example.photo, lineno=32)
2025-01-30 18:16:07.260 | TRACE    | nonebot:_check_matcher:401 - Rule conditions not met for Matcher(type='message', module=plugins.example.photo, lineno=41)
2025-01-30 18:16:07.260 | TRACE    | nonebot:_check_matcher:401 - Rule conditions not met for Matcher(type='message', module=plugins.example.photo, lineno=55)
2025-01-30 18:16:07.260 | TRACE    | nonebot:_check_matcher:401 - Rule conditions not met for Matcher(type='message', module=plugins.example.photo, lineno=63)
2025-01-30 18:16:07.260 | DEBUG    | nonebot:handle_event:573 - Checking for matchers in priority 2...
2025-01-30 18:16:07.261 | TRACE    | nonebot:_check_matcher:401 - Rule conditions not met for Matcher(type='message', module=YetAnotherPicSearch.__main__, lineno=333)
2025-01-30 18:16:07.261 | DEBUG    | nonebot:handle_event:573 - Checking for matchers in priority 10...
2025-01-30 18:16:07.261 | TRACE    | nonebot:_handle_skipped:102 - Dependent(call=_poke) skipped due to [TypeMisMatch(param=event, type=PrivateMessageEvent, value=PrivateMessageEvent(telegram_model=Update(update_id=997538884, message=Message(message_id=63, message_thread_id=None, from_=User(id=7525835156, is_bot=False, first_name='?NepElder?', last_name=None, username=None, language_code='en', is_premium=None, added_to_attachment_menu=None, can_join_groups=None, can_read_all_group_messages=None, supports_inline_queries=None, can_connect_to_business=None, has_main_web_app=None), sender_chat=None, sender_boost_count=None, sender_business_bot=None, date=1738278967, business_connection_id=None, chat=Chat(id=7525835156, type='private', title=None, username=None, first_name='?NepElder?', last_name=None, is_forum=None), forward_origin=None, is_topic_message=None, is_automatic_forward=None, reply_to_message=None, external_reply=None, quote=None, reply_to_story=None, via_bot=None, edit_date=None, has_protected_content=None, is_from_offline=None, media_group_id=None, author_signature=None, text=None, entities=None, link_preview_options=None, effect_id=None, animation=None, audio=None, document=None, paid_media=None, photo=None, sticker=None, story=None, video=None, video_note=None, voice=None, caption=None, caption_entities=None, show_caption_above_media=None, has_media_spoiler=None, contact=None, dice=None, game=None, poll=None, venue=None, location=None, new_chat_members=None, left_chat_member=None, new_chat_title=None, new_chat_photo=None, delete_chat_photo=None, group_chat_created=None, supergroup_chat_created=None, channel_chat_created=None, message_auto_delete_timer_changed=None, migrate_to_chat_id=None, migrate_from_chat_id=None, pinned_message=None, invoice=None, successful_payment=None, refunded_payment=None, users_shared=None, chat_shared=None, connected_website=None, write_access_allowed=None, passport_data=None, proximity_alert_triggered=None, boost_added=None, chat_background_set=None, forum_topic_created=None, forum_topic_edited=None, forum_topic_closed=None, forum_topic_reopened=None, general_forum_topic_hidden=None, general_forum_topic_unhidden=None, giveaway_created=None, giveaway=None, giveaway_winners=None, giveaway_completed=None, video_chat_scheduled=None, video_chat_started=None, video_chat_ended=None, video_chat_participants_invited=None, web_app_data=None, reply_markup=None), edited_message=None, channel_post=None, edited_channel_post=None, business_connection=None, business_message=None, edited_business_message=None, deleted_business_messages=None, message_reaction=None, message_reaction_count=None, inline_query=None, chosen_inline_result=None, callback_query=None, shipping_query=None, pre_checkout_query=None, purchased_paid_media=None, poll=None, poll_answer=None, my_chat_member=None, chat_member=None, chat_join_request=None, chat_boost=None, removed_chat_boost=None), message_id=63, date=1738278967, chat=Chat(id=7525835156, type='private', title=None, username=None, first_name='?NepElder?', last_name=None, is_forum=None), forward_from=None, forward_from_chat=None, forward_from_message_id=None, forward_signature=None, forward_sender_name=None, forward_date=None, via_bot=None, has_protected_content=None, media_group_id=None, author_signature=None, reply_to_message=None, message=hello, original_message=hello, from_=User(id=7525835156, is_bot=False, first_name='?NepElder?', last_name=None, username=None, language_code='en', is_premium=None, added_to_attachment_menu=None, can_join_groups=None, can_read_all_group_messages=None, supports_inline_queries=None, can_connect_to_business=None, has_main_web_app=None))>]
2025-01-30 18:16:07.262 | TRACE    | nonebot:_check_matcher:401 - Rule conditions not met for Matcher(type='message', module=nonebot_plugin_status.onebot_v11, lineno=38)
2025-01-30 18:16:07.262 | TRACE    | nonebot:_check_matcher:401 - Rule conditions not met for Matcher(type='message', module=nonebot_plugin_status.common, lineno=17)
2025-01-30 18:16:07.262 | TRACE    | nonebot:_check_matcher:401 - Rule conditions not met for Matcher(type='', module=nonebot_plugin_status.onebot_v11, lineno=19)
2025-01-30 18:16:07.262 | TRACE    | nonebot:_check_matcher:401 - Rule conditions not met for Matcher(type='message', module=plugins.shutdown, lineno=17)
2025-01-30 18:16:07.263 | DEBUG    | nonebot:handle_event:601 - Checking for matchers completed
2025-01-30 18:16:37.725 | DEBUG    | nonebot:log:336 - Telegram | Calling API getUpdates
2025-01-30 18:16:37.725 | DEBUG    | nonebot:log:336 - Telegram | Calling API {'offset': '997538885', 'timeout': '30'}
2025-01-30 18:17:01.015 | INFO     | uvicorn:shutdown:263 - Shutting down
2025-01-30 18:17:01.116 | INFO     | uvicorn:shutdown:67 - Waiting for application shutdown.
2025-01-30 18:17:02.915 | SUCCESS  | nonebot:load_plugin:188 - Succeeded to load plugin "nonebot_plugin_logpile"
2025-01-30 18:17:02.919 | SUCCESS  | nonebot:load_plugin:188 - Succeeded to load plugin "nonebot_plugin_waiter"
2025-01-30 18:17:02.952 | SUCCESS  | nonebot:load_plugin:188 - Succeeded to load plugin "nonebot_plugin_alconna:uniseg" from "nonebot_plugin_alconna.uniseg"
2025-01-30 18:17:02.981 | SUCCESS  | nonebot:load_plugin:188 - Succeeded to load plugin "nonebot_plugin_alconna"
2025-01-30 18:17:03.097 | TRACE    | nonebot:new:323 - Define new matcher Matcher(type='message', module=YetAnotherPicSearch.__main__, lineno=330)
2025-01-30 18:17:03.097 | TRACE    | nonebot:new:323 - Define new matcher Matcher(type='message', module=YetAnotherPicSearch.__main__, lineno=333)
2025-01-30 18:17:03.100 | SUCCESS  | nonebot:load_plugin:188 - Succeeded to load plugin "YetAnotherPicSearch"
2025-01-30 18:17:03.101 | TRACE    | nonebot:new:323 - Define new matcher Matcher(type='message', module=plugins.example.download, lineno=16)
2025-01-30 18:17:03.101 | SUCCESS  | nonebot:load_plugin:188 - Succeeded to load plugin "download" from "plugins.example.download"
2025-01-30 18:17:03.102 | TRACE    | nonebot:new:323 - Define new matcher Matcher(type='inline', module=plugins.example.inline, lineno=16)
2025-01-30 18:17:03.102 | TRACE    | nonebot:new:323 - Define new matcher Matcher(type='inline', module=plugins.example.inline, lineno=54)
2025-01-30 18:17:03.102 | SUCCESS  | nonebot:load_plugin:188 - Succeeded to load plugin "inline" from "plugins.example.inline"
2025-01-30 18:17:03.103 | TRACE    | nonebot:new:323 - Define new matcher Matcher(type='message', module=plugins.example.reply, lineno=9)
2025-01-30 18:17:03.103 | SUCCESS  | nonebot:load_plugin:188 - Succeeded to load plugin "reply" from "plugins.example.reply"
2025-01-30 18:17:03.104 | TRACE    | nonebot:new:323 - Define new matcher Matcher(type='message', module=plugins.example.sendxxx, lineno=9)
2025-01-30 18:17:03.104 | TRACE    | nonebot:new:323 - Define new matcher Matcher(type='message', module=plugins.example.sendxxx, lineno=14)
2025-01-30 18:17:03.104 | TRACE    | nonebot:new:323 - Define new matcher Matcher(type='message', module=plugins.example.sendxxx, lineno=19)
2025-01-30 18:17:03.104 | TRACE    | nonebot:new:323 - Define new matcher Matcher(type='message', module=plugins.example.sendxxx, lineno=27)
2025-01-30 18:17:03.104 | TRACE    | nonebot:new:323 - Define new matcher Matcher(type='message', module=plugins.example.sendxxx, lineno=35)
2025-01-30 18:17:03.104 | TRACE    | nonebot:new:323 - Define new matcher Matcher(type='message', module=plugins.example.sendxxx, lineno=40)
2025-01-30 18:17:03.105 | SUCCESS  | nonebot:load_plugin:188 - Succeeded to load plugin "sendxxx" from "plugins.example.sendxxx"
2025-01-30 18:17:03.105 | TRACE    | nonebot:new:323 - Define new matcher Matcher(type='message', module=plugins.example.photo, lineno=13)
2025-01-30 18:17:03.105 | TRACE    | nonebot:new:323 - Define new matcher Matcher(type='message', module=plugins.example.photo, lineno=23)
2025-01-30 18:17:03.106 | TRACE    | nonebot:new:323 - Define new matcher Matcher(type='message', module=plugins.example.photo, lineno=32)
2025-01-30 18:17:03.106 | TRACE    | nonebot:new:323 - Define new matcher Matcher(type='message', module=plugins.example.photo, lineno=41)
2025-01-30 18:17:03.106 | TRACE    | nonebot:new:323 - Define new matcher Matcher(type='message', module=plugins.example.photo, lineno=55)
2025-01-30 18:17:03.106 | TRACE    | nonebot:new:323 - Define new matcher Matcher(type='message', module=plugins.example.photo, lineno=63)
2025-01-30 18:17:03.106 | SUCCESS  | nonebot:load_plugin:188 - Succeeded to load plugin "photo" from "plugins.example.photo"
2025-01-30 18:17:03.107 | TRACE    | nonebot:new:323 - Define new matcher Matcher(type='message', module=plugins.example.mention, lineno=16)
2025-01-30 18:17:03.107 | SUCCESS  | nonebot:load_plugin:188 - Succeeded to load plugin "mention" from "plugins.example.mention"
2025-01-30 18:17:03.107 | WARNING  | __main__:<module>:18 - Always use `nb run` to start the bot instead of manually running!
2025-01-30 18:17:03.107 | SUCCESS  | nonebot:run:336 - Running NoneBot...
2025-01-30 18:17:03.108 | SUCCESS  | nonebot:run:117 - Loaded adapters: Telegram
2025-01-30 18:17:03.127 | INFO     | uvicorn:_serve:83 - Started server process [13164]
2025-01-30 18:17:03.127 | INFO     | uvicorn:startup:48 - Waiting for application startup.
2025-01-30 18:17:03.129 | DEBUG    | nonebot:log:336 - Telegram | Calling API getMe
2025-01-30 18:17:03.129 | DEBUG    | nonebot:log:336 - Telegram | Calling API {}
2025-01-30 18:17:03.163 | INFO     | uvicorn:startup:62 - Application startup complete.
2025-01-30 18:17:03.164 | INFO     | uvicorn:_log_started_message:215 - Uvicorn running on http://127.0.0.1:8080 (Press CTRL+C to quit)
2025-01-30 18:17:03.500 | INFO     | nonebot:log:336 - Telegram | Delete old webhook
2025-01-30 18:17:03.502 | DEBUG    | nonebot:log:336 - Telegram | Calling API deleteWebhook
2025-01-30 18:17:03.502 | DEBUG    | nonebot:log:336 - Telegram | Calling API {}
2025-01-30 18:17:03.863 | INFO     | nonebot:log:336 - Telegram | Start poll
2025-01-30 18:17:03.882 | DEBUG    | nonebot:log:336 - Telegram | Calling API getUpdates
2025-01-30 18:17:03.883 | DEBUG    | nonebot:log:336 - Telegram | Calling API {'timeout': '30'}
2025-01-30 18:17:12.779 | DEBUG    | nonebot:log:336 - Telegram | Calling API getUpdates
2025-01-30 18:17:12.779 | DEBUG    | nonebot:log:336 - Telegram | Calling API {'offset': '997538885', 'timeout': '30'}
2025-01-30 18:17:13.157 | DEBUG    | nonebot:log:336 - Telegram | Calling API getUpdates
2025-01-30 18:17:13.157 | DEBUG    | nonebot:log:336 - Telegram | Calling API {'offset': '997538886', 'timeout': '30'}
2025-01-30 18:17:13.176 | DEBUG    | nonebot:log:336 - Telegram | {'message_id': 64, 'date': 1738279032, 'chat': {'id': 7525835156, 'type': 'private', 'first_name': '?NepElder?'}, 'message': [{'type': 'text', 'data': {'text': 'hello'}}], 'original_message': [{'type': 'text', 'data': {'text': 'hello'}}], 'from_': {'id': 7525835156, 'is_bot': False, 'first_name': '?NepElder?', 'language_code': 'en'}}
2025-01-30 18:17:13.176 | SUCCESS  | nonebot:handle_event:535 - Telegram 8186306331 | [message.private]: Message 64 from 7525835156: hello
2025-01-30 18:17:13.177 | DEBUG    | nonebot:handle_event:573 - Checking for matchers in priority 1...
2025-01-30 18:17:13.177 | TRACE    | nonebot:_check_matcher:391 - Permission conditions not met for Matcher(type='inline', module=plugins.example.inline, lineno=16)
2025-01-30 18:17:13.177 | TRACE    | nonebot:_check_matcher:391 - Permission conditions not met for Matcher(type='inline', module=plugins.example.inline, lineno=54)
2025-01-30 18:17:13.200 | TRACE    | nonebot:_check_matcher:401 - Rule conditions not met for Matcher(type='message', module=nonebot.plugins.echo, lineno=17)
2025-01-30 18:17:13.201 | TRACE    | nonebot:_check_matcher:401 - Rule conditions not met for Matcher(type='message', module=YetAnotherPicSearch.__main__, lineno=330)
2025-01-30 18:17:13.201 | TRACE    | nonebot:_check_matcher:401 - Rule conditions not met for Matcher(type='message', module=plugins.example.download, lineno=16)
2025-01-30 18:17:13.201 | TRACE    | nonebot:_check_matcher:401 - Rule conditions not met for Matcher(type='message', module=plugins.example.reply, lineno=9)
2025-01-30 18:17:13.201 | TRACE    | nonebot:_check_matcher:401 - Rule conditions not met for Matcher(type='message', module=plugins.example.sendxxx, lineno=9)
2025-01-30 18:17:13.201 | TRACE    | nonebot:_check_matcher:401 - Rule conditions not met for Matcher(type='message', module=plugins.example.sendxxx, lineno=14)
2025-01-30 18:17:13.201 | TRACE    | nonebot:_check_matcher:401 - Rule conditions not met for Matcher(type='message', module=plugins.example.sendxxx, lineno=19)
2025-01-30 18:17:13.201 | TRACE    | nonebot:_check_matcher:401 - Rule conditions not met for Matcher(type='message', module=plugins.example.sendxxx, lineno=27)
2025-01-30 18:17:13.201 | TRACE    | nonebot:_check_matcher:401 - Rule conditions not met for Matcher(type='message', module=plugins.example.sendxxx, lineno=35)
2025-01-30 18:17:13.201 | TRACE    | nonebot:_check_matcher:401 - Rule conditions not met for Matcher(type='message', module=plugins.example.sendxxx, lineno=40)
2025-01-30 18:17:13.201 | TRACE    | nonebot:_check_matcher:401 - Rule conditions not met for Matcher(type='message', module=plugins.example.photo, lineno=13)
2025-01-30 18:17:13.201 | TRACE    | nonebot:_check_matcher:401 - Rule conditions not met for Matcher(type='message', module=plugins.example.photo, lineno=23)
2025-01-30 18:17:13.201 | TRACE    | nonebot:_check_matcher:401 - Rule conditions not met for Matcher(type='message', module=plugins.example.photo, lineno=32)
2025-01-30 18:17:13.201 | TRACE    | nonebot:_check_matcher:401 - Rule conditions not met for Matcher(type='message', module=plugins.example.photo, lineno=41)
2025-01-30 18:17:13.201 | TRACE    | nonebot:_check_matcher:401 - Rule conditions not met for Matcher(type='message', module=plugins.example.photo, lineno=55)
2025-01-30 18:17:13.201 | TRACE    | nonebot:_check_matcher:401 - Rule conditions not met for Matcher(type='message', module=plugins.example.photo, lineno=63)
2025-01-30 18:17:13.201 | TRACE    | nonebot:_check_matcher:401 - Rule conditions not met for Matcher(type='message', module=plugins.example.mention, lineno=16)
2025-01-30 18:17:13.201 | DEBUG    | nonebot:handle_event:573 - Checking for matchers in priority 2...
2025-01-30 18:17:13.205 | TRACE    | nonebot:_check_matcher:401 - Rule conditions not met for Matcher(type='message', module=YetAnotherPicSearch.__main__, lineno=333)
2025-01-30 18:17:13.205 | DEBUG    | nonebot:handle_event:573 - Checking for matchers in priority 10...
2025-01-30 18:17:13.206 | TRACE    | nonebot:_handle_skipped:102 - Dependent(call=_poke) skipped due to [TypeMisMatch(param=event, type=PrivateMessageEvent, value=PrivateMessageEvent(telegram_model=Update(update_id=997538885, message=Message(message_id=64, message_thread_id=None, from_=User(id=7525835156, is_bot=False, first_name='?NepElder?', last_name=None, username=None, language_code='en', is_premium=None, added_to_attachment_menu=None, can_join_groups=None, can_read_all_group_messages=None, supports_inline_queries=None, can_connect_to_business=None, has_main_web_app=None), sender_chat=None, sender_boost_count=None, sender_business_bot=None, date=1738279032, business_connection_id=None, chat=Chat(id=7525835156, type='private', title=None, username=None, first_name='?NepElder?', last_name=None, is_forum=None), forward_origin=None, is_topic_message=None, is_automatic_forward=None, reply_to_message=None, external_reply=None, quote=None, reply_to_story=None, via_bot=None, edit_date=None, has_protected_content=None, is_from_offline=None, media_group_id=None, author_signature=None, text=None, entities=None, link_preview_options=None, effect_id=None, animation=None, audio=None, document=None, paid_media=None, photo=None, sticker=None, story=None, video=None, video_note=None, voice=None, caption=None, caption_entities=None, show_caption_above_media=None, has_media_spoiler=None, contact=None, dice=None, game=None, poll=None, venue=None, location=None, new_chat_members=None, left_chat_member=None, new_chat_title=None, new_chat_photo=None, delete_chat_photo=None, group_chat_created=None, supergroup_chat_created=None, channel_chat_created=None, message_auto_delete_timer_changed=None, migrate_to_chat_id=None, migrate_from_chat_id=None, pinned_message=None, invoice=None, successful_payment=None, refunded_payment=None, users_shared=None, chat_shared=None, connected_website=None, write_access_allowed=None, passport_data=None, proximity_alert_triggered=None, boost_added=None, chat_background_set=None, forum_topic_created=None, forum_topic_edited=None, forum_topic_closed=None, forum_topic_reopened=None, general_forum_topic_hidden=None, general_forum_topic_unhidden=None, giveaway_created=None, giveaway=None, giveaway_winners=None, giveaway_completed=None, video_chat_scheduled=None, video_chat_started=None, video_chat_ended=None, video_chat_participants_invited=None, web_app_data=None, reply_markup=None), edited_message=None, channel_post=None, edited_channel_post=None, business_connection=None, business_message=None, edited_business_message=None, deleted_business_messages=None, message_reaction=None, message_reaction_count=None, inline_query=None, chosen_inline_result=None, callback_query=None, shipping_query=None, pre_checkout_query=None, purchased_paid_media=None, poll=None, poll_answer=None, my_chat_member=None, chat_member=None, chat_join_request=None, chat_boost=None, removed_chat_boost=None), message_id=64, date=1738279032, chat=Chat(id=7525835156, type='private', title=None, username=None, first_name='?NepElder?', last_name=None, is_forum=None), forward_from=None, forward_from_chat=None, forward_from_message_id=None, forward_signature=None, forward_sender_name=None, forward_date=None, via_bot=None, has_protected_content=None, media_group_id=None, author_signature=None, reply_to_message=None, message=hello, original_message=hello, from_=User(id=7525835156, is_bot=False, first_name='?NepElder?', last_name=None, username=None, language_code='en', is_premium=None, added_to_attachment_menu=None, can_join_groups=None, can_read_all_group_messages=None, supports_inline_queries=None, can_connect_to_business=None, has_main_web_app=None))>]
2025-01-30 18:17:13.206 | TRACE    | nonebot:_check_matcher:401 - Rule conditions not met for Matcher(type='message', module=nonebot_plugin_status.onebot_v11, lineno=38)
2025-01-30 18:17:13.208 | TRACE    | nonebot:_check_matcher:401 - Rule conditions not met for Matcher(type='message', module=nonebot_plugin_status.common, lineno=17)
2025-01-30 18:17:13.208 | TRACE    | nonebot:_check_matcher:401 - Rule conditions not met for Matcher(type='', module=nonebot_plugin_status.onebot_v11, lineno=19)
2025-01-30 18:17:13.210 | TRACE    | nonebot:_check_matcher:401 - Rule conditions not met for Matcher(type='message', module=plugins.shutdown, lineno=17)
2025-01-30 18:17:13.210 | DEBUG    | nonebot:handle_event:601 - Checking for matchers completed
2025-01-30 18:17:43.537 | DEBUG    | nonebot:log:336 - Telegram | Calling API getUpdates
2025-01-30 18:17:43.538 | DEBUG    | nonebot:log:336 - Telegram | Calling API {'offset': '997538886', 'timeout': '30'}
2025-01-30 18:18:14.082 | DEBUG    | nonebot:log:336 - Telegram | Calling API getUpdates
2025-01-30 18:18:14.082 | DEBUG    | nonebot:log:336 - Telegram | Calling API {'offset': '997538886', 'timeout': '30'}
2025-01-30 18:18:44.474 | DEBUG    | nonebot:log:336 - Telegram | Calling API getUpdates
2025-01-30 18:18:44.475 | DEBUG    | nonebot:log:336 - Telegram | Calling API {'offset': '997538886', 'timeout': '30'}
2025-01-30 18:19:14.883 | DEBUG    | nonebot:log:336 - Telegram | Calling API getUpdates
2025-01-30 18:19:14.884 | DEBUG    | nonebot:log:336 - Telegram | Calling API {'offset': '997538886', 'timeout': '30'}
2025-01-30 18:19:45.455 | DEBUG    | nonebot:log:336 - Telegram | Calling API getUpdates
2025-01-30 18:19:45.455 | DEBUG    | nonebot:log:336 - Telegram | Calling API {'offset': '997538886', 'timeout': '30'}
2025-01-30 18:20:15.826 | DEBUG    | nonebot:log:336 - Telegram | Calling API getUpdates
2025-01-30 18:20:15.826 | DEBUG    | nonebot:log:336 - Telegram | Calling API {'offset': '997538886', 'timeout': '30'}
2025-01-30 18:20:46.196 | DEBUG    | nonebot:log:336 - Telegram | Calling API getUpdates
2025-01-30 18:20:46.196 | DEBUG    | nonebot:log:336 - Telegram | Calling API {'offset': '997538886', 'timeout': '30'}
2025-01-30 18:21:16.550 | DEBUG    | nonebot:log:336 - Telegram | Calling API getUpdates
2025-01-30 18:21:16.550 | DEBUG    | nonebot:log:336 - Telegram | Calling API {'offset': '997538886', 'timeout': '30'}
2025-01-30 18:21:46.953 | DEBUG    | nonebot:log:336 - Telegram | Calling API getUpdates
2025-01-30 18:21:46.953 | DEBUG    | nonebot:log:336 - Telegram | Calling API {'offset': '997538886', 'timeout': '30'}
2025-01-30 18:23:08.205 | DEBUG    | nonebot:log:336 - Telegram | Calling API getUpdates
2025-01-30 18:23:08.206 | DEBUG    | nonebot:log:336 - Telegram | Calling API {'offset': '997538886', 'timeout': '30'}
2025-01-30 18:23:38.726 | DEBUG    | nonebot:log:336 - Telegram | Calling API getUpdates
2025-01-30 18:23:38.726 | DEBUG    | nonebot:log:336 - Telegram | Calling API {'offset': '997538886', 'timeout': '30'}
2025-01-30 18:24:09.138 | DEBUG    | nonebot:log:336 - Telegram | Calling API getUpdates
2025-01-30 18:24:09.138 | DEBUG    | nonebot:log:336 - Telegram | Calling API {'offset': '997538886', 'timeout': '30'}
2025-01-30 18:24:39.551 | DEBUG    | nonebot:log:336 - Telegram | Calling API getUpdates
2025-01-30 18:24:39.551 | DEBUG    | nonebot:log:336 - Telegram | Calling API {'offset': '997538886', 'timeout': '30'}
2025-01-30 18:25:00.898 | INFO     | uvicorn:shutdown:263 - Shutting down
2025-01-30 18:25:00.999 | INFO     | uvicorn:shutdown:67 - Waiting for application shutdown.
2025-01-30 18:25:03.392 | SUCCESS  | nonebot:load_plugin:188 - Succeeded to load plugin "nonebot_plugin_logpile"
2025-01-30 18:25:03.396 | SUCCESS  | nonebot:load_plugin:188 - Succeeded to load plugin "nonebot_plugin_waiter"
2025-01-30 18:25:03.426 | SUCCESS  | nonebot:load_plugin:188 - Succeeded to load plugin "nonebot_plugin_alconna:uniseg" from "nonebot_plugin_alconna.uniseg"
2025-01-30 18:25:03.454 | SUCCESS  | nonebot:load_plugin:188 - Succeeded to load plugin "nonebot_plugin_alconna"
2025-01-30 18:25:03.563 | TRACE    | nonebot:new:323 - Define new matcher Matcher(type='message', module=YetAnotherPicSearch.__main__, lineno=330)
2025-01-30 18:25:03.563 | TRACE    | nonebot:new:323 - Define new matcher Matcher(type='message', module=YetAnotherPicSearch.__main__, lineno=333)
2025-01-30 18:25:03.565 | SUCCESS  | nonebot:load_plugin:188 - Succeeded to load plugin "YetAnotherPicSearch"
2025-01-30 18:25:03.567 | TRACE    | nonebot:new:323 - Define new matcher Matcher(type='message', module=plugins.example.download, lineno=16)
2025-01-30 18:25:03.567 | SUCCESS  | nonebot:load_plugin:188 - Succeeded to load plugin "download" from "plugins.example.download"
2025-01-30 18:25:03.568 | TRACE    | nonebot:new:323 - Define new matcher Matcher(type='message', module=plugins.example.mention, lineno=16)
2025-01-30 18:25:03.568 | SUCCESS  | nonebot:load_plugin:188 - Succeeded to load plugin "mention" from "plugins.example.mention"
2025-01-30 18:25:03.568 | TRACE    | nonebot:new:323 - Define new matcher Matcher(type='message', module=plugins.example.sendxxx, lineno=9)
2025-01-30 18:25:03.568 | TRACE    | nonebot:new:323 - Define new matcher Matcher(type='message', module=plugins.example.sendxxx, lineno=14)
2025-01-30 18:25:03.569 | TRACE    | nonebot:new:323 - Define new matcher Matcher(type='message', module=plugins.example.sendxxx, lineno=19)
2025-01-30 18:25:03.569 | TRACE    | nonebot:new:323 - Define new matcher Matcher(type='message', module=plugins.example.sendxxx, lineno=27)
2025-01-30 18:25:03.569 | TRACE    | nonebot:new:323 - Define new matcher Matcher(type='message', module=plugins.example.sendxxx, lineno=35)
2025-01-30 18:25:03.569 | TRACE    | nonebot:new:323 - Define new matcher Matcher(type='message', module=plugins.example.sendxxx, lineno=40)
2025-01-30 18:25:03.569 | SUCCESS  | nonebot:load_plugin:188 - Succeeded to load plugin "sendxxx" from "plugins.example.sendxxx"
2025-01-30 18:25:03.570 | TRACE    | nonebot:new:323 - Define new matcher Matcher(type='message', module=plugins.example.photo, lineno=13)
2025-01-30 18:25:03.570 | TRACE    | nonebot:new:323 - Define new matcher Matcher(type='message', module=plugins.example.photo, lineno=23)
2025-01-30 18:25:03.570 | TRACE    | nonebot:new:323 - Define new matcher Matcher(type='message', module=plugins.example.photo, lineno=32)
2025-01-30 18:25:03.570 | TRACE    | nonebot:new:323 - Define new matcher Matcher(type='message', module=plugins.example.photo, lineno=41)
2025-01-30 18:25:03.571 | TRACE    | nonebot:new:323 - Define new matcher Matcher(type='message', module=plugins.example.photo, lineno=55)
2025-01-30 18:25:03.571 | TRACE    | nonebot:new:323 - Define new matcher Matcher(type='message', module=plugins.example.photo, lineno=63)
2025-01-30 18:25:03.571 | SUCCESS  | nonebot:load_plugin:188 - Succeeded to load plugin "photo" from "plugins.example.photo"
2025-01-30 18:25:03.572 | TRACE    | nonebot:new:323 - Define new matcher Matcher(type='inline', module=plugins.example.inline, lineno=16)
2025-01-30 18:25:03.572 | TRACE    | nonebot:new:323 - Define new matcher Matcher(type='inline', module=plugins.example.inline, lineno=54)
2025-01-30 18:25:03.572 | SUCCESS  | nonebot:load_plugin:188 - Succeeded to load plugin "inline" from "plugins.example.inline"
2025-01-30 18:25:03.573 | TRACE    | nonebot:new:323 - Define new matcher Matcher(type='message', module=plugins.example.reply, lineno=9)
2025-01-30 18:25:03.573 | SUCCESS  | nonebot:load_plugin:188 - Succeeded to load plugin "reply" from "plugins.example.reply"
2025-01-30 18:25:03.574 | WARNING  | __main__:<module>:18 - Always use `nb run` to start the bot instead of manually running!
2025-01-30 18:25:03.574 | SUCCESS  | nonebot:run:336 - Running NoneBot...
2025-01-30 18:25:03.574 | SUCCESS  | nonebot:run:117 - Loaded adapters: Telegram
2025-01-30 18:25:03.590 | INFO     | uvicorn:_serve:83 - Started server process [13384]
2025-01-30 18:25:03.590 | INFO     | uvicorn:startup:48 - Waiting for application startup.
2025-01-30 18:25:03.592 | DEBUG    | nonebot:log:336 - Telegram | Calling API getMe
2025-01-30 18:25:03.592 | DEBUG    | nonebot:log:336 - Telegram | Calling API {}
2025-01-30 18:25:03.625 | INFO     | uvicorn:startup:62 - Application startup complete.
2025-01-30 18:25:03.626 | INFO     | uvicorn:_log_started_message:215 - Uvicorn running on http://127.0.0.1:8080 (Press CTRL+C to quit)
2025-01-30 18:25:03.951 | INFO     | nonebot:log:336 - Telegram | Delete old webhook
2025-01-30 18:25:03.952 | DEBUG    | nonebot:log:336 - Telegram | Calling API deleteWebhook
2025-01-30 18:25:03.952 | DEBUG    | nonebot:log:336 - Telegram | Calling API {}
2025-01-30 18:25:04.313 | INFO     | nonebot:log:336 - Telegram | Start poll
2025-01-30 18:25:04.325 | DEBUG    | nonebot:log:336 - Telegram | Calling API getUpdates
2025-01-30 18:25:04.325 | DEBUG    | nonebot:log:336 - Telegram | Calling API {'timeout': '30'}
2025-01-30 18:25:18.758 | DEBUG    | nonebot:log:336 - Telegram | Calling API getUpdates
2025-01-30 18:25:18.759 | DEBUG    | nonebot:log:336 - Telegram | Calling API {'offset': '997538886', 'timeout': '30'}
2025-01-30 18:25:19.132 | DEBUG    | nonebot:log:336 - Telegram | Calling API getUpdates
2025-01-30 18:25:19.132 | DEBUG    | nonebot:log:336 - Telegram | Calling API {'offset': '997538887', 'timeout': '30'}
2025-01-30 18:25:19.154 | DEBUG    | nonebot:log:336 - Telegram | {'message_id': 65, 'date': 1738279518, 'chat': {'id': 7525835156, 'type': 'private', 'first_name': '?NepElder?'}, 'message': [{'type': 'text', 'data': {'text': 'hello'}}], 'original_message': [{'type': 'text', 'data': {'text': 'hello'}}], 'from_': {'id': 7525835156, 'is_bot': False, 'first_name': '?NepElder?', 'language_code': 'en'}}
2025-01-30 18:25:19.154 | SUCCESS  | nonebot:handle_event:535 - Telegram 8186306331 | [message.private]: Message 65 from 7525835156: hello
2025-01-30 18:25:19.154 | DEBUG    | nonebot:handle_event:573 - Checking for matchers in priority 1...
2025-01-30 18:25:19.156 | TRACE    | nonebot:_check_matcher:391 - Permission conditions not met for Matcher(type='inline', module=plugins.example.inline, lineno=16)
2025-01-30 18:25:19.156 | TRACE    | nonebot:_check_matcher:391 - Permission conditions not met for Matcher(type='inline', module=plugins.example.inline, lineno=54)
2025-01-30 18:25:19.178 | TRACE    | nonebot:_check_matcher:401 - Rule conditions not met for Matcher(type='message', module=nonebot.plugins.echo, lineno=17)
2025-01-30 18:25:19.178 | TRACE    | nonebot:_check_matcher:401 - Rule conditions not met for Matcher(type='message', module=YetAnotherPicSearch.__main__, lineno=330)
2025-01-30 18:25:19.179 | TRACE    | nonebot:_check_matcher:401 - Rule conditions not met for Matcher(type='message', module=plugins.example.download, lineno=16)
2025-01-30 18:25:19.179 | TRACE    | nonebot:_check_matcher:401 - Rule conditions not met for Matcher(type='message', module=plugins.example.mention, lineno=16)
2025-01-30 18:25:19.179 | TRACE    | nonebot:_check_matcher:401 - Rule conditions not met for Matcher(type='message', module=plugins.example.sendxxx, lineno=9)
2025-01-30 18:25:19.179 | TRACE    | nonebot:_check_matcher:401 - Rule conditions not met for Matcher(type='message', module=plugins.example.sendxxx, lineno=14)
2025-01-30 18:25:19.179 | TRACE    | nonebot:_check_matcher:401 - Rule conditions not met for Matcher(type='message', module=plugins.example.sendxxx, lineno=19)
2025-01-30 18:25:19.179 | TRACE    | nonebot:_check_matcher:401 - Rule conditions not met for Matcher(type='message', module=plugins.example.sendxxx, lineno=27)
2025-01-30 18:25:19.179 | TRACE    | nonebot:_check_matcher:401 - Rule conditions not met for Matcher(type='message', module=plugins.example.sendxxx, lineno=35)
2025-01-30 18:25:19.179 | TRACE    | nonebot:_check_matcher:401 - Rule conditions not met for Matcher(type='message', module=plugins.example.sendxxx, lineno=40)
2025-01-30 18:25:19.179 | TRACE    | nonebot:_check_matcher:401 - Rule conditions not met for Matcher(type='message', module=plugins.example.photo, lineno=13)
2025-01-30 18:25:19.179 | TRACE    | nonebot:_check_matcher:401 - Rule conditions not met for Matcher(type='message', module=plugins.example.photo, lineno=23)
2025-01-30 18:25:19.179 | TRACE    | nonebot:_check_matcher:401 - Rule conditions not met for Matcher(type='message', module=plugins.example.photo, lineno=32)
2025-01-30 18:25:19.179 | TRACE    | nonebot:_check_matcher:401 - Rule conditions not met for Matcher(type='message', module=plugins.example.photo, lineno=41)
2025-01-30 18:25:19.179 | TRACE    | nonebot:_check_matcher:401 - Rule conditions not met for Matcher(type='message', module=plugins.example.photo, lineno=55)
2025-01-30 18:25:19.179 | TRACE    | nonebot:_check_matcher:401 - Rule conditions not met for Matcher(type='message', module=plugins.example.photo, lineno=63)
2025-01-30 18:25:19.179 | TRACE    | nonebot:_check_matcher:401 - Rule conditions not met for Matcher(type='message', module=plugins.example.reply, lineno=9)
2025-01-30 18:25:19.179 | DEBUG    | nonebot:handle_event:573 - Checking for matchers in priority 2...
2025-01-30 18:25:19.183 | TRACE    | nonebot:_check_matcher:401 - Rule conditions not met for Matcher(type='message', module=YetAnotherPicSearch.__main__, lineno=333)
2025-01-30 18:25:19.183 | DEBUG    | nonebot:handle_event:573 - Checking for matchers in priority 10...
2025-01-30 18:25:19.184 | TRACE    | nonebot:_handle_skipped:102 - Dependent(call=_poke) skipped due to [TypeMisMatch(param=event, type=PrivateMessageEvent, value=PrivateMessageEvent(telegram_model=Update(update_id=997538886, message=Message(message_id=65, message_thread_id=None, from_=User(id=7525835156, is_bot=False, first_name='?NepElder?', last_name=None, username=None, language_code='en', is_premium=None, added_to_attachment_menu=None, can_join_groups=None, can_read_all_group_messages=None, supports_inline_queries=None, can_connect_to_business=None, has_main_web_app=None), sender_chat=None, sender_boost_count=None, sender_business_bot=None, date=1738279518, business_connection_id=None, chat=Chat(id=7525835156, type='private', title=None, username=None, first_name='?NepElder?', last_name=None, is_forum=None), forward_origin=None, is_topic_message=None, is_automatic_forward=None, reply_to_message=None, external_reply=None, quote=None, reply_to_story=None, via_bot=None, edit_date=None, has_protected_content=None, is_from_offline=None, media_group_id=None, author_signature=None, text=None, entities=None, link_preview_options=None, effect_id=None, animation=None, audio=None, document=None, paid_media=None, photo=None, sticker=None, story=None, video=None, video_note=None, voice=None, caption=None, caption_entities=None, show_caption_above_media=None, has_media_spoiler=None, contact=None, dice=None, game=None, poll=None, venue=None, location=None, new_chat_members=None, left_chat_member=None, new_chat_title=None, new_chat_photo=None, delete_chat_photo=None, group_chat_created=None, supergroup_chat_created=None, channel_chat_created=None, message_auto_delete_timer_changed=None, migrate_to_chat_id=None, migrate_from_chat_id=None, pinned_message=None, invoice=None, successful_payment=None, refunded_payment=None, users_shared=None, chat_shared=None, connected_website=None, write_access_allowed=None, passport_data=None, proximity_alert_triggered=None, boost_added=None, chat_background_set=None, forum_topic_created=None, forum_topic_edited=None, forum_topic_closed=None, forum_topic_reopened=None, general_forum_topic_hidden=None, general_forum_topic_unhidden=None, giveaway_created=None, giveaway=None, giveaway_winners=None, giveaway_completed=None, video_chat_scheduled=None, video_chat_started=None, video_chat_ended=None, video_chat_participants_invited=None, web_app_data=None, reply_markup=None), edited_message=None, channel_post=None, edited_channel_post=None, business_connection=None, business_message=None, edited_business_message=None, deleted_business_messages=None, message_reaction=None, message_reaction_count=None, inline_query=None, chosen_inline_result=None, callback_query=None, shipping_query=None, pre_checkout_query=None, purchased_paid_media=None, poll=None, poll_answer=None, my_chat_member=None, chat_member=None, chat_join_request=None, chat_boost=None, removed_chat_boost=None), message_id=65, date=1738279518, chat=Chat(id=7525835156, type='private', title=None, username=None, first_name='?NepElder?', last_name=None, is_forum=None), forward_from=None, forward_from_chat=None, forward_from_message_id=None, forward_signature=None, forward_sender_name=None, forward_date=None, via_bot=None, has_protected_content=None, media_group_id=None, author_signature=None, reply_to_message=None, message=hello, original_message=hello, from_=User(id=7525835156, is_bot=False, first_name='?NepElder?', last_name=None, username=None, language_code='en', is_premium=None, added_to_attachment_menu=None, can_join_groups=None, can_read_all_group_messages=None, supports_inline_queries=None, can_connect_to_business=None, has_main_web_app=None))>]
2025-01-30 18:25:19.185 | TRACE    | nonebot:_check_matcher:401 - Rule conditions not met for Matcher(type='message', module=nonebot_plugin_status.onebot_v11, lineno=38)
2025-01-30 18:25:19.187 | TRACE    | nonebot:_check_matcher:401 - Rule conditions not met for Matcher(type='message', module=nonebot_plugin_status.common, lineno=17)
2025-01-30 18:25:19.187 | TRACE    | nonebot:_check_matcher:401 - Rule conditions not met for Matcher(type='', module=nonebot_plugin_status.onebot_v11, lineno=19)
2025-01-30 18:25:19.188 | TRACE    | nonebot:_check_matcher:401 - Rule conditions not met for Matcher(type='message', module=plugins.shutdown, lineno=17)
2025-01-30 18:25:19.188 | DEBUG    | nonebot:handle_event:601 - Checking for matchers completed
2025-01-30 18:25:44.768 | INFO     | uvicorn:shutdown:263 - Shutting down
2025-01-30 18:25:44.870 | INFO     | uvicorn:shutdown:67 - Waiting for application shutdown.
2025-01-30 18:26:23.500 | SUCCESS  | nonebot:load_plugin:188 - Succeeded to load plugin "nonebot_plugin_logpile"
2025-01-30 18:26:23.503 | SUCCESS  | nonebot:load_plugin:188 - Succeeded to load plugin "nonebot_plugin_waiter"
2025-01-30 18:26:23.531 | SUCCESS  | nonebot:load_plugin:188 - Succeeded to load plugin "nonebot_plugin_alconna:uniseg" from "nonebot_plugin_alconna.uniseg"
2025-01-30 18:26:23.557 | SUCCESS  | nonebot:load_plugin:188 - Succeeded to load plugin "nonebot_plugin_alconna"
2025-01-30 18:26:23.663 | TRACE    | nonebot:new:323 - Define new matcher Matcher(type='message', module=YetAnotherPicSearch.__main__, lineno=330)
2025-01-30 18:26:23.664 | TRACE    | nonebot:new:323 - Define new matcher Matcher(type='message', module=YetAnotherPicSearch.__main__, lineno=333)
2025-01-30 18:26:23.666 | SUCCESS  | nonebot:load_plugin:188 - Succeeded to load plugin "YetAnotherPicSearch"
2025-01-30 18:26:23.668 | TRACE    | nonebot:new:323 - Define new matcher Matcher(type='message', module=plugins.example.reply, lineno=9)
2025-01-30 18:26:23.668 | SUCCESS  | nonebot:load_plugin:188 - Succeeded to load plugin "reply" from "plugins.example.reply"
2025-01-30 18:26:23.669 | TRACE    | nonebot:new:323 - Define new matcher Matcher(type='message', module=plugins.example.sendxxx, lineno=9)
2025-01-30 18:26:23.669 | TRACE    | nonebot:new:323 - Define new matcher Matcher(type='message', module=plugins.example.sendxxx, lineno=14)
2025-01-30 18:26:23.669 | TRACE    | nonebot:new:323 - Define new matcher Matcher(type='message', module=plugins.example.sendxxx, lineno=19)
2025-01-30 18:26:23.669 | TRACE    | nonebot:new:323 - Define new matcher Matcher(type='message', module=plugins.example.sendxxx, lineno=27)
2025-01-30 18:26:23.669 | TRACE    | nonebot:new:323 - Define new matcher Matcher(type='message', module=plugins.example.sendxxx, lineno=35)
2025-01-30 18:26:23.670 | TRACE    | nonebot:new:323 - Define new matcher Matcher(type='message', module=plugins.example.sendxxx, lineno=40)
2025-01-30 18:26:23.670 | SUCCESS  | nonebot:load_plugin:188 - Succeeded to load plugin "sendxxx" from "plugins.example.sendxxx"
2025-01-30 18:26:23.670 | TRACE    | nonebot:new:323 - Define new matcher Matcher(type='message', module=plugins.example.photo, lineno=13)
2025-01-30 18:26:23.670 | TRACE    | nonebot:new:323 - Define new matcher Matcher(type='message', module=plugins.example.photo, lineno=23)
2025-01-30 18:26:23.671 | TRACE    | nonebot:new:323 - Define new matcher Matcher(type='message', module=plugins.example.photo, lineno=32)
2025-01-30 18:26:23.671 | TRACE    | nonebot:new:323 - Define new matcher Matcher(type='message', module=plugins.example.photo, lineno=41)
2025-01-30 18:26:23.671 | TRACE    | nonebot:new:323 - Define new matcher Matcher(type='message', module=plugins.example.photo, lineno=55)
2025-01-30 18:26:23.671 | TRACE    | nonebot:new:323 - Define new matcher Matcher(type='message', module=plugins.example.photo, lineno=63)
2025-01-30 18:26:23.671 | SUCCESS  | nonebot:load_plugin:188 - Succeeded to load plugin "photo" from "plugins.example.photo"
2025-01-30 18:26:23.672 | TRACE    | nonebot:new:323 - Define new matcher Matcher(type='message', module=plugins.example.download, lineno=16)
2025-01-30 18:26:23.672 | SUCCESS  | nonebot:load_plugin:188 - Succeeded to load plugin "download" from "plugins.example.download"
2025-01-30 18:26:23.672 | TRACE    | nonebot:new:323 - Define new matcher Matcher(type='inline', module=plugins.example.inline, lineno=16)
2025-01-30 18:26:23.672 | TRACE    | nonebot:new:323 - Define new matcher Matcher(type='inline', module=plugins.example.inline, lineno=54)
2025-01-30 18:26:23.673 | SUCCESS  | nonebot:load_plugin:188 - Succeeded to load plugin "inline" from "plugins.example.inline"
2025-01-30 18:26:23.673 | TRACE    | nonebot:new:323 - Define new matcher Matcher(type='message', module=plugins.example.mention, lineno=16)
2025-01-30 18:26:23.673 | SUCCESS  | nonebot:load_plugin:188 - Succeeded to load plugin "mention" from "plugins.example.mention"
2025-01-30 18:26:23.673 | WARNING  | __main__:<module>:18 - Always use `nb run` to start the bot instead of manually running!
2025-01-30 18:26:23.673 | SUCCESS  | nonebot:run:336 - Running NoneBot...
2025-01-30 18:26:23.674 | SUCCESS  | nonebot:run:117 - Loaded adapters: Telegram
2025-01-30 18:26:23.689 | INFO     | uvicorn:_serve:83 - Started server process [13513]
2025-01-30 18:26:23.689 | INFO     | uvicorn:startup:48 - Waiting for application startup.
2025-01-30 18:26:23.690 | DEBUG    | nonebot:log:336 - Telegram | Calling API getMe
2025-01-30 18:26:23.690 | DEBUG    | nonebot:log:336 - Telegram | Calling API {}
2025-01-30 18:26:23.721 | INFO     | uvicorn:startup:62 - Application startup complete.
2025-01-30 18:26:23.722 | INFO     | uvicorn:_log_started_message:215 - Uvicorn running on http://127.0.0.1:8080 (Press CTRL+C to quit)
2025-01-30 18:26:24.079 | INFO     | nonebot:log:336 - Telegram | Delete old webhook
2025-01-30 18:26:24.080 | DEBUG    | nonebot:log:336 - Telegram | Calling API deleteWebhook
2025-01-30 18:26:24.080 | DEBUG    | nonebot:log:336 - Telegram | Calling API {}
2025-01-30 18:26:24.499 | INFO     | nonebot:log:336 - Telegram | Start poll
2025-01-30 18:26:24.512 | DEBUG    | nonebot:log:336 - Telegram | Calling API getUpdates
2025-01-30 18:26:24.512 | DEBUG    | nonebot:log:336 - Telegram | Calling API {'timeout': '30'}
2025-01-30 18:26:30.711 | DEBUG    | nonebot:log:336 - Telegram | Calling API getUpdates
2025-01-30 18:26:30.711 | DEBUG    | nonebot:log:336 - Telegram | Calling API {'offset': '997538887', 'timeout': '30'}
2025-01-30 18:26:31.100 | DEBUG    | nonebot:log:336 - Telegram | Calling API getUpdates
2025-01-30 18:26:31.101 | DEBUG    | nonebot:log:336 - Telegram | Calling API {'offset': '997538888', 'timeout': '30'}
2025-01-30 18:26:31.120 | DEBUG    | nonebot:log:336 - Telegram | {'message_id': 66, 'date': 1738279590, 'chat': {'id': 7525835156, 'type': 'private', 'first_name': '?NepElder?'}, 'message': [{'type': 'text', 'data': {'text': 'hello'}}], 'original_message': [{'type': 'text', 'data': {'text': 'hello'}}], 'from_': {'id': 7525835156, 'is_bot': False, 'first_name': '?NepElder?', 'language_code': 'en'}}
2025-01-30 18:26:31.120 | SUCCESS  | nonebot:handle_event:535 - Telegram 8186306331 | [message.private]: Message 66 from 7525835156: hello
2025-01-30 18:26:31.120 | DEBUG    | nonebot:handle_event:573 - Checking for matchers in priority 1...
2025-01-30 18:26:31.122 | TRACE    | nonebot:_check_matcher:391 - Permission conditions not met for Matcher(type='inline', module=plugins.example.inline, lineno=16)
2025-01-30 18:26:31.122 | TRACE    | nonebot:_check_matcher:391 - Permission conditions not met for Matcher(type='inline', module=plugins.example.inline, lineno=54)
2025-01-30 18:26:31.146 | TRACE    | nonebot:_check_matcher:401 - Rule conditions not met for Matcher(type='message', module=nonebot.plugins.echo, lineno=17)
2025-01-30 18:26:31.147 | TRACE    | nonebot:_check_matcher:401 - Rule conditions not met for Matcher(type='message', module=YetAnotherPicSearch.__main__, lineno=330)
2025-01-30 18:26:31.147 | TRACE    | nonebot:_check_matcher:401 - Rule conditions not met for Matcher(type='message', module=plugins.example.reply, lineno=9)
2025-01-30 18:26:31.147 | TRACE    | nonebot:_check_matcher:401 - Rule conditions not met for Matcher(type='message', module=plugins.example.sendxxx, lineno=9)
2025-01-30 18:26:31.147 | TRACE    | nonebot:_check_matcher:401 - Rule conditions not met for Matcher(type='message', module=plugins.example.sendxxx, lineno=14)
2025-01-30 18:26:31.147 | TRACE    | nonebot:_check_matcher:401 - Rule conditions not met for Matcher(type='message', module=plugins.example.sendxxx, lineno=19)
2025-01-30 18:26:31.147 | TRACE    | nonebot:_check_matcher:401 - Rule conditions not met for Matcher(type='message', module=plugins.example.sendxxx, lineno=27)
2025-01-30 18:26:31.147 | TRACE    | nonebot:_check_matcher:401 - Rule conditions not met for Matcher(type='message', module=plugins.example.sendxxx, lineno=35)
2025-01-30 18:26:31.147 | TRACE    | nonebot:_check_matcher:401 - Rule conditions not met for Matcher(type='message', module=plugins.example.sendxxx, lineno=40)
2025-01-30 18:26:31.147 | TRACE    | nonebot:_check_matcher:401 - Rule conditions not met for Matcher(type='message', module=plugins.example.photo, lineno=13)
2025-01-30 18:26:31.147 | TRACE    | nonebot:_check_matcher:401 - Rule conditions not met for Matcher(type='message', module=plugins.example.photo, lineno=23)
2025-01-30 18:26:31.147 | TRACE    | nonebot:_check_matcher:401 - Rule conditions not met for Matcher(type='message', module=plugins.example.photo, lineno=32)
2025-01-30 18:26:31.147 | TRACE    | nonebot:_check_matcher:401 - Rule conditions not met for Matcher(type='message', module=plugins.example.photo, lineno=41)
2025-01-30 18:26:31.147 | TRACE    | nonebot:_check_matcher:401 - Rule conditions not met for Matcher(type='message', module=plugins.example.photo, lineno=55)
2025-01-30 18:26:31.147 | TRACE    | nonebot:_check_matcher:401 - Rule conditions not met for Matcher(type='message', module=plugins.example.photo, lineno=63)
2025-01-30 18:26:31.147 | TRACE    | nonebot:_check_matcher:401 - Rule conditions not met for Matcher(type='message', module=plugins.example.download, lineno=16)
2025-01-30 18:26:31.147 | TRACE    | nonebot:_check_matcher:401 - Rule conditions not met for Matcher(type='message', module=plugins.example.mention, lineno=16)
2025-01-30 18:26:31.148 | DEBUG    | nonebot:handle_event:573 - Checking for matchers in priority 2...
2025-01-30 18:26:31.152 | TRACE    | nonebot:_check_matcher:401 - Rule conditions not met for Matcher(type='message', module=YetAnotherPicSearch.__main__, lineno=333)
2025-01-30 18:26:31.152 | DEBUG    | nonebot:handle_event:573 - Checking for matchers in priority 10...
2025-01-30 18:26:31.153 | TRACE    | nonebot:_handle_skipped:102 - Dependent(call=_poke) skipped due to [TypeMisMatch(param=event, type=PrivateMessageEvent, value=PrivateMessageEvent(telegram_model=Update(update_id=997538887, message=Message(message_id=66, message_thread_id=None, from_=User(id=7525835156, is_bot=False, first_name='?NepElder?', last_name=None, username=None, language_code='en', is_premium=None, added_to_attachment_menu=None, can_join_groups=None, can_read_all_group_messages=None, supports_inline_queries=None, can_connect_to_business=None, has_main_web_app=None), sender_chat=None, sender_boost_count=None, sender_business_bot=None, date=1738279590, business_connection_id=None, chat=Chat(id=7525835156, type='private', title=None, username=None, first_name='?NepElder?', last_name=None, is_forum=None), forward_origin=None, is_topic_message=None, is_automatic_forward=None, reply_to_message=None, external_reply=None, quote=None, reply_to_story=None, via_bot=None, edit_date=None, has_protected_content=None, is_from_offline=None, media_group_id=None, author_signature=None, text=None, entities=None, link_preview_options=None, effect_id=None, animation=None, audio=None, document=None, paid_media=None, photo=None, sticker=None, story=None, video=None, video_note=None, voice=None, caption=None, caption_entities=None, show_caption_above_media=None, has_media_spoiler=None, contact=None, dice=None, game=None, poll=None, venue=None, location=None, new_chat_members=None, left_chat_member=None, new_chat_title=None, new_chat_photo=None, delete_chat_photo=None, group_chat_created=None, supergroup_chat_created=None, channel_chat_created=None, message_auto_delete_timer_changed=None, migrate_to_chat_id=None, migrate_from_chat_id=None, pinned_message=None, invoice=None, successful_payment=None, refunded_payment=None, users_shared=None, chat_shared=None, connected_website=None, write_access_allowed=None, passport_data=None, proximity_alert_triggered=None, boost_added=None, chat_background_set=None, forum_topic_created=None, forum_topic_edited=None, forum_topic_closed=None, forum_topic_reopened=None, general_forum_topic_hidden=None, general_forum_topic_unhidden=None, giveaway_created=None, giveaway=None, giveaway_winners=None, giveaway_completed=None, video_chat_scheduled=None, video_chat_started=None, video_chat_ended=None, video_chat_participants_invited=None, web_app_data=None, reply_markup=None), edited_message=None, channel_post=None, edited_channel_post=None, business_connection=None, business_message=None, edited_business_message=None, deleted_business_messages=None, message_reaction=None, message_reaction_count=None, inline_query=None, chosen_inline_result=None, callback_query=None, shipping_query=None, pre_checkout_query=None, purchased_paid_media=None, poll=None, poll_answer=None, my_chat_member=None, chat_member=None, chat_join_request=None, chat_boost=None, removed_chat_boost=None), message_id=66, date=1738279590, chat=Chat(id=7525835156, type='private', title=None, username=None, first_name='?NepElder?', last_name=None, is_forum=None), forward_from=None, forward_from_chat=None, forward_from_message_id=None, forward_signature=None, forward_sender_name=None, forward_date=None, via_bot=None, has_protected_content=None, media_group_id=None, author_signature=None, reply_to_message=None, message=hello, original_message=hello, from_=User(id=7525835156, is_bot=False, first_name='?NepElder?', last_name=None, username=None, language_code='en', is_premium=None, added_to_attachment_menu=None, can_join_groups=None, can_read_all_group_messages=None, supports_inline_queries=None, can_connect_to_business=None, has_main_web_app=None))>]
2025-01-30 18:26:31.154 | TRACE    | nonebot:_check_matcher:401 - Rule conditions not met for Matcher(type='message', module=nonebot_plugin_status.onebot_v11, lineno=38)
2025-01-30 18:26:31.157 | TRACE    | nonebot:_check_matcher:401 - Rule conditions not met for Matcher(type='message', module=nonebot_plugin_status.common, lineno=17)
2025-01-30 18:26:31.157 | TRACE    | nonebot:_check_matcher:401 - Rule conditions not met for Matcher(type='', module=nonebot_plugin_status.onebot_v11, lineno=19)
2025-01-30 18:26:31.160 | TRACE    | nonebot:_check_matcher:401 - Rule conditions not met for Matcher(type='message', module=plugins.shutdown, lineno=17)
2025-01-30 18:26:31.160 | DEBUG    | nonebot:handle_event:601 - Checking for matchers completed
2025-01-30 18:27:01.496 | DEBUG    | nonebot:log:336 - Telegram | Calling API getUpdates
2025-01-30 18:27:01.497 | DEBUG    | nonebot:log:336 - Telegram | Calling API {'offset': '997538888', 'timeout': '30'}
2025-01-30 18:27:31.931 | DEBUG    | nonebot:log:336 - Telegram | Calling API getUpdates
2025-01-30 18:27:31.932 | DEBUG    | nonebot:log:336 - Telegram | Calling API {'offset': '997538888', 'timeout': '30'}
2025-01-30 18:28:02.421 | DEBUG    | nonebot:log:336 - Telegram | Calling API getUpdates
2025-01-30 18:28:02.421 | DEBUG    | nonebot:log:336 - Telegram | Calling API {'offset': '997538888', 'timeout': '30'}
2025-01-30 18:28:32.902 | DEBUG    | nonebot:log:336 - Telegram | Calling API getUpdates
2025-01-30 18:28:32.903 | DEBUG    | nonebot:log:336 - Telegram | Calling API {'offset': '997538888', 'timeout': '30'}
2025-01-30 18:29:03.351 | DEBUG    | nonebot:log:336 - Telegram | Calling API getUpdates
2025-01-30 18:29:03.352 | DEBUG    | nonebot:log:336 - Telegram | Calling API {'offset': '997538888', 'timeout': '30'}
2025-01-30 18:29:33.761 | DEBUG    | nonebot:log:336 - Telegram | Calling API getUpdates
2025-01-30 18:29:33.761 | DEBUG    | nonebot:log:336 - Telegram | Calling API {'offset': '997538888', 'timeout': '30'}
2025-01-30 18:30:04.174 | DEBUG    | nonebot:log:336 - Telegram | Calling API getUpdates
2025-01-30 18:30:04.175 | DEBUG    | nonebot:log:336 - Telegram | Calling API {'offset': '997538888', 'timeout': '30'}
2025-01-30 18:30:34.564 | DEBUG    | nonebot:log:336 - Telegram | Calling API getUpdates
2025-01-30 18:30:34.565 | DEBUG    | nonebot:log:336 - Telegram | Calling API {'offset': '997538888', 'timeout': '30'}
2025-01-30 18:31:05.405 | DEBUG    | nonebot:log:336 - Telegram | Calling API getUpdates
2025-01-30 18:31:05.406 | DEBUG    | nonebot:log:336 - Telegram | Calling API {'offset': '997538888', 'timeout': '30'}
2025-01-30 18:31:15.341 | INFO     | uvicorn:shutdown:263 - Shutting down
2025-01-30 18:31:15.443 | INFO     | uvicorn:shutdown:67 - Waiting for application shutdown.
2025-01-30 18:31:17.745 | SUCCESS  | nonebot:load_plugin:188 - Succeeded to load plugin "nonebot_plugin_logpile"
2025-01-30 18:31:17.748 | SUCCESS  | nonebot:load_plugin:188 - Succeeded to load plugin "nonebot_plugin_waiter"
2025-01-30 18:31:17.776 | SUCCESS  | nonebot:load_plugin:188 - Succeeded to load plugin "nonebot_plugin_alconna:uniseg" from "nonebot_plugin_alconna.uniseg"
2025-01-30 18:31:17.802 | SUCCESS  | nonebot:load_plugin:188 - Succeeded to load plugin "nonebot_plugin_alconna"
2025-01-30 18:31:17.911 | TRACE    | nonebot:new:323 - Define new matcher Matcher(type='message', module=YetAnotherPicSearch.__main__, lineno=330)
2025-01-30 18:31:17.912 | TRACE    | nonebot:new:323 - Define new matcher Matcher(type='message', module=YetAnotherPicSearch.__main__, lineno=333)
2025-01-30 18:31:17.914 | SUCCESS  | nonebot:load_plugin:188 - Succeeded to load plugin "YetAnotherPicSearch"
2025-01-30 18:31:17.916 | TRACE    | nonebot:new:323 - Define new matcher Matcher(type='inline', module=plugins.example.inline, lineno=16)
2025-01-30 18:31:17.916 | TRACE    | nonebot:new:323 - Define new matcher Matcher(type='inline', module=plugins.example.inline, lineno=54)
2025-01-30 18:31:17.916 | SUCCESS  | nonebot:load_plugin:188 - Succeeded to load plugin "inline" from "plugins.example.inline"
2025-01-30 18:31:17.917 | TRACE    | nonebot:new:323 - Define new matcher Matcher(type='message', module=plugins.example.photo, lineno=13)
2025-01-30 18:31:17.917 | TRACE    | nonebot:new:323 - Define new matcher Matcher(type='message', module=plugins.example.photo, lineno=23)
2025-01-30 18:31:17.917 | TRACE    | nonebot:new:323 - Define new matcher Matcher(type='message', module=plugins.example.photo, lineno=32)
2025-01-30 18:31:17.917 | TRACE    | nonebot:new:323 - Define new matcher Matcher(type='message', module=plugins.example.photo, lineno=41)
2025-01-30 18:31:17.918 | TRACE    | nonebot:new:323 - Define new matcher Matcher(type='message', module=plugins.example.photo, lineno=55)
2025-01-30 18:31:17.918 | TRACE    | nonebot:new:323 - Define new matcher Matcher(type='message', module=plugins.example.photo, lineno=63)
2025-01-30 18:31:17.918 | SUCCESS  | nonebot:load_plugin:188 - Succeeded to load plugin "photo" from "plugins.example.photo"
2025-01-30 18:31:17.919 | TRACE    | nonebot:new:323 - Define new matcher Matcher(type='message', module=plugins.example.sendxxx, lineno=9)
2025-01-30 18:31:17.919 | TRACE    | nonebot:new:323 - Define new matcher Matcher(type='message', module=plugins.example.sendxxx, lineno=14)
2025-01-30 18:31:17.919 | TRACE    | nonebot:new:323 - Define new matcher Matcher(type='message', module=plugins.example.sendxxx, lineno=19)
2025-01-30 18:31:17.919 | TRACE    | nonebot:new:323 - Define new matcher Matcher(type='message', module=plugins.example.sendxxx, lineno=27)
2025-01-30 18:31:17.919 | TRACE    | nonebot:new:323 - Define new matcher Matcher(type='message', module=plugins.example.sendxxx, lineno=35)
2025-01-30 18:31:17.919 | TRACE    | nonebot:new:323 - Define new matcher Matcher(type='message', module=plugins.example.sendxxx, lineno=40)
2025-01-30 18:31:17.920 | SUCCESS  | nonebot:load_plugin:188 - Succeeded to load plugin "sendxxx" from "plugins.example.sendxxx"
2025-01-30 18:31:17.920 | TRACE    | nonebot:new:323 - Define new matcher Matcher(type='message', module=plugins.example.mention, lineno=16)
2025-01-30 18:31:17.920 | SUCCESS  | nonebot:load_plugin:188 - Succeeded to load plugin "mention" from "plugins.example.mention"
2025-01-30 18:31:17.921 | TRACE    | nonebot:new:323 - Define new matcher Matcher(type='message', module=plugins.example.reply, lineno=9)
2025-01-30 18:31:17.921 | SUCCESS  | nonebot:load_plugin:188 - Succeeded to load plugin "reply" from "plugins.example.reply"
2025-01-30 18:31:17.922 | TRACE    | nonebot:new:323 - Define new matcher Matcher(type='message', module=plugins.example.download, lineno=16)
2025-01-30 18:31:17.922 | SUCCESS  | nonebot:load_plugin:188 - Succeeded to load plugin "download" from "plugins.example.download"
2025-01-30 18:31:17.922 | WARNING  | __main__:<module>:18 - Always use `nb run` to start the bot instead of manually running!
2025-01-30 18:31:17.922 | SUCCESS  | nonebot:run:336 - Running NoneBot...
2025-01-30 18:31:17.922 | SUCCESS  | nonebot:run:117 - Loaded adapters: Telegram
2025-01-30 18:31:17.937 | INFO     | uvicorn:_serve:83 - Started server process [13645]
2025-01-30 18:31:17.937 | INFO     | uvicorn:startup:48 - Waiting for application startup.
2025-01-30 18:31:17.938 | DEBUG    | nonebot:log:336 - Telegram | Calling API getMe
2025-01-30 18:31:17.938 | DEBUG    | nonebot:log:336 - Telegram | Calling API {}
2025-01-30 18:31:17.969 | INFO     | uvicorn:startup:62 - Application startup complete.
2025-01-30 18:31:17.969 | INFO     | uvicorn:_log_started_message:215 - Uvicorn running on http://127.0.0.1:8080 (Press CTRL+C to quit)
2025-01-30 18:31:18.293 | INFO     | nonebot:log:336 - Telegram | Delete old webhook
2025-01-30 18:31:18.294 | DEBUG    | nonebot:log:336 - Telegram | Calling API deleteWebhook
2025-01-30 18:31:18.295 | DEBUG    | nonebot:log:336 - Telegram | Calling API {}
2025-01-30 18:31:18.641 | INFO     | nonebot:log:336 - Telegram | Start poll
2025-01-30 18:31:18.657 | DEBUG    | nonebot:log:336 - Telegram | Calling API getUpdates
2025-01-30 18:31:18.657 | DEBUG    | nonebot:log:336 - Telegram | Calling API {'timeout': '30'}
2025-01-30 18:31:27.154 | DEBUG    | nonebot:log:336 - Telegram | Calling API getUpdates
2025-01-30 18:31:27.154 | DEBUG    | nonebot:log:336 - Telegram | Calling API {'offset': '997538888', 'timeout': '30'}
2025-01-30 18:31:27.545 | DEBUG    | nonebot:log:336 - Telegram | Calling API getUpdates
2025-01-30 18:31:27.546 | DEBUG    | nonebot:log:336 - Telegram | Calling API {'offset': '997538889', 'timeout': '30'}
2025-01-30 18:31:27.568 | DEBUG    | nonebot:log:336 - Telegram | {'message_id': 67, 'date': 1738279887, 'chat': {'id': 7525835156, 'type': 'private', 'first_name': '?NepElder?'}, 'message': [{'type': 'bot_command', 'data': {'text': '/echo'}}, {'type': 'text', 'data': {'text': ' test'}}], 'original_message': [{'type': 'bot_command', 'data': {'text': '/echo'}}, {'type': 'text', 'data': {'text': ' test'}}], 'from_': {'id': 7525835156, 'is_bot': False, 'first_name': '?NepElder?', 'language_code': 'en'}}
2025-01-30 18:31:27.568 | SUCCESS  | nonebot:handle_event:535 - Telegram 8186306331 | [message.private]: Message 67 from 7525835156: /echo test
2025-01-30 18:31:27.569 | DEBUG    | nonebot:handle_event:573 - Checking for matchers in priority 1...
2025-01-30 18:31:27.569 | TRACE    | nonebot:_check_matcher:391 - Permission conditions not met for Matcher(type='inline', module=plugins.example.inline, lineno=16)
2025-01-30 18:31:27.569 | TRACE    | nonebot:_check_matcher:391 - Permission conditions not met for Matcher(type='inline', module=plugins.example.inline, lineno=54)
2025-01-30 18:31:27.595 | INFO     | nonebot:_run_matcher:435 - Event will be handled by Matcher(type='message', module=nonebot.plugins.echo, lineno=17)
2025-01-30 18:31:27.595 | DEBUG    | nonebot:_run_matcher:455 - Running Matcher(type='message', module=nonebot.plugins.echo, lineno=17)
2025-01-30 18:31:27.596 | TRACE    | nonebot:simple_run:838 - Matcher(type='message', module=nonebot.plugins.echo, lineno=17) run with incoming args: bot=Bot(type='Telegram', self_id='8186306331'), event=PrivateMessageEvent(telegram_model=Update(update_id=997538888, message=Message(message_id=67, message_thread_id=None, from_=User(id=7525835156, is_bot=False, first_name='?NepElder?', last_name=None, username=None, language_code='en', is_premium=None, added_to_attachment_menu=None, can_join_groups=None, can_read_all_group_messages=None, supports_inline_queries=None, can_connect_to_business=None, has_main_web_app=None), sender_chat=None, sender_boost_count=None, sender_business_bot=None, date=1738279887, business_connection_id=None, chat=Chat(id=7525835156, type='private', title=None, username=None, first_name='?NepElder?', last_name=None, is_forum=None), forward_origin=None, is_topic_message=None, is_automatic_forward=None, reply_to_message=None, external_reply=None, quote=None, reply_to_story=None, via_bot=None, edit_date=None, has_protected_content=None, is_from_offline=None, media_group_id=None, author_signature=None, text=None, entities=None, link_preview_options=None, effect_id=None, animation=None, audio=None, document=None, paid_media=None, photo=None, sticker=None, story=None, video=None, video_note=None, voice=None, caption=None, caption_entities=None, show_caption_above_media=None, has_media_spoiler=None, contact=None, dice=None, game=None, poll=None, venue=None, location=None, new_chat_members=None, left_chat_member=None, new_chat_title=None, new_chat_photo=None, delete_chat_photo=None, group_chat_created=None, supergroup_chat_created=None, channel_chat_created=None, message_auto_delete_timer_changed=None, migrate_to_chat_id=None, migrate_from_chat_id=None, pinned_message=None, invoice=None, successful_payment=None, refunded_payment=None, users_shared=None, chat_shared=None, connected_website=None, write_access_allowed=None, passport_data=None, proximity_alert_triggered=None, boost_added=None, chat_background_set=None, forum_topic_created=None, forum_topic_edited=None, forum_topic_closed=None, forum_topic_reopened=None, general_forum_topic_hidden=None, general_forum_topic_unhidden=None, giveaway_created=None, giveaway=None, giveaway_winners=None, giveaway_completed=None, video_chat_scheduled=None, video_chat_started=None, video_chat_ended=None, video_chat_participants_invited=None, web_app_data=None, reply_markup=None), edited_message=None, channel_post=None, edited_channel_post=None, business_connection=None, business_message=None, edited_business_message=None, deleted_business_messages=None, message_reaction=None, message_reaction_count=None, inline_query=None, chosen_inline_result=None, callback_query=None, shipping_query=None, pre_checkout_query=None, purchased_paid_media=None, poll=None, poll_answer=None, my_chat_member=None, chat_member=None, chat_join_request=None, chat_boost=None, removed_chat_boost=None), message_id=67, date=1738279887, chat=Chat(id=7525835156, type='private', title=None, username=None, first_name='?NepElder?', last_name=None, is_forum=None), forward_from=None, forward_from_chat=None, forward_from_message_id=None, forward_signature=None, forward_sender_name=None, forward_date=None, via_bot=None, has_protected_content=None, media_group_id=None, author_signature=None, reply_to_message=None, message=/echo test, original_message=/echo test, from_=User(id=7525835156, is_bot=False, first_name='?NepElder?', last_name=None, username=None, language_code='en', is_premium=None, added_to_attachment_menu=None, can_join_groups=None, can_read_all_group_messages=None, supports_inline_queries=None, can_connect_to_business=None, has_main_web_app=None)), state={'_prefix': {'command': ('echo',), 'raw_command': '/echo', 'command_arg': test, 'command_start': '/', 'command_whitespace': ' '}}
2025-01-30 18:31:27.596 | DEBUG    | nonebot:simple_run:855 - Running handler Dependent(call=handle_echo)
2025-01-30 18:31:27.596 | TRACE    | nonebot:_check_matcher:401 - Rule conditions not met for Matcher(type='message', module=YetAnotherPicSearch.__main__, lineno=330)
2025-01-30 18:31:27.596 | TRACE    | nonebot:_check_matcher:401 - Rule conditions not met for Matcher(type='message', module=plugins.example.photo, lineno=13)
2025-01-30 18:31:27.596 | TRACE    | nonebot:_check_matcher:401 - Rule conditions not met for Matcher(type='message', module=plugins.example.photo, lineno=23)
2025-01-30 18:31:27.596 | TRACE    | nonebot:_check_matcher:401 - Rule conditions not met for Matcher(type='message', module=plugins.example.photo, lineno=32)
2025-01-30 18:31:27.596 | TRACE    | nonebot:_check_matcher:401 - Rule conditions not met for Matcher(type='message', module=plugins.example.photo, lineno=41)
2025-01-30 18:31:27.596 | TRACE    | nonebot:_check_matcher:401 - Rule conditions not met for Matcher(type='message', module=plugins.example.photo, lineno=55)
2025-01-30 18:31:27.596 | TRACE    | nonebot:_check_matcher:401 - Rule conditions not met for Matcher(type='message', module=plugins.example.photo, lineno=63)
2025-01-30 18:31:27.596 | TRACE    | nonebot:_check_matcher:401 - Rule conditions not met for Matcher(type='message', module=plugins.example.sendxxx, lineno=9)
2025-01-30 18:31:27.597 | TRACE    | nonebot:_check_matcher:401 - Rule conditions not met for Matcher(type='message', module=plugins.example.sendxxx, lineno=14)
2025-01-30 18:31:27.597 | TRACE    | nonebot:_check_matcher:401 - Rule conditions not met for Matcher(type='message', module=plugins.example.sendxxx, lineno=19)
2025-01-30 18:31:27.597 | TRACE    | nonebot:_check_matcher:401 - Rule conditions not met for Matcher(type='message', module=plugins.example.sendxxx, lineno=27)
2025-01-30 18:31:27.597 | TRACE    | nonebot:_check_matcher:401 - Rule conditions not met for Matcher(type='message', module=plugins.example.sendxxx, lineno=35)
2025-01-30 18:31:27.597 | TRACE    | nonebot:_check_matcher:401 - Rule conditions not met for Matcher(type='message', module=plugins.example.sendxxx, lineno=40)
2025-01-30 18:31:27.597 | TRACE    | nonebot:_check_matcher:401 - Rule conditions not met for Matcher(type='message', module=plugins.example.mention, lineno=16)
2025-01-30 18:31:27.597 | TRACE    | nonebot:_check_matcher:401 - Rule conditions not met for Matcher(type='message', module=plugins.example.reply, lineno=9)
2025-01-30 18:31:27.597 | TRACE    | nonebot:_check_matcher:401 - Rule conditions not met for Matcher(type='message', module=plugins.example.download, lineno=16)
2025-01-30 18:31:27.599 | DEBUG    | nonebot:log:336 - Telegram | Calling API sendMessage
2025-01-30 18:31:27.599 | DEBUG    | nonebot:log:336 - Telegram | Calling API {'chat_id': '7525835156', 'text': 'test'}
2025-01-30 18:31:28.093 | INFO     | nonebot:simple_run:872 - Matcher(type='message', module=nonebot.plugins.echo, lineno=17) running complete
2025-01-30 18:31:28.099 | TRACE    | nonebot:_handle_skipped:102 - Dependent(call=_exit_executor) skipped due to [TypeMisMatch(param=matcher, type=AlconnaMatcher, value=Matcher(type='message', module=nonebot.plugins.echo, lineno=17)>]
2025-01-30 18:31:28.100 | DEBUG    | nonebot:handle_event:573 - Checking for matchers in priority 2...
2025-01-30 18:31:28.113 | TRACE    | nonebot:_check_matcher:401 - Rule conditions not met for Matcher(type='message', module=YetAnotherPicSearch.__main__, lineno=333)
2025-01-30 18:31:28.113 | DEBUG    | nonebot:handle_event:573 - Checking for matchers in priority 10...
2025-01-30 18:31:28.117 | TRACE    | nonebot:_handle_skipped:102 - Dependent(call=_poke) skipped due to [TypeMisMatch(param=event, type=PrivateMessageEvent, value=PrivateMessageEvent(telegram_model=Update(update_id=997538888, message=Message(message_id=67, message_thread_id=None, from_=User(id=7525835156, is_bot=False, first_name='?NepElder?', last_name=None, username=None, language_code='en', is_premium=None, added_to_attachment_menu=None, can_join_groups=None, can_read_all_group_messages=None, supports_inline_queries=None, can_connect_to_business=None, has_main_web_app=None), sender_chat=None, sender_boost_count=None, sender_business_bot=None, date=1738279887, business_connection_id=None, chat=Chat(id=7525835156, type='private', title=None, username=None, first_name='?NepElder?', last_name=None, is_forum=None), forward_origin=None, is_topic_message=None, is_automatic_forward=None, reply_to_message=None, external_reply=None, quote=None, reply_to_story=None, via_bot=None, edit_date=None, has_protected_content=None, is_from_offline=None, media_group_id=None, author_signature=None, text=None, entities=None, link_preview_options=None, effect_id=None, animation=None, audio=None, document=None, paid_media=None, photo=None, sticker=None, story=None, video=None, video_note=None, voice=None, caption=None, caption_entities=None, show_caption_above_media=None, has_media_spoiler=None, contact=None, dice=None, game=None, poll=None, venue=None, location=None, new_chat_members=None, left_chat_member=None, new_chat_title=None, new_chat_photo=None, delete_chat_photo=None, group_chat_created=None, supergroup_chat_created=None, channel_chat_created=None, message_auto_delete_timer_changed=None, migrate_to_chat_id=None, migrate_from_chat_id=None, pinned_message=None, invoice=None, successful_payment=None, refunded_payment=None, users_shared=None, chat_shared=None, connected_website=None, write_access_allowed=None, passport_data=None, proximity_alert_triggered=None, boost_added=None, chat_background_set=None, forum_topic_created=None, forum_topic_edited=None, forum_topic_closed=None, forum_topic_reopened=None, general_forum_topic_hidden=None, general_forum_topic_unhidden=None, giveaway_created=None, giveaway=None, giveaway_winners=None, giveaway_completed=None, video_chat_scheduled=None, video_chat_started=None, video_chat_ended=None, video_chat_participants_invited=None, web_app_data=None, reply_markup=None), edited_message=None, channel_post=None, edited_channel_post=None, business_connection=None, business_message=None, edited_business_message=None, deleted_business_messages=None, message_reaction=None, message_reaction_count=None, inline_query=None, chosen_inline_result=None, callback_query=None, shipping_query=None, pre_checkout_query=None, purchased_paid_media=None, poll=None, poll_answer=None, my_chat_member=None, chat_member=None, chat_join_request=None, chat_boost=None, removed_chat_boost=None), message_id=67, date=1738279887, chat=Chat(id=7525835156, type='private', title=None, username=None, first_name='?NepElder?', last_name=None, is_forum=None), forward_from=None, forward_from_chat=None, forward_from_message_id=None, forward_signature=None, forward_sender_name=None, forward_date=None, via_bot=None, has_protected_content=None, media_group_id=None, author_signature=None, reply_to_message=None, message=/echo test, original_message=/echo test, from_=User(id=7525835156, is_bot=False, first_name='?NepElder?', last_name=None, username=None, language_code='en', is_premium=None, added_to_attachment_menu=None, can_join_groups=None, can_read_all_group_messages=None, supports_inline_queries=None, can_connect_to_business=None, has_main_web_app=None))>]
2025-01-30 18:31:28.119 | TRACE    | nonebot:_check_matcher:401 - Rule conditions not met for Matcher(type='message', module=nonebot_plugin_status.onebot_v11, lineno=38)
2025-01-30 18:31:28.121 | TRACE    | nonebot:_check_matcher:401 - Rule conditions not met for Matcher(type='message', module=nonebot_plugin_status.common, lineno=17)
2025-01-30 18:31:28.121 | TRACE    | nonebot:_check_matcher:401 - Rule conditions not met for Matcher(type='', module=nonebot_plugin_status.onebot_v11, lineno=19)
2025-01-30 18:31:28.123 | TRACE    | nonebot:_check_matcher:401 - Rule conditions not met for Matcher(type='message', module=plugins.shutdown, lineno=17)
2025-01-30 18:31:28.123 | DEBUG    | nonebot:handle_event:601 - Checking for matchers completed
2025-01-30 18:31:30.800 | DEBUG    | nonebot:log:336 - Telegram | Calling API getUpdates
2025-01-30 18:31:30.800 | DEBUG    | nonebot:log:336 - Telegram | Calling API {'offset': '997538890', 'timeout': '30'}
2025-01-30 18:31:30.813 | DEBUG    | nonebot:log:336 - Telegram | {'message_id': 69, 'date': 1738279890, 'chat': {'id': 7525835156, 'type': 'private', 'first_name': '?NepElder?'}, 'message': [{'type': 'text', 'data': {'text': 'hello'}}], 'original_message': [{'type': 'text', 'data': {'text': 'hello'}}], 'from_': {'id': 7525835156, 'is_bot': False, 'first_name': '?NepElder?', 'language_code': 'en'}}
2025-01-30 18:31:30.813 | SUCCESS  | nonebot:handle_event:535 - Telegram 8186306331 | [message.private]: Message 69 from 7525835156: hello
2025-01-30 18:31:30.813 | DEBUG    | nonebot:handle_event:573 - Checking for matchers in priority 1...
2025-01-30 18:31:30.814 | TRACE    | nonebot:_check_matcher:391 - Permission conditions not met for Matcher(type='inline', module=plugins.example.inline, lineno=16)
2025-01-30 18:31:30.814 | TRACE    | nonebot:_check_matcher:391 - Permission conditions not met for Matcher(type='inline', module=plugins.example.inline, lineno=54)
2025-01-30 18:31:30.819 | TRACE    | nonebot:_check_matcher:401 - Rule conditions not met for Matcher(type='message', module=nonebot.plugins.echo, lineno=17)
2025-01-30 18:31:30.820 | TRACE    | nonebot:_check_matcher:401 - Rule conditions not met for Matcher(type='message', module=YetAnotherPicSearch.__main__, lineno=330)
2025-01-30 18:31:30.820 | TRACE    | nonebot:_check_matcher:401 - Rule conditions not met for Matcher(type='message', module=plugins.example.photo, lineno=13)
2025-01-30 18:31:30.820 | TRACE    | nonebot:_check_matcher:401 - Rule conditions not met for Matcher(type='message', module=plugins.example.photo, lineno=23)
2025-01-30 18:31:30.820 | TRACE    | nonebot:_check_matcher:401 - Rule conditions not met for Matcher(type='message', module=plugins.example.photo, lineno=32)
2025-01-30 18:31:30.820 | TRACE    | nonebot:_check_matcher:401 - Rule conditions not met for Matcher(type='message', module=plugins.example.photo, lineno=41)
2025-01-30 18:31:30.820 | TRACE    | nonebot:_check_matcher:401 - Rule conditions not met for Matcher(type='message', module=plugins.example.photo, lineno=55)
2025-01-30 18:31:30.820 | TRACE    | nonebot:_check_matcher:401 - Rule conditions not met for Matcher(type='message', module=plugins.example.photo, lineno=63)
2025-01-30 18:31:30.820 | TRACE    | nonebot:_check_matcher:401 - Rule conditions not met for Matcher(type='message', module=plugins.example.sendxxx, lineno=9)
2025-01-30 18:31:30.820 | TRACE    | nonebot:_check_matcher:401 - Rule conditions not met for Matcher(type='message', module=plugins.example.sendxxx, lineno=14)
2025-01-30 18:31:30.820 | TRACE    | nonebot:_check_matcher:401 - Rule conditions not met for Matcher(type='message', module=plugins.example.sendxxx, lineno=19)
2025-01-30 18:31:30.820 | TRACE    | nonebot:_check_matcher:401 - Rule conditions not met for Matcher(type='message', module=plugins.example.sendxxx, lineno=27)
2025-01-30 18:31:30.820 | TRACE    | nonebot:_check_matcher:401 - Rule conditions not met for Matcher(type='message', module=plugins.example.sendxxx, lineno=35)
2025-01-30 18:31:30.820 | TRACE    | nonebot:_check_matcher:401 - Rule conditions not met for Matcher(type='message', module=plugins.example.sendxxx, lineno=40)
2025-01-30 18:31:30.820 | TRACE    | nonebot:_check_matcher:401 - Rule conditions not met for Matcher(type='message', module=plugins.example.mention, lineno=16)
2025-01-30 18:31:30.820 | TRACE    | nonebot:_check_matcher:401 - Rule conditions not met for Matcher(type='message', module=plugins.example.reply, lineno=9)
2025-01-30 18:31:30.820 | TRACE    | nonebot:_check_matcher:401 - Rule conditions not met for Matcher(type='message', module=plugins.example.download, lineno=16)
2025-01-30 18:31:30.820 | DEBUG    | nonebot:handle_event:573 - Checking for matchers in priority 2...
2025-01-30 18:31:30.821 | TRACE    | nonebot:_check_matcher:401 - Rule conditions not met for Matcher(type='message', module=YetAnotherPicSearch.__main__, lineno=333)
2025-01-30 18:31:30.822 | DEBUG    | nonebot:handle_event:573 - Checking for matchers in priority 10...
2025-01-30 18:31:30.822 | TRACE    | nonebot:_handle_skipped:102 - Dependent(call=_poke) skipped due to [TypeMisMatch(param=event, type=PrivateMessageEvent, value=PrivateMessageEvent(telegram_model=Update(update_id=997538889, message=Message(message_id=69, message_thread_id=None, from_=User(id=7525835156, is_bot=False, first_name='?NepElder?', last_name=None, username=None, language_code='en', is_premium=None, added_to_attachment_menu=None, can_join_groups=None, can_read_all_group_messages=None, supports_inline_queries=None, can_connect_to_business=None, has_main_web_app=None), sender_chat=None, sender_boost_count=None, sender_business_bot=None, date=1738279890, business_connection_id=None, chat=Chat(id=7525835156, type='private', title=None, username=None, first_name='?NepElder?', last_name=None, is_forum=None), forward_origin=None, is_topic_message=None, is_automatic_forward=None, reply_to_message=None, external_reply=None, quote=None, reply_to_story=None, via_bot=None, edit_date=None, has_protected_content=None, is_from_offline=None, media_group_id=None, author_signature=None, text=None, entities=None, link_preview_options=None, effect_id=None, animation=None, audio=None, document=None, paid_media=None, photo=None, sticker=None, story=None, video=None, video_note=None, voice=None, caption=None, caption_entities=None, show_caption_above_media=None, has_media_spoiler=None, contact=None, dice=None, game=None, poll=None, venue=None, location=None, new_chat_members=None, left_chat_member=None, new_chat_title=None, new_chat_photo=None, delete_chat_photo=None, group_chat_created=None, supergroup_chat_created=None, channel_chat_created=None, message_auto_delete_timer_changed=None, migrate_to_chat_id=None, migrate_from_chat_id=None, pinned_message=None, invoice=None, successful_payment=None, refunded_payment=None, users_shared=None, chat_shared=None, connected_website=None, write_access_allowed=None, passport_data=None, proximity_alert_triggered=None, boost_added=None, chat_background_set=None, forum_topic_created=None, forum_topic_edited=None, forum_topic_closed=None, forum_topic_reopened=None, general_forum_topic_hidden=None, general_forum_topic_unhidden=None, giveaway_created=None, giveaway=None, giveaway_winners=None, giveaway_completed=None, video_chat_scheduled=None, video_chat_started=None, video_chat_ended=None, video_chat_participants_invited=None, web_app_data=None, reply_markup=None), edited_message=None, channel_post=None, edited_channel_post=None, business_connection=None, business_message=None, edited_business_message=None, deleted_business_messages=None, message_reaction=None, message_reaction_count=None, inline_query=None, chosen_inline_result=None, callback_query=None, shipping_query=None, pre_checkout_query=None, purchased_paid_media=None, poll=None, poll_answer=None, my_chat_member=None, chat_member=None, chat_join_request=None, chat_boost=None, removed_chat_boost=None), message_id=69, date=1738279890, chat=Chat(id=7525835156, type='private', title=None, username=None, first_name='?NepElder?', last_name=None, is_forum=None), forward_from=None, forward_from_chat=None, forward_from_message_id=None, forward_signature=None, forward_sender_name=None, forward_date=None, via_bot=None, has_protected_content=None, media_group_id=None, author_signature=None, reply_to_message=None, message=hello, original_message=hello, from_=User(id=7525835156, is_bot=False, first_name='?NepElder?', last_name=None, username=None, language_code='en', is_premium=None, added_to_attachment_menu=None, can_join_groups=None, can_read_all_group_messages=None, supports_inline_queries=None, can_connect_to_business=None, has_main_web_app=None))>]
2025-01-30 18:31:30.822 | TRACE    | nonebot:_check_matcher:401 - Rule conditions not met for Matcher(type='message', module=nonebot_plugin_status.onebot_v11, lineno=38)
2025-01-30 18:31:30.823 | TRACE    | nonebot:_check_matcher:401 - Rule conditions not met for Matcher(type='message', module=nonebot_plugin_status.common, lineno=17)
2025-01-30 18:31:30.823 | TRACE    | nonebot:_check_matcher:401 - Rule conditions not met for Matcher(type='', module=nonebot_plugin_status.onebot_v11, lineno=19)
2025-01-30 18:31:30.823 | TRACE    | nonebot:_check_matcher:401 - Rule conditions not met for Matcher(type='message', module=plugins.shutdown, lineno=17)
2025-01-30 18:31:30.823 | DEBUG    | nonebot:handle_event:601 - Checking for matchers completed
2025-01-30 18:32:01.171 | DEBUG    | nonebot:log:336 - Telegram | Calling API getUpdates
2025-01-30 18:32:01.172 | DEBUG    | nonebot:log:336 - Telegram | Calling API {'offset': '997538890', 'timeout': '30'}
2025-01-30 18:32:31.921 | DEBUG    | nonebot:log:336 - Telegram | Calling API getUpdates
2025-01-30 18:32:31.921 | DEBUG    | nonebot:log:336 - Telegram | Calling API {'offset': '997538890', 'timeout': '30'}
2025-01-30 18:33:02.300 | DEBUG    | nonebot:log:336 - Telegram | Calling API getUpdates
2025-01-30 18:33:02.301 | DEBUG    | nonebot:log:336 - Telegram | Calling API {'offset': '997538890', 'timeout': '30'}
2025-01-30 18:33:32.763 | DEBUG    | nonebot:log:336 - Telegram | Calling API getUpdates
2025-01-30 18:33:32.764 | DEBUG    | nonebot:log:336 - Telegram | Calling API {'offset': '997538890', 'timeout': '30'}
2025-01-30 18:34:03.563 | DEBUG    | nonebot:log:336 - Telegram | Calling API getUpdates
2025-01-30 18:34:03.563 | DEBUG    | nonebot:log:336 - Telegram | Calling API {'offset': '997538890', 'timeout': '30'}
2025-01-30 18:34:33.978 | DEBUG    | nonebot:log:336 - Telegram | Calling API getUpdates
2025-01-30 18:34:33.978 | DEBUG    | nonebot:log:336 - Telegram | Calling API {'offset': '997538890', 'timeout': '30'}
2025-01-30 18:35:04.461 | DEBUG    | nonebot:log:336 - Telegram | Calling API getUpdates
2025-01-30 18:35:04.461 | DEBUG    | nonebot:log:336 - Telegram | Calling API {'offset': '997538890', 'timeout': '30'}
2025-01-30 18:35:34.851 | DEBUG    | nonebot:log:336 - Telegram | Calling API getUpdates
2025-01-30 18:35:34.851 | DEBUG    | nonebot:log:336 - Telegram | Calling API {'offset': '997538890', 'timeout': '30'}
2025-01-30 18:36:05.347 | DEBUG    | nonebot:log:336 - Telegram | Calling API getUpdates
2025-01-30 18:36:05.347 | DEBUG    | nonebot:log:336 - Telegram | Calling API {'offset': '997538890', 'timeout': '30'}
2025-01-30 18:36:35.753 | DEBUG    | nonebot:log:336 - Telegram | Calling API getUpdates
2025-01-30 18:36:35.753 | DEBUG    | nonebot:log:336 - Telegram | Calling API {'offset': '997538890', 'timeout': '30'}
2025-01-30 18:37:06.171 | DEBUG    | nonebot:log:336 - Telegram | Calling API getUpdates
2025-01-30 18:37:06.172 | DEBUG    | nonebot:log:336 - Telegram | Calling API {'offset': '997538890', 'timeout': '30'}
2025-01-30 18:37:35.719 | INFO     | uvicorn:shutdown:263 - Shutting down
2025-01-30 18:37:35.821 | INFO     | uvicorn:shutdown:67 - Waiting for application shutdown.
2025-01-30 18:37:38.524 | SUCCESS  | nonebot:load_plugin:188 - Succeeded to load plugin "nonebot_plugin_logpile"
2025-01-30 18:37:38.527 | SUCCESS  | nonebot:load_plugin:188 - Succeeded to load plugin "nonebot_plugin_waiter"
2025-01-30 18:37:38.543 | SUCCESS  | nonebot:load_plugin:188 - Succeeded to load plugin "nonebot_plugin_alconna:uniseg" from "nonebot_plugin_alconna.uniseg"
2025-01-30 18:37:38.562 | SUCCESS  | nonebot:load_plugin:188 - Succeeded to load plugin "nonebot_plugin_alconna"
2025-01-30 18:37:38.646 | TRACE    | nonebot:new:323 - Define new matcher Matcher(type='message', module=YetAnotherPicSearch.__main__, lineno=330)
2025-01-30 18:37:38.647 | TRACE    | nonebot:new:323 - Define new matcher Matcher(type='message', module=YetAnotherPicSearch.__main__, lineno=333)
2025-01-30 18:37:38.648 | SUCCESS  | nonebot:load_plugin:188 - Succeeded to load plugin "YetAnotherPicSearch"
2025-01-30 18:37:38.649 | TRACE    | nonebot:new:323 - Define new matcher Matcher(type='inline', module=plugins.example.inline, lineno=16)
2025-01-30 18:37:38.650 | TRACE    | nonebot:new:323 - Define new matcher Matcher(type='callback_query', module=plugins.example.inline, lineno=56)
2025-01-30 18:37:38.650 | SUCCESS  | nonebot:load_plugin:188 - Succeeded to load plugin "inline" from "plugins.example.inline"
2025-01-30 18:37:38.650 | TRACE    | nonebot:new:323 - Define new matcher Matcher(type='message', module=plugins.example.photo, lineno=13)
2025-01-30 18:37:38.650 | TRACE    | nonebot:new:323 - Define new matcher Matcher(type='message', module=plugins.example.photo, lineno=23)
2025-01-30 18:37:38.651 | TRACE    | nonebot:new:323 - Define new matcher Matcher(type='message', module=plugins.example.photo, lineno=32)
2025-01-30 18:37:38.651 | TRACE    | nonebot:new:323 - Define new matcher Matcher(type='message', module=plugins.example.photo, lineno=41)
2025-01-30 18:37:38.651 | TRACE    | nonebot:new:323 - Define new matcher Matcher(type='message', module=plugins.example.photo, lineno=55)
2025-01-30 18:37:38.651 | TRACE    | nonebot:new:323 - Define new matcher Matcher(type='message', module=plugins.example.photo, lineno=63)
2025-01-30 18:37:38.651 | SUCCESS  | nonebot:load_plugin:188 - Succeeded to load plugin "photo" from "plugins.example.photo"
2025-01-30 18:37:38.652 | TRACE    | nonebot:new:323 - Define new matcher Matcher(type='message', module=plugins.example.download, lineno=16)
2025-01-30 18:37:38.652 | SUCCESS  | nonebot:load_plugin:188 - Succeeded to load plugin "download" from "plugins.example.download"
2025-01-30 18:37:38.652 | TRACE    | nonebot:new:323 - Define new matcher Matcher(type='message', module=plugins.example.mention, lineno=16)
2025-01-30 18:37:38.653 | SUCCESS  | nonebot:load_plugin:188 - Succeeded to load plugin "mention" from "plugins.example.mention"
2025-01-30 18:37:38.653 | TRACE    | nonebot:new:323 - Define new matcher Matcher(type='message', module=plugins.example.sendxxx, lineno=9)
2025-01-30 18:37:38.653 | TRACE    | nonebot:new:323 - Define new matcher Matcher(type='message', module=plugins.example.sendxxx, lineno=14)
2025-01-30 18:37:38.653 | TRACE    | nonebot:new:323 - Define new matcher Matcher(type='message', module=plugins.example.sendxxx, lineno=19)
2025-01-30 18:37:38.654 | TRACE    | nonebot:new:323 - Define new matcher Matcher(type='message', module=plugins.example.sendxxx, lineno=27)
2025-01-30 18:37:38.654 | TRACE    | nonebot:new:323 - Define new matcher Matcher(type='message', module=plugins.example.sendxxx, lineno=35)
2025-01-30 18:37:38.654 | TRACE    | nonebot:new:323 - Define new matcher Matcher(type='message', module=plugins.example.sendxxx, lineno=40)
2025-01-30 18:37:38.654 | SUCCESS  | nonebot:load_plugin:188 - Succeeded to load plugin "sendxxx" from "plugins.example.sendxxx"
2025-01-30 18:37:38.655 | TRACE    | nonebot:new:323 - Define new matcher Matcher(type='message', module=plugins.example.reply, lineno=9)
2025-01-30 18:37:38.655 | SUCCESS  | nonebot:load_plugin:188 - Succeeded to load plugin "reply" from "plugins.example.reply"
2025-01-30 18:37:38.655 | WARNING  | __main__:<module>:18 - Always use `nb run` to start the bot instead of manually running!
2025-01-30 18:37:38.655 | SUCCESS  | nonebot:run:336 - Running NoneBot...
2025-01-30 18:37:38.655 | SUCCESS  | nonebot:run:117 - Loaded adapters: Telegram
2025-01-30 18:37:38.664 | INFO     | uvicorn:_serve:83 - Started server process [13775]
2025-01-30 18:37:38.664 | INFO     | uvicorn:startup:48 - Waiting for application startup.
2025-01-30 18:37:38.665 | DEBUG    | nonebot:log:336 - Telegram | Calling API getMe
2025-01-30 18:37:38.666 | DEBUG    | nonebot:log:336 - Telegram | Calling API {}
2025-01-30 18:37:38.687 | INFO     | uvicorn:startup:62 - Application startup complete.
2025-01-30 18:37:38.687 | INFO     | uvicorn:_log_started_message:215 - Uvicorn running on http://127.0.0.1:8080 (Press CTRL+C to quit)
2025-01-30 18:37:39.257 | INFO     | nonebot:log:336 - Telegram | Delete old webhook
2025-01-30 18:37:39.258 | DEBUG    | nonebot:log:336 - Telegram | Calling API deleteWebhook
2025-01-30 18:37:39.259 | DEBUG    | nonebot:log:336 - Telegram | Calling API {}
2025-01-30 18:37:39.651 | INFO     | nonebot:log:336 - Telegram | Start poll
2025-01-30 18:37:39.668 | DEBUG    | nonebot:log:336 - Telegram | Calling API getUpdates
2025-01-30 18:37:39.668 | DEBUG    | nonebot:log:336 - Telegram | Calling API {'timeout': '30'}
2025-01-30 18:38:05.497 | DEBUG    | nonebot:log:336 - Telegram | Calling API getUpdates
2025-01-30 18:38:05.497 | DEBUG    | nonebot:log:336 - Telegram | Calling API {'offset': '997538890', 'timeout': '30'}
2025-01-30 18:38:06.025 | DEBUG    | nonebot:log:336 - Telegram | Calling API getUpdates
2025-01-30 18:38:06.025 | DEBUG    | nonebot:log:336 - Telegram | Calling API {'offset': '997538891', 'timeout': '30'}
2025-01-30 18:38:06.044 | DEBUG    | nonebot:log:336 - Telegram | {'message_id': 70, 'date': 1738280285, 'chat': {'id': 7525835156, 'type': 'private', 'first_name': '?NepElder?'}, 'message': [{'type': 'bot_command', 'data': {'text': '/echo'}}, {'type': 'text', 'data': {'text': ' 1'}}], 'original_message': [{'type': 'bot_command', 'data': {'text': '/echo'}}, {'type': 'text', 'data': {'text': ' 1'}}], 'from_': {'id': 7525835156, 'is_bot': False, 'first_name': '?NepElder?', 'language_code': 'en'}}
2025-01-30 18:38:06.044 | SUCCESS  | nonebot:handle_event:535 - Telegram 8186306331 | [message.private]: Message 70 from 7525835156: /echo 1
2025-01-30 18:38:06.044 | DEBUG    | nonebot:handle_event:573 - Checking for matchers in priority 1...
2025-01-30 18:38:06.045 | TRACE    | nonebot:_check_matcher:391 - Permission conditions not met for Matcher(type='inline', module=plugins.example.inline, lineno=16)
2025-01-30 18:38:06.045 | TRACE    | nonebot:_check_matcher:391 - Permission conditions not met for Matcher(type='callback_query', module=plugins.example.inline, lineno=56)
2025-01-30 18:38:06.069 | INFO     | nonebot:_run_matcher:435 - Event will be handled by Matcher(type='message', module=nonebot.plugins.echo, lineno=17)
2025-01-30 18:38:06.069 | DEBUG    | nonebot:_run_matcher:455 - Running Matcher(type='message', module=nonebot.plugins.echo, lineno=17)
2025-01-30 18:38:06.069 | TRACE    | nonebot:simple_run:838 - Matcher(type='message', module=nonebot.plugins.echo, lineno=17) run with incoming args: bot=Bot(type='Telegram', self_id='8186306331'), event=PrivateMessageEvent(telegram_model=Update(update_id=997538890, message=Message(message_id=70, message_thread_id=None, from_=User(id=7525835156, is_bot=False, first_name='?NepElder?', last_name=None, username=None, language_code='en', is_premium=None, added_to_attachment_menu=None, can_join_groups=None, can_read_all_group_messages=None, supports_inline_queries=None, can_connect_to_business=None, has_main_web_app=None), sender_chat=None, sender_boost_count=None, sender_business_bot=None, date=1738280285, business_connection_id=None, chat=Chat(id=7525835156, type='private', title=None, username=None, first_name='?NepElder?', last_name=None, is_forum=None), forward_origin=None, is_topic_message=None, is_automatic_forward=None, reply_to_message=None, external_reply=None, quote=None, reply_to_story=None, via_bot=None, edit_date=None, has_protected_content=None, is_from_offline=None, media_group_id=None, author_signature=None, text=None, entities=None, link_preview_options=None, effect_id=None, animation=None, audio=None, document=None, paid_media=None, photo=None, sticker=None, story=None, video=None, video_note=None, voice=None, caption=None, caption_entities=None, show_caption_above_media=None, has_media_spoiler=None, contact=None, dice=None, game=None, poll=None, venue=None, location=None, new_chat_members=None, left_chat_member=None, new_chat_title=None, new_chat_photo=None, delete_chat_photo=None, group_chat_created=None, supergroup_chat_created=None, channel_chat_created=None, message_auto_delete_timer_changed=None, migrate_to_chat_id=None, migrate_from_chat_id=None, pinned_message=None, invoice=None, successful_payment=None, refunded_payment=None, users_shared=None, chat_shared=None, connected_website=None, write_access_allowed=None, passport_data=None, proximity_alert_triggered=None, boost_added=None, chat_background_set=None, forum_topic_created=None, forum_topic_edited=None, forum_topic_closed=None, forum_topic_reopened=None, general_forum_topic_hidden=None, general_forum_topic_unhidden=None, giveaway_created=None, giveaway=None, giveaway_winners=None, giveaway_completed=None, video_chat_scheduled=None, video_chat_started=None, video_chat_ended=None, video_chat_participants_invited=None, web_app_data=None, reply_markup=None), edited_message=None, channel_post=None, edited_channel_post=None, business_connection=None, business_message=None, edited_business_message=None, deleted_business_messages=None, message_reaction=None, message_reaction_count=None, inline_query=None, chosen_inline_result=None, callback_query=None, shipping_query=None, pre_checkout_query=None, purchased_paid_media=None, poll=None, poll_answer=None, my_chat_member=None, chat_member=None, chat_join_request=None, chat_boost=None, removed_chat_boost=None), message_id=70, date=1738280285, chat=Chat(id=7525835156, type='private', title=None, username=None, first_name='?NepElder?', last_name=None, is_forum=None), forward_from=None, forward_from_chat=None, forward_from_message_id=None, forward_signature=None, forward_sender_name=None, forward_date=None, via_bot=None, has_protected_content=None, media_group_id=None, author_signature=None, reply_to_message=None, message=/echo 1, original_message=/echo 1, from_=User(id=7525835156, is_bot=False, first_name='?NepElder?', last_name=None, username=None, language_code='en', is_premium=None, added_to_attachment_menu=None, can_join_groups=None, can_read_all_group_messages=None, supports_inline_queries=None, can_connect_to_business=None, has_main_web_app=None)), state={'_prefix': {'command': ('echo',), 'raw_command': '/echo', 'command_arg': 1, 'command_start': '/', 'command_whitespace': ' '}}
2025-01-30 18:38:06.069 | DEBUG    | nonebot:simple_run:855 - Running handler Dependent(call=handle_echo)
2025-01-30 18:38:06.069 | TRACE    | nonebot:_check_matcher:401 - Rule conditions not met for Matcher(type='message', module=YetAnotherPicSearch.__main__, lineno=330)
2025-01-30 18:38:06.069 | TRACE    | nonebot:_check_matcher:401 - Rule conditions not met for Matcher(type='message', module=plugins.example.photo, lineno=13)
2025-01-30 18:38:06.069 | TRACE    | nonebot:_check_matcher:401 - Rule conditions not met for Matcher(type='message', module=plugins.example.photo, lineno=23)
2025-01-30 18:38:06.069 | TRACE    | nonebot:_check_matcher:401 - Rule conditions not met for Matcher(type='message', module=plugins.example.photo, lineno=32)
2025-01-30 18:38:06.069 | TRACE    | nonebot:_check_matcher:401 - Rule conditions not met for Matcher(type='message', module=plugins.example.photo, lineno=41)
2025-01-30 18:38:06.069 | TRACE    | nonebot:_check_matcher:401 - Rule conditions not met for Matcher(type='message', module=plugins.example.photo, lineno=55)
2025-01-30 18:38:06.069 | TRACE    | nonebot:_check_matcher:401 - Rule conditions not met for Matcher(type='message', module=plugins.example.photo, lineno=63)
2025-01-30 18:38:06.070 | TRACE    | nonebot:_check_matcher:401 - Rule conditions not met for Matcher(type='message', module=plugins.example.download, lineno=16)
2025-01-30 18:38:06.070 | TRACE    | nonebot:_check_matcher:401 - Rule conditions not met for Matcher(type='message', module=plugins.example.mention, lineno=16)
2025-01-30 18:38:06.070 | TRACE    | nonebot:_check_matcher:401 - Rule conditions not met for Matcher(type='message', module=plugins.example.sendxxx, lineno=9)
2025-01-30 18:38:06.070 | TRACE    | nonebot:_check_matcher:401 - Rule conditions not met for Matcher(type='message', module=plugins.example.sendxxx, lineno=14)
2025-01-30 18:38:06.070 | TRACE    | nonebot:_check_matcher:401 - Rule conditions not met for Matcher(type='message', module=plugins.example.sendxxx, lineno=19)
2025-01-30 18:38:06.070 | TRACE    | nonebot:_check_matcher:401 - Rule conditions not met for Matcher(type='message', module=plugins.example.sendxxx, lineno=27)
2025-01-30 18:38:06.070 | TRACE    | nonebot:_check_matcher:401 - Rule conditions not met for Matcher(type='message', module=plugins.example.sendxxx, lineno=35)
2025-01-30 18:38:06.070 | TRACE    | nonebot:_check_matcher:401 - Rule conditions not met for Matcher(type='message', module=plugins.example.sendxxx, lineno=40)
2025-01-30 18:38:06.070 | TRACE    | nonebot:_check_matcher:401 - Rule conditions not met for Matcher(type='message', module=plugins.example.reply, lineno=9)
2025-01-30 18:38:06.072 | DEBUG    | nonebot:log:336 - Telegram | Calling API sendMessage
2025-01-30 18:38:06.072 | DEBUG    | nonebot:log:336 - Telegram | Calling API {'chat_id': '7525835156', 'text': '1'}
2025-01-30 18:38:06.567 | INFO     | nonebot:simple_run:872 - Matcher(type='message', module=nonebot.plugins.echo, lineno=17) running complete
2025-01-30 18:38:06.572 | TRACE    | nonebot:_handle_skipped:102 - Dependent(call=_exit_executor) skipped due to [TypeMisMatch(param=matcher, type=AlconnaMatcher, value=Matcher(type='message', module=nonebot.plugins.echo, lineno=17)>]
2025-01-30 18:38:06.573 | DEBUG    | nonebot:handle_event:573 - Checking for matchers in priority 2...
2025-01-30 18:38:06.585 | TRACE    | nonebot:_check_matcher:401 - Rule conditions not met for Matcher(type='message', module=YetAnotherPicSearch.__main__, lineno=333)
2025-01-30 18:38:06.585 | DEBUG    | nonebot:handle_event:573 - Checking for matchers in priority 10...
2025-01-30 18:38:06.589 | TRACE    | nonebot:_handle_skipped:102 - Dependent(call=_poke) skipped due to [TypeMisMatch(param=event, type=PrivateMessageEvent, value=PrivateMessageEvent(telegram_model=Update(update_id=997538890, message=Message(message_id=70, message_thread_id=None, from_=User(id=7525835156, is_bot=False, first_name='?NepElder?', last_name=None, username=None, language_code='en', is_premium=None, added_to_attachment_menu=None, can_join_groups=None, can_read_all_group_messages=None, supports_inline_queries=None, can_connect_to_business=None, has_main_web_app=None), sender_chat=None, sender_boost_count=None, sender_business_bot=None, date=1738280285, business_connection_id=None, chat=Chat(id=7525835156, type='private', title=None, username=None, first_name='?NepElder?', last_name=None, is_forum=None), forward_origin=None, is_topic_message=None, is_automatic_forward=None, reply_to_message=None, external_reply=None, quote=None, reply_to_story=None, via_bot=None, edit_date=None, has_protected_content=None, is_from_offline=None, media_group_id=None, author_signature=None, text=None, entities=None, link_preview_options=None, effect_id=None, animation=None, audio=None, document=None, paid_media=None, photo=None, sticker=None, story=None, video=None, video_note=None, voice=None, caption=None, caption_entities=None, show_caption_above_media=None, has_media_spoiler=None, contact=None, dice=None, game=None, poll=None, venue=None, location=None, new_chat_members=None, left_chat_member=None, new_chat_title=None, new_chat_photo=None, delete_chat_photo=None, group_chat_created=None, supergroup_chat_created=None, channel_chat_created=None, message_auto_delete_timer_changed=None, migrate_to_chat_id=None, migrate_from_chat_id=None, pinned_message=None, invoice=None, successful_payment=None, refunded_payment=None, users_shared=None, chat_shared=None, connected_website=None, write_access_allowed=None, passport_data=None, proximity_alert_triggered=None, boost_added=None, chat_background_set=None, forum_topic_created=None, forum_topic_edited=None, forum_topic_closed=None, forum_topic_reopened=None, general_forum_topic_hidden=None, general_forum_topic_unhidden=None, giveaway_created=None, giveaway=None, giveaway_winners=None, giveaway_completed=None, video_chat_scheduled=None, video_chat_started=None, video_chat_ended=None, video_chat_participants_invited=None, web_app_data=None, reply_markup=None), edited_message=None, channel_post=None, edited_channel_post=None, business_connection=None, business_message=None, edited_business_message=None, deleted_business_messages=None, message_reaction=None, message_reaction_count=None, inline_query=None, chosen_inline_result=None, callback_query=None, shipping_query=None, pre_checkout_query=None, purchased_paid_media=None, poll=None, poll_answer=None, my_chat_member=None, chat_member=None, chat_join_request=None, chat_boost=None, removed_chat_boost=None), message_id=70, date=1738280285, chat=Chat(id=7525835156, type='private', title=None, username=None, first_name='?NepElder?', last_name=None, is_forum=None), forward_from=None, forward_from_chat=None, forward_from_message_id=None, forward_signature=None, forward_sender_name=None, forward_date=None, via_bot=None, has_protected_content=None, media_group_id=None, author_signature=None, reply_to_message=None, message=/echo 1, original_message=/echo 1, from_=User(id=7525835156, is_bot=False, first_name='?NepElder?', last_name=None, username=None, language_code='en', is_premium=None, added_to_attachment_menu=None, can_join_groups=None, can_read_all_group_messages=None, supports_inline_queries=None, can_connect_to_business=None, has_main_web_app=None))>]
2025-01-30 18:38:06.590 | TRACE    | nonebot:_check_matcher:401 - Rule conditions not met for Matcher(type='message', module=nonebot_plugin_status.onebot_v11, lineno=38)
2025-01-30 18:38:06.595 | TRACE    | nonebot:_check_matcher:401 - Rule conditions not met for Matcher(type='message', module=nonebot_plugin_status.common, lineno=17)
2025-01-30 18:38:06.595 | TRACE    | nonebot:_check_matcher:401 - Rule conditions not met for Matcher(type='', module=nonebot_plugin_status.onebot_v11, lineno=19)
2025-01-30 18:38:06.597 | TRACE    | nonebot:_check_matcher:401 - Rule conditions not met for Matcher(type='message', module=plugins.shutdown, lineno=17)
2025-01-30 18:38:06.597 | DEBUG    | nonebot:handle_event:601 - Checking for matchers completed
2025-01-30 18:38:09.177 | DEBUG    | nonebot:log:336 - Telegram | Calling API getUpdates
2025-01-30 18:38:09.178 | DEBUG    | nonebot:log:336 - Telegram | Calling API {'offset': '997538892', 'timeout': '30'}
2025-01-30 18:38:09.197 | DEBUG    | nonebot:log:336 - Telegram | {'message_id': 72, 'date': 1738280289, 'chat': {'id': 7525835156, 'type': 'private', 'first_name': '?NepElder?'}, 'message': [{'type': 'text', 'data': {'text': 'hello'}}], 'original_message': [{'type': 'text', 'data': {'text': 'hello'}}], 'from_': {'id': 7525835156, 'is_bot': False, 'first_name': '?NepElder?', 'language_code': 'en'}}
2025-01-30 18:38:09.197 | SUCCESS  | nonebot:handle_event:535 - Telegram 8186306331 | [message.private]: Message 72 from 7525835156: hello
2025-01-30 18:38:09.198 | DEBUG    | nonebot:handle_event:573 - Checking for matchers in priority 1...
2025-01-30 18:38:09.198 | TRACE    | nonebot:_check_matcher:391 - Permission conditions not met for Matcher(type='inline', module=plugins.example.inline, lineno=16)
2025-01-30 18:38:09.198 | TRACE    | nonebot:_check_matcher:391 - Permission conditions not met for Matcher(type='callback_query', module=plugins.example.inline, lineno=56)
2025-01-30 18:38:09.202 | TRACE    | nonebot:_check_matcher:401 - Rule conditions not met for Matcher(type='message', module=nonebot.plugins.echo, lineno=17)
2025-01-30 18:38:09.202 | TRACE    | nonebot:_check_matcher:401 - Rule conditions not met for Matcher(type='message', module=YetAnotherPicSearch.__main__, lineno=330)
2025-01-30 18:38:09.203 | TRACE    | nonebot:_check_matcher:401 - Rule conditions not met for Matcher(type='message', module=plugins.example.photo, lineno=13)
2025-01-30 18:38:09.203 | TRACE    | nonebot:_check_matcher:401 - Rule conditions not met for Matcher(type='message', module=plugins.example.photo, lineno=23)
2025-01-30 18:38:09.203 | TRACE    | nonebot:_check_matcher:401 - Rule conditions not met for Matcher(type='message', module=plugins.example.photo, lineno=32)
2025-01-30 18:38:09.203 | TRACE    | nonebot:_check_matcher:401 - Rule conditions not met for Matcher(type='message', module=plugins.example.photo, lineno=41)
2025-01-30 18:38:09.203 | TRACE    | nonebot:_check_matcher:401 - Rule conditions not met for Matcher(type='message', module=plugins.example.photo, lineno=55)
2025-01-30 18:38:09.203 | TRACE    | nonebot:_check_matcher:401 - Rule conditions not met for Matcher(type='message', module=plugins.example.photo, lineno=63)
2025-01-30 18:38:09.203 | TRACE    | nonebot:_check_matcher:401 - Rule conditions not met for Matcher(type='message', module=plugins.example.download, lineno=16)
2025-01-30 18:38:09.203 | TRACE    | nonebot:_check_matcher:401 - Rule conditions not met for Matcher(type='message', module=plugins.example.mention, lineno=16)
2025-01-30 18:38:09.203 | TRACE    | nonebot:_check_matcher:401 - Rule conditions not met for Matcher(type='message', module=plugins.example.sendxxx, lineno=9)
2025-01-30 18:38:09.203 | TRACE    | nonebot:_check_matcher:401 - Rule conditions not met for Matcher(type='message', module=plugins.example.sendxxx, lineno=14)
2025-01-30 18:38:09.203 | TRACE    | nonebot:_check_matcher:401 - Rule conditions not met for Matcher(type='message', module=plugins.example.sendxxx, lineno=19)
2025-01-30 18:38:09.203 | TRACE    | nonebot:_check_matcher:401 - Rule conditions not met for Matcher(type='message', module=plugins.example.sendxxx, lineno=27)
2025-01-30 18:38:09.203 | TRACE    | nonebot:_check_matcher:401 - Rule conditions not met for Matcher(type='message', module=plugins.example.sendxxx, lineno=35)
2025-01-30 18:38:09.203 | TRACE    | nonebot:_check_matcher:401 - Rule conditions not met for Matcher(type='message', module=plugins.example.sendxxx, lineno=40)
2025-01-30 18:38:09.203 | TRACE    | nonebot:_check_matcher:401 - Rule conditions not met for Matcher(type='message', module=plugins.example.reply, lineno=9)
2025-01-30 18:38:09.203 | DEBUG    | nonebot:handle_event:573 - Checking for matchers in priority 2...
2025-01-30 18:38:09.204 | TRACE    | nonebot:_check_matcher:401 - Rule conditions not met for Matcher(type='message', module=YetAnotherPicSearch.__main__, lineno=333)
2025-01-30 18:38:09.204 | DEBUG    | nonebot:handle_event:573 - Checking for matchers in priority 10...
2025-01-30 18:38:09.205 | TRACE    | nonebot:_handle_skipped:102 - Dependent(call=_poke) skipped due to [TypeMisMatch(param=event, type=PrivateMessageEvent, value=PrivateMessageEvent(telegram_model=Update(update_id=997538891, message=Message(message_id=72, message_thread_id=None, from_=User(id=7525835156, is_bot=False, first_name='?NepElder?', last_name=None, username=None, language_code='en', is_premium=None, added_to_attachment_menu=None, can_join_groups=None, can_read_all_group_messages=None, supports_inline_queries=None, can_connect_to_business=None, has_main_web_app=None), sender_chat=None, sender_boost_count=None, sender_business_bot=None, date=1738280289, business_connection_id=None, chat=Chat(id=7525835156, type='private', title=None, username=None, first_name='?NepElder?', last_name=None, is_forum=None), forward_origin=None, is_topic_message=None, is_automatic_forward=None, reply_to_message=None, external_reply=None, quote=None, reply_to_story=None, via_bot=None, edit_date=None, has_protected_content=None, is_from_offline=None, media_group_id=None, author_signature=None, text=None, entities=None, link_preview_options=None, effect_id=None, animation=None, audio=None, document=None, paid_media=None, photo=None, sticker=None, story=None, video=None, video_note=None, voice=None, caption=None, caption_entities=None, show_caption_above_media=None, has_media_spoiler=None, contact=None, dice=None, game=None, poll=None, venue=None, location=None, new_chat_members=None, left_chat_member=None, new_chat_title=None, new_chat_photo=None, delete_chat_photo=None, group_chat_created=None, supergroup_chat_created=None, channel_chat_created=None, message_auto_delete_timer_changed=None, migrate_to_chat_id=None, migrate_from_chat_id=None, pinned_message=None, invoice=None, successful_payment=None, refunded_payment=None, users_shared=None, chat_shared=None, connected_website=None, write_access_allowed=None, passport_data=None, proximity_alert_triggered=None, boost_added=None, chat_background_set=None, forum_topic_created=None, forum_topic_edited=None, forum_topic_closed=None, forum_topic_reopened=None, general_forum_topic_hidden=None, general_forum_topic_unhidden=None, giveaway_created=None, giveaway=None, giveaway_winners=None, giveaway_completed=None, video_chat_scheduled=None, video_chat_started=None, video_chat_ended=None, video_chat_participants_invited=None, web_app_data=None, reply_markup=None), edited_message=None, channel_post=None, edited_channel_post=None, business_connection=None, business_message=None, edited_business_message=None, deleted_business_messages=None, message_reaction=None, message_reaction_count=None, inline_query=None, chosen_inline_result=None, callback_query=None, shipping_query=None, pre_checkout_query=None, purchased_paid_media=None, poll=None, poll_answer=None, my_chat_member=None, chat_member=None, chat_join_request=None, chat_boost=None, removed_chat_boost=None), message_id=72, date=1738280289, chat=Chat(id=7525835156, type='private', title=None, username=None, first_name='?NepElder?', last_name=None, is_forum=None), forward_from=None, forward_from_chat=None, forward_from_message_id=None, forward_signature=None, forward_sender_name=None, forward_date=None, via_bot=None, has_protected_content=None, media_group_id=None, author_signature=None, reply_to_message=None, message=hello, original_message=hello, from_=User(id=7525835156, is_bot=False, first_name='?NepElder?', last_name=None, username=None, language_code='en', is_premium=None, added_to_attachment_menu=None, can_join_groups=None, can_read_all_group_messages=None, supports_inline_queries=None, can_connect_to_business=None, has_main_web_app=None))>]
2025-01-30 18:38:09.205 | TRACE    | nonebot:_check_matcher:401 - Rule conditions not met for Matcher(type='message', module=nonebot_plugin_status.onebot_v11, lineno=38)
2025-01-30 18:38:09.205 | TRACE    | nonebot:_check_matcher:401 - Rule conditions not met for Matcher(type='message', module=nonebot_plugin_status.common, lineno=17)
2025-01-30 18:38:09.205 | TRACE    | nonebot:_check_matcher:401 - Rule conditions not met for Matcher(type='', module=nonebot_plugin_status.onebot_v11, lineno=19)
2025-01-30 18:38:09.206 | TRACE    | nonebot:_check_matcher:401 - Rule conditions not met for Matcher(type='message', module=plugins.shutdown, lineno=17)
2025-01-30 18:38:09.206 | DEBUG    | nonebot:handle_event:601 - Checking for matchers completed
2025-01-30 18:38:24.663 | DEBUG    | nonebot:log:336 - Telegram | Calling API getUpdates
2025-01-30 18:38:24.664 | DEBUG    | nonebot:log:336 - Telegram | Calling API {'offset': '997538893', 'timeout': '30'}
2025-01-30 18:38:24.679 | DEBUG    | nonebot:log:336 - Telegram | {'message_id': 73, 'date': 1738280304, 'chat': {'id': 7525835156, 'type': 'private', 'first_name': '?NepElder?'}, 'message': [{'type': 'bot_command', 'data': {'text': '/start'}}, {'type': 'text', 'data': {'text': ''}}], 'original_message': [{'type': 'bot_command', 'data': {'text': '/start'}}, {'type': 'text', 'data': {'text': ''}}], 'from_': {'id': 7525835156, 'is_bot': False, 'first_name': '?NepElder?', 'language_code': 'en'}}
2025-01-30 18:38:24.679 | SUCCESS  | nonebot:handle_event:535 - Telegram 8186306331 | [message.private]: Message 73 from 7525835156: /start
2025-01-30 18:38:24.679 | DEBUG    | nonebot:handle_event:573 - Checking for matchers in priority 1...
2025-01-30 18:38:24.680 | TRACE    | nonebot:_check_matcher:391 - Permission conditions not met for Matcher(type='inline', module=plugins.example.inline, lineno=16)
2025-01-30 18:38:24.680 | TRACE    | nonebot:_check_matcher:391 - Permission conditions not met for Matcher(type='callback_query', module=plugins.example.inline, lineno=56)
2025-01-30 18:38:24.685 | TRACE    | nonebot:_check_matcher:401 - Rule conditions not met for Matcher(type='message', module=nonebot.plugins.echo, lineno=17)
2025-01-30 18:38:24.686 | TRACE    | nonebot:_check_matcher:401 - Rule conditions not met for Matcher(type='message', module=YetAnotherPicSearch.__main__, lineno=330)
2025-01-30 18:38:24.686 | TRACE    | nonebot:_check_matcher:401 - Rule conditions not met for Matcher(type='message', module=plugins.example.photo, lineno=13)
2025-01-30 18:38:24.686 | TRACE    | nonebot:_check_matcher:401 - Rule conditions not met for Matcher(type='message', module=plugins.example.photo, lineno=23)
2025-01-30 18:38:24.686 | TRACE    | nonebot:_check_matcher:401 - Rule conditions not met for Matcher(type='message', module=plugins.example.photo, lineno=32)
2025-01-30 18:38:24.686 | TRACE    | nonebot:_check_matcher:401 - Rule conditions not met for Matcher(type='message', module=plugins.example.photo, lineno=41)
2025-01-30 18:38:24.686 | TRACE    | nonebot:_check_matcher:401 - Rule conditions not met for Matcher(type='message', module=plugins.example.photo, lineno=55)
2025-01-30 18:38:24.686 | TRACE    | nonebot:_check_matcher:401 - Rule conditions not met for Matcher(type='message', module=plugins.example.photo, lineno=63)
2025-01-30 18:38:24.686 | TRACE    | nonebot:_check_matcher:401 - Rule conditions not met for Matcher(type='message', module=plugins.example.download, lineno=16)
2025-01-30 18:38:24.686 | TRACE    | nonebot:_check_matcher:401 - Rule conditions not met for Matcher(type='message', module=plugins.example.mention, lineno=16)
2025-01-30 18:38:24.686 | TRACE    | nonebot:_check_matcher:401 - Rule conditions not met for Matcher(type='message', module=plugins.example.sendxxx, lineno=9)
2025-01-30 18:38:24.686 | TRACE    | nonebot:_check_matcher:401 - Rule conditions not met for Matcher(type='message', module=plugins.example.sendxxx, lineno=14)
2025-01-30 18:38:24.686 | TRACE    | nonebot:_check_matcher:401 - Rule conditions not met for Matcher(type='message', module=plugins.example.sendxxx, lineno=19)
2025-01-30 18:38:24.686 | TRACE    | nonebot:_check_matcher:401 - Rule conditions not met for Matcher(type='message', module=plugins.example.sendxxx, lineno=27)
2025-01-30 18:38:24.687 | TRACE    | nonebot:_check_matcher:401 - Rule conditions not met for Matcher(type='message', module=plugins.example.sendxxx, lineno=35)
2025-01-30 18:38:24.687 | TRACE    | nonebot:_check_matcher:401 - Rule conditions not met for Matcher(type='message', module=plugins.example.sendxxx, lineno=40)
2025-01-30 18:38:24.687 | TRACE    | nonebot:_check_matcher:401 - Rule conditions not met for Matcher(type='message', module=plugins.example.reply, lineno=9)
2025-01-30 18:38:24.687 | DEBUG    | nonebot:handle_event:573 - Checking for matchers in priority 2...
2025-01-30 18:38:24.688 | TRACE    | nonebot:_check_matcher:401 - Rule conditions not met for Matcher(type='message', module=YetAnotherPicSearch.__main__, lineno=333)
2025-01-30 18:38:24.688 | DEBUG    | nonebot:handle_event:573 - Checking for matchers in priority 10...
2025-01-30 18:38:24.689 | TRACE    | nonebot:_handle_skipped:102 - Dependent(call=_poke) skipped due to [TypeMisMatch(param=event, type=PrivateMessageEvent, value=PrivateMessageEvent(telegram_model=Update(update_id=997538892, message=Message(message_id=73, message_thread_id=None, from_=User(id=7525835156, is_bot=False, first_name='?NepElder?', last_name=None, username=None, language_code='en', is_premium=None, added_to_attachment_menu=None, can_join_groups=None, can_read_all_group_messages=None, supports_inline_queries=None, can_connect_to_business=None, has_main_web_app=None), sender_chat=None, sender_boost_count=None, sender_business_bot=None, date=1738280304, business_connection_id=None, chat=Chat(id=7525835156, type='private', title=None, username=None, first_name='?NepElder?', last_name=None, is_forum=None), forward_origin=None, is_topic_message=None, is_automatic_forward=None, reply_to_message=None, external_reply=None, quote=None, reply_to_story=None, via_bot=None, edit_date=None, has_protected_content=None, is_from_offline=None, media_group_id=None, author_signature=None, text=None, entities=None, link_preview_options=None, effect_id=None, animation=None, audio=None, document=None, paid_media=None, photo=None, sticker=None, story=None, video=None, video_note=None, voice=None, caption=None, caption_entities=None, show_caption_above_media=None, has_media_spoiler=None, contact=None, dice=None, game=None, poll=None, venue=None, location=None, new_chat_members=None, left_chat_member=None, new_chat_title=None, new_chat_photo=None, delete_chat_photo=None, group_chat_created=None, supergroup_chat_created=None, channel_chat_created=None, message_auto_delete_timer_changed=None, migrate_to_chat_id=None, migrate_from_chat_id=None, pinned_message=None, invoice=None, successful_payment=None, refunded_payment=None, users_shared=None, chat_shared=None, connected_website=None, write_access_allowed=None, passport_data=None, proximity_alert_triggered=None, boost_added=None, chat_background_set=None, forum_topic_created=None, forum_topic_edited=None, forum_topic_closed=None, forum_topic_reopened=None, general_forum_topic_hidden=None, general_forum_topic_unhidden=None, giveaway_created=None, giveaway=None, giveaway_winners=None, giveaway_completed=None, video_chat_scheduled=None, video_chat_started=None, video_chat_ended=None, video_chat_participants_invited=None, web_app_data=None, reply_markup=None), edited_message=None, channel_post=None, edited_channel_post=None, business_connection=None, business_message=None, edited_business_message=None, deleted_business_messages=None, message_reaction=None, message_reaction_count=None, inline_query=None, chosen_inline_result=None, callback_query=None, shipping_query=None, pre_checkout_query=None, purchased_paid_media=None, poll=None, poll_answer=None, my_chat_member=None, chat_member=None, chat_join_request=None, chat_boost=None, removed_chat_boost=None), message_id=73, date=1738280304, chat=Chat(id=7525835156, type='private', title=None, username=None, first_name='?NepElder?', last_name=None, is_forum=None), forward_from=None, forward_from_chat=None, forward_from_message_id=None, forward_signature=None, forward_sender_name=None, forward_date=None, via_bot=None, has_protected_content=None, media_group_id=None, author_signature=None, reply_to_message=None, message=/start, original_message=/start, from_=User(id=7525835156, is_bot=False, first_name='?NepElder?', last_name=None, username=None, language_code='en', is_premium=None, added_to_attachment_menu=None, can_join_groups=None, can_read_all_group_messages=None, supports_inline_queries=None, can_connect_to_business=None, has_main_web_app=None))>]
2025-01-30 18:38:24.689 | TRACE    | nonebot:_check_matcher:401 - Rule conditions not met for Matcher(type='message', module=nonebot_plugin_status.onebot_v11, lineno=38)
2025-01-30 18:38:24.690 | TRACE    | nonebot:_check_matcher:401 - Rule conditions not met for Matcher(type='message', module=nonebot_plugin_status.common, lineno=17)
2025-01-30 18:38:24.690 | TRACE    | nonebot:_check_matcher:401 - Rule conditions not met for Matcher(type='', module=nonebot_plugin_status.onebot_v11, lineno=19)
2025-01-30 18:38:24.690 | TRACE    | nonebot:_check_matcher:401 - Rule conditions not met for Matcher(type='message', module=plugins.shutdown, lineno=17)
2025-01-30 18:38:24.690 | DEBUG    | nonebot:handle_event:601 - Checking for matchers completed
2025-01-30 18:38:27.747 | DEBUG    | nonebot:log:336 - Telegram | Calling API getUpdates
2025-01-30 18:38:27.748 | DEBUG    | nonebot:log:336 - Telegram | Calling API {'offset': '997538894', 'timeout': '30'}
2025-01-30 18:38:27.765 | DEBUG    | nonebot:log:336 - Telegram | {'message_id': 74, 'date': 1738280307, 'chat': {'id': 7525835156, 'type': 'private', 'first_name': '?NepElder?'}, 'message': [{'type': 'bot_command', 'data': {'text': '/hello'}}, {'type': 'text', 'data': {'text': ''}}], 'original_message': [{'type': 'bot_command', 'data': {'text': '/hello'}}, {'type': 'text', 'data': {'text': ''}}], 'from_': {'id': 7525835156, 'is_bot': False, 'first_name': '?NepElder?', 'language_code': 'en'}}
2025-01-30 18:38:27.766 | SUCCESS  | nonebot:handle_event:535 - Telegram 8186306331 | [message.private]: Message 74 from 7525835156: /hello
2025-01-30 18:38:27.766 | DEBUG    | nonebot:handle_event:573 - Checking for matchers in priority 1...
2025-01-30 18:38:27.767 | TRACE    | nonebot:_check_matcher:391 - Permission conditions not met for Matcher(type='inline', module=plugins.example.inline, lineno=16)
2025-01-30 18:38:27.767 | TRACE    | nonebot:_check_matcher:391 - Permission conditions not met for Matcher(type='callback_query', module=plugins.example.inline, lineno=56)
2025-01-30 18:38:27.771 | TRACE    | nonebot:_check_matcher:401 - Rule conditions not met for Matcher(type='message', module=nonebot.plugins.echo, lineno=17)
2025-01-30 18:38:27.771 | TRACE    | nonebot:_check_matcher:401 - Rule conditions not met for Matcher(type='message', module=YetAnotherPicSearch.__main__, lineno=330)
2025-01-30 18:38:27.771 | TRACE    | nonebot:_check_matcher:401 - Rule conditions not met for Matcher(type='message', module=plugins.example.photo, lineno=13)
2025-01-30 18:38:27.771 | TRACE    | nonebot:_check_matcher:401 - Rule conditions not met for Matcher(type='message', module=plugins.example.photo, lineno=23)
2025-01-30 18:38:27.771 | TRACE    | nonebot:_check_matcher:401 - Rule conditions not met for Matcher(type='message', module=plugins.example.photo, lineno=32)
2025-01-30 18:38:27.771 | TRACE    | nonebot:_check_matcher:401 - Rule conditions not met for Matcher(type='message', module=plugins.example.photo, lineno=41)
2025-01-30 18:38:27.771 | TRACE    | nonebot:_check_matcher:401 - Rule conditions not met for Matcher(type='message', module=plugins.example.photo, lineno=55)
2025-01-30 18:38:27.771 | TRACE    | nonebot:_check_matcher:401 - Rule conditions not met for Matcher(type='message', module=plugins.example.photo, lineno=63)
2025-01-30 18:38:27.771 | TRACE    | nonebot:_check_matcher:401 - Rule conditions not met for Matcher(type='message', module=plugins.example.download, lineno=16)
2025-01-30 18:38:27.771 | TRACE    | nonebot:_check_matcher:401 - Rule conditions not met for Matcher(type='message', module=plugins.example.mention, lineno=16)
2025-01-30 18:38:27.772 | TRACE    | nonebot:_check_matcher:401 - Rule conditions not met for Matcher(type='message', module=plugins.example.sendxxx, lineno=9)
2025-01-30 18:38:27.772 | TRACE    | nonebot:_check_matcher:401 - Rule conditions not met for Matcher(type='message', module=plugins.example.sendxxx, lineno=14)
2025-01-30 18:38:27.772 | TRACE    | nonebot:_check_matcher:401 - Rule conditions not met for Matcher(type='message', module=plugins.example.sendxxx, lineno=19)
2025-01-30 18:38:27.772 | TRACE    | nonebot:_check_matcher:401 - Rule conditions not met for Matcher(type='message', module=plugins.example.sendxxx, lineno=27)
2025-01-30 18:38:27.772 | TRACE    | nonebot:_check_matcher:401 - Rule conditions not met for Matcher(type='message', module=plugins.example.sendxxx, lineno=35)
2025-01-30 18:38:27.772 | TRACE    | nonebot:_check_matcher:401 - Rule conditions not met for Matcher(type='message', module=plugins.example.sendxxx, lineno=40)
2025-01-30 18:38:27.772 | TRACE    | nonebot:_check_matcher:401 - Rule conditions not met for Matcher(type='message', module=plugins.example.reply, lineno=9)
2025-01-30 18:38:27.772 | DEBUG    | nonebot:handle_event:573 - Checking for matchers in priority 2...
2025-01-30 18:38:27.773 | TRACE    | nonebot:_check_matcher:401 - Rule conditions not met for Matcher(type='message', module=YetAnotherPicSearch.__main__, lineno=333)
2025-01-30 18:38:27.773 | DEBUG    | nonebot:handle_event:573 - Checking for matchers in priority 10...
2025-01-30 18:38:27.774 | TRACE    | nonebot:_handle_skipped:102 - Dependent(call=_poke) skipped due to [TypeMisMatch(param=event, type=PrivateMessageEvent, value=PrivateMessageEvent(telegram_model=Update(update_id=997538893, message=Message(message_id=74, message_thread_id=None, from_=User(id=7525835156, is_bot=False, first_name='?NepElder?', last_name=None, username=None, language_code='en', is_premium=None, added_to_attachment_menu=None, can_join_groups=None, can_read_all_group_messages=None, supports_inline_queries=None, can_connect_to_business=None, has_main_web_app=None), sender_chat=None, sender_boost_count=None, sender_business_bot=None, date=1738280307, business_connection_id=None, chat=Chat(id=7525835156, type='private', title=None, username=None, first_name='?NepElder?', last_name=None, is_forum=None), forward_origin=None, is_topic_message=None, is_automatic_forward=None, reply_to_message=None, external_reply=None, quote=None, reply_to_story=None, via_bot=None, edit_date=None, has_protected_content=None, is_from_offline=None, media_group_id=None, author_signature=None, text=None, entities=None, link_preview_options=None, effect_id=None, animation=None, audio=None, document=None, paid_media=None, photo=None, sticker=None, story=None, video=None, video_note=None, voice=None, caption=None, caption_entities=None, show_caption_above_media=None, has_media_spoiler=None, contact=None, dice=None, game=None, poll=None, venue=None, location=None, new_chat_members=None, left_chat_member=None, new_chat_title=None, new_chat_photo=None, delete_chat_photo=None, group_chat_created=None, supergroup_chat_created=None, channel_chat_created=None, message_auto_delete_timer_changed=None, migrate_to_chat_id=None, migrate_from_chat_id=None, pinned_message=None, invoice=None, successful_payment=None, refunded_payment=None, users_shared=None, chat_shared=None, connected_website=None, write_access_allowed=None, passport_data=None, proximity_alert_triggered=None, boost_added=None, chat_background_set=None, forum_topic_created=None, forum_topic_edited=None, forum_topic_closed=None, forum_topic_reopened=None, general_forum_topic_hidden=None, general_forum_topic_unhidden=None, giveaway_created=None, giveaway=None, giveaway_winners=None, giveaway_completed=None, video_chat_scheduled=None, video_chat_started=None, video_chat_ended=None, video_chat_participants_invited=None, web_app_data=None, reply_markup=None), edited_message=None, channel_post=None, edited_channel_post=None, business_connection=None, business_message=None, edited_business_message=None, deleted_business_messages=None, message_reaction=None, message_reaction_count=None, inline_query=None, chosen_inline_result=None, callback_query=None, shipping_query=None, pre_checkout_query=None, purchased_paid_media=None, poll=None, poll_answer=None, my_chat_member=None, chat_member=None, chat_join_request=None, chat_boost=None, removed_chat_boost=None), message_id=74, date=1738280307, chat=Chat(id=7525835156, type='private', title=None, username=None, first_name='?NepElder?', last_name=None, is_forum=None), forward_from=None, forward_from_chat=None, forward_from_message_id=None, forward_signature=None, forward_sender_name=None, forward_date=None, via_bot=None, has_protected_content=None, media_group_id=None, author_signature=None, reply_to_message=None, message=/hello, original_message=/hello, from_=User(id=7525835156, is_bot=False, first_name='?NepElder?', last_name=None, username=None, language_code='en', is_premium=None, added_to_attachment_menu=None, can_join_groups=None, can_read_all_group_messages=None, supports_inline_queries=None, can_connect_to_business=None, has_main_web_app=None))>]
2025-01-30 18:38:27.774 | TRACE    | nonebot:_check_matcher:401 - Rule conditions not met for Matcher(type='message', module=nonebot_plugin_status.onebot_v11, lineno=38)
2025-01-30 18:38:27.774 | TRACE    | nonebot:_check_matcher:401 - Rule conditions not met for Matcher(type='message', module=nonebot_plugin_status.common, lineno=17)
2025-01-30 18:38:27.774 | TRACE    | nonebot:_check_matcher:401 - Rule conditions not met for Matcher(type='', module=nonebot_plugin_status.onebot_v11, lineno=19)
2025-01-30 18:38:27.775 | TRACE    | nonebot:_check_matcher:401 - Rule conditions not met for Matcher(type='message', module=plugins.shutdown, lineno=17)
2025-01-30 18:38:27.775 | DEBUG    | nonebot:handle_event:601 - Checking for matchers completed
2025-01-30 18:38:58.200 | DEBUG    | nonebot:log:336 - Telegram | Calling API getUpdates
2025-01-30 18:38:58.200 | DEBUG    | nonebot:log:336 - Telegram | Calling API {'offset': '997538894', 'timeout': '30'}
2025-01-30 18:39:28.889 | DEBUG    | nonebot:log:336 - Telegram | Calling API getUpdates
2025-01-30 18:39:28.889 | DEBUG    | nonebot:log:336 - Telegram | Calling API {'offset': '997538894', 'timeout': '30'}
2025-01-30 18:39:59.327 | DEBUG    | nonebot:log:336 - Telegram | Calling API getUpdates
2025-01-30 18:39:59.327 | DEBUG    | nonebot:log:336 - Telegram | Calling API {'offset': '997538894', 'timeout': '30'}
2025-01-30 18:40:29.842 | DEBUG    | nonebot:log:336 - Telegram | Calling API getUpdates
2025-01-30 18:40:29.843 | DEBUG    | nonebot:log:336 - Telegram | Calling API {'offset': '997538894', 'timeout': '30'}
2025-01-30 18:41:00.269 | DEBUG    | nonebot:log:336 - Telegram | Calling API getUpdates
2025-01-30 18:41:00.270 | DEBUG    | nonebot:log:336 - Telegram | Calling API {'offset': '997538894', 'timeout': '30'}
2025-01-30 18:41:30.646 | DEBUG    | nonebot:log:336 - Telegram | Calling API getUpdates
2025-01-30 18:41:30.646 | DEBUG    | nonebot:log:336 - Telegram | Calling API {'offset': '997538894', 'timeout': '30'}
2025-01-30 18:42:01.499 | DEBUG    | nonebot:log:336 - Telegram | Calling API getUpdates
2025-01-30 18:42:01.500 | DEBUG    | nonebot:log:336 - Telegram | Calling API {'offset': '997538894', 'timeout': '30'}
2025-01-30 19:29:25.631 | INFO     | uvicorn:shutdown:263 - Shutting down
2025-01-30 19:29:25.734 | INFO     | uvicorn:shutdown:67 - Waiting for application shutdown.
2025-01-30 19:29:27.588 | SUCCESS  | nonebot:load_plugin:188 - Succeeded to load plugin "nonebot_plugin_logpile"
2025-01-30 19:29:27.591 | SUCCESS  | nonebot:load_plugin:188 - Succeeded to load plugin "nonebot_plugin_waiter"
2025-01-30 19:29:27.622 | SUCCESS  | nonebot:load_plugin:188 - Succeeded to load plugin "nonebot_plugin_alconna:uniseg" from "nonebot_plugin_alconna.uniseg"
2025-01-30 19:29:27.649 | SUCCESS  | nonebot:load_plugin:188 - Succeeded to load plugin "nonebot_plugin_alconna"
2025-01-30 19:29:27.763 | TRACE    | nonebot:new:323 - Define new matcher Matcher(type='message', module=YetAnotherPicSearch.__main__, lineno=330)
2025-01-30 19:29:27.763 | TRACE    | nonebot:new:323 - Define new matcher Matcher(type='message', module=YetAnotherPicSearch.__main__, lineno=333)
2025-01-30 19:29:27.765 | SUCCESS  | nonebot:load_plugin:188 - Succeeded to load plugin "YetAnotherPicSearch"
2025-01-30 19:29:27.767 | TRACE    | nonebot:new:323 - Define new matcher Matcher(type='inline', module=plugins.example.inline, lineno=16)
2025-01-30 19:29:27.767 | TRACE    | nonebot:new:323 - Define new matcher Matcher(type='inline', module=plugins.example.inline, lineno=54)
2025-01-30 19:29:27.768 | SUCCESS  | nonebot:load_plugin:188 - Succeeded to load plugin "inline" from "plugins.example.inline"
2025-01-30 19:29:27.768 | TRACE    | nonebot:new:323 - Define new matcher Matcher(type='message', module=plugins.example.download, lineno=16)
2025-01-30 19:29:27.768 | SUCCESS  | nonebot:load_plugin:188 - Succeeded to load plugin "download" from "plugins.example.download"
2025-01-30 19:29:27.769 | TRACE    | nonebot:new:323 - Define new matcher Matcher(type='message', module=plugins.example.mention, lineno=16)
2025-01-30 19:29:27.769 | SUCCESS  | nonebot:load_plugin:188 - Succeeded to load plugin "mention" from "plugins.example.mention"
2025-01-30 19:29:27.770 | TRACE    | nonebot:new:323 - Define new matcher Matcher(type='message', module=plugins.example.reply, lineno=9)
2025-01-30 19:29:27.770 | SUCCESS  | nonebot:load_plugin:188 - Succeeded to load plugin "reply" from "plugins.example.reply"
2025-01-30 19:29:27.771 | TRACE    | nonebot:new:323 - Define new matcher Matcher(type='message', module=plugins.example.photo, lineno=13)
2025-01-30 19:29:27.771 | TRACE    | nonebot:new:323 - Define new matcher Matcher(type='message', module=plugins.example.photo, lineno=23)
2025-01-30 19:29:27.771 | TRACE    | nonebot:new:323 - Define new matcher Matcher(type='message', module=plugins.example.photo, lineno=32)
2025-01-30 19:29:27.771 | TRACE    | nonebot:new:323 - Define new matcher Matcher(type='message', module=plugins.example.photo, lineno=41)
2025-01-30 19:29:27.771 | TRACE    | nonebot:new:323 - Define new matcher Matcher(type='message', module=plugins.example.photo, lineno=55)
2025-01-30 19:29:27.771 | TRACE    | nonebot:new:323 - Define new matcher Matcher(type='message', module=plugins.example.photo, lineno=63)
2025-01-30 19:29:27.771 | SUCCESS  | nonebot:load_plugin:188 - Succeeded to load plugin "photo" from "plugins.example.photo"
2025-01-30 19:29:27.772 | TRACE    | nonebot:new:323 - Define new matcher Matcher(type='message', module=plugins.example.sendxxx, lineno=9)
2025-01-30 19:29:27.772 | TRACE    | nonebot:new:323 - Define new matcher Matcher(type='message', module=plugins.example.sendxxx, lineno=14)
2025-01-30 19:29:27.772 | TRACE    | nonebot:new:323 - Define new matcher Matcher(type='message', module=plugins.example.sendxxx, lineno=19)
2025-01-30 19:29:27.773 | TRACE    | nonebot:new:323 - Define new matcher Matcher(type='message', module=plugins.example.sendxxx, lineno=27)
2025-01-30 19:29:27.773 | TRACE    | nonebot:new:323 - Define new matcher Matcher(type='message', module=plugins.example.sendxxx, lineno=35)
2025-01-30 19:29:27.773 | TRACE    | nonebot:new:323 - Define new matcher Matcher(type='message', module=plugins.example.sendxxx, lineno=40)
2025-01-30 19:29:27.773 | SUCCESS  | nonebot:load_plugin:188 - Succeeded to load plugin "sendxxx" from "plugins.example.sendxxx"
2025-01-30 19:29:27.773 | WARNING  | __main__:<module>:18 - Always use `nb run` to start the bot instead of manually running!
2025-01-30 19:29:27.773 | SUCCESS  | nonebot:run:336 - Running NoneBot...
2025-01-30 19:29:27.773 | SUCCESS  | nonebot:run:117 - Loaded adapters: Telegram
2025-01-30 19:29:27.789 | INFO     | uvicorn:_serve:83 - Started server process [14015]
2025-01-30 19:29:27.790 | INFO     | uvicorn:startup:48 - Waiting for application startup.
2025-01-30 19:29:27.791 | DEBUG    | nonebot:log:336 - Telegram | Calling API getMe
2025-01-30 19:29:27.791 | DEBUG    | nonebot:log:336 - Telegram | Calling API {}
2025-01-30 19:29:27.823 | INFO     | uvicorn:startup:62 - Application startup complete.
2025-01-30 19:29:27.823 | INFO     | uvicorn:_log_started_message:215 - Uvicorn running on http://127.0.0.1:8080 (Press CTRL+C to quit)
2025-01-30 19:29:28.492 | INFO     | nonebot:log:336 - Telegram | Delete old webhook
2025-01-30 19:29:28.493 | DEBUG    | nonebot:log:336 - Telegram | Calling API deleteWebhook
2025-01-30 19:29:28.494 | DEBUG    | nonebot:log:336 - Telegram | Calling API {}
2025-01-30 19:29:29.760 | INFO     | nonebot:log:336 - Telegram | Start poll
2025-01-30 19:29:29.775 | DEBUG    | nonebot:log:336 - Telegram | Calling API getUpdates
2025-01-30 19:29:29.776 | DEBUG    | nonebot:log:336 - Telegram | Calling API {'timeout': '30'}
2025-01-30 19:29:30.303 | DEBUG    | nonebot:log:336 - Telegram | Calling API getUpdates
2025-01-30 19:29:30.303 | DEBUG    | nonebot:log:336 - Telegram | Calling API {'offset': '997538894', 'timeout': '30'}
2025-01-30 19:29:30.836 | DEBUG    | nonebot:log:336 - Telegram | Calling API getUpdates
2025-01-30 19:29:30.837 | DEBUG    | nonebot:log:336 - Telegram | Calling API {'offset': '997538895', 'timeout': '30'}
2025-01-30 19:29:30.857 | DEBUG    | nonebot:log:336 - Telegram | {'message_id': 3935, 'date': 1738283349, 'chat': {'id': -1002494975373, 'type': 'supergroup', 'title': 'Happy Sleepy Gentleman'}, 'message': [{'type': 'mention', 'data': {'text': '@LothricGreatSword_test_001_bot'}}, {'type': 'text', 'data': {'text': ' hello'}}], 'original_message': [{'type': 'mention', 'data': {'text': '@LothricGreatSword_test_001_bot'}}, {'type': 'text', 'data': {'text': ' hello'}}], 'from_': {'id': 7525835156, 'is_bot': False, 'first_name': '?NepElder?', 'language_code': 'en'}}
2025-01-30 19:29:30.857 | SUCCESS  | nonebot:handle_event:535 - Telegram 8186306331 | [message.group]: Message 3935 from 7525835156@[Chat -1002494975373]: hello
2025-01-30 19:29:30.858 | DEBUG    | nonebot:handle_event:573 - Checking for matchers in priority 1...
2025-01-30 19:29:30.858 | TRACE    | nonebot:_check_matcher:391 - Permission conditions not met for Matcher(type='inline', module=plugins.example.inline, lineno=16)
2025-01-30 19:29:30.859 | TRACE    | nonebot:_check_matcher:391 - Permission conditions not met for Matcher(type='inline', module=plugins.example.inline, lineno=54)
2025-01-30 19:29:30.883 | TRACE    | nonebot:_check_matcher:401 - Rule conditions not met for Matcher(type='message', module=nonebot.plugins.echo, lineno=17)
2025-01-30 19:29:30.883 | TRACE    | nonebot:_check_matcher:401 - Rule conditions not met for Matcher(type='message', module=YetAnotherPicSearch.__main__, lineno=330)
2025-01-30 19:29:30.883 | TRACE    | nonebot:_check_matcher:401 - Rule conditions not met for Matcher(type='message', module=plugins.example.download, lineno=16)
2025-01-30 19:29:30.883 | TRACE    | nonebot:_check_matcher:401 - Rule conditions not met for Matcher(type='message', module=plugins.example.mention, lineno=16)
2025-01-30 19:29:30.883 | TRACE    | nonebot:_check_matcher:401 - Rule conditions not met for Matcher(type='message', module=plugins.example.reply, lineno=9)
2025-01-30 19:29:30.883 | TRACE    | nonebot:_check_matcher:401 - Rule conditions not met for Matcher(type='message', module=plugins.example.photo, lineno=13)
2025-01-30 19:29:30.884 | TRACE    | nonebot:_check_matcher:401 - Rule conditions not met for Matcher(type='message', module=plugins.example.photo, lineno=23)
2025-01-30 19:29:30.884 | TRACE    | nonebot:_check_matcher:401 - Rule conditions not met for Matcher(type='message', module=plugins.example.photo, lineno=32)
2025-01-30 19:29:30.884 | TRACE    | nonebot:_check_matcher:401 - Rule conditions not met for Matcher(type='message', module=plugins.example.photo, lineno=41)
2025-01-30 19:29:30.884 | TRACE    | nonebot:_check_matcher:401 - Rule conditions not met for Matcher(type='message', module=plugins.example.photo, lineno=55)
2025-01-30 19:29:30.884 | TRACE    | nonebot:_check_matcher:401 - Rule conditions not met for Matcher(type='message', module=plugins.example.photo, lineno=63)
2025-01-30 19:29:30.884 | TRACE    | nonebot:_check_matcher:401 - Rule conditions not met for Matcher(type='message', module=plugins.example.sendxxx, lineno=9)
2025-01-30 19:29:30.884 | TRACE    | nonebot:_check_matcher:401 - Rule conditions not met for Matcher(type='message', module=plugins.example.sendxxx, lineno=14)
2025-01-30 19:29:30.884 | TRACE    | nonebot:_check_matcher:401 - Rule conditions not met for Matcher(type='message', module=plugins.example.sendxxx, lineno=19)
2025-01-30 19:29:30.884 | TRACE    | nonebot:_check_matcher:401 - Rule conditions not met for Matcher(type='message', module=plugins.example.sendxxx, lineno=27)
2025-01-30 19:29:30.884 | TRACE    | nonebot:_check_matcher:401 - Rule conditions not met for Matcher(type='message', module=plugins.example.sendxxx, lineno=35)
2025-01-30 19:29:30.884 | TRACE    | nonebot:_check_matcher:401 - Rule conditions not met for Matcher(type='message', module=plugins.example.sendxxx, lineno=40)
2025-01-30 19:29:30.884 | DEBUG    | nonebot:handle_event:573 - Checking for matchers in priority 2...
2025-01-30 19:29:30.888 | TRACE    | nonebot:_check_matcher:401 - Rule conditions not met for Matcher(type='message', module=YetAnotherPicSearch.__main__, lineno=333)
2025-01-30 19:29:30.888 | DEBUG    | nonebot:handle_event:573 - Checking for matchers in priority 10...
2025-01-30 19:29:30.889 | TRACE    | nonebot:_handle_skipped:102 - Dependent(call=_poke) skipped due to [TypeMisMatch(param=event, type=PrivateMessageEvent, value=GroupMessageEvent(telegram_model=Update(update_id=997538894, message=Message(message_id=3935, message_thread_id=None, from_=User(id=7525835156, is_bot=False, first_name='?NepElder?', last_name=None, username=None, language_code='en', is_premium=None, added_to_attachment_menu=None, can_join_groups=None, can_read_all_group_messages=None, supports_inline_queries=None, can_connect_to_business=None, has_main_web_app=None), sender_chat=None, sender_boost_count=None, sender_business_bot=None, date=1738283349, business_connection_id=None, chat=Chat(id=-1002494975373, type='supergroup', title='Happy Sleepy Gentleman', username=None, first_name=None, last_name=None, is_forum=None), forward_origin=None, is_topic_message=None, is_automatic_forward=None, reply_to_message=None, external_reply=None, quote=None, reply_to_story=None, via_bot=None, edit_date=None, has_protected_content=None, is_from_offline=None, media_group_id=None, author_signature=None, text=None, entities=None, link_preview_options=None, effect_id=None, animation=None, audio=None, document=None, paid_media=None, photo=None, sticker=None, story=None, video=None, video_note=None, voice=None, caption=None, caption_entities=None, show_caption_above_media=None, has_media_spoiler=None, contact=None, dice=None, game=None, poll=None, venue=None, location=None, new_chat_members=None, left_chat_member=None, new_chat_title=None, new_chat_photo=None, delete_chat_photo=None, group_chat_created=None, supergroup_chat_created=None, channel_chat_created=None, message_auto_delete_timer_changed=None, migrate_to_chat_id=None, migrate_from_chat_id=None, pinned_message=None, invoice=None, successful_payment=None, refunded_payment=None, users_shared=None, chat_shared=None, connected_website=None, write_access_allowed=None, passport_data=None, proximity_alert_triggered=None, boost_added=None, chat_background_set=None, forum_topic_created=None, forum_topic_edited=None, forum_topic_closed=None, forum_topic_reopened=None, general_forum_topic_hidden=None, general_forum_topic_unhidden=None, giveaway_created=None, giveaway=None, giveaway_winners=None, giveaway_completed=None, video_chat_scheduled=None, video_chat_started=None, video_chat_ended=None, video_chat_participants_invited=None, web_app_data=None, reply_markup=None), edited_message=None, channel_post=None, edited_channel_post=None, business_connection=None, business_message=None, edited_business_message=None, deleted_business_messages=None, message_reaction=None, message_reaction_count=None, inline_query=None, chosen_inline_result=None, callback_query=None, shipping_query=None, pre_checkout_query=None, purchased_paid_media=None, poll=None, poll_answer=None, my_chat_member=None, chat_member=None, chat_join_request=None, chat_boost=None, removed_chat_boost=None), message_id=3935, date=1738283349, chat=Chat(id=-1002494975373, type='supergroup', title='Happy Sleepy Gentleman', username=None, first_name=None, last_name=None, is_forum=None), forward_from=None, forward_from_chat=None, forward_from_message_id=None, forward_signature=None, forward_sender_name=None, forward_date=None, via_bot=None, has_protected_content=None, media_group_id=None, author_signature=None, reply_to_message=None, message=hello, original_message=@LothricGreatSword_test_001_bot hello, from_=User(id=7525835156, is_bot=False, first_name='?NepElder?', last_name=None, username=None, language_code='en', is_premium=None, added_to_attachment_menu=None, can_join_groups=None, can_read_all_group_messages=None, supports_inline_queries=None, can_connect_to_business=None, has_main_web_app=None), sender_chat=None)>]
2025-01-30 19:29:30.890 | TRACE    | nonebot:_check_matcher:401 - Rule conditions not met for Matcher(type='message', module=nonebot_plugin_status.onebot_v11, lineno=38)
2025-01-30 19:29:30.892 | TRACE    | nonebot:_check_matcher:401 - Rule conditions not met for Matcher(type='message', module=nonebot_plugin_status.common, lineno=17)
2025-01-30 19:29:30.892 | TRACE    | nonebot:_check_matcher:401 - Rule conditions not met for Matcher(type='', module=nonebot_plugin_status.onebot_v11, lineno=19)
2025-01-30 19:29:30.893 | TRACE    | nonebot:_check_matcher:401 - Rule conditions not met for Matcher(type='message', module=plugins.shutdown, lineno=17)
2025-01-30 19:29:30.893 | DEBUG    | nonebot:handle_event:601 - Checking for matchers completed
2025-01-30 19:29:36.010 | DEBUG    | nonebot:log:336 - Telegram | Calling API getUpdates
2025-01-30 19:29:36.011 | DEBUG    | nonebot:log:336 - Telegram | Calling API {'offset': '997538896', 'timeout': '30'}
2025-01-30 19:29:36.023 | DEBUG    | nonebot:log:336 - Telegram | {'message_id': 3936, 'date': 1738283375, 'chat': {'id': -1002494975373, 'type': 'supergroup', 'title': 'Happy Sleepy Gentleman'}, 'message': [{'type': 'mention', 'data': {'text': '@LothricGreatSword_test_001_bot'}}, {'type': 'text', 'data': {'text': ' hello'}}], 'original_message': [{'type': 'mention', 'data': {'text': '@LothricGreatSword_test_001_bot'}}, {'type': 'text', 'data': {'text': ' hello'}}], 'from_': {'id': 7525835156, 'is_bot': False, 'first_name': '?NepElder?', 'language_code': 'en'}}
2025-01-30 19:29:36.023 | SUCCESS  | nonebot:handle_event:535 - Telegram 8186306331 | [message.group]: Message 3936 from 7525835156@[Chat -1002494975373]: hello
2025-01-30 19:29:36.024 | DEBUG    | nonebot:handle_event:573 - Checking for matchers in priority 1...
2025-01-30 19:29:36.024 | TRACE    | nonebot:_check_matcher:391 - Permission conditions not met for Matcher(type='inline', module=plugins.example.inline, lineno=16)
2025-01-30 19:29:36.024 | TRACE    | nonebot:_check_matcher:391 - Permission conditions not met for Matcher(type='inline', module=plugins.example.inline, lineno=54)
2025-01-30 19:29:36.029 | TRACE    | nonebot:_check_matcher:401 - Rule conditions not met for Matcher(type='message', module=nonebot.plugins.echo, lineno=17)
2025-01-30 19:29:36.029 | TRACE    | nonebot:_check_matcher:401 - Rule conditions not met for Matcher(type='message', module=YetAnotherPicSearch.__main__, lineno=330)
2025-01-30 19:29:36.029 | TRACE    | nonebot:_check_matcher:401 - Rule conditions not met for Matcher(type='message', module=plugins.example.download, lineno=16)
2025-01-30 19:29:36.029 | TRACE    | nonebot:_check_matcher:401 - Rule conditions not met for Matcher(type='message', module=plugins.example.mention, lineno=16)
2025-01-30 19:29:36.029 | TRACE    | nonebot:_check_matcher:401 - Rule conditions not met for Matcher(type='message', module=plugins.example.reply, lineno=9)
2025-01-30 19:29:36.029 | TRACE    | nonebot:_check_matcher:401 - Rule conditions not met for Matcher(type='message', module=plugins.example.photo, lineno=13)
2025-01-30 19:29:36.029 | TRACE    | nonebot:_check_matcher:401 - Rule conditions not met for Matcher(type='message', module=plugins.example.photo, lineno=23)
2025-01-30 19:29:36.029 | TRACE    | nonebot:_check_matcher:401 - Rule conditions not met for Matcher(type='message', module=plugins.example.photo, lineno=32)
2025-01-30 19:29:36.029 | TRACE    | nonebot:_check_matcher:401 - Rule conditions not met for Matcher(type='message', module=plugins.example.photo, lineno=41)
2025-01-30 19:29:36.029 | TRACE    | nonebot:_check_matcher:401 - Rule conditions not met for Matcher(type='message', module=plugins.example.photo, lineno=55)
2025-01-30 19:29:36.029 | TRACE    | nonebot:_check_matcher:401 - Rule conditions not met for Matcher(type='message', module=plugins.example.photo, lineno=63)
2025-01-30 19:29:36.029 | TRACE    | nonebot:_check_matcher:401 - Rule conditions not met for Matcher(type='message', module=plugins.example.sendxxx, lineno=9)
2025-01-30 19:29:36.030 | TRACE    | nonebot:_check_matcher:401 - Rule conditions not met for Matcher(type='message', module=plugins.example.sendxxx, lineno=14)
2025-01-30 19:29:36.030 | TRACE    | nonebot:_check_matcher:401 - Rule conditions not met for Matcher(type='message', module=plugins.example.sendxxx, lineno=19)
2025-01-30 19:29:36.030 | TRACE    | nonebot:_check_matcher:401 - Rule conditions not met for Matcher(type='message', module=plugins.example.sendxxx, lineno=27)
2025-01-30 19:29:36.030 | TRACE    | nonebot:_check_matcher:401 - Rule conditions not met for Matcher(type='message', module=plugins.example.sendxxx, lineno=35)
2025-01-30 19:29:36.030 | TRACE    | nonebot:_check_matcher:401 - Rule conditions not met for Matcher(type='message', module=plugins.example.sendxxx, lineno=40)
2025-01-30 19:29:36.030 | DEBUG    | nonebot:handle_event:573 - Checking for matchers in priority 2...
2025-01-30 19:29:36.031 | TRACE    | nonebot:_check_matcher:401 - Rule conditions not met for Matcher(type='message', module=YetAnotherPicSearch.__main__, lineno=333)
2025-01-30 19:29:36.031 | DEBUG    | nonebot:handle_event:573 - Checking for matchers in priority 10...
2025-01-30 19:29:36.032 | TRACE    | nonebot:_handle_skipped:102 - Dependent(call=_poke) skipped due to [TypeMisMatch(param=event, type=PrivateMessageEvent, value=GroupMessageEvent(telegram_model=Update(update_id=997538895, message=Message(message_id=3936, message_thread_id=None, from_=User(id=7525835156, is_bot=False, first_name='?NepElder?', last_name=None, username=None, language_code='en', is_premium=None, added_to_attachment_menu=None, can_join_groups=None, can_read_all_group_messages=None, supports_inline_queries=None, can_connect_to_business=None, has_main_web_app=None), sender_chat=None, sender_boost_count=None, sender_business_bot=None, date=1738283375, business_connection_id=None, chat=Chat(id=-1002494975373, type='supergroup', title='Happy Sleepy Gentleman', username=None, first_name=None, last_name=None, is_forum=None), forward_origin=None, is_topic_message=None, is_automatic_forward=None, reply_to_message=None, external_reply=None, quote=None, reply_to_story=None, via_bot=None, edit_date=None, has_protected_content=None, is_from_offline=None, media_group_id=None, author_signature=None, text=None, entities=None, link_preview_options=None, effect_id=None, animation=None, audio=None, document=None, paid_media=None, photo=None, sticker=None, story=None, video=None, video_note=None, voice=None, caption=None, caption_entities=None, show_caption_above_media=None, has_media_spoiler=None, contact=None, dice=None, game=None, poll=None, venue=None, location=None, new_chat_members=None, left_chat_member=None, new_chat_title=None, new_chat_photo=None, delete_chat_photo=None, group_chat_created=None, supergroup_chat_created=None, channel_chat_created=None, message_auto_delete_timer_changed=None, migrate_to_chat_id=None, migrate_from_chat_id=None, pinned_message=None, invoice=None, successful_payment=None, refunded_payment=None, users_shared=None, chat_shared=None, connected_website=None, write_access_allowed=None, passport_data=None, proximity_alert_triggered=None, boost_added=None, chat_background_set=None, forum_topic_created=None, forum_topic_edited=None, forum_topic_closed=None, forum_topic_reopened=None, general_forum_topic_hidden=None, general_forum_topic_unhidden=None, giveaway_created=None, giveaway=None, giveaway_winners=None, giveaway_completed=None, video_chat_scheduled=None, video_chat_started=None, video_chat_ended=None, video_chat_participants_invited=None, web_app_data=None, reply_markup=None), edited_message=None, channel_post=None, edited_channel_post=None, business_connection=None, business_message=None, edited_business_message=None, deleted_business_messages=None, message_reaction=None, message_reaction_count=None, inline_query=None, chosen_inline_result=None, callback_query=None, shipping_query=None, pre_checkout_query=None, purchased_paid_media=None, poll=None, poll_answer=None, my_chat_member=None, chat_member=None, chat_join_request=None, chat_boost=None, removed_chat_boost=None), message_id=3936, date=1738283375, chat=Chat(id=-1002494975373, type='supergroup', title='Happy Sleepy Gentleman', username=None, first_name=None, last_name=None, is_forum=None), forward_from=None, forward_from_chat=None, forward_from_message_id=None, forward_signature=None, forward_sender_name=None, forward_date=None, via_bot=None, has_protected_content=None, media_group_id=None, author_signature=None, reply_to_message=None, message=hello, original_message=@LothricGreatSword_test_001_bot hello, from_=User(id=7525835156, is_bot=False, first_name='?NepElder?', last_name=None, username=None, language_code='en', is_premium=None, added_to_attachment_menu=None, can_join_groups=None, can_read_all_group_messages=None, supports_inline_queries=None, can_connect_to_business=None, has_main_web_app=None), sender_chat=None)>]
2025-01-30 19:29:36.032 | TRACE    | nonebot:_check_matcher:401 - Rule conditions not met for Matcher(type='message', module=nonebot_plugin_status.onebot_v11, lineno=38)
2025-01-30 19:29:36.033 | TRACE    | nonebot:_check_matcher:401 - Rule conditions not met for Matcher(type='message', module=nonebot_plugin_status.common, lineno=17)
2025-01-30 19:29:36.033 | TRACE    | nonebot:_check_matcher:401 - Rule conditions not met for Matcher(type='', module=nonebot_plugin_status.onebot_v11, lineno=19)
2025-01-30 19:29:36.034 | TRACE    | nonebot:_check_matcher:401 - Rule conditions not met for Matcher(type='message', module=plugins.shutdown, lineno=17)
2025-01-30 19:29:36.034 | DEBUG    | nonebot:handle_event:601 - Checking for matchers completed
2025-01-30 19:29:46.143 | DEBUG    | nonebot:log:336 - Telegram | Calling API getUpdates
2025-01-30 19:29:46.143 | DEBUG    | nonebot:log:336 - Telegram | Calling API {'offset': '997538897', 'timeout': '30'}
2025-01-30 19:29:46.156 | DEBUG    | nonebot:log:336 - Telegram | {'message_id': 75, 'date': 1738283386, 'chat': {'id': 7525835156, 'type': 'private', 'first_name': '?NepElder?'}, 'message': [{'type': 'text', 'data': {'text': 'hello'}}], 'original_message': [{'type': 'text', 'data': {'text': 'hello'}}], 'from_': {'id': 7525835156, 'is_bot': False, 'first_name': '?NepElder?', 'language_code': 'en'}}
2025-01-30 19:29:46.156 | SUCCESS  | nonebot:handle_event:535 - Telegram 8186306331 | [message.private]: Message 75 from 7525835156: hello
2025-01-30 19:29:46.156 | DEBUG    | nonebot:handle_event:573 - Checking for matchers in priority 1...
2025-01-30 19:29:46.157 | TRACE    | nonebot:_check_matcher:391 - Permission conditions not met for Matcher(type='inline', module=plugins.example.inline, lineno=16)
2025-01-30 19:29:46.157 | TRACE    | nonebot:_check_matcher:391 - Permission conditions not met for Matcher(type='inline', module=plugins.example.inline, lineno=54)
2025-01-30 19:29:46.163 | TRACE    | nonebot:_check_matcher:401 - Rule conditions not met for Matcher(type='message', module=nonebot.plugins.echo, lineno=17)
2025-01-30 19:29:46.163 | TRACE    | nonebot:_check_matcher:401 - Rule conditions not met for Matcher(type='message', module=YetAnotherPicSearch.__main__, lineno=330)
2025-01-30 19:29:46.163 | TRACE    | nonebot:_check_matcher:401 - Rule conditions not met for Matcher(type='message', module=plugins.example.download, lineno=16)
2025-01-30 19:29:46.163 | TRACE    | nonebot:_check_matcher:401 - Rule conditions not met for Matcher(type='message', module=plugins.example.mention, lineno=16)
2025-01-30 19:29:46.163 | TRACE    | nonebot:_check_matcher:401 - Rule conditions not met for Matcher(type='message', module=plugins.example.reply, lineno=9)
2025-01-30 19:29:46.163 | TRACE    | nonebot:_check_matcher:401 - Rule conditions not met for Matcher(type='message', module=plugins.example.photo, lineno=13)
2025-01-30 19:29:46.163 | TRACE    | nonebot:_check_matcher:401 - Rule conditions not met for Matcher(type='message', module=plugins.example.photo, lineno=23)
2025-01-30 19:29:46.163 | TRACE    | nonebot:_check_matcher:401 - Rule conditions not met for Matcher(type='message', module=plugins.example.photo, lineno=32)
2025-01-30 19:29:46.163 | TRACE    | nonebot:_check_matcher:401 - Rule conditions not met for Matcher(type='message', module=plugins.example.photo, lineno=41)
2025-01-30 19:29:46.163 | TRACE    | nonebot:_check_matcher:401 - Rule conditions not met for Matcher(type='message', module=plugins.example.photo, lineno=55)
2025-01-30 19:29:46.163 | TRACE    | nonebot:_check_matcher:401 - Rule conditions not met for Matcher(type='message', module=plugins.example.photo, lineno=63)
2025-01-30 19:29:46.163 | TRACE    | nonebot:_check_matcher:401 - Rule conditions not met for Matcher(type='message', module=plugins.example.sendxxx, lineno=9)
2025-01-30 19:29:46.164 | TRACE    | nonebot:_check_matcher:401 - Rule conditions not met for Matcher(type='message', module=plugins.example.sendxxx, lineno=14)
2025-01-30 19:29:46.164 | TRACE    | nonebot:_check_matcher:401 - Rule conditions not met for Matcher(type='message', module=plugins.example.sendxxx, lineno=19)
2025-01-30 19:29:46.164 | TRACE    | nonebot:_check_matcher:401 - Rule conditions not met for Matcher(type='message', module=plugins.example.sendxxx, lineno=27)
2025-01-30 19:29:46.164 | TRACE    | nonebot:_check_matcher:401 - Rule conditions not met for Matcher(type='message', module=plugins.example.sendxxx, lineno=35)
2025-01-30 19:29:46.164 | TRACE    | nonebot:_check_matcher:401 - Rule conditions not met for Matcher(type='message', module=plugins.example.sendxxx, lineno=40)
2025-01-30 19:29:46.164 | DEBUG    | nonebot:handle_event:573 - Checking for matchers in priority 2...
2025-01-30 19:29:46.165 | TRACE    | nonebot:_check_matcher:401 - Rule conditions not met for Matcher(type='message', module=YetAnotherPicSearch.__main__, lineno=333)
2025-01-30 19:29:46.165 | DEBUG    | nonebot:handle_event:573 - Checking for matchers in priority 10...
2025-01-30 19:29:46.165 | TRACE    | nonebot:_handle_skipped:102 - Dependent(call=_poke) skipped due to [TypeMisMatch(param=event, type=PrivateMessageEvent, value=PrivateMessageEvent(telegram_model=Update(update_id=997538896, message=Message(message_id=75, message_thread_id=None, from_=User(id=7525835156, is_bot=False, first_name='?NepElder?', last_name=None, username=None, language_code='en', is_premium=None, added_to_attachment_menu=None, can_join_groups=None, can_read_all_group_messages=None, supports_inline_queries=None, can_connect_to_business=None, has_main_web_app=None), sender_chat=None, sender_boost_count=None, sender_business_bot=None, date=1738283386, business_connection_id=None, chat=Chat(id=7525835156, type='private', title=None, username=None, first_name='?NepElder?', last_name=None, is_forum=None), forward_origin=None, is_topic_message=None, is_automatic_forward=None, reply_to_message=None, external_reply=None, quote=None, reply_to_story=None, via_bot=None, edit_date=None, has_protected_content=None, is_from_offline=None, media_group_id=None, author_signature=None, text=None, entities=None, link_preview_options=None, effect_id=None, animation=None, audio=None, document=None, paid_media=None, photo=None, sticker=None, story=None, video=None, video_note=None, voice=None, caption=None, caption_entities=None, show_caption_above_media=None, has_media_spoiler=None, contact=None, dice=None, game=None, poll=None, venue=None, location=None, new_chat_members=None, left_chat_member=None, new_chat_title=None, new_chat_photo=None, delete_chat_photo=None, group_chat_created=None, supergroup_chat_created=None, channel_chat_created=None, message_auto_delete_timer_changed=None, migrate_to_chat_id=None, migrate_from_chat_id=None, pinned_message=None, invoice=None, successful_payment=None, refunded_payment=None, users_shared=None, chat_shared=None, connected_website=None, write_access_allowed=None, passport_data=None, proximity_alert_triggered=None, boost_added=None, chat_background_set=None, forum_topic_created=None, forum_topic_edited=None, forum_topic_closed=None, forum_topic_reopened=None, general_forum_topic_hidden=None, general_forum_topic_unhidden=None, giveaway_created=None, giveaway=None, giveaway_winners=None, giveaway_completed=None, video_chat_scheduled=None, video_chat_started=None, video_chat_ended=None, video_chat_participants_invited=None, web_app_data=None, reply_markup=None), edited_message=None, channel_post=None, edited_channel_post=None, business_connection=None, business_message=None, edited_business_message=None, deleted_business_messages=None, message_reaction=None, message_reaction_count=None, inline_query=None, chosen_inline_result=None, callback_query=None, shipping_query=None, pre_checkout_query=None, purchased_paid_media=None, poll=None, poll_answer=None, my_chat_member=None, chat_member=None, chat_join_request=None, chat_boost=None, removed_chat_boost=None), message_id=75, date=1738283386, chat=Chat(id=7525835156, type='private', title=None, username=None, first_name='?NepElder?', last_name=None, is_forum=None), forward_from=None, forward_from_chat=None, forward_from_message_id=None, forward_signature=None, forward_sender_name=None, forward_date=None, via_bot=None, has_protected_content=None, media_group_id=None, author_signature=None, reply_to_message=None, message=hello, original_message=hello, from_=User(id=7525835156, is_bot=False, first_name='?NepElder?', last_name=None, username=None, language_code='en', is_premium=None, added_to_attachment_menu=None, can_join_groups=None, can_read_all_group_messages=None, supports_inline_queries=None, can_connect_to_business=None, has_main_web_app=None))>]
2025-01-30 19:29:46.165 | TRACE    | nonebot:_check_matcher:401 - Rule conditions not met for Matcher(type='message', module=nonebot_plugin_status.onebot_v11, lineno=38)
2025-01-30 19:29:46.166 | TRACE    | nonebot:_check_matcher:401 - Rule conditions not met for Matcher(type='message', module=nonebot_plugin_status.common, lineno=17)
2025-01-30 19:29:46.166 | TRACE    | nonebot:_check_matcher:401 - Rule conditions not met for Matcher(type='', module=nonebot_plugin_status.onebot_v11, lineno=19)
2025-01-30 19:29:46.166 | TRACE    | nonebot:_check_matcher:401 - Rule conditions not met for Matcher(type='message', module=plugins.shutdown, lineno=17)
2025-01-30 19:29:46.166 | DEBUG    | nonebot:handle_event:601 - Checking for matchers completed
2025-01-30 19:29:50.367 | DEBUG    | nonebot:log:336 - Telegram | Calling API getUpdates
2025-01-30 19:29:50.368 | DEBUG    | nonebot:log:336 - Telegram | Calling API {'offset': '997538898', 'timeout': '30'}
2025-01-30 19:29:50.383 | DEBUG    | nonebot:log:336 - Telegram | {'message_id': 76, 'date': 1738283390, 'chat': {'id': 7525835156, 'type': 'private', 'first_name': '?NepElder?'}, 'message': [{'type': 'bot_command', 'data': {'text': '/echo'}}, {'type': 'text', 'data': {'text': ' 1'}}], 'original_message': [{'type': 'bot_command', 'data': {'text': '/echo'}}, {'type': 'text', 'data': {'text': ' 1'}}], 'from_': {'id': 7525835156, 'is_bot': False, 'first_name': '?NepElder?', 'language_code': 'en'}}
2025-01-30 19:29:50.383 | SUCCESS  | nonebot:handle_event:535 - Telegram 8186306331 | [message.private]: Message 76 from 7525835156: /echo 1
2025-01-30 19:29:50.384 | DEBUG    | nonebot:handle_event:573 - Checking for matchers in priority 1...
2025-01-30 19:29:50.384 | TRACE    | nonebot:_check_matcher:391 - Permission conditions not met for Matcher(type='inline', module=plugins.example.inline, lineno=16)
2025-01-30 19:29:50.385 | TRACE    | nonebot:_check_matcher:391 - Permission conditions not met for Matcher(type='inline', module=plugins.example.inline, lineno=54)
2025-01-30 19:29:50.389 | INFO     | nonebot:_run_matcher:435 - Event will be handled by Matcher(type='message', module=nonebot.plugins.echo, lineno=17)
2025-01-30 19:29:50.390 | DEBUG    | nonebot:_run_matcher:455 - Running Matcher(type='message', module=nonebot.plugins.echo, lineno=17)
2025-01-30 19:29:50.390 | TRACE    | nonebot:simple_run:838 - Matcher(type='message', module=nonebot.plugins.echo, lineno=17) run with incoming args: bot=Bot(type='Telegram', self_id='8186306331'), event=PrivateMessageEvent(telegram_model=Update(update_id=997538897, message=Message(message_id=76, message_thread_id=None, from_=User(id=7525835156, is_bot=False, first_name='?NepElder?', last_name=None, username=None, language_code='en', is_premium=None, added_to_attachment_menu=None, can_join_groups=None, can_read_all_group_messages=None, supports_inline_queries=None, can_connect_to_business=None, has_main_web_app=None), sender_chat=None, sender_boost_count=None, sender_business_bot=None, date=1738283390, business_connection_id=None, chat=Chat(id=7525835156, type='private', title=None, username=None, first_name='?NepElder?', last_name=None, is_forum=None), forward_origin=None, is_topic_message=None, is_automatic_forward=None, reply_to_message=None, external_reply=None, quote=None, reply_to_story=None, via_bot=None, edit_date=None, has_protected_content=None, is_from_offline=None, media_group_id=None, author_signature=None, text=None, entities=None, link_preview_options=None, effect_id=None, animation=None, audio=None, document=None, paid_media=None, photo=None, sticker=None, story=None, video=None, video_note=None, voice=None, caption=None, caption_entities=None, show_caption_above_media=None, has_media_spoiler=None, contact=None, dice=None, game=None, poll=None, venue=None, location=None, new_chat_members=None, left_chat_member=None, new_chat_title=None, new_chat_photo=None, delete_chat_photo=None, group_chat_created=None, supergroup_chat_created=None, channel_chat_created=None, message_auto_delete_timer_changed=None, migrate_to_chat_id=None, migrate_from_chat_id=None, pinned_message=None, invoice=None, successful_payment=None, refunded_payment=None, users_shared=None, chat_shared=None, connected_website=None, write_access_allowed=None, passport_data=None, proximity_alert_triggered=None, boost_added=None, chat_background_set=None, forum_topic_created=None, forum_topic_edited=None, forum_topic_closed=None, forum_topic_reopened=None, general_forum_topic_hidden=None, general_forum_topic_unhidden=None, giveaway_created=None, giveaway=None, giveaway_winners=None, giveaway_completed=None, video_chat_scheduled=None, video_chat_started=None, video_chat_ended=None, video_chat_participants_invited=None, web_app_data=None, reply_markup=None), edited_message=None, channel_post=None, edited_channel_post=None, business_connection=None, business_message=None, edited_business_message=None, deleted_business_messages=None, message_reaction=None, message_reaction_count=None, inline_query=None, chosen_inline_result=None, callback_query=None, shipping_query=None, pre_checkout_query=None, purchased_paid_media=None, poll=None, poll_answer=None, my_chat_member=None, chat_member=None, chat_join_request=None, chat_boost=None, removed_chat_boost=None), message_id=76, date=1738283390, chat=Chat(id=7525835156, type='private', title=None, username=None, first_name='?NepElder?', last_name=None, is_forum=None), forward_from=None, forward_from_chat=None, forward_from_message_id=None, forward_signature=None, forward_sender_name=None, forward_date=None, via_bot=None, has_protected_content=None, media_group_id=None, author_signature=None, reply_to_message=None, message=/echo 1, original_message=/echo 1, from_=User(id=7525835156, is_bot=False, first_name='?NepElder?', last_name=None, username=None, language_code='en', is_premium=None, added_to_attachment_menu=None, can_join_groups=None, can_read_all_group_messages=None, supports_inline_queries=None, can_connect_to_business=None, has_main_web_app=None)), state={'_prefix': {'command': ('echo',), 'raw_command': '/echo', 'command_arg': 1, 'command_start': '/', 'command_whitespace': ' '}}
2025-01-30 19:29:50.390 | DEBUG    | nonebot:simple_run:855 - Running handler Dependent(call=handle_echo)
2025-01-30 19:29:50.390 | TRACE    | nonebot:_check_matcher:401 - Rule conditions not met for Matcher(type='message', module=YetAnotherPicSearch.__main__, lineno=330)
2025-01-30 19:29:50.390 | TRACE    | nonebot:_check_matcher:401 - Rule conditions not met for Matcher(type='message', module=plugins.example.download, lineno=16)
2025-01-30 19:29:50.390 | TRACE    | nonebot:_check_matcher:401 - Rule conditions not met for Matcher(type='message', module=plugins.example.mention, lineno=16)
2025-01-30 19:29:50.390 | TRACE    | nonebot:_check_matcher:401 - Rule conditions not met for Matcher(type='message', module=plugins.example.reply, lineno=9)
2025-01-30 19:29:50.390 | TRACE    | nonebot:_check_matcher:401 - Rule conditions not met for Matcher(type='message', module=plugins.example.photo, lineno=13)
2025-01-30 19:29:50.390 | TRACE    | nonebot:_check_matcher:401 - Rule conditions not met for Matcher(type='message', module=plugins.example.photo, lineno=23)
2025-01-30 19:29:50.390 | TRACE    | nonebot:_check_matcher:401 - Rule conditions not met for Matcher(type='message', module=plugins.example.photo, lineno=32)
2025-01-30 19:29:50.390 | TRACE    | nonebot:_check_matcher:401 - Rule conditions not met for Matcher(type='message', module=plugins.example.photo, lineno=41)
2025-01-30 19:29:50.390 | TRACE    | nonebot:_check_matcher:401 - Rule conditions not met for Matcher(type='message', module=plugins.example.photo, lineno=55)
2025-01-30 19:29:50.390 | TRACE    | nonebot:_check_matcher:401 - Rule conditions not met for Matcher(type='message', module=plugins.example.photo, lineno=63)
2025-01-30 19:29:50.390 | TRACE    | nonebot:_check_matcher:401 - Rule conditions not met for Matcher(type='message', module=plugins.example.sendxxx, lineno=9)
2025-01-30 19:29:50.390 | TRACE    | nonebot:_check_matcher:401 - Rule conditions not met for Matcher(type='message', module=plugins.example.sendxxx, lineno=14)
2025-01-30 19:29:50.391 | TRACE    | nonebot:_check_matcher:401 - Rule conditions not met for Matcher(type='message', module=plugins.example.sendxxx, lineno=19)
2025-01-30 19:29:50.391 | TRACE    | nonebot:_check_matcher:401 - Rule conditions not met for Matcher(type='message', module=plugins.example.sendxxx, lineno=27)
2025-01-30 19:29:50.391 | TRACE    | nonebot:_check_matcher:401 - Rule conditions not met for Matcher(type='message', module=plugins.example.sendxxx, lineno=35)
2025-01-30 19:29:50.391 | TRACE    | nonebot:_check_matcher:401 - Rule conditions not met for Matcher(type='message', module=plugins.example.sendxxx, lineno=40)
2025-01-30 19:29:50.393 | DEBUG    | nonebot:log:336 - Telegram | Calling API sendMessage
2025-01-30 19:29:50.393 | DEBUG    | nonebot:log:336 - Telegram | Calling API {'chat_id': '7525835156', 'text': '1'}
2025-01-30 19:29:50.845 | INFO     | nonebot:simple_run:872 - Matcher(type='message', module=nonebot.plugins.echo, lineno=17) running complete
2025-01-30 19:29:50.853 | TRACE    | nonebot:_handle_skipped:102 - Dependent(call=_exit_executor) skipped due to [TypeMisMatch(param=matcher, type=AlconnaMatcher, value=Matcher(type='message', module=nonebot.plugins.echo, lineno=17)>]
2025-01-30 19:29:50.854 | DEBUG    | nonebot:handle_event:573 - Checking for matchers in priority 2...
2025-01-30 19:29:50.857 | TRACE    | nonebot:_check_matcher:401 - Rule conditions not met for Matcher(type='message', module=YetAnotherPicSearch.__main__, lineno=333)
2025-01-30 19:29:50.857 | DEBUG    | nonebot:handle_event:573 - Checking for matchers in priority 10...
2025-01-30 19:29:50.859 | TRACE    | nonebot:_handle_skipped:102 - Dependent(call=_poke) skipped due to [TypeMisMatch(param=event, type=PrivateMessageEvent, value=PrivateMessageEvent(telegram_model=Update(update_id=997538897, message=Message(message_id=76, message_thread_id=None, from_=User(id=7525835156, is_bot=False, first_name='?NepElder?', last_name=None, username=None, language_code='en', is_premium=None, added_to_attachment_menu=None, can_join_groups=None, can_read_all_group_messages=None, supports_inline_queries=None, can_connect_to_business=None, has_main_web_app=None), sender_chat=None, sender_boost_count=None, sender_business_bot=None, date=1738283390, business_connection_id=None, chat=Chat(id=7525835156, type='private', title=None, username=None, first_name='?NepElder?', last_name=None, is_forum=None), forward_origin=None, is_topic_message=None, is_automatic_forward=None, reply_to_message=None, external_reply=None, quote=None, reply_to_story=None, via_bot=None, edit_date=None, has_protected_content=None, is_from_offline=None, media_group_id=None, author_signature=None, text=None, entities=None, link_preview_options=None, effect_id=None, animation=None, audio=None, document=None, paid_media=None, photo=None, sticker=None, story=None, video=None, video_note=None, voice=None, caption=None, caption_entities=None, show_caption_above_media=None, has_media_spoiler=None, contact=None, dice=None, game=None, poll=None, venue=None, location=None, new_chat_members=None, left_chat_member=None, new_chat_title=None, new_chat_photo=None, delete_chat_photo=None, group_chat_created=None, supergroup_chat_created=None, channel_chat_created=None, message_auto_delete_timer_changed=None, migrate_to_chat_id=None, migrate_from_chat_id=None, pinned_message=None, invoice=None, successful_payment=None, refunded_payment=None, users_shared=None, chat_shared=None, connected_website=None, write_access_allowed=None, passport_data=None, proximity_alert_triggered=None, boost_added=None, chat_background_set=None, forum_topic_created=None, forum_topic_edited=None, forum_topic_closed=None, forum_topic_reopened=None, general_forum_topic_hidden=None, general_forum_topic_unhidden=None, giveaway_created=None, giveaway=None, giveaway_winners=None, giveaway_completed=None, video_chat_scheduled=None, video_chat_started=None, video_chat_ended=None, video_chat_participants_invited=None, web_app_data=None, reply_markup=None), edited_message=None, channel_post=None, edited_channel_post=None, business_connection=None, business_message=None, edited_business_message=None, deleted_business_messages=None, message_reaction=None, message_reaction_count=None, inline_query=None, chosen_inline_result=None, callback_query=None, shipping_query=None, pre_checkout_query=None, purchased_paid_media=None, poll=None, poll_answer=None, my_chat_member=None, chat_member=None, chat_join_request=None, chat_boost=None, removed_chat_boost=None), message_id=76, date=1738283390, chat=Chat(id=7525835156, type='private', title=None, username=None, first_name='?NepElder?', last_name=None, is_forum=None), forward_from=None, forward_from_chat=None, forward_from_message_id=None, forward_signature=None, forward_sender_name=None, forward_date=None, via_bot=None, has_protected_content=None, media_group_id=None, author_signature=None, reply_to_message=None, message=/echo 1, original_message=/echo 1, from_=User(id=7525835156, is_bot=False, first_name='?NepElder?', last_name=None, username=None, language_code='en', is_premium=None, added_to_attachment_menu=None, can_join_groups=None, can_read_all_group_messages=None, supports_inline_queries=None, can_connect_to_business=None, has_main_web_app=None))>]
2025-01-30 19:29:50.859 | TRACE    | nonebot:_check_matcher:401 - Rule conditions not met for Matcher(type='message', module=nonebot_plugin_status.onebot_v11, lineno=38)
2025-01-30 19:29:50.861 | TRACE    | nonebot:_check_matcher:401 - Rule conditions not met for Matcher(type='message', module=nonebot_plugin_status.common, lineno=17)
2025-01-30 19:29:50.861 | TRACE    | nonebot:_check_matcher:401 - Rule conditions not met for Matcher(type='', module=nonebot_plugin_status.onebot_v11, lineno=19)
2025-01-30 19:29:50.862 | TRACE    | nonebot:_check_matcher:401 - Rule conditions not met for Matcher(type='message', module=plugins.shutdown, lineno=17)
2025-01-30 19:29:50.862 | DEBUG    | nonebot:handle_event:601 - Checking for matchers completed
2025-01-30 19:39:08.143 | DEBUG    | nonebot:log:336 - Telegram | Calling API getUpdates
2025-01-30 19:39:08.143 | DEBUG    | nonebot:log:336 - Telegram | Calling API {'offset': '997538898', 'timeout': '30'}
2025-01-30 19:39:38.665 | DEBUG    | nonebot:log:336 - Telegram | Calling API getUpdates
2025-01-30 19:39:38.665 | DEBUG    | nonebot:log:336 - Telegram | Calling API {'offset': '997538898', 'timeout': '30'}
2025-01-30 19:40:09.218 | DEBUG    | nonebot:log:336 - Telegram | Calling API getUpdates
2025-01-30 19:40:09.218 | DEBUG    | nonebot:log:336 - Telegram | Calling API {'offset': '997538898', 'timeout': '30'}
2025-01-30 19:40:39.597 | DEBUG    | nonebot:log:336 - Telegram | Calling API getUpdates
2025-01-30 19:40:39.598 | DEBUG    | nonebot:log:336 - Telegram | Calling API {'offset': '997538898', 'timeout': '30'}
2025-01-30 19:41:10.038 | DEBUG    | nonebot:log:336 - Telegram | Calling API getUpdates
2025-01-30 19:41:10.038 | DEBUG    | nonebot:log:336 - Telegram | Calling API {'offset': '997538898', 'timeout': '30'}
2025-01-30 19:41:21.678 | DEBUG    | nonebot:log:336 - Telegram | Calling API getUpdates
2025-01-30 19:41:21.679 | DEBUG    | nonebot:log:336 - Telegram | Calling API {'offset': '997538899', 'timeout': '30'}
2025-01-30 19:41:21.698 | DEBUG    | nonebot:log:336 - Telegram | {'message_id': 78, 'date': 1738284081, 'chat': {'id': 7525835156, 'type': 'private', 'first_name': '?NepElder?'}, 'message': [{'type': 'text', 'data': {'text': '/搜图'}}], 'original_message': [{'type': 'text', 'data': {'text': '/搜图'}}], 'from_': {'id': 7525835156, 'is_bot': False, 'first_name': '?NepElder?', 'language_code': 'en'}}
2025-01-30 19:41:21.698 | SUCCESS  | nonebot:handle_event:535 - Telegram 8186306331 | [message.private]: Message 78 from 7525835156: /搜图
2025-01-30 19:41:21.698 | DEBUG    | nonebot:handle_event:573 - Checking for matchers in priority 1...
2025-01-30 19:41:21.699 | TRACE    | nonebot:_check_matcher:391 - Permission conditions not met for Matcher(type='inline', module=plugins.example.inline, lineno=16)
2025-01-30 19:41:21.699 | TRACE    | nonebot:_check_matcher:391 - Permission conditions not met for Matcher(type='inline', module=plugins.example.inline, lineno=54)
2025-01-30 19:41:21.705 | TRACE    | nonebot:_check_matcher:401 - Rule conditions not met for Matcher(type='message', module=nonebot.plugins.echo, lineno=17)
2025-01-30 19:41:21.706 | INFO     | nonebot:_run_matcher:435 - Event will be handled by Matcher(type='message', module=YetAnotherPicSearch.__main__, lineno=330)
2025-01-30 19:41:21.706 | DEBUG    | nonebot:_run_matcher:455 - Running Matcher(type='message', module=YetAnotherPicSearch.__main__, lineno=330)
2025-01-30 19:41:21.706 | TRACE    | nonebot:simple_run:838 - Matcher(type='message', module=YetAnotherPicSearch.__main__, lineno=330) run with incoming args: bot=Bot(type='Telegram', self_id='8186306331'), event=PrivateMessageEvent(telegram_model=Update(update_id=997538898, message=Message(message_id=78, message_thread_id=None, from_=User(id=7525835156, is_bot=False, first_name='?NepElder?', last_name=None, username=None, language_code='en', is_premium=None, added_to_attachment_menu=None, can_join_groups=None, can_read_all_group_messages=None, supports_inline_queries=None, can_connect_to_business=None, has_main_web_app=None), sender_chat=None, sender_boost_count=None, sender_business_bot=None, date=1738284081, business_connection_id=None, chat=Chat(id=7525835156, type='private', title=None, username=None, first_name='?NepElder?', last_name=None, is_forum=None), forward_origin=None, is_topic_message=None, is_automatic_forward=None, reply_to_message=None, external_reply=None, quote=None, reply_to_story=None, via_bot=None, edit_date=None, has_protected_content=None, is_from_offline=None, media_group_id=None, author_signature=None, text=None, entities=None, link_preview_options=None, effect_id=None, animation=None, audio=None, document=None, paid_media=None, photo=None, sticker=None, story=None, video=None, video_note=None, voice=None, caption=None, caption_entities=None, show_caption_above_media=None, has_media_spoiler=None, contact=None, dice=None, game=None, poll=None, venue=None, location=None, new_chat_members=None, left_chat_member=None, new_chat_title=None, new_chat_photo=None, delete_chat_photo=None, group_chat_created=None, supergroup_chat_created=None, channel_chat_created=None, message_auto_delete_timer_changed=None, migrate_to_chat_id=None, migrate_from_chat_id=None, pinned_message=None, invoice=None, successful_payment=None, refunded_payment=None, users_shared=None, chat_shared=None, connected_website=None, write_access_allowed=None, passport_data=None, proximity_alert_triggered=None, boost_added=None, chat_background_set=None, forum_topic_created=None, forum_topic_edited=None, forum_topic_closed=None, forum_topic_reopened=None, general_forum_topic_hidden=None, general_forum_topic_unhidden=None, giveaway_created=None, giveaway=None, giveaway_winners=None, giveaway_completed=None, video_chat_scheduled=None, video_chat_started=None, video_chat_ended=None, video_chat_participants_invited=None, web_app_data=None, reply_markup=None), edited_message=None, channel_post=None, edited_channel_post=None, business_connection=None, business_message=None, edited_business_message=None, deleted_business_messages=None, message_reaction=None, message_reaction_count=None, inline_query=None, chosen_inline_result=None, callback_query=None, shipping_query=None, pre_checkout_query=None, purchased_paid_media=None, poll=None, poll_answer=None, my_chat_member=None, chat_member=None, chat_join_request=None, chat_boost=None, removed_chat_boost=None), message_id=78, date=1738284081, chat=Chat(id=7525835156, type='private', title=None, username=None, first_name='?NepElder?', last_name=None, is_forum=None), forward_from=None, forward_from_chat=None, forward_from_message_id=None, forward_signature=None, forward_sender_name=None, forward_date=None, via_bot=None, has_protected_content=None, media_group_id=None, author_signature=None, reply_to_message=None, message=/搜图, original_message=/搜图, from_=User(id=7525835156, is_bot=False, first_name='?NepElder?', last_name=None, username=None, language_code='en', is_premium=None, added_to_attachment_menu=None, can_join_groups=None, can_read_all_group_messages=None, supports_inline_queries=None, can_connect_to_business=None, has_main_web_app=None)), state={'_prefix': {'command': ('搜图',), 'raw_command': '/搜图', 'command_arg': , 'command_start': '/', 'command_whitespace': None}}
2025-01-30 19:41:21.706 | DEBUG    | nonebot:simple_run:855 - Running handler Dependent(call=search_handler)
2025-01-30 19:41:21.706 | TRACE    | nonebot:_check_matcher:401 - Rule conditions not met for Matcher(type='message', module=plugins.example.download, lineno=16)
2025-01-30 19:41:21.706 | TRACE    | nonebot:_check_matcher:401 - Rule conditions not met for Matcher(type='message', module=plugins.example.mention, lineno=16)
2025-01-30 19:41:21.706 | TRACE    | nonebot:_check_matcher:401 - Rule conditions not met for Matcher(type='message', module=plugins.example.reply, lineno=9)
2025-01-30 19:41:21.706 | TRACE    | nonebot:_check_matcher:401 - Rule conditions not met for Matcher(type='message', module=plugins.example.photo, lineno=13)
2025-01-30 19:41:21.706 | TRACE    | nonebot:_check_matcher:401 - Rule conditions not met for Matcher(type='message', module=plugins.example.photo, lineno=23)
2025-01-30 19:41:21.706 | TRACE    | nonebot:_check_matcher:401 - Rule conditions not met for Matcher(type='message', module=plugins.example.photo, lineno=32)
2025-01-30 19:41:21.706 | TRACE    | nonebot:_check_matcher:401 - Rule conditions not met for Matcher(type='message', module=plugins.example.photo, lineno=41)
2025-01-30 19:41:21.707 | TRACE    | nonebot:_check_matcher:401 - Rule conditions not met for Matcher(type='message', module=plugins.example.photo, lineno=55)
2025-01-30 19:41:21.707 | TRACE    | nonebot:_check_matcher:401 - Rule conditions not met for Matcher(type='message', module=plugins.example.photo, lineno=63)
2025-01-30 19:41:21.707 | TRACE    | nonebot:_check_matcher:401 - Rule conditions not met for Matcher(type='message', module=plugins.example.sendxxx, lineno=9)
2025-01-30 19:41:21.707 | TRACE    | nonebot:_check_matcher:401 - Rule conditions not met for Matcher(type='message', module=plugins.example.sendxxx, lineno=14)
2025-01-30 19:41:21.707 | TRACE    | nonebot:_check_matcher:401 - Rule conditions not met for Matcher(type='message', module=plugins.example.sendxxx, lineno=19)
2025-01-30 19:41:21.707 | TRACE    | nonebot:_check_matcher:401 - Rule conditions not met for Matcher(type='message', module=plugins.example.sendxxx, lineno=27)
2025-01-30 19:41:21.707 | TRACE    | nonebot:_check_matcher:401 - Rule conditions not met for Matcher(type='message', module=plugins.example.sendxxx, lineno=35)
2025-01-30 19:41:21.707 | TRACE    | nonebot:_check_matcher:401 - Rule conditions not met for Matcher(type='message', module=plugins.example.sendxxx, lineno=40)
2025-01-30 19:41:21.710 | TRACE    | nonebot:new:323 - Define new matcher Matcher(type='message', module=nonebot_plugin_waiter, lineno=239)
2025-01-30 19:41:21.711 | DEBUG    | nonebot:log:336 - Telegram | Calling API sendMessage
2025-01-30 19:41:21.711 | DEBUG    | nonebot:log:336 - Telegram | Calling API {'chat_id': '7525835156', 'text': '请在 180 秒内发送你要搜索的图片，发送其他内容取消搜索'}
2025-01-30 19:41:47.928 | DEBUG    | nonebot:log:336 - Telegram | Calling API getUpdates
2025-01-30 19:41:47.928 | DEBUG    | nonebot:log:336 - Telegram | Calling API {'offset': '997538900', 'timeout': '30'}
2025-01-30 19:41:47.944 | DEBUG    | nonebot:log:336 - Telegram | {'message_id': 80, 'date': 1738284107, 'chat': {'id': 7525835156, 'type': 'private', 'first_name': '?NepElder?'}, 'message': [{'type': 'photo', 'data': {'file': 'AgACAgEAAxkBAANQZ5wcS73dEjRhRNUqCg5yinW0JpkAAleuMRtTnuBESYpzcXo318YBAAMCAANtAAM2BA'}}], 'original_message': [{'type': 'photo', 'data': {'file': 'AgACAgEAAxkBAANQZ5wcS73dEjRhRNUqCg5yinW0JpkAAleuMRtTnuBESYpzcXo318YBAAMCAANtAAM2BA'}}], 'from_': {'id': 7525835156, 'is_bot': False, 'first_name': '?NepElder?', 'language_code': 'en'}}
2025-01-30 19:41:47.944 | SUCCESS  | nonebot:handle_event:535 - Telegram 8186306331 | [message.private]: Message 80 from 7525835156: [photo:AgACAgEAAxkBAANQZ5wcS73dEjRhRNUqCg5yinW0JpkAAleuMRtTnuBESYpzcXo318YBAAMCAANtAAM2BA]
2025-01-30 19:41:47.944 | DEBUG    | nonebot:handle_event:573 - Checking for matchers in priority 0...
2025-01-30 19:41:47.946 | INFO     | nonebot:_run_matcher:435 - Event will be handled by Matcher(type='message', module=nonebot_plugin_waiter, lineno=239)
2025-01-30 19:41:47.946 | DEBUG    | nonebot:_run_matcher:455 - Running Matcher(type='message', module=nonebot_plugin_waiter, lineno=239)
2025-01-30 19:41:47.946 | TRACE    | nonebot:simple_run:838 - Matcher(type='message', module=nonebot_plugin_waiter, lineno=239) run with incoming args: bot=Bot(type='Telegram', self_id='8186306331'), event=PrivateMessageEvent(telegram_model=Update(update_id=997538899, message=Message(message_id=80, message_thread_id=None, from_=User(id=7525835156, is_bot=False, first_name='?NepElder?', last_name=None, username=None, language_code='en', is_premium=None, added_to_attachment_menu=None, can_join_groups=None, can_read_all_group_messages=None, supports_inline_queries=None, can_connect_to_business=None, has_main_web_app=None), sender_chat=None, sender_boost_count=None, sender_business_bot=None, date=1738284107, business_connection_id=None, chat=Chat(id=7525835156, type='private', title=None, username=None, first_name='?NepElder?', last_name=None, is_forum=None), forward_origin=None, is_topic_message=None, is_automatic_forward=None, reply_to_message=None, external_reply=None, quote=None, reply_to_story=None, via_bot=None, edit_date=None, has_protected_content=None, is_from_offline=None, media_group_id=None, author_signature=None, text=None, entities=None, link_preview_options=None, effect_id=None, animation=None, audio=None, document=None, paid_media=None, photo=None, sticker=None, story=None, video=None, video_note=None, voice=None, caption=None, caption_entities=None, show_caption_above_media=None, has_media_spoiler=None, contact=None, dice=None, game=None, poll=None, venue=None, location=None, new_chat_members=None, left_chat_member=None, new_chat_title=None, new_chat_photo=None, delete_chat_photo=None, group_chat_created=None, supergroup_chat_created=None, channel_chat_created=None, message_auto_delete_timer_changed=None, migrate_to_chat_id=None, migrate_from_chat_id=None, pinned_message=None, invoice=None, successful_payment=None, refunded_payment=None, users_shared=None, chat_shared=None, connected_website=None, write_access_allowed=None, passport_data=None, proximity_alert_triggered=None, boost_added=None, chat_background_set=None, forum_topic_created=None, forum_topic_edited=None, forum_topic_closed=None, forum_topic_reopened=None, general_forum_topic_hidden=None, general_forum_topic_unhidden=None, giveaway_created=None, giveaway=None, giveaway_winners=None, giveaway_completed=None, video_chat_scheduled=None, video_chat_started=None, video_chat_ended=None, video_chat_participants_invited=None, web_app_data=None, reply_markup=None), edited_message=None, channel_post=None, edited_channel_post=None, business_connection=None, business_message=None, edited_business_message=None, deleted_business_messages=None, message_reaction=None, message_reaction_count=None, inline_query=None, chosen_inline_result=None, callback_query=None, shipping_query=None, pre_checkout_query=None, purchased_paid_media=None, poll=None, poll_answer=None, my_chat_member=None, chat_member=None, chat_join_request=None, chat_boost=None, removed_chat_boost=None), message_id=80, date=1738284107, chat=Chat(id=7525835156, type='private', title=None, username=None, first_name='?NepElder?', last_name=None, is_forum=None), forward_from=None, forward_from_chat=None, forward_from_message_id=None, forward_signature=None, forward_sender_name=None, forward_date=None, via_bot=None, has_protected_content=None, media_group_id=None, author_signature=None, reply_to_message=None, message=[photo:AgACAgEAAxkBAANQZ5wcS73dEjRhRNUqCg5yinW0JpkAAleuMRtTnuBESYpzcXo318YBAAMCAANtAAM2BA], original_message=[photo:AgACAgEAAxkBAANQZ5wcS73dEjRhRNUqCg5yinW0JpkAAleuMRtTnuBESYpzcXo318YBAAMCAANtAAM2BA], from_=User(id=7525835156, is_bot=False, first_name='?NepElder?', last_name=None, username=None, language_code='en', is_premium=None, added_to_attachment_menu=None, can_join_groups=None, can_read_all_group_messages=None, supports_inline_queries=None, can_connect_to_business=None, has_main_web_app=None)), state={'_prefix': {'command': None, 'raw_command': None, 'command_arg': None, 'command_start': None, 'command_whitespace': None}}
2025-01-30 19:41:47.946 | DEBUG    | nonebot:simple_run:855 - Running handler Dependent(call=wrapper)
2025-01-30 19:41:47.949 | INFO     | nonebot:simple_run:872 - Matcher(type='message', module=nonebot_plugin_waiter, lineno=239) running complete
2025-01-30 19:41:47.950 | DEBUG    | nonebot:log:336 - Telegram | Calling API sendMessage
2025-01-30 19:41:47.950 | DEBUG    | nonebot:log:336 - Telegram | Calling API {'chat_id': '7525835156', 'text': '正在进行搜索，请稍候', 'reply_parameters': '{"message_id": 78}'}
2025-01-30 19:41:47.965 | TRACE    | nonebot:_handle_skipped:102 - Dependent(call=_exit_executor) skipped due to [TypeMisMatch(param=matcher, type=AlconnaMatcher, value=Matcher(type='message', module=nonebot_plugin_waiter, lineno=239)>]
2025-01-30 19:41:47.966 | DEBUG    | nonebot:_handle_stop_propagation:565 - Stop event propagation
2025-01-30 19:41:47.966 | DEBUG    | nonebot:handle_event:601 - Checking for matchers completed
2025-01-30 19:41:48.443 | DEBUG    | nonebot:log:336 - Telegram | Calling API getFile
2025-01-30 19:41:48.443 | DEBUG    | nonebot:log:336 - Telegram | Calling API {'file_id': 'AgACAgEAAxkBAANQZ5wcS73dEjRhRNUqCg5yinW0JpkAAleuMRtTnuBESYpzcXo318YBAAMCAANtAAM2BA'}
2025-01-30 19:41:51.227 | DEBUG    | nonebot:log:336 - Telegram | Calling API sendMessage
2025-01-30 19:41:51.228 | DEBUG    | nonebot:log:336 - Telegram | Calling API {'chat_id': '7525835156', 'text': 'SauceNAO (38.17%)\n预览图链接：https://img3.saucenao.com/dA/15797/157973811.jpg?auth=4rj2ZqPKFCEdEZcjuqK_ew&exp=1738699200\nsad\n作者：[revender79](http://revender79.deviantart.com)\nhttps://deviantart.com/view/157973811\n搜索页面：https://saucenao.com/search.php?url=https://saucenao.com/userdata/yA2WbjGLJ.jpg.png', 'reply_parameters': '{"message_id": 78}'}
2025-01-30 19:41:51.732 | DEBUG    | nonebot:log:336 - Telegram | Calling API sendMessage
2025-01-30 19:41:51.733 | DEBUG    | nonebot:log:336 - Telegram | Calling API {'chat_id': '7525835156', 'text': '相似度 38.17% 过低，自动使用 Ascii2D 进行搜索', 'reply_parameters': '{"message_id": 78}'}
2025-01-30 19:41:52.476 | DEBUG    | nonebot:log:336 - Telegram | Calling API sendMessage
2025-01-30 19:41:52.477 | DEBUG    | nonebot:log:336 - Telegram | Calling API {'chat_id': '7525835156', 'text': 'Ascii2D 暂时无法使用', 'reply_parameters': '{"message_id": 78}'}
2025-01-30 19:41:52.968 | INFO     | nonebot:simple_run:872 - Matcher(type='message', module=YetAnotherPicSearch.__main__, lineno=330) running complete
2025-01-30 19:41:52.972 | DEBUG    | nonebot:log:336 - Telegram | Calling API deleteMessage
2025-01-30 19:41:52.972 | DEBUG    | nonebot:log:336 - Telegram | Calling API {'chat_id': '7525835156', 'message_id': '81'}
2025-01-30 19:41:53.003 | TRACE    | nonebot:_handle_skipped:102 - Dependent(call=_exit_executor) skipped due to [TypeMisMatch(param=matcher, type=AlconnaMatcher, value=Matcher(type='message', module=YetAnotherPicSearch.__main__, lineno=330)>]
2025-01-30 19:41:53.003 | DEBUG    | nonebot:_handle_stop_propagation:565 - Stop event propagation
2025-01-30 19:41:53.003 | DEBUG    | nonebot:handle_event:601 - Checking for matchers completed
2025-01-30 19:42:18.320 | DEBUG    | nonebot:log:336 - Telegram | Calling API getUpdates
2025-01-30 19:42:18.320 | DEBUG    | nonebot:log:336 - Telegram | Calling API {'offset': '997538900', 'timeout': '30'}
2025-01-30 19:42:48.824 | DEBUG    | nonebot:log:336 - Telegram | Calling API getUpdates
2025-01-30 19:42:48.824 | DEBUG    | nonebot:log:336 - Telegram | Calling API {'offset': '997538900', 'timeout': '30'}
2025-01-30 19:43:19.272 | DEBUG    | nonebot:log:336 - Telegram | Calling API getUpdates
2025-01-30 19:43:19.273 | DEBUG    | nonebot:log:336 - Telegram | Calling API {'offset': '997538900', 'timeout': '30'}
2025-01-30 19:43:49.686 | DEBUG    | nonebot:log:336 - Telegram | Calling API getUpdates
2025-01-30 19:43:49.686 | DEBUG    | nonebot:log:336 - Telegram | Calling API {'offset': '997538900', 'timeout': '30'}
2025-01-30 19:44:20.096 | DEBUG    | nonebot:log:336 - Telegram | Calling API getUpdates
2025-01-30 19:44:20.096 | DEBUG    | nonebot:log:336 - Telegram | Calling API {'offset': '997538900', 'timeout': '30'}
2025-01-30 19:44:50.466 | DEBUG    | nonebot:log:336 - Telegram | Calling API getUpdates
2025-01-30 19:44:50.467 | DEBUG    | nonebot:log:336 - Telegram | Calling API {'offset': '997538900', 'timeout': '30'}
2025-01-30 19:45:20.831 | DEBUG    | nonebot:log:336 - Telegram | Calling API getUpdates
2025-01-30 19:45:20.831 | DEBUG    | nonebot:log:336 - Telegram | Calling API {'offset': '997538900', 'timeout': '30'}
2025-01-30 19:45:51.235 | DEBUG    | nonebot:log:336 - Telegram | Calling API getUpdates
2025-01-30 19:45:51.235 | DEBUG    | nonebot:log:336 - Telegram | Calling API {'offset': '997538900', 'timeout': '30'}
2025-01-30 19:46:21.643 | DEBUG    | nonebot:log:336 - Telegram | Calling API getUpdates
2025-01-30 19:46:21.644 | DEBUG    | nonebot:log:336 - Telegram | Calling API {'offset': '997538900', 'timeout': '30'}
2025-01-30 19:46:52.058 | DEBUG    | nonebot:log:336 - Telegram | Calling API getUpdates
2025-01-30 19:46:52.059 | DEBUG    | nonebot:log:336 - Telegram | Calling API {'offset': '997538900', 'timeout': '30'}
2025-01-30 19:47:22.472 | DEBUG    | nonebot:log:336 - Telegram | Calling API getUpdates
2025-01-30 19:47:22.472 | DEBUG    | nonebot:log:336 - Telegram | Calling API {'offset': '997538900', 'timeout': '30'}
2025-01-30 19:47:52.873 | DEBUG    | nonebot:log:336 - Telegram | Calling API getUpdates
2025-01-30 19:47:52.873 | DEBUG    | nonebot:log:336 - Telegram | Calling API {'offset': '997538900', 'timeout': '30'}
2025-01-30 19:48:23.400 | DEBUG    | nonebot:log:336 - Telegram | Calling API getUpdates
2025-01-30 19:48:23.401 | DEBUG    | nonebot:log:336 - Telegram | Calling API {'offset': '997538900', 'timeout': '30'}
2025-01-30 19:48:53.777 | DEBUG    | nonebot:log:336 - Telegram | Calling API getUpdates
2025-01-30 19:48:53.777 | DEBUG    | nonebot:log:336 - Telegram | Calling API {'offset': '997538900', 'timeout': '30'}
2025-01-30 19:49:24.329 | DEBUG    | nonebot:log:336 - Telegram | Calling API getUpdates
2025-01-30 19:49:24.330 | DEBUG    | nonebot:log:336 - Telegram | Calling API {'offset': '997538900', 'timeout': '30'}
2025-01-30 19:49:54.732 | DEBUG    | nonebot:log:336 - Telegram | Calling API getUpdates
2025-01-30 19:49:54.733 | DEBUG    | nonebot:log:336 - Telegram | Calling API {'offset': '997538900', 'timeout': '30'}
2025-01-30 19:50:25.153 | DEBUG    | nonebot:log:336 - Telegram | Calling API getUpdates
2025-01-30 19:50:25.154 | DEBUG    | nonebot:log:336 - Telegram | Calling API {'offset': '997538900', 'timeout': '30'}
2025-01-30 19:50:55.558 | DEBUG    | nonebot:log:336 - Telegram | Calling API getUpdates
2025-01-30 19:50:55.559 | DEBUG    | nonebot:log:336 - Telegram | Calling API {'offset': '997538900', 'timeout': '30'}
2025-01-30 19:51:25.952 | DEBUG    | nonebot:log:336 - Telegram | Calling API getUpdates
2025-01-30 19:51:25.952 | DEBUG    | nonebot:log:336 - Telegram | Calling API {'offset': '997538900', 'timeout': '30'}
2025-01-30 19:51:56.340 | DEBUG    | nonebot:log:336 - Telegram | Calling API getUpdates
2025-01-30 19:51:56.341 | DEBUG    | nonebot:log:336 - Telegram | Calling API {'offset': '997538900', 'timeout': '30'}
2025-01-30 19:52:20.826 | INFO     | uvicorn:shutdown:263 - Shutting down
2025-01-30 19:52:20.929 | INFO     | uvicorn:shutdown:67 - Waiting for application shutdown.
2025-01-30 19:52:23.179 | SUCCESS  | nonebot:load_plugin:188 - Succeeded to load plugin "nonebot_plugin_logpile"
2025-01-30 19:52:23.182 | SUCCESS  | nonebot:load_plugin:188 - Succeeded to load plugin "nonebot_plugin_waiter"
2025-01-30 19:52:23.210 | SUCCESS  | nonebot:load_plugin:188 - Succeeded to load plugin "nonebot_plugin_alconna:uniseg" from "nonebot_plugin_alconna.uniseg"
2025-01-30 19:52:23.237 | SUCCESS  | nonebot:load_plugin:188 - Succeeded to load plugin "nonebot_plugin_alconna"
2025-01-30 19:52:23.345 | TRACE    | nonebot:new:323 - Define new matcher Matcher(type='message', module=YetAnotherPicSearch.__main__, lineno=330)
2025-01-30 19:52:23.345 | TRACE    | nonebot:new:323 - Define new matcher Matcher(type='message', module=YetAnotherPicSearch.__main__, lineno=333)
2025-01-30 19:52:23.348 | SUCCESS  | nonebot:load_plugin:188 - Succeeded to load plugin "YetAnotherPicSearch"
2025-01-30 19:52:23.350 | TRACE    | nonebot:new:323 - Define new matcher Matcher(type='message', module=plugins.example.reply, lineno=9)
2025-01-30 19:52:23.350 | SUCCESS  | nonebot:load_plugin:188 - Succeeded to load plugin "reply" from "plugins.example.reply"
2025-01-30 19:52:23.351 | TRACE    | nonebot:new:323 - Define new matcher Matcher(type='message', module=plugins.example.photo, lineno=13)
2025-01-30 19:52:23.351 | TRACE    | nonebot:new:323 - Define new matcher Matcher(type='message', module=plugins.example.photo, lineno=23)
2025-01-30 19:52:23.351 | TRACE    | nonebot:new:323 - Define new matcher Matcher(type='message', module=plugins.example.photo, lineno=32)
2025-01-30 19:52:23.351 | TRACE    | nonebot:new:323 - Define new matcher Matcher(type='message', module=plugins.example.photo, lineno=41)
2025-01-30 19:52:23.352 | TRACE    | nonebot:new:323 - Define new matcher Matcher(type='message', module=plugins.example.photo, lineno=55)
2025-01-30 19:52:23.352 | TRACE    | nonebot:new:323 - Define new matcher Matcher(type='message', module=plugins.example.photo, lineno=63)
2025-01-30 19:52:23.352 | SUCCESS  | nonebot:load_plugin:188 - Succeeded to load plugin "photo" from "plugins.example.photo"
2025-01-30 19:52:23.353 | TRACE    | nonebot:new:323 - Define new matcher Matcher(type='message', module=plugins.example.mention, lineno=16)
2025-01-30 19:52:23.353 | SUCCESS  | nonebot:load_plugin:188 - Succeeded to load plugin "mention" from "plugins.example.mention"
2025-01-30 19:52:23.353 | TRACE    | nonebot:new:323 - Define new matcher Matcher(type='message', module=plugins.example.sendxxx, lineno=9)
2025-01-30 19:52:23.353 | TRACE    | nonebot:new:323 - Define new matcher Matcher(type='message', module=plugins.example.sendxxx, lineno=14)
2025-01-30 19:52:23.354 | TRACE    | nonebot:new:323 - Define new matcher Matcher(type='message', module=plugins.example.sendxxx, lineno=19)
2025-01-30 19:52:23.354 | TRACE    | nonebot:new:323 - Define new matcher Matcher(type='message', module=plugins.example.sendxxx, lineno=27)
2025-01-30 19:52:23.354 | TRACE    | nonebot:new:323 - Define new matcher Matcher(type='message', module=plugins.example.sendxxx, lineno=35)
2025-01-30 19:52:23.354 | TRACE    | nonebot:new:323 - Define new matcher Matcher(type='message', module=plugins.example.sendxxx, lineno=40)
2025-01-30 19:52:23.354 | SUCCESS  | nonebot:load_plugin:188 - Succeeded to load plugin "sendxxx" from "plugins.example.sendxxx"
2025-01-30 19:52:23.355 | TRACE    | nonebot:new:323 - Define new matcher Matcher(type='inline', module=plugins.example.inline, lineno=16)
2025-01-30 19:52:23.355 | TRACE    | nonebot:new:323 - Define new matcher Matcher(type='inline', module=plugins.example.inline, lineno=54)
2025-01-30 19:52:23.355 | SUCCESS  | nonebot:load_plugin:188 - Succeeded to load plugin "inline" from "plugins.example.inline"
2025-01-30 19:52:23.356 | TRACE    | nonebot:new:323 - Define new matcher Matcher(type='message', module=plugins.example.download, lineno=16)
2025-01-30 19:52:23.356 | SUCCESS  | nonebot:load_plugin:188 - Succeeded to load plugin "download" from "plugins.example.download"
2025-01-30 19:52:23.356 | WARNING  | __main__:<module>:18 - Always use `nb run` to start the bot instead of manually running!
2025-01-30 19:52:23.356 | SUCCESS  | nonebot:run:336 - Running NoneBot...
2025-01-30 19:52:23.356 | SUCCESS  | nonebot:run:117 - Loaded adapters: Telegram
2025-01-30 19:52:23.371 | INFO     | uvicorn:_serve:83 - Started server process [14735]
2025-01-30 19:52:23.371 | INFO     | uvicorn:startup:48 - Waiting for application startup.
2025-01-30 19:52:23.372 | DEBUG    | nonebot:log:336 - Telegram | Calling API getMe
2025-01-30 19:52:23.373 | DEBUG    | nonebot:log:336 - Telegram | Calling API {}
2025-01-30 19:52:23.404 | INFO     | uvicorn:startup:62 - Application startup complete.
2025-01-30 19:52:23.404 | INFO     | uvicorn:_log_started_message:215 - Uvicorn running on http://127.0.0.1:8080 (Press CTRL+C to quit)
2025-01-30 19:52:23.811 | INFO     | nonebot:log:336 - Telegram | Delete old webhook
2025-01-30 19:52:23.812 | DEBUG    | nonebot:log:336 - Telegram | Calling API deleteWebhook
2025-01-30 19:52:23.812 | DEBUG    | nonebot:log:336 - Telegram | Calling API {}
2025-01-30 19:52:24.165 | INFO     | nonebot:log:336 - Telegram | Start poll
2025-01-30 19:52:24.182 | DEBUG    | nonebot:log:336 - Telegram | Calling API getUpdates
2025-01-30 19:52:24.182 | DEBUG    | nonebot:log:336 - Telegram | Calling API {'timeout': '30'}
2025-01-30 19:52:32.503 | DEBUG    | nonebot:log:336 - Telegram | Calling API getUpdates
2025-01-30 19:52:32.504 | DEBUG    | nonebot:log:336 - Telegram | Calling API {'offset': '997538900', 'timeout': '30'}
2025-01-30 19:52:32.863 | DEBUG    | nonebot:log:336 - Telegram | Calling API getUpdates
2025-01-30 19:52:32.864 | DEBUG    | nonebot:log:336 - Telegram | Calling API {'offset': '997538901', 'timeout': '30'}
2025-01-30 19:52:32.888 | DEBUG    | nonebot:log:336 - Telegram | {'message_id': 3937, 'date': 1738284752, 'chat': {'id': -1002494975373, 'type': 'supergroup', 'title': 'Happy Sleepy Gentleman'}, 'message': [{'type': 'text', 'data': {'text': '\\photo1'}}], 'original_message': [{'type': 'text', 'data': {'text': '\\photo1'}}], 'from_': {'id': 7525835156, 'is_bot': False, 'first_name': '?NepElder?', 'language_code': 'en'}}
2025-01-30 19:52:32.888 | SUCCESS  | nonebot:handle_event:535 - Telegram 8186306331 | [message.group]: Message 3937 from 7525835156@[Chat -1002494975373]: \photo1
2025-01-30 19:52:32.888 | DEBUG    | nonebot:handle_event:573 - Checking for matchers in priority 1...
2025-01-30 19:52:32.890 | TRACE    | nonebot:_check_matcher:391 - Permission conditions not met for Matcher(type='inline', module=plugins.example.inline, lineno=16)
2025-01-30 19:52:32.890 | TRACE    | nonebot:_check_matcher:391 - Permission conditions not met for Matcher(type='inline', module=plugins.example.inline, lineno=54)
2025-01-30 19:52:32.915 | TRACE    | nonebot:_check_matcher:401 - Rule conditions not met for Matcher(type='message', module=nonebot.plugins.echo, lineno=17)
2025-01-30 19:52:32.915 | TRACE    | nonebot:_check_matcher:401 - Rule conditions not met for Matcher(type='message', module=YetAnotherPicSearch.__main__, lineno=330)
2025-01-30 19:52:32.915 | TRACE    | nonebot:_check_matcher:401 - Rule conditions not met for Matcher(type='message', module=plugins.example.reply, lineno=9)
2025-01-30 19:52:32.915 | TRACE    | nonebot:_check_matcher:401 - Rule conditions not met for Matcher(type='message', module=plugins.example.photo, lineno=13)
2025-01-30 19:52:32.915 | TRACE    | nonebot:_check_matcher:401 - Rule conditions not met for Matcher(type='message', module=plugins.example.photo, lineno=23)
2025-01-30 19:52:32.915 | TRACE    | nonebot:_check_matcher:401 - Rule conditions not met for Matcher(type='message', module=plugins.example.photo, lineno=32)
2025-01-30 19:52:32.915 | TRACE    | nonebot:_check_matcher:401 - Rule conditions not met for Matcher(type='message', module=plugins.example.photo, lineno=41)
2025-01-30 19:52:32.915 | TRACE    | nonebot:_check_matcher:401 - Rule conditions not met for Matcher(type='message', module=plugins.example.photo, lineno=55)
2025-01-30 19:52:32.915 | TRACE    | nonebot:_check_matcher:401 - Rule conditions not met for Matcher(type='message', module=plugins.example.photo, lineno=63)
2025-01-30 19:52:32.915 | TRACE    | nonebot:_check_matcher:401 - Rule conditions not met for Matcher(type='message', module=plugins.example.mention, lineno=16)
2025-01-30 19:52:32.915 | TRACE    | nonebot:_check_matcher:401 - Rule conditions not met for Matcher(type='message', module=plugins.example.sendxxx, lineno=9)
2025-01-30 19:52:32.916 | TRACE    | nonebot:_check_matcher:401 - Rule conditions not met for Matcher(type='message', module=plugins.example.sendxxx, lineno=14)
2025-01-30 19:52:32.916 | TRACE    | nonebot:_check_matcher:401 - Rule conditions not met for Matcher(type='message', module=plugins.example.sendxxx, lineno=19)
2025-01-30 19:52:32.916 | TRACE    | nonebot:_check_matcher:401 - Rule conditions not met for Matcher(type='message', module=plugins.example.sendxxx, lineno=27)
2025-01-30 19:52:32.916 | TRACE    | nonebot:_check_matcher:401 - Rule conditions not met for Matcher(type='message', module=plugins.example.sendxxx, lineno=35)
2025-01-30 19:52:32.916 | TRACE    | nonebot:_check_matcher:401 - Rule conditions not met for Matcher(type='message', module=plugins.example.sendxxx, lineno=40)
2025-01-30 19:52:32.916 | TRACE    | nonebot:_check_matcher:401 - Rule conditions not met for Matcher(type='message', module=plugins.example.download, lineno=16)
2025-01-30 19:52:32.916 | DEBUG    | nonebot:handle_event:573 - Checking for matchers in priority 2...
2025-01-30 19:52:32.920 | TRACE    | nonebot:_check_matcher:401 - Rule conditions not met for Matcher(type='message', module=YetAnotherPicSearch.__main__, lineno=333)
2025-01-30 19:52:32.920 | DEBUG    | nonebot:handle_event:573 - Checking for matchers in priority 10...
2025-01-30 19:52:32.921 | TRACE    | nonebot:_handle_skipped:102 - Dependent(call=_poke) skipped due to [TypeMisMatch(param=event, type=PrivateMessageEvent, value=GroupMessageEvent(telegram_model=Update(update_id=997538900, message=Message(message_id=3937, message_thread_id=None, from_=User(id=7525835156, is_bot=False, first_name='?NepElder?', last_name=None, username=None, language_code='en', is_premium=None, added_to_attachment_menu=None, can_join_groups=None, can_read_all_group_messages=None, supports_inline_queries=None, can_connect_to_business=None, has_main_web_app=None), sender_chat=None, sender_boost_count=None, sender_business_bot=None, date=1738284752, business_connection_id=None, chat=Chat(id=-1002494975373, type='supergroup', title='Happy Sleepy Gentleman', username=None, first_name=None, last_name=None, is_forum=None), forward_origin=None, is_topic_message=None, is_automatic_forward=None, reply_to_message=None, external_reply=None, quote=None, reply_to_story=None, via_bot=None, edit_date=None, has_protected_content=None, is_from_offline=None, media_group_id=None, author_signature=None, text=None, entities=None, link_preview_options=None, effect_id=None, animation=None, audio=None, document=None, paid_media=None, photo=None, sticker=None, story=None, video=None, video_note=None, voice=None, caption=None, caption_entities=None, show_caption_above_media=None, has_media_spoiler=None, contact=None, dice=None, game=None, poll=None, venue=None, location=None, new_chat_members=None, left_chat_member=None, new_chat_title=None, new_chat_photo=None, delete_chat_photo=None, group_chat_created=None, supergroup_chat_created=None, channel_chat_created=None, message_auto_delete_timer_changed=None, migrate_to_chat_id=None, migrate_from_chat_id=None, pinned_message=None, invoice=None, successful_payment=None, refunded_payment=None, users_shared=None, chat_shared=None, connected_website=None, write_access_allowed=None, passport_data=None, proximity_alert_triggered=None, boost_added=None, chat_background_set=None, forum_topic_created=None, forum_topic_edited=None, forum_topic_closed=None, forum_topic_reopened=None, general_forum_topic_hidden=None, general_forum_topic_unhidden=None, giveaway_created=None, giveaway=None, giveaway_winners=None, giveaway_completed=None, video_chat_scheduled=None, video_chat_started=None, video_chat_ended=None, video_chat_participants_invited=None, web_app_data=None, reply_markup=None), edited_message=None, channel_post=None, edited_channel_post=None, business_connection=None, business_message=None, edited_business_message=None, deleted_business_messages=None, message_reaction=None, message_reaction_count=None, inline_query=None, chosen_inline_result=None, callback_query=None, shipping_query=None, pre_checkout_query=None, purchased_paid_media=None, poll=None, poll_answer=None, my_chat_member=None, chat_member=None, chat_join_request=None, chat_boost=None, removed_chat_boost=None), message_id=3937, date=1738284752, chat=Chat(id=-1002494975373, type='supergroup', title='Happy Sleepy Gentleman', username=None, first_name=None, last_name=None, is_forum=None), forward_from=None, forward_from_chat=None, forward_from_message_id=None, forward_signature=None, forward_sender_name=None, forward_date=None, via_bot=None, has_protected_content=None, media_group_id=None, author_signature=None, reply_to_message=None, message=\photo1, original_message=\photo1, from_=User(id=7525835156, is_bot=False, first_name='?NepElder?', last_name=None, username=None, language_code='en', is_premium=None, added_to_attachment_menu=None, can_join_groups=None, can_read_all_group_messages=None, supports_inline_queries=None, can_connect_to_business=None, has_main_web_app=None), sender_chat=None)>]
2025-01-30 19:52:32.922 | TRACE    | nonebot:_check_matcher:401 - Rule conditions not met for Matcher(type='message', module=nonebot_plugin_status.onebot_v11, lineno=38)
2025-01-30 19:52:32.923 | TRACE    | nonebot:_check_matcher:401 - Rule conditions not met for Matcher(type='message', module=nonebot_plugin_status.common, lineno=17)
2025-01-30 19:52:32.924 | TRACE    | nonebot:_check_matcher:401 - Rule conditions not met for Matcher(type='', module=nonebot_plugin_status.onebot_v11, lineno=19)
2025-01-30 19:52:32.925 | TRACE    | nonebot:_check_matcher:401 - Rule conditions not met for Matcher(type='message', module=plugins.shutdown, lineno=17)
2025-01-30 19:52:32.925 | DEBUG    | nonebot:handle_event:601 - Checking for matchers completed
2025-01-30 19:53:00.033 | DEBUG    | nonebot:log:336 - Telegram | Calling API getUpdates
2025-01-30 19:53:00.033 | DEBUG    | nonebot:log:336 - Telegram | Calling API {'offset': '997538902', 'timeout': '30'}
2025-01-30 19:53:00.053 | DEBUG    | nonebot:log:336 - Telegram | {'message_id': 3938, 'date': 1738284779, 'chat': {'id': -1002494975373, 'type': 'supergroup', 'title': 'Happy Sleepy Gentleman'}, 'message': [{'type': 'mention', 'data': {'text': '@LothricGreatSword_test_001_bot'}}, {'type': 'text', 'data': {'text': ' '}}, {'type': 'bot_command', 'data': {'text': '/photo1'}}, {'type': 'text', 'data': {'text': ''}}], 'original_message': [{'type': 'mention', 'data': {'text': '@LothricGreatSword_test_001_bot'}}, {'type': 'text', 'data': {'text': ' '}}, {'type': 'bot_command', 'data': {'text': '/photo1'}}, {'type': 'text', 'data': {'text': ''}}], 'from_': {'id': 7525835156, 'is_bot': False, 'first_name': '?NepElder?', 'language_code': 'en'}}
2025-01-30 19:53:00.053 | SUCCESS  | nonebot:handle_event:535 - Telegram 8186306331 | [message.group]: Message 3938 from 7525835156@[Chat -1002494975373]: /photo1
2025-01-30 19:53:00.054 | DEBUG    | nonebot:handle_event:573 - Checking for matchers in priority 1...
2025-01-30 19:53:00.055 | TRACE    | nonebot:_check_matcher:391 - Permission conditions not met for Matcher(type='inline', module=plugins.example.inline, lineno=16)
2025-01-30 19:53:00.055 | TRACE    | nonebot:_check_matcher:391 - Permission conditions not met for Matcher(type='inline', module=plugins.example.inline, lineno=54)
2025-01-30 19:53:00.060 | TRACE    | nonebot:_check_matcher:401 - Rule conditions not met for Matcher(type='message', module=nonebot.plugins.echo, lineno=17)
2025-01-30 19:53:00.061 | TRACE    | nonebot:_check_matcher:401 - Rule conditions not met for Matcher(type='message', module=YetAnotherPicSearch.__main__, lineno=330)
2025-01-30 19:53:00.061 | TRACE    | nonebot:_check_matcher:401 - Rule conditions not met for Matcher(type='message', module=plugins.example.reply, lineno=9)
2025-01-30 19:53:00.061 | INFO     | nonebot:_run_matcher:435 - Event will be handled by Matcher(type='message', module=plugins.example.photo, lineno=13)
2025-01-30 19:53:00.061 | DEBUG    | nonebot:_run_matcher:455 - Running Matcher(type='message', module=plugins.example.photo, lineno=13)
2025-01-30 19:53:00.061 | TRACE    | nonebot:simple_run:838 - Matcher(type='message', module=plugins.example.photo, lineno=13) run with incoming args: bot=Bot(type='Telegram', self_id='8186306331'), event=GroupMessageEvent(telegram_model=Update(update_id=997538901, message=Message(message_id=3938, message_thread_id=None, from_=User(id=7525835156, is_bot=False, first_name='?NepElder?', last_name=None, username=None, language_code='en', is_premium=None, added_to_attachment_menu=None, can_join_groups=None, can_read_all_group_messages=None, supports_inline_queries=None, can_connect_to_business=None, has_main_web_app=None), sender_chat=None, sender_boost_count=None, sender_business_bot=None, date=1738284779, business_connection_id=None, chat=Chat(id=-1002494975373, type='supergroup', title='Happy Sleepy Gentleman', username=None, first_name=None, last_name=None, is_forum=None), forward_origin=None, is_topic_message=None, is_automatic_forward=None, reply_to_message=None, external_reply=None, quote=None, reply_to_story=None, via_bot=None, edit_date=None, has_protected_content=None, is_from_offline=None, media_group_id=None, author_signature=None, text=None, entities=None, link_preview_options=None, effect_id=None, animation=None, audio=None, document=None, paid_media=None, photo=None, sticker=None, story=None, video=None, video_note=None, voice=None, caption=None, caption_entities=None, show_caption_above_media=None, has_media_spoiler=None, contact=None, dice=None, game=None, poll=None, venue=None, location=None, new_chat_members=None, left_chat_member=None, new_chat_title=None, new_chat_photo=None, delete_chat_photo=None, group_chat_created=None, supergroup_chat_created=None, channel_chat_created=None, message_auto_delete_timer_changed=None, migrate_to_chat_id=None, migrate_from_chat_id=None, pinned_message=None, invoice=None, successful_payment=None, refunded_payment=None, users_shared=None, chat_shared=None, connected_website=None, write_access_allowed=None, passport_data=None, proximity_alert_triggered=None, boost_added=None, chat_background_set=None, forum_topic_created=None, forum_topic_edited=None, forum_topic_closed=None, forum_topic_reopened=None, general_forum_topic_hidden=None, general_forum_topic_unhidden=None, giveaway_created=None, giveaway=None, giveaway_winners=None, giveaway_completed=None, video_chat_scheduled=None, video_chat_started=None, video_chat_ended=None, video_chat_participants_invited=None, web_app_data=None, reply_markup=None), edited_message=None, channel_post=None, edited_channel_post=None, business_connection=None, business_message=None, edited_business_message=None, deleted_business_messages=None, message_reaction=None, message_reaction_count=None, inline_query=None, chosen_inline_result=None, callback_query=None, shipping_query=None, pre_checkout_query=None, purchased_paid_media=None, poll=None, poll_answer=None, my_chat_member=None, chat_member=None, chat_join_request=None, chat_boost=None, removed_chat_boost=None), message_id=3938, date=1738284779, chat=Chat(id=-1002494975373, type='supergroup', title='Happy Sleepy Gentleman', username=None, first_name=None, last_name=None, is_forum=None), forward_from=None, forward_from_chat=None, forward_from_message_id=None, forward_signature=None, forward_sender_name=None, forward_date=None, via_bot=None, has_protected_content=None, media_group_id=None, author_signature=None, reply_to_message=None, message=/photo1, original_message=@LothricGreatSword_test_001_bot /photo1, from_=User(id=7525835156, is_bot=False, first_name='?NepElder?', last_name=None, username=None, language_code='en', is_premium=None, added_to_attachment_menu=None, can_join_groups=None, can_read_all_group_messages=None, supports_inline_queries=None, can_connect_to_business=None, has_main_web_app=None), sender_chat=None), state={'_prefix': {'command': ('photo1',), 'raw_command': '/photo1', 'command_arg': , 'command_start': '/', 'command_whitespace': None}}
2025-01-30 19:53:00.061 | DEBUG    | nonebot:simple_run:855 - Running handler Dependent(call=_)
2025-01-30 19:53:00.061 | TRACE    | nonebot:_check_matcher:401 - Rule conditions not met for Matcher(type='message', module=plugins.example.photo, lineno=23)
2025-01-30 19:53:00.061 | TRACE    | nonebot:_check_matcher:401 - Rule conditions not met for Matcher(type='message', module=plugins.example.photo, lineno=32)
2025-01-30 19:53:00.062 | TRACE    | nonebot:_check_matcher:401 - Rule conditions not met for Matcher(type='message', module=plugins.example.photo, lineno=41)
2025-01-30 19:53:00.062 | TRACE    | nonebot:_check_matcher:401 - Rule conditions not met for Matcher(type='message', module=plugins.example.photo, lineno=55)
2025-01-30 19:53:00.062 | TRACE    | nonebot:_check_matcher:401 - Rule conditions not met for Matcher(type='message', module=plugins.example.photo, lineno=63)
2025-01-30 19:53:00.062 | TRACE    | nonebot:_check_matcher:401 - Rule conditions not met for Matcher(type='message', module=plugins.example.mention, lineno=16)
2025-01-30 19:53:00.062 | TRACE    | nonebot:_check_matcher:401 - Rule conditions not met for Matcher(type='message', module=plugins.example.sendxxx, lineno=9)
2025-01-30 19:53:00.062 | TRACE    | nonebot:_check_matcher:401 - Rule conditions not met for Matcher(type='message', module=plugins.example.sendxxx, lineno=14)
2025-01-30 19:53:00.062 | TRACE    | nonebot:_check_matcher:401 - Rule conditions not met for Matcher(type='message', module=plugins.example.sendxxx, lineno=19)
2025-01-30 19:53:00.062 | TRACE    | nonebot:_check_matcher:401 - Rule conditions not met for Matcher(type='message', module=plugins.example.sendxxx, lineno=27)
2025-01-30 19:53:00.062 | TRACE    | nonebot:_check_matcher:401 - Rule conditions not met for Matcher(type='message', module=plugins.example.sendxxx, lineno=35)
2025-01-30 19:53:00.062 | TRACE    | nonebot:_check_matcher:401 - Rule conditions not met for Matcher(type='message', module=plugins.example.sendxxx, lineno=40)
2025-01-30 19:53:00.062 | TRACE    | nonebot:_check_matcher:401 - Rule conditions not met for Matcher(type='message', module=plugins.example.download, lineno=16)
2025-01-30 19:53:00.079 | DEBUG    | nonebot:log:336 - Telegram | Calling API sendPhoto
2025-01-30 19:53:00.079 | DEBUG    | nonebot:log:336 - Telegram | Calling API {'chat_id': '-1002494975373', 'photo': 'attach://test.png'}
2025-01-30 19:53:01.802 | INFO     | nonebot:simple_run:872 - Matcher(type='message', module=plugins.example.photo, lineno=13) running complete
2025-01-30 19:53:01.808 | TRACE    | nonebot:_handle_skipped:102 - Dependent(call=_exit_executor) skipped due to [TypeMisMatch(param=matcher, type=AlconnaMatcher, value=Matcher(type='message', module=plugins.example.photo, lineno=13)>]
2025-01-30 19:53:01.809 | DEBUG    | nonebot:handle_event:573 - Checking for matchers in priority 2...
2025-01-30 19:53:01.812 | TRACE    | nonebot:_check_matcher:401 - Rule conditions not met for Matcher(type='message', module=YetAnotherPicSearch.__main__, lineno=333)
2025-01-30 19:53:01.812 | DEBUG    | nonebot:handle_event:573 - Checking for matchers in priority 10...
2025-01-30 19:53:01.814 | TRACE    | nonebot:_handle_skipped:102 - Dependent(call=_poke) skipped due to [TypeMisMatch(param=event, type=PrivateMessageEvent, value=GroupMessageEvent(telegram_model=Update(update_id=997538901, message=Message(message_id=3938, message_thread_id=None, from_=User(id=7525835156, is_bot=False, first_name='?NepElder?', last_name=None, username=None, language_code='en', is_premium=None, added_to_attachment_menu=None, can_join_groups=None, can_read_all_group_messages=None, supports_inline_queries=None, can_connect_to_business=None, has_main_web_app=None), sender_chat=None, sender_boost_count=None, sender_business_bot=None, date=1738284779, business_connection_id=None, chat=Chat(id=-1002494975373, type='supergroup', title='Happy Sleepy Gentleman', username=None, first_name=None, last_name=None, is_forum=None), forward_origin=None, is_topic_message=None, is_automatic_forward=None, reply_to_message=None, external_reply=None, quote=None, reply_to_story=None, via_bot=None, edit_date=None, has_protected_content=None, is_from_offline=None, media_group_id=None, author_signature=None, text=None, entities=None, link_preview_options=None, effect_id=None, animation=None, audio=None, document=None, paid_media=None, photo=None, sticker=None, story=None, video=None, video_note=None, voice=None, caption=None, caption_entities=None, show_caption_above_media=None, has_media_spoiler=None, contact=None, dice=None, game=None, poll=None, venue=None, location=None, new_chat_members=None, left_chat_member=None, new_chat_title=None, new_chat_photo=None, delete_chat_photo=None, group_chat_created=None, supergroup_chat_created=None, channel_chat_created=None, message_auto_delete_timer_changed=None, migrate_to_chat_id=None, migrate_from_chat_id=None, pinned_message=None, invoice=None, successful_payment=None, refunded_payment=None, users_shared=None, chat_shared=None, connected_website=None, write_access_allowed=None, passport_data=None, proximity_alert_triggered=None, boost_added=None, chat_background_set=None, forum_topic_created=None, forum_topic_edited=None, forum_topic_closed=None, forum_topic_reopened=None, general_forum_topic_hidden=None, general_forum_topic_unhidden=None, giveaway_created=None, giveaway=None, giveaway_winners=None, giveaway_completed=None, video_chat_scheduled=None, video_chat_started=None, video_chat_ended=None, video_chat_participants_invited=None, web_app_data=None, reply_markup=None), edited_message=None, channel_post=None, edited_channel_post=None, business_connection=None, business_message=None, edited_business_message=None, deleted_business_messages=None, message_reaction=None, message_reaction_count=None, inline_query=None, chosen_inline_result=None, callback_query=None, shipping_query=None, pre_checkout_query=None, purchased_paid_media=None, poll=None, poll_answer=None, my_chat_member=None, chat_member=None, chat_join_request=None, chat_boost=None, removed_chat_boost=None), message_id=3938, date=1738284779, chat=Chat(id=-1002494975373, type='supergroup', title='Happy Sleepy Gentleman', username=None, first_name=None, last_name=None, is_forum=None), forward_from=None, forward_from_chat=None, forward_from_message_id=None, forward_signature=None, forward_sender_name=None, forward_date=None, via_bot=None, has_protected_content=None, media_group_id=None, author_signature=None, reply_to_message=None, message=/photo1, original_message=@LothricGreatSword_test_001_bot /photo1, from_=User(id=7525835156, is_bot=False, first_name='?NepElder?', last_name=None, username=None, language_code='en', is_premium=None, added_to_attachment_menu=None, can_join_groups=None, can_read_all_group_messages=None, supports_inline_queries=None, can_connect_to_business=None, has_main_web_app=None), sender_chat=None)>]
2025-01-30 19:53:01.815 | TRACE    | nonebot:_check_matcher:401 - Rule conditions not met for Matcher(type='message', module=nonebot_plugin_status.onebot_v11, lineno=38)
2025-01-30 19:53:01.816 | TRACE    | nonebot:_check_matcher:401 - Rule conditions not met for Matcher(type='message', module=nonebot_plugin_status.common, lineno=17)
2025-01-30 19:53:01.817 | TRACE    | nonebot:_check_matcher:401 - Rule conditions not met for Matcher(type='', module=nonebot_plugin_status.onebot_v11, lineno=19)
2025-01-30 19:53:01.817 | TRACE    | nonebot:_check_matcher:401 - Rule conditions not met for Matcher(type='message', module=plugins.shutdown, lineno=17)
2025-01-30 19:53:01.818 | DEBUG    | nonebot:handle_event:601 - Checking for matchers completed
2025-01-30 19:53:30.451 | DEBUG    | nonebot:log:336 - Telegram | Calling API getUpdates
2025-01-30 19:53:30.452 | DEBUG    | nonebot:log:336 - Telegram | Calling API {'offset': '997538902', 'timeout': '30'}
2025-01-30 19:54:01.014 | DEBUG    | nonebot:log:336 - Telegram | Calling API getUpdates
2025-01-30 19:54:01.014 | DEBUG    | nonebot:log:336 - Telegram | Calling API {'offset': '997538902', 'timeout': '30'}
2025-01-30 19:54:31.485 | DEBUG    | nonebot:log:336 - Telegram | Calling API getUpdates
2025-01-30 19:54:31.485 | DEBUG    | nonebot:log:336 - Telegram | Calling API {'offset': '997538902', 'timeout': '30'}
2025-01-30 19:55:02.068 | DEBUG    | nonebot:log:336 - Telegram | Calling API getUpdates
2025-01-30 19:55:02.068 | DEBUG    | nonebot:log:336 - Telegram | Calling API {'offset': '997538902', 'timeout': '30'}
2025-01-30 19:55:04.249 | INFO     | uvicorn:shutdown:263 - Shutting down
2025-01-30 19:55:04.351 | INFO     | uvicorn:shutdown:67 - Waiting for application shutdown.
2025-01-30 19:55:06.282 | SUCCESS  | nonebot:load_plugin:188 - Succeeded to load plugin "nonebot_plugin_logpile"
2025-01-30 19:55:06.285 | SUCCESS  | nonebot:load_plugin:188 - Succeeded to load plugin "nonebot_plugin_waiter"
2025-01-30 19:55:06.313 | SUCCESS  | nonebot:load_plugin:188 - Succeeded to load plugin "nonebot_plugin_alconna:uniseg" from "nonebot_plugin_alconna.uniseg"
2025-01-30 19:55:06.338 | SUCCESS  | nonebot:load_plugin:188 - Succeeded to load plugin "nonebot_plugin_alconna"
2025-01-30 19:55:06.442 | TRACE    | nonebot:new:323 - Define new matcher Matcher(type='message', module=YetAnotherPicSearch.__main__, lineno=330)
2025-01-30 19:55:06.443 | TRACE    | nonebot:new:323 - Define new matcher Matcher(type='message', module=YetAnotherPicSearch.__main__, lineno=333)
2025-01-30 19:55:06.445 | SUCCESS  | nonebot:load_plugin:188 - Succeeded to load plugin "YetAnotherPicSearch"
2025-01-30 19:55:06.446 | TRACE    | nonebot:new:323 - Define new matcher Matcher(type='message', module=plugins.example.reply, lineno=9)
2025-01-30 19:55:06.447 | SUCCESS  | nonebot:load_plugin:188 - Succeeded to load plugin "reply" from "plugins.example.reply"
2025-01-30 19:55:06.447 | TRACE    | nonebot:new:323 - Define new matcher Matcher(type='message', module=plugins.example.sendxxx, lineno=9)
2025-01-30 19:55:06.448 | TRACE    | nonebot:new:323 - Define new matcher Matcher(type='message', module=plugins.example.sendxxx, lineno=14)
2025-01-30 19:55:06.448 | TRACE    | nonebot:new:323 - Define new matcher Matcher(type='message', module=plugins.example.sendxxx, lineno=19)
2025-01-30 19:55:06.448 | TRACE    | nonebot:new:323 - Define new matcher Matcher(type='message', module=plugins.example.sendxxx, lineno=27)
2025-01-30 19:55:06.448 | TRACE    | nonebot:new:323 - Define new matcher Matcher(type='message', module=plugins.example.sendxxx, lineno=35)
2025-01-30 19:55:06.448 | TRACE    | nonebot:new:323 - Define new matcher Matcher(type='message', module=plugins.example.sendxxx, lineno=40)
2025-01-30 19:55:06.448 | SUCCESS  | nonebot:load_plugin:188 - Succeeded to load plugin "sendxxx" from "plugins.example.sendxxx"
2025-01-30 19:55:06.449 | TRACE    | nonebot:new:323 - Define new matcher Matcher(type='message', module=plugins.example.hello, lineno=6)
2025-01-30 19:55:06.449 | SUCCESS  | nonebot:load_plugin:188 - Succeeded to load plugin "hello" from "plugins.example.hello"
2025-01-30 19:55:06.450 | TRACE    | nonebot:new:323 - Define new matcher Matcher(type='inline', module=plugins.example.inline, lineno=16)
2025-01-30 19:55:06.450 | TRACE    | nonebot:new:323 - Define new matcher Matcher(type='inline', module=plugins.example.inline, lineno=54)
2025-01-30 19:55:06.450 | SUCCESS  | nonebot:load_plugin:188 - Succeeded to load plugin "inline" from "plugins.example.inline"
2025-01-30 19:55:06.450 | TRACE    | nonebot:new:323 - Define new matcher Matcher(type='message', module=plugins.example.photo, lineno=13)
2025-01-30 19:55:06.451 | TRACE    | nonebot:new:323 - Define new matcher Matcher(type='message', module=plugins.example.photo, lineno=23)
2025-01-30 19:55:06.451 | TRACE    | nonebot:new:323 - Define new matcher Matcher(type='message', module=plugins.example.photo, lineno=32)
2025-01-30 19:55:06.451 | TRACE    | nonebot:new:323 - Define new matcher Matcher(type='message', module=plugins.example.photo, lineno=41)
2025-01-30 19:55:06.451 | TRACE    | nonebot:new:323 - Define new matcher Matcher(type='message', module=plugins.example.photo, lineno=55)
2025-01-30 19:55:06.451 | TRACE    | nonebot:new:323 - Define new matcher Matcher(type='message', module=plugins.example.photo, lineno=63)
2025-01-30 19:55:06.451 | SUCCESS  | nonebot:load_plugin:188 - Succeeded to load plugin "photo" from "plugins.example.photo"
2025-01-30 19:55:06.452 | TRACE    | nonebot:new:323 - Define new matcher Matcher(type='message', module=plugins.example.download, lineno=16)
2025-01-30 19:55:06.452 | SUCCESS  | nonebot:load_plugin:188 - Succeeded to load plugin "download" from "plugins.example.download"
2025-01-30 19:55:06.453 | TRACE    | nonebot:new:323 - Define new matcher Matcher(type='message', module=plugins.example.mention, lineno=16)
2025-01-30 19:55:06.453 | SUCCESS  | nonebot:load_plugin:188 - Succeeded to load plugin "mention" from "plugins.example.mention"
2025-01-30 19:55:06.453 | WARNING  | __main__:<module>:18 - Always use `nb run` to start the bot instead of manually running!
2025-01-30 19:55:06.453 | SUCCESS  | nonebot:run:336 - Running NoneBot...
2025-01-30 19:55:06.453 | SUCCESS  | nonebot:run:117 - Loaded adapters: Telegram
2025-01-30 19:55:06.469 | INFO     | uvicorn:_serve:83 - Started server process [14809]
2025-01-30 19:55:06.469 | INFO     | uvicorn:startup:48 - Waiting for application startup.
2025-01-30 19:55:06.471 | DEBUG    | nonebot:log:336 - Telegram | Calling API getMe
2025-01-30 19:55:06.471 | DEBUG    | nonebot:log:336 - Telegram | Calling API {}
2025-01-30 19:55:06.503 | INFO     | uvicorn:startup:62 - Application startup complete.
2025-01-30 19:55:06.503 | INFO     | uvicorn:_log_started_message:215 - Uvicorn running on http://127.0.0.1:8080 (Press CTRL+C to quit)
2025-01-30 19:55:06.846 | INFO     | nonebot:log:336 - Telegram | Delete old webhook
2025-01-30 19:55:06.848 | DEBUG    | nonebot:log:336 - Telegram | Calling API deleteWebhook
2025-01-30 19:55:06.848 | DEBUG    | nonebot:log:336 - Telegram | Calling API {}
2025-01-30 19:55:07.209 | INFO     | nonebot:log:336 - Telegram | Start poll
2025-01-30 19:55:07.226 | DEBUG    | nonebot:log:336 - Telegram | Calling API getUpdates
2025-01-30 19:55:07.226 | DEBUG    | nonebot:log:336 - Telegram | Calling API {'timeout': '30'}
2025-01-30 19:55:20.610 | DEBUG    | nonebot:log:336 - Telegram | Calling API getUpdates
2025-01-30 19:55:20.610 | DEBUG    | nonebot:log:336 - Telegram | Calling API {'offset': '997538902', 'timeout': '30'}
2025-01-30 19:55:20.979 | DEBUG    | nonebot:log:336 - Telegram | Calling API getUpdates
2025-01-30 19:55:20.979 | DEBUG    | nonebot:log:336 - Telegram | Calling API {'offset': '997538903', 'timeout': '30'}
2025-01-30 19:55:20.998 | DEBUG    | nonebot:log:336 - Telegram | {'message_id': 85, 'date': 1738284920, 'chat': {'id': 7525835156, 'type': 'private', 'first_name': '?NepElder?'}, 'message': [{'type': 'text', 'data': {'text': 'hello'}}], 'original_message': [{'type': 'text', 'data': {'text': 'hello'}}], 'from_': {'id': 7525835156, 'is_bot': False, 'first_name': '?NepElder?', 'language_code': 'en'}}
2025-01-30 19:55:20.998 | SUCCESS  | nonebot:handle_event:535 - Telegram 8186306331 | [message.private]: Message 85 from 7525835156: hello
2025-01-30 19:55:20.998 | DEBUG    | nonebot:handle_event:573 - Checking for matchers in priority 1...
2025-01-30 19:55:20.999 | INFO     | nonebot:_run_matcher:435 - Event will be handled by Matcher(type='message', module=plugins.example.hello, lineno=6)
2025-01-30 19:55:21.000 | DEBUG    | nonebot:_run_matcher:455 - Running Matcher(type='message', module=plugins.example.hello, lineno=6)
2025-01-30 19:55:21.000 | TRACE    | nonebot:simple_run:838 - Matcher(type='message', module=plugins.example.hello, lineno=6) run with incoming args: bot=Bot(type='Telegram', self_id='8186306331'), event=PrivateMessageEvent(telegram_model=Update(update_id=997538902, message=Message(message_id=85, message_thread_id=None, from_=User(id=7525835156, is_bot=False, first_name='?NepElder?', last_name=None, username=None, language_code='en', is_premium=None, added_to_attachment_menu=None, can_join_groups=None, can_read_all_group_messages=None, supports_inline_queries=None, can_connect_to_business=None, has_main_web_app=None), sender_chat=None, sender_boost_count=None, sender_business_bot=None, date=1738284920, business_connection_id=None, chat=Chat(id=7525835156, type='private', title=None, username=None, first_name='?NepElder?', last_name=None, is_forum=None), forward_origin=None, is_topic_message=None, is_automatic_forward=None, reply_to_message=None, external_reply=None, quote=None, reply_to_story=None, via_bot=None, edit_date=None, has_protected_content=None, is_from_offline=None, media_group_id=None, author_signature=None, text=None, entities=None, link_preview_options=None, effect_id=None, animation=None, audio=None, document=None, paid_media=None, photo=None, sticker=None, story=None, video=None, video_note=None, voice=None, caption=None, caption_entities=None, show_caption_above_media=None, has_media_spoiler=None, contact=None, dice=None, game=None, poll=None, venue=None, location=None, new_chat_members=None, left_chat_member=None, new_chat_title=None, new_chat_photo=None, delete_chat_photo=None, group_chat_created=None, supergroup_chat_created=None, channel_chat_created=None, message_auto_delete_timer_changed=None, migrate_to_chat_id=None, migrate_from_chat_id=None, pinned_message=None, invoice=None, successful_payment=None, refunded_payment=None, users_shared=None, chat_shared=None, connected_website=None, write_access_allowed=None, passport_data=None, proximity_alert_triggered=None, boost_added=None, chat_background_set=None, forum_topic_created=None, forum_topic_edited=None, forum_topic_closed=None, forum_topic_reopened=None, general_forum_topic_hidden=None, general_forum_topic_unhidden=None, giveaway_created=None, giveaway=None, giveaway_winners=None, giveaway_completed=None, video_chat_scheduled=None, video_chat_started=None, video_chat_ended=None, video_chat_participants_invited=None, web_app_data=None, reply_markup=None), edited_message=None, channel_post=None, edited_channel_post=None, business_connection=None, business_message=None, edited_business_message=None, deleted_business_messages=None, message_reaction=None, message_reaction_count=None, inline_query=None, chosen_inline_result=None, callback_query=None, shipping_query=None, pre_checkout_query=None, purchased_paid_media=None, poll=None, poll_answer=None, my_chat_member=None, chat_member=None, chat_join_request=None, chat_boost=None, removed_chat_boost=None), message_id=85, date=1738284920, chat=Chat(id=7525835156, type='private', title=None, username=None, first_name='?NepElder?', last_name=None, is_forum=None), forward_from=None, forward_from_chat=None, forward_from_message_id=None, forward_signature=None, forward_sender_name=None, forward_date=None, via_bot=None, has_protected_content=None, media_group_id=None, author_signature=None, reply_to_message=None, message=hello, original_message=hello, from_=User(id=7525835156, is_bot=False, first_name='?NepElder?', last_name=None, username=None, language_code='en', is_premium=None, added_to_attachment_menu=None, can_join_groups=None, can_read_all_group_messages=None, supports_inline_queries=None, can_connect_to_business=None, has_main_web_app=None)), state={'_prefix': {'command': None, 'raw_command': None, 'command_arg': None, 'command_start': None, 'command_whitespace': None}}
2025-01-30 19:55:21.000 | DEBUG    | nonebot:simple_run:855 - Running handler Dependent(call=handle_hello)
2025-01-30 19:55:21.000 | TRACE    | nonebot:_check_matcher:391 - Permission conditions not met for Matcher(type='inline', module=plugins.example.inline, lineno=16)
2025-01-30 19:55:21.000 | TRACE    | nonebot:_check_matcher:391 - Permission conditions not met for Matcher(type='inline', module=plugins.example.inline, lineno=54)
2025-01-30 19:55:21.017 | DEBUG    | nonebot:log:336 - Telegram | Calling API sendMessage
2025-01-30 19:55:21.018 | DEBUG    | nonebot:log:336 - Telegram | Calling API {'chat_id': '7525835156', 'text': 'Hello! How can I help you?'}
2025-01-30 19:55:21.048 | TRACE    | nonebot:_check_matcher:401 - Rule conditions not met for Matcher(type='message', module=nonebot.plugins.echo, lineno=17)
2025-01-30 19:55:21.048 | TRACE    | nonebot:_check_matcher:401 - Rule conditions not met for Matcher(type='message', module=YetAnotherPicSearch.__main__, lineno=330)
2025-01-30 19:55:21.048 | TRACE    | nonebot:_check_matcher:401 - Rule conditions not met for Matcher(type='message', module=plugins.example.reply, lineno=9)
2025-01-30 19:55:21.048 | TRACE    | nonebot:_check_matcher:401 - Rule conditions not met for Matcher(type='message', module=plugins.example.sendxxx, lineno=9)
2025-01-30 19:55:21.048 | TRACE    | nonebot:_check_matcher:401 - Rule conditions not met for Matcher(type='message', module=plugins.example.sendxxx, lineno=14)
2025-01-30 19:55:21.048 | TRACE    | nonebot:_check_matcher:401 - Rule conditions not met for Matcher(type='message', module=plugins.example.sendxxx, lineno=19)
2025-01-30 19:55:21.048 | TRACE    | nonebot:_check_matcher:401 - Rule conditions not met for Matcher(type='message', module=plugins.example.sendxxx, lineno=27)
2025-01-30 19:55:21.048 | TRACE    | nonebot:_check_matcher:401 - Rule conditions not met for Matcher(type='message', module=plugins.example.sendxxx, lineno=35)
2025-01-30 19:55:21.048 | TRACE    | nonebot:_check_matcher:401 - Rule conditions not met for Matcher(type='message', module=plugins.example.sendxxx, lineno=40)
2025-01-30 19:55:21.048 | TRACE    | nonebot:_check_matcher:401 - Rule conditions not met for Matcher(type='message', module=plugins.example.photo, lineno=13)
2025-01-30 19:55:21.048 | TRACE    | nonebot:_check_matcher:401 - Rule conditions not met for Matcher(type='message', module=plugins.example.photo, lineno=23)
2025-01-30 19:55:21.048 | TRACE    | nonebot:_check_matcher:401 - Rule conditions not met for Matcher(type='message', module=plugins.example.photo, lineno=32)
2025-01-30 19:55:21.048 | TRACE    | nonebot:_check_matcher:401 - Rule conditions not met for Matcher(type='message', module=plugins.example.photo, lineno=41)
2025-01-30 19:55:21.048 | TRACE    | nonebot:_check_matcher:401 - Rule conditions not met for Matcher(type='message', module=plugins.example.photo, lineno=55)
2025-01-30 19:55:21.048 | TRACE    | nonebot:_check_matcher:401 - Rule conditions not met for Matcher(type='message', module=plugins.example.photo, lineno=63)
2025-01-30 19:55:21.048 | TRACE    | nonebot:_check_matcher:401 - Rule conditions not met for Matcher(type='message', module=plugins.example.download, lineno=16)
2025-01-30 19:55:21.048 | TRACE    | nonebot:_check_matcher:401 - Rule conditions not met for Matcher(type='message', module=plugins.example.mention, lineno=16)
2025-01-30 19:55:21.548 | INFO     | nonebot:simple_run:872 - Matcher(type='message', module=plugins.example.hello, lineno=6) running complete
2025-01-30 19:55:21.555 | TRACE    | nonebot:_handle_skipped:102 - Dependent(call=_exit_executor) skipped due to [TypeMisMatch(param=matcher, type=AlconnaMatcher, value=Matcher(type='message', module=plugins.example.hello, lineno=6)>]
2025-01-30 19:55:21.556 | DEBUG    | nonebot:_handle_stop_propagation:565 - Stop event propagation
2025-01-30 19:55:21.556 | DEBUG    | nonebot:handle_event:601 - Checking for matchers completed
2025-01-30 19:55:51.403 | DEBUG    | nonebot:log:336 - Telegram | Calling API getUpdates
2025-01-30 19:55:51.404 | DEBUG    | nonebot:log:336 - Telegram | Calling API {'offset': '997538903', 'timeout': '30'}
2025-01-30 19:56:21.813 | DEBUG    | nonebot:log:336 - Telegram | Calling API getUpdates
2025-01-30 19:56:21.813 | DEBUG    | nonebot:log:336 - Telegram | Calling API {'offset': '997538903', 'timeout': '30'}
2025-01-30 19:58:15.155 | DEBUG    | nonebot:log:336 - Telegram | Calling API getUpdates
2025-01-30 19:58:15.156 | DEBUG    | nonebot:log:336 - Telegram | Calling API {'offset': '997538903', 'timeout': '30'}
2025-01-30 19:58:45.701 | DEBUG    | nonebot:log:336 - Telegram | Calling API getUpdates
2025-01-30 19:58:45.701 | DEBUG    | nonebot:log:336 - Telegram | Calling API {'offset': '997538903', 'timeout': '30'}
2025-01-30 19:59:16.184 | DEBUG    | nonebot:log:336 - Telegram | Calling API getUpdates
2025-01-30 19:59:16.185 | DEBUG    | nonebot:log:336 - Telegram | Calling API {'offset': '997538903', 'timeout': '30'}
